name,films,rev_films,mean_log_rev,last_year
 Larry Mullen Jr.,2,0,,2011
 Lee Hee-joon,2,0,,2016
 Therese Giehse,2,0,,1975
 Ye Ji-won,2,0,,2011
50 Cent,12,3,16.77762171343996,2012
A Martinez,4,0,,2013
A. Michael Baldwin,4,1,16.299455829109217,2016
A.C. Abadie,2,0,,1903
A.J. Buckley,5,0,,2011
A.J. Cook,6,1,18.320046873420186,2013
AJ Bowen,6,3,9.990339355069223,2015
AJ Michalka,5,0,,2016
Aadukalam Naren,1,1,14.845129975145433,2012
Aake Kalliala,4,1,13.184904279629151,2013
Aaliyah,2,2,17.9797687982853,2002
Aamir Khan,27,12,16.98284241169243,2016
Aaran Thomas,1,1,18.22429941819894,2007
Aare Laanemets,2,0,,1976
Aarif Lee,2,0,,2013
Aaron Abrams,4,2,13.603230798882251,2016
Aaron Ashmore,7,0,,2015
Aaron D. Taylor,2,0,,2010
Aaron Dessner,1,1,11.831088244675596,2013
Aaron Douglas,2,0,,2016
Aaron Eckhart,29,23,16.915577001233636,2016
Aaron Jeffery,2,1,10.933106969717286,2009
Aaron Kwok,16,0,,2015
Aaron O'Connell,2,0,,2015
Aaron Paul,12,5,15.057328693464939,2016
Aaron Pedersen,3,0,,2016
Aaron Poole,4,0,,2016
Aaron Ruell,1,1,17.646715990588422,2004
Aaron Schwartz,1,1,16.688463541594135,1995
Aaron Stanford,9,2,16.467914203423405,2017
Aaron Swartz,2,1,10.797757599041017,2015
Aaron Taylor-Johnson,12,7,17.517414180416985,2017
Aaron Tveit,3,0,,2016
Aaron Yoo,3,1,17.311228019505208,2015
Aasif Mandvi,2,2,15.952933953085868,2012
Abbey Hoes,5,0,,2015
Abbie Cornish,12,8,16.583154794324486,2017
Abby Dalton,3,0,,1966
Abdellatif Kechiche,2,0,,2005
Abdullah Ibrahim,1,1,12.912459296244624,2002
Abdullrahman Algohani,1,1,14.11394486737933,2012
Abel Ferrara,3,0,,2010
Abhay Deol,9,1,16.70588231586044,2016
Abhimanyu Singh,2,0,,2010
Abhishek Bachchan,22,8,16.411245668668787,2016
Abigail Breslin,17,6,17.19265963672893,2017
Abigail Cruttenden,5,1,13.516287476868612,2001
Abigail Hargrove,1,1,20.09190025570506,2013
Abigail Spencer,2,0,,2016
Abraham Alvarez,1,1,9.366489054466117,1997
Abraham Attah,1,1,16.02133141452585,2015
Abraham Belaga,2,0,,2014
Achita Sikamana,2,0,,2006
Achmed Akkabi,2,0,,2013
Achyuth Kumar,1,1,12.0435537160324,2013
Acquanetta,3,0,,1944
Ad van Kempen,2,1,13.781140620751142,2006
Adah Sharma,3,0,,2017
Adam Ant,3,0,,1997
Adam Arkin,6,1,17.823602328125702,2015
Adam Bakri,2,0,,2016
Adam Baldwin,19,6,14.71219871709332,2009
Adam Beach,12,4,15.95486615980671,2013
Adam Bousdoukos,4,1,16.69879033824289,2015
Adam Brody,11,5,13.954009159448256,2014
Adam Brooks,4,1,17.373649435786188,2011
Adam Butcher,3,1,12.971635831961542,2014
Adam Campbell,3,2,17.98897228605673,2007
Adam Carl,2,0,,1988
Adam Carolla,6,0,,2015
Adam Cheng,3,0,,2013
Adam Clayton,3,1,16.939233238697405,2013
Adam Copeland,2,0,,2016
Adam Curtis,3,0,,2016
Adam Deacon,3,0,,2011
Adam Devine,2,1,18.16020189896399,2016
Adam DiMarco,2,0,,2017
Adam Driver,10,8,15.731848888779787,2016
Adam Ferency,2,0,,2003
Adam G. Sevani,1,1,18.88624835485145,2010
Adam Garcia,5,3,17.712335842631514,2004
Adam Goldberg,7,3,14.191135977589797,2016
Adam Greaves-Neal,1,1,15.68583487413669,2016
Adam Green,2,0,,2016
Adam Hicks,3,1,16.382208846692002,2011
Adam Horovitz,5,2,13.002555253194327,2014
Adam Huss,2,0,,2016
Adam James,1,1,10.91412436325496,2007
Adam Johnson,6,0,,2016
Adam Kaufman,2,0,,2009
Adam Lamberg,1,1,17.83251419690416,2003
Adam LeFevre,2,0,,2010
Adam LeWinter,1,1,14.099536203828322,2012
Adam Levine,3,1,17.96599694061845,2015
Adam Lundgren,2,0,,2013
Adam MacDonald,2,0,,2001
Adam Mayfield,4,0,,2014
Adam Monty,1,1,11.518350721615294,1998
Adam Pally,6,0,,2017
Adam Pascal,1,1,17.27089999520984,2005
Adam Rayner,4,1,13.294100785858577,2017
Adam Roarke,3,0,,1974
Adam Sandler,36,28,18.567807987230687,2017
Adam Scott,16,8,15.87151523100362,2017
Adam Storke,3,1,10.167964967343314,1994
Adam Trese,5,1,16.388250413614692,2011
Adam Tønsberg,2,0,,1984
Adam West,8,1,18.172219384653864,2016
Adam Williams,2,0,,2012
Adam Wingard,3,2,10.75377369651795,2013
Adam Woronowicz,6,0,,2015
Addison Timlin,6,0,,2017
Adelaide Clemens,5,2,14.498354924734725,2015
Adelaide Kane,4,0,,2017
Adele Jergens,5,0,,1950
Adele Mara,2,1,15.86963429165982,1958
Aden Young,3,0,,1996
Adewale Akinnuoye-Agbaje,2,1,17.65372614914357,2005
Adi Rukun,1,1,12.715026518663368,2014
Adil Hussain,3,1,15.27412558066379,2014
Adile Naşit,10,1,12.276531109178736,1978
Adir Miller,2,0,,2010
Aditi Rao Hydari,5,1,16.034714042019267,2016
Aditi Vasudev,2,0,,2014
Aditya Roy Kapoor,4,2,14.670961661800945,2017
Aditya Srivastava,4,0,,2010
Adnan Haskovic,1,1,9.814383077453307,2012
Adolf Hitler,4,0,,2013
Adolf Wohlbrück,7,0,,1950
Adolfo Celi,16,1,18.76565713184239,1985
Adolfo Quinones,3,0,,1990
Adolph Caesar,1,1,16.89839926881947,1984
Adolph Davis,1,1,13.965665264514186,2003
Adolphe Menjou,25,1,17.034386382832476,1957
Adrian Bouchet,3,0,,2015
Adrian Brine,2,0,,1995
Adrian Dunbar,4,2,12.596340754743538,2007
Adrian Grenier,8,2,17.322930417764713,2017
Adrian Holmes,2,0,,2014
Adrian Hoven,2,0,,1968
Adrian Lester,2,0,,2001
Adrian Martinez,1,1,12.207281914070158,2016
Adrian Pang,1,1,13.253391639810731,1998
Adrian Pasdar,9,0,,2014
Adrian Paul,10,2,15.118829810721852,2014
Adrian Petriw,2,0,,2011
Adrian Rawlins,3,0,,2015
Adrian Titieni,1,1,12.747282944003375,2016
Adrian Voo,2,0,,2013
Adrian Zmed,2,1,17.464503699462746,1984
Adriana Asti,5,0,,2003
Adriana Caselotti,1,1,19.035463523527223,1937
Adriana Ozores,2,0,,1999
Adriana Paz,2,0,,2014
Adriana Ugarte,4,0,,2016
Adrianne Palicki,4,2,14.76878661427856,2017
Adriano Celentano,16,0,,1986
Adriano Giannini,3,1,13.302424046984497,2015
Adriano Luz,3,0,,2015
Adrien Brody,36,11,16.484707749935097,2016
Adrienne Bailon,4,0,,2013
Adrienne Barbeau,10,2,16.86964557248875,2016
Adrienne Corri,4,1,17.096008154388645,1972
Adrienne King,2,2,17.39981430166499,1981
Adrienne La Russa,2,0,,1969
Adrienne Shelly,5,0,,2002
Adrià Collado,2,0,,2006
Adrián Alonso Barona,2,2,17.869301848296956,2008
Adrián Suar,4,0,,2016
Adèle Exarchopoulos,5,1,16.134529276201512,2017
Adèle Haenel,9,1,10.068917241659864,2017
Adélaïde Leroux,3,0,,2010
Afemo Omilami,1,1,15.2000055511923,1995
Afrika Bambaataa,2,0,,2007
Aftab Shivdasani,6,1,17.665658159674333,2013
Agata Buzek,6,1,15.93811754613459,2016
Agata Flori,2,0,,1972
Agata Kulesza,7,1,16.5432558642425,2016
Agata Trzebuchowska,1,1,16.5432558642425,2013
Agathe Bonitzer,4,0,,2016
Agne Grudyte,1,1,17.122601305270635,2016
Agnes Bruckner,14,2,12.558138163804125,2014
Agnes Kittelsen,2,0,,2010
Agnes Moorehead,10,1,14.946912669455374,1964
Agni Scott,1,1,15.60727002719233,2005
Agnieszka Dygant,2,0,,2011
Agnieszka Grochowska,10,1,15.534112244491237,2015
Agnieszka Podsiadlik,2,0,,2015
Agnieszka Włodarczyk,2,0,,2002
Agniya Ditkovskite,7,5,15.75744401483156,2017
Agniya Kuznetsova,4,2,12.036894387890301,2014
Agnès Jaoui,8,0,,2015
Agnès Soral,4,0,,2004
Agnès Varda,2,0,,2008
Agostina Belli,5,0,,1977
Agyness Deyn,4,0,,2017
Ahmed Ahmed,3,0,,2011
Ahmed Best,2,0,,2010
Ahmet Kural,2,0,,2015
Ahn Gil-kang,2,0,,2006
Ahn Jae-mo,4,0,,2006
Ahn Sung-Ki,5,0,,2008
Ai Hashimoto,4,0,,2015
Ai Kobayashi,2,1,14.195308395323748,2007
Ai Maeda,2,0,,2005
Ai Orikasa,3,0,,1999
Ai Weiwei,1,1,12.106843295802587,2012
Aida Folch,2,0,,2012
Aida Mohammadkhani,2,0,,1997
Aidan Devine,5,0,,2005
Aidan Drummond,1,1,15.150511624696614,2008
Aidan Gillen,14,4,13.210467578427378,2017
Aidan Gould,1,1,14.077874822431763,2008
Aidan McArdle,3,0,,2013
Aidan Quinn,30,5,17.250472451021302,2013
Aileen Quinn,1,1,17.859596430761364,1982
Aileen Wuornos,2,0,,2003
Ailín Salas,2,0,,2015
Aimee Garcia,4,2,17.685448676986482,2011
Aimee Teegarden,5,1,16.131011876224868,2016
Aimee-Lynn Chadwick,2,0,,2005
Aino Seppo,2,0,,1994
Aisholpan Nurgaiv,1,1,14.96676368267771,2016
Aishwarya Rai Bachchan,21,8,16.62410489601518,2016
Aislinn Derbez,3,0,,2017
Aitana Sánchez-Gijón,9,2,16.823911409371377,2011
Aja Naomi King,1,1,16.579409508262557,2016
Ajay Devgn,38,4,15.918808495913286,2015
Ajay Naidu,2,1,14.077874822431763,2008
Ajith Kumar,18,15,14.355958679489062,2015
Ajmal Ameer,2,0,,2011
Akaji Maro,2,0,,2002
Akbar Kurtha,1,1,12.919852990747582,1997
Akemi Negishi,2,0,,1973
Akemi Okamura,4,1,18.008297858100242,2016
Aki Aleong,1,1,15.639075656177994,1988
Aki Asakura,1,1,17.001294103607492,2013
Aki Hano,2,0,,1998
Aki Maeda,3,1,13.167166556482018,2005
Akihiko Hirata,5,0,,1975
Akihiro Miwa,1,1,19.273863206058326,2004
Akihiro Tomikawa,3,0,,1980
Akiji Kobayashi,2,0,,1972
Akiko Hiramatsu,3,0,,1999
Akiko Koyama,2,0,,1969
Akiko Wakabayashi,2,1,18.53029528141515,1967
Akim Tamiroff,16,1,13.997832114758229,1992
Akio Isono,2,0,,1934
Akio Ohtsuka,5,2,15.369949994459448,2015
Akira Emoto,8,0,,2013
Akira Ishida,3,0,,2013
Akira Kamiya,9,1,16.70588231586044,1998
Akira Kobayashi,5,0,,1974
Akira Kubo,4,0,,1970
Akira Takarada,7,0,,1992
Akira Terao,5,2,14.729993877836797,2006
Akira Yamauchi,2,0,,1971
Akiva Schaffer,1,1,16.06639490515266,2016
Akiyoshi Nakao,2,0,,2014
Aksel Hennie,8,2,15.83881644974461,2015
Akshay Kumar,50,11,16.312404106095745,2016
Akshaye Khanna,12,1,15.226253599486474,2017
Aku Hirviniemi,5,0,,2016
Al Burke,2,0,,2012
Al Cliver,6,0,,1988
Al Franken,3,0,,2008
"Al Freeman, Jr.",5,0,,1998
Al Goldstein,2,0,,2014
Al Gore,4,1,17.649420659116586,2017
Al Jolson,4,0,,1934
Al Lettieri,4,0,,1975
Al Lewis,2,0,,1981
Al Pacino,47,28,17.44499359444649,2015
Al Sapienza,2,0,,2013
Al St. John,6,0,,1947
Al White,1,1,15.248793461306969,1988
Alain Chabat,14,1,17.69913408887072,2014
Alain Cuny,8,0,,1976
Alain Delon,42,3,14.412479169719537,2012
Alain Prost,1,1,15.921159418146592,2010
Alaina Capri,2,0,,1967
Alan Alda,16,5,14.558843572449694,2013
Alan Arkin,36,13,16.55415731433007,2017
Alan Austin,2,0,,2003
Alan Badel,4,0,,1970
Alan Bagh,2,0,,2013
Alan Bates,29,4,16.3008965823424,2004
Alan Bennett,3,0,,1995
Alan Boyce,1,1,14.453746855916222,1988
Alan Chávez,3,0,,2010
Alan Cumming,12,2,16.671431041296735,2015
Alan Curtis,6,0,,1944
Alan Dale,2,0,,2012
Alan Ford,2,0,,2012
Alan Freed,2,0,,1959
Alan Hale,5,0,,1945
Alan Hale Jr.,2,0,,1981
Alan King,4,0,,2002
Alan Ladd,22,2,16.76398226092967,1982
Alan Marshal,2,0,,1944
Alan McKenna,2,0,,2015
Alan Mowbray,4,0,,1946
Alan Powell,1,1,13.825084580398547,2014
Alan Reed,2,0,,1970
Alan Rickman,22,12,14.720824590790862,2015
Alan Ritchson,2,0,,2016
Alan Roscoe,2,0,,1927
Alan Ruck,3,1,18.065952033443516,2016
Alan Schwarz,1,1,9.550804629866931,2012
Alan Stanford,2,0,,2015
Alan Steel,3,0,,1964
Alan Thicke,8,1,10.24526710895816,2014
Alan Tudyk,8,5,15.835672451361413,2015
Alan Young,5,1,16.860032995687696,1990
Alana Austin,2,0,,2005
Alanna Ubach,2,0,,2012
Alannah Ong,1,1,13.540274708933826,1994
Alastair Caldwell,2,0,,2017
Alastair Gamble,2,0,,2009
Alastair Sim,12,0,,1972
Alba Rohrwacher,10,1,8.842315546841863,2015
Alban Lenoir,2,0,,2015
Albert Brooks,17,7,18.176065421866593,2016
Albert Dekker,7,0,,1955
Albert Dupontel,20,0,,2016
Albert Filozov,2,0,,1989
Albert Finney,26,9,17.455670817789084,2007
Albert Hall,1,1,17.69024506870215,1992
Albert Préjean,6,0,,1936
Albert Steinrück,3,0,,1929
Alberta Watson,5,2,15.23337657400728,2001
Alberto Amarilla,2,0,,2009
Alberto Ammann,4,1,16.775640679468708,2013
Alberto Dalbés,3,0,,1972
Alberto Dell'Acqua,3,0,,1972
Alberto Galán,2,0,,1944
Alberto Morin,1,1,15.434898801251542,1970
Alberto San Juan,6,1,16.317939704846452,2015
Alberto Sordi,42,0,,1991
Alberto de Mendoza,2,0,,1971
Alden Ehrenreich,2,2,17.93979838270766,2016
Aldis Hodge,2,1,18.90400819060979,2016
Aldo Baglio,9,0,,2014
Aldo Canti,2,0,,1974
Aldo Fabrizi,3,0,,1959
Aldo Giuffrè,4,0,,1984
Aldo Maccione,5,0,,1994
Aldo Puglisi,3,0,,1969
Aldo Ray,15,0,,1977
Aldo Sambrell,5,0,,1982
Alec Baldwin,55,22,17.625827676609774,2017
Alec Guinness,31,5,16.627753050896217,2000
Alec McCowen,3,1,16.349207371921707,1972
Alec Newman,5,0,,2007
Alec Su,2,0,,2014
Aleisha Allen,1,1,18.399647722631805,2005
Alejandra Adame,1,1,14.29304823486409,2012
Alejandro Awada,2,0,,2012
Alejandro Jodorowsky,6,0,,2013
Alejo Sauras,3,0,,2007
Alekos Alexandrakis,3,0,,1965
Aleksa Palladino,3,0,,2015
Aleksandar Berček,3,0,,2013
Aleksander Bednarz,2,0,,1990
Aleksandr Abdulov,8,0,,1991
Aleksandr Anikeyenko,2,1,7.937374696163295,2005
Aleksandr Antonov,2,1,10.71663752549077,1925
Aleksandr Baluev,8,3,14.572619168911649,2010
Aleksandr Bashirov,3,0,,2015
Aleksandr Belyavskiy,3,0,,1977
Aleksandr Borisov,2,0,,1955
Aleksandr Chistyakov,4,0,,1933
Aleksandr Demidov,6,3,15.685957470003698,2016
Aleksandr Demyanenko,5,0,,1983
Aleksandr Domogarov,5,1,15.35969822938162,2017
Aleksandr Filippenko,2,0,,1989
Aleksandr Galibin,3,0,,2014
Aleksandr Golovin,4,0,,2015
Aleksandr Kalyagin,5,0,,1979
Aleksandr Kaydanovskiy,3,0,,1994
Aleksandr Khvylya,2,0,,1964
Aleksandr Lyapin,2,1,12.479909311159902,2016
Aleksandr Mikhaylov,2,0,,1984
Aleksandr Mosin,2,1,12.120732598363158,2012
Aleksandr Pal,2,0,,2015
Aleksandr Pankratov-Chyornyy,2,0,,1987
Aleksandr Revva,2,0,,2014
Aleksandr Robak,1,1,15.211206089275224,2013
Aleksandr Shirvindt,3,0,,1990
Aleksandr Vakhov,1,1,15.789591583986285,2012
Aleksandr Yatsenko,4,1,13.920380353238546,2012
Aleksandr Zbruev,5,0,,1997
Aleksandra Hamkało,2,0,,2015
Aleksandra Petrova,1,1,9.57171425857138,2012
Aleksandra Yakovleva-Aasmyae ,2,0,,1987
Aleksandra Śląska,2,0,,1963
Aleksandre Takaishvili,2,0,,1929
Aleksei Alekseyev,1,1,13.458835614025542,2003
Aleksei Ananishnov,2,0,,1997
Aleksei Buldakov,4,0,,2003
Aleksei Gribov,3,0,,1961
Aleksei Konsovsky,2,0,,1964
Aleksei Kravchenko,3,1,13.603554196040628,2005
Aleksei Lyarsky,2,0,,1939
Aleksei Smirnov,6,0,,1973
Aleksey Batalov,7,0,,1975
Aleksey Chadov,9,4,15.531493261507656,2016
Aleksey Filimonov,3,0,,2014
Aleksey Glazyrin,2,0,,1971
Aleksey Kortnev,2,0,,2007
Aleksey Makarov,2,0,,2007
Aleksey Panin,2,1,13.458835614025542,2003
Aleksey Petrenko,4,0,,1998
Aleksey Poluyan,1,1,11.704611372383606,2007
Aleksey Rozin,2,0,,2017
Aleksey Serebryakov,6,2,15.081444757653362,2014
Alencier Ley Lopez,1,1,12.345834587905332,2016
Aleska Palladino,1,1,12.97461946368475,1996
Alessandra Martines,3,0,,2001
Alessandra Mastronardi,4,0,,2014
Alessandra Negrini,3,1,14.298205806800492,2017
Alessandra Panaro,2,0,,1964
Alessandro Besentini,2,0,,2013
Alessandro Borghi,2,0,,2015
Alessandro Gassman,10,0,,2017
Alessandro Haber,4,0,,2006
Alessandro Momo,2,0,,1974
Alessandro Nivola,12,3,15.863647641292722,2010
Alessandro Preziosi,3,1,15.92210692240807,2013
Alessandro Siani,2,1,17.37085861945369,2015
Alessandro Tiberi,2,1,14.074793155894357,2015
Alessio Boni,6,0,,2015
Alessio Orano,3,0,,1971
Alex Angulo,3,1,15.2897006340983,2010
Alex Borstein,5,1,17.815544440715133,2009
Alex Cord,4,0,,1977
Alex D. Linz,4,2,17.42588945841767,2001
Alex Datcher,2,0,,2000
Alex Descas,3,0,,2000
Alex Dimitriades,3,1,12.844412469876426,2014
Alex Dobrenko,1,1,11.854946563855178,2016
Alex Doduk,2,0,,2003
Alex Dreier,2,0,,1975
Alex Fisher,1,1,18.22698852551284,2008
Alex Fong Chung-Sun,5,0,,2014
Alex Frost,4,1,16.11929712889455,2009
Alex Gerry,1,1,16.11809565095832,1960
Alex Haw,1,1,10.78894787401768,1998
Alex Honnold,3,0,,2014
Alex Hyde-White,4,1,11.627432027735706,1994
Alex Jennings,3,1,17.538493979099858,2015
Alex Jones,2,0,,2009
Alex Karpovsky,8,0,,2016
Alex Kendrick,3,2,16.746442684174617,2011
Alex Kingston,4,0,,2015
Alex MacQueen,2,0,,2015
Alex Mackenzie,2,0,,1961
Alex McArthur,5,1,13.587816669551248,2003
Alex Meneses,2,0,,2017
Alex Nicol,4,0,,1954
Alex O'Loughlin,3,1,18.165491779340297,2010
Alex Pettyfer,8,7,17.201982153495273,2016
Alex Reid,3,0,,2009
Alex Rocco,7,1,14.78501479943215,2006
Alex Roe,2,2,18.37523233357794,2017
Alex Ross Perry,2,0,,2016
Alex Russell,5,1,18.792244300384848,2016
Alex Shaffer,2,1,16.181482102468454,2015
Alex Veadov,2,1,17.821513513378694,2013
Alex Vincent,2,2,17.498300817879816,1990
Alex Williams,2,0,,2014
Alex Winter,4,1,17.516443056421636,2016
Alex Wolff,2,0,,2016
Alex van Warmerdam,4,0,,2015
Alexa PenaVega,16,7,15.465486239384902,2016
Alexander Beyer,5,0,,2015
Alexander Fehling,4,1,13.585407847778256,2014
Alexander Fu Sheng,8,0,,1984
Alexander Godunov,2,2,18.292730394140783,1988
Alexander Gould,2,1,20.66174732272718,2006
Alexander Granach,2,0,,1931
Alexander Karim,2,0,,2015
Alexander Knox,7,1,14.50865773852422,1971
Alexander Lo Rei ,2,0,,1987
Alexander Ludwig,3,1,18.481813359071293,2015
Alexander Nathan Etel,3,2,17.075555048804844,2010
Alexander Nevsky,4,2,13.785101831510698,2014
Alexander Pollock,1,1,18.352135818551155,2001
Alexander Scheer,4,1,13.677717526012248,2013
Alexander Scourby,3,0,,1979
Alexander Siddig,3,0,,2012
Alexander Skarsgård,14,6,16.547297073832187,2016
Alexander Wraith,2,0,,2012
Alexandr Golubev,1,1,16.534989073071852,2010
Alexandra Bastedo,3,0,,1975
Alexandra Breckenridge,3,0,,2015
Alexandra Daddario,8,5,18.970539688073586,2017
Alexandra Dahlström,2,0,,2004
Alexandra Duah,1,1,14.805757450469365,1993
Alexandra Holden,5,0,,2012
Alexandra Jiménez,3,0,,2016
Alexandra Lamy,2,0,,2016
Alexandra Lencastre,2,0,,2002
Alexandra Lockwood,2,0,,2015
Alexandra London,1,1,11.83500896413934,1991
Alexandra Maria Lara,10,2,17.12697902410119,2016
Alexandra Neldel,2,0,,2004
Alexandra Paul,9,1,16.869511739642242,2009
Alexandra Rapaport,4,1,16.636889444373487,2012
Alexandra Roach,1,1,16.204313162920478,2013
Alexandra Stewart,3,0,,1975
Alexandra Turshen,3,0,,2015
Alexandre Astier,4,0,,2014
Alexandre Borges,2,0,,2014
Alexandre Rodrigues,2,1,17.2378746687922,2007
Alexandru Papadopol,2,0,,2013
Alexei Dolinin,2,0,,1937
Alexia Fast,5,0,,2014
Alexia Rasmussen,3,0,,2013
Alexie Gilmore,3,1,12.597269781840634,2013
Alexis Arquette,5,0,,2007
Alexis Bledel,11,5,16.81050657759062,2015
Alexis Dziena,3,0,,2012
Alexis Georgoulis,1,1,16.833751402288094,2009
Alexis Kanner,2,0,,1972
Alexis Knapp,4,0,,2016
Alexis Loret,2,0,,2001
Alexis Smith,19,0,,1976
Alexis Thorpe,2,0,,2007
Alexis Zegerman,1,1,16.71312756112341,2008
Alf Kjellin,2,0,,1951
Alfie Allen,5,1,18.30146536923798,2016
Alfie Bass,2,0,,1967
Alfonso Aráu,2,0,,2000
Alfre Woodard,14,4,16.21348734400312,2017
Alfred Abel,3,1,13.385376661981928,1927
Alfred Molina,21,7,16.32345241734506,2016
Alfred Paget,2,0,,1913
Alfredo Castro,6,3,11.951427676084345,2016
Alfredo Landa,3,0,,2003
Alfredo Mayo,5,0,,1973
Alfredo Rizzo,2,0,,1974
Ali,1,1,16.588099280204055,2012
Ali Bakhsi,1,1,10.534706136473906,1996
Ali Cook,2,0,,2016
Ali Fadhil,1,1,14.17431932368516,2007
Ali Faulkner,3,1,13.825084580398547,2014
Ali Hillis,2,0,,2013
Ali Landry,2,0,,2006
Ali Larter,13,7,18.365004400152664,2016
Ali Liebert,3,0,,2016
Ali MacGraw,6,4,16.93457985457558,2002
Ali Mosaffa,2,1,16.179355083004804,2013
Ali Nassirian,2,0,,2005
Ali Suliman,5,2,14.27973679487118,2014
Ali Zafar,4,2,15.870484724735737,2016
Alia Bhatt,6,2,15.774592488822,2016
Alia Shawkat,7,3,14.807775533727323,2016
Alice Ardell,2,0,,1936
Alice Belaïdi,2,1,16.305254406287418,2016
Alice Brady,5,0,,1939
Alice Braga,14,6,16.52758862456682,2016
Alice Cooper,8,0,,2015
Alice Coulthard,1,1,12.685330199828504,1993
Alice David,2,0,,2015
Alice Drummond,2,0,,2010
Alice Dwyer,2,0,,2012
Alice Englert,3,2,15.865959041976328,2013
Alice Evans,2,1,19.028334146296,2006
Alice Eve,11,7,12.689608779775389,2016
Alice Faye,8,1,15.201804919084164,1945
Alice Garner,2,0,,1999
Alice Isaaz,3,0,,2016
Alice Krige,9,4,15.9048768555813,2009
Alice Lowe,3,1,11.031367338884806,2017
Alice Parkinson,2,1,18.50326768922987,2011
Alice Patten,1,1,16.25804461932129,2006
Alice Pol,4,0,,2017
Alice Taglioni,8,2,13.923632991952388,2014
Alice Terry,2,0,,1926
Alice White,4,0,,1931
Alicia Coppola,2,0,,2008
Alicia Leigh Willis,2,0,,2015
Alicia Moro,1,1,13.31577982431498,1983
Alicia Silverstone,14,5,16.05477008711533,2017
Alicia Vikander,12,7,17.296382354835007,2016
Alicia Witt,14,4,16.199236109783165,2016
Alicja Bachleda-Curuś,5,1,14.313101994919304,2016
Alicja Jachiewicz,2,0,,2009
Alida Valli,11,1,13.298581345137798,1980
Aliki Vougiouklaki,5,0,,1966
Alina Babak,1,1,14.616666494496185,2015
Aline Kominsky,1,1,14.970722122702458,1994
Aline Küppenheim,3,0,,2012
Aline MacMahon,13,0,,1948
Alinne Moraes,3,0,,2014
Alisa Freyndlikh,3,0,,2017
Alison Brie,7,3,17.3508197625817,2017
Alison Doody,4,0,,2014
Alison Eastwood,4,0,,2013
Alison Elliott,5,1,16.35267563624803,2000
Alison Folland,3,1,9.761347785375005,2005
Alison Lohman,5,2,18.161426308295255,2009
Alison Pill,5,2,14.478683711998249,2017
Alison Skipworth,4,0,,1936
Alison Steadman,7,0,,2010
Alison Sweeney,7,0,,2016
Alison Whelan,1,1,16.506305472541122,1989
Alissa Skovbye,2,0,,2015
Alistair Abell,2,0,,2007
Alix Talton,2,0,,1957
Alkis Panagiotidis,2,0,,2000
Alla Demidova,3,0,,2004
Alla Nazimova,2,0,,1923
Allan Corduner,2,0,,2002
Allan Edwall,12,2,14.016456017118418,1989
Allan Gildea,1,1,13.55832923880083,2002
Allan Hyde,2,0,,2015
Allan Jones,3,0,,1939
Allen Covert,2,2,15.695998481620638,2008
Allen Danziger,2,1,17.244938999967257,1974
Allen Fiuzat,2,0,,1977
Allen Garfield,10,3,15.657653815132344,1999
Allen Ginsberg,6,0,,2011
Allen Iverson,2,0,,2016
Allen Jenkins,9,0,,1951
Allen Joseph,1,1,15.761420707019589,1977
Allen Leech,2,1,10.425253116340452,2013
Allen Payne,8,5,16.7595428972823,2006
Alley Mills,2,0,,2016
Allie MacDonald,3,0,,2014
Allie Mickelson,1,1,17.70906058372291,2005
Allison Anders,2,0,,2010
Allison Hayes,7,1,13.081541382884074,1960
Allison Hossack,2,0,,2001
Allison Janney,6,1,16.90856357968385,2016
Allison Lange,3,0,,2005
Allison Miller,3,1,17.41101227640042,2014
Allison Paige,3,0,,2016
Allison Smith,2,0,,2004
Allison Tolman,2,1,17.93533940306295,2017
Allison Williams,2,1,19.34666137673115,2017
Allu Arjun,8,0,,2014
Allu Tuppurainen,2,0,,2007
Ally Sheedy,17,7,16.15564298991948,2016
Ally Walker,5,0,,2014
Allyn Ann McLerie,3,0,,1974
Alma Dalaykhan,1,1,14.96676368267771,2016
Almanta Suska,2,0,,1982
Almedin Leleta,2,0,,2002
Alok Chakravarty,1,1,9.680344001221918,1959
Alon Aboutboul,5,0,,2016
Alona Pulde,1,1,13.40716179612028,2011
Alona Tal,3,0,,2017
Alonna Shaw,1,1,17.220125991426123,1991
Altan Erkekli,2,0,,2011
Alun Armstrong,2,0,,2004
Alvaro Vitali,2,0,,1982
Alvin Alexis,1,1,14.950102415511784,1988
Alwara Höfels,2,0,,2014
Alwyn Kurts,1,1,13.603554196040628,1979
Aly Michalka,4,1,15.466280031067743,2014
Alycia Debnam-Carey,2,1,14.690979295318174,2016
Alycia Delmore,2,0,,2017
Alysa King,2,0,,2015
Alysia Reiner,2,0,,2014
Alyson Court,3,0,,2008
Alyson Hannigan,4,3,18.744331687213286,2017
Alyson Reed,2,1,16.468956656664286,1989
Alyson Stoner,2,0,,2010
Alyssa Milano,14,0,,2010
Alyvia Alyn Lind,2,0,,2016
Am Park,2,0,,1975
Amaliya Mordvinova,2,0,,2000
Aman Johal,1,1,17.349280243305483,2005
Amancaya Aguilar,1,1,11.54959484932724,2010
Amanda Bearse,1,1,17.031271015109905,1985
Amanda Blake,2,0,,1954
Amanda Bynes,7,4,17.420815041667755,2010
Amanda Crew,10,3,17.278273315195452,2016
Amanda Detmer,3,0,,2015
Amanda Donohoe,5,1,13.988888069096912,2000
Amanda Duff,3,0,,1941
Amanda Fuller,4,0,,2014
Amanda Langlet,2,0,,1996
Amanda Ooms,2,0,,1989
Amanda Pays,4,1,16.569465112493013,1991
Amanda Peet,15,9,16.53363892281983,2013
Amanda Pilke,3,0,,2012
Amanda Plummer,8,1,16.090411352735842,2011
Amanda Redman,2,0,,2014
Amanda Righetti,2,0,,2011
Amanda Sandrelli,2,0,,2002
Amanda Schull,5,1,16.660473719407406,2017
Amanda Seyfried,14,11,17.570245342221014,2017
Amanda Tapping,5,1,16.00156183470237,2012
Amanda Walsh,2,0,,2008
Amanda Wyss,2,0,,2010
Amandla Stenberg,2,0,,2017
Amara Miller,1,1,18.993033274118307,2011
Amari Cheatom,2,0,,2016
Amber Benson,3,0,,2008
Amber Heard,15,8,15.54910341784427,2016
Amber Kuo,5,0,,2015
Amber Savva,1,1,9.128696382935672,2007
Amber Tamblyn,11,5,17.05116769693948,2017
Amber Valletta,2,2,17.943773943659835,2010
Ambra Angiolini,4,0,,2014
Ambyr Childers,3,1,11.306897109511642,2015
Amedeo Nazzari,8,0,,1964
Ameena Matthews,1,1,12.551249741829064,2011
Ameesha Patel,4,0,,2007
Amelia Kinkade,1,1,14.950102415511784,1988
Amer Hlehel,1,1,15.026580617088836,2005
America Ferrera,9,4,15.340023692591187,2014
America Olivo,3,2,11.273800320417612,2012
Ami Dolenz,9,2,14.169341650279456,2008
Amie Carey,1,1,13.395054139589122,1996
Amie Petersen,1,1,15.612920532973586,1999
Amin Maher,1,1,11.56794381272364,2002
Amir Farrokh Hashemian,1,1,13.710150042306449,1997
Amir Hasan,1,1,12.715026518663368,2014
Amira Casar,7,1,10.238279807349246,2015
Amitabh Bachchan,42,8,14.721449061198758,2016
Amjad Khan,2,0,,1988
Aml Ameen,1,1,12.013700752882718,2006
Amol Palekar,5,0,,1985
Amole Gupte,3,1,16.713078582731033,2014
Amos Poe,1,1,11.505931061057268,2011
Amparo Soler Leal,2,0,,1984
Amr Waked,2,0,,2013
Amrish Puri,13,1,18.420680743952367,2003
Amrita Rao,5,1,15.60727002719233,2013
Amrita Singh,3,0,,2014
Amruta Khanvilkar,1,1,15.29711509888849,2015
Amy Acker,6,0,,2016
Amy Adams,24,17,17.707463242737237,2016
Amy Birnbaum,2,0,,2005
Amy Brenneman,5,2,17.125553813938044,2005
Amy Everson,2,0,,2014
Amy Hargreaves,2,1,12.462202129468848,2014
Amy Hathaway,2,0,,1999
Amy Huberman,3,0,,2016
Amy Irving,14,4,16.965725823589842,2000
Amy Jackson,3,0,,2016
Amy Jo Johnson,5,1,18.0051652999907,2012
Amy Johnston,2,0,,2017
Amy Landecker,2,0,,2017
Amy Locane,6,3,13.776282572534818,2003
Amy Madigan,9,2,17.214434714303845,2017
Amy Matysio,2,0,,2014
Amy Pietz,2,0,,2013
Amy Poehler,13,4,18.881754090127732,2017
Amy Ryan,11,6,15.375110363981525,2016
Amy Schumer,6,2,18.343336506047706,2017
Amy Sedaris,4,1,10.15739306550038,2014
Amy Seimetz,4,1,13.003800537779847,2015
Amy Shiels,3,1,10.425253116340452,2012
Amy Smart,20,7,17.651294119178925,2014
Amy Steel,1,1,16.893871853334655,1981
Amy Stewart,2,1,17.134973198493537,2007
Amy Weber,2,0,,2007
Amy Winehouse,1,1,15.945305802753994,2015
Amy Wren,1,1,11.52203385733422,2011
Amy Yasbeck,2,0,,1995
Amy Yip,3,0,,1992
Amza Pellea,5,0,,1979
Amédée,1,1,9.228965836099349,1952
Ana Belén,5,1,15.144477932213052,1997
Ana Claudia Talancón,5,1,9.212138753917564,2008
Ana Coto,1,1,18.455953974113495,2014
Ana Fernández,3,0,,2014
Ana Girardot,3,0,,2015
Ana Maria Magalhães,2,0,,1977
Ana Obregón,3,1,16.00323246090089,2011
Ana Ofelia Murguía,3,0,,2010
Ana Ortiz,2,0,,2013
Ana Paula Arósio,2,0,,2010
Ana Serradilla,3,0,,2013
Ana Torrent,5,1,14.78895825923289,1998
Ana Ularu,2,0,,2016
Ana Villafañe,1,1,15.651670092774722,2016
Ana Wagener,2,0,,2014
Ana de Armas,7,3,16.11060096913867,2017
Ana de la Reguera,1,1,18.20000904758596,2006
Anais Fairweather,2,0,,2017
Anaitha Nair,1,1,16.775615653875114,2007
Analeigh Tipton,6,3,13.876649819373293,2017
Anamaria Marinca,4,1,13.985913873839602,2009
Anand Tiwari,2,0,,2015
Ananda Everingham,5,0,,2010
Anandhi,1,1,14.28551418721001,2016
Anant Nag,2,0,,2014
Anapola Mushkadiz,1,1,12.443225605217448,2005
Anastasios Soulis,2,0,,2013
Anastasiya Mikulchina,1,1,15.473591004623424,2015
Anastasiya Nemolyaeva,2,0,,1989
Anastasiya Vertinskaya,5,0,,1994
Anastasiya Zadorozhnaya,4,3,14.752667412138914,2014
Anat Waxman,2,0,,2013
Anatoli Kubatsky,2,0,,1963
Anatoli Papanov,10,0,,1988
Anatoli Romashin,2,0,,1988
Anatoli Vasilyev,2,0,,1982
Anatoliy Kuznetsov,2,0,,1977
Anaïs Demoustier,12,1,13.722809571253205,2016
Anaïs Nin,2,0,,1954
Anders Baasmo Christiansen,9,1,16.02378497148708,2016
Anders Danielsen Lie,4,1,14.08186301286344,2016
Anders Eriksson,3,0,,2006
Anders Hove,4,0,,1998
Anders Matthesen,4,0,,2010
Anders Randolf,3,0,,1929
Anders W. Berthelsen,9,0,,2014
Andersen Gabrych,1,1,13.677111336662843,1998
Anderson Cooper,2,0,,2016
Anderson Silva,2,0,,2014
Andi Feldmann,4,0,,2003
Andi Vasluianu,4,0,,2012
Andie MacDowell,26,10,17.508968397000224,2013
Andra Akers,2,0,,1978
Andra Martin,2,0,,1959
Andre Braugher,8,4,16.803471890593812,2008
Andre Gower,1,1,15.14258290690078,1987
Andre Gregory,2,0,,1991
Andre Royo,3,0,,2016
Andrea Albani,3,3,13.008489633069038,1984
Andrea Aureli,2,0,,1981
Andrea Bosca,2,0,,2013
Andrea Bowen,3,0,,2012
Andrea Brooks,2,0,,2016
Andrea Burchill,1,1,13.89550587989974,1987
Andrea Checchi,3,0,,1962
Andrea Di Stefano,4,0,,2016
Andrea Drahota,2,0,,1980
Andrea Duro,2,0,,2012
Andrea Eckert,1,1,15.526675292179734,1995
Andrea Frankle,2,0,,2013
Andrea Grano,2,0,,2016
Andrea Jeremiah,2,2,16.1870100232168,2015
Andrea King,6,0,,1950
Andrea Libman,3,0,,2014
Andrea Marcovicci,4,1,13.247648865815,2009
Andrea Martin,2,0,,1999
Andrea Occhipinti,3,0,,1985
Andrea Osvárt,3,1,10.97695295878228,2015
Andrea Parker,2,0,,2001
Andrea Pino,1,1,12.926628259692952,2015
Andrea Riseborough,6,2,13.311175352696662,2017
Andrea Roncato,3,0,,1984
Andrea Roth,11,1,18.55170900635877,2009
Andrea Zogg,2,0,,2010
Andreas Karoliussen,2,0,,2007
Andreas Kunze,2,0,,1994
Andreas Lust,1,1,12.247574408955186,2010
Andreas Wilson,2,0,,2005
Andree Moss,1,1,15.644931191547991,2008
Andrei Abrikosov,2,0,,1956
Andrei Arlovski,1,1,13.682420210921991,2009
Andrei Boltnev,3,0,,1989
Andrei Chalimon,1,1,15.568226658312623,1996
Andrei Panin,6,3,15.235075225039017,2008
Andrei Popov,2,0,,1980
Andrei Tarkovsky,2,0,,1988
Andrei Zhigalov,2,0,,2005
Andreu Buenafuente,2,0,,2016
Andrew Bicknell,2,0,,2006
Andrew Bongiorno,2,0,,2014
Andrew Buchan,3,0,,2016
Andrew Bujalski,2,0,,2007
Andrew Caldwell,1,1,15.644931191547991,2008
Andrew Cheney,1,1,14.027466965887918,2015
Andrew Dice Clay,7,2,16.577718646151453,2012
Andrew Divoff,9,1,16.570387663969683,2014
Andrew Duggan,3,0,,1972
Andrew Francis,2,0,,2013
Andrew Garfield,9,8,17.52872687557375,2016
Andrew Howard,4,0,,2010
Andrew J. West,4,0,,2017
Andrew Jacobs,2,1,18.27406262965333,2015
Andrew Keegan,4,2,13.145401256549025,2010
Andrew Keir,5,1,12.807480014927336,1994
Andrew Lincoln,2,0,,2009
Andrew Lowery,1,1,15.020278246286203,1993
Andrew McCarthy,21,5,17.218223375694464,2012
Andrew Prine,5,0,,1984
Andrew Robertson,1,1,12.685330199828504,1993
Andrew Robinson,3,1,16.494065142162036,1994
Andrew Sachs,1,1,17.7190833406143,1978
Andrew Scott,7,1,15.34921147980662,2016
Andrew Sensenig,4,2,14.769621942549872,2015
Andrew Simpson,4,0,,2016
Andrew Stevens,8,2,14.724621888727235,1994
Andrew Tiernan,3,1,13.450858164333305,2011
Andrew W. Walker,10,0,,2016
Andrey Chadov,4,1,14.98333729356968,2011
Andrey Fedortsov,5,0,,2014
Andrey Gradov,2,0,,1987
Andrey Krasko,5,1,12.91111134093286,2007
Andrey Merzlikin,9,1,14.28551418721001,2015
Andrey Mironov,11,0,,1987
Andrey Myagkov,5,0,,1993
Andrey Smirnov,2,0,,2011
Andrey Smolyakov,2,0,,2015
Andrey Sokolov,3,1,12.91111134093286,2007
Andrine Sæther,2,0,,1999
Andrius Mamontovas,2,0,,2014
Andrzej Beja-Zaborski,2,0,,2004
Andrzej Chyra,12,1,16.5049427138758,2016
Andrzej Grabowski,5,0,,2016
Andrzej Seweryn,4,0,,2016
Andrzej Łapicki,2,0,,1972
András Gyémánt,1,1,11.105844051343766,2013
András Kern,2,0,,2016
András Kozák,2,0,,1967
André Benjamin,4,2,15.540370066632793,2016
André Dussollier,26,7,14.975757702795912,2016
André Eisermann,2,0,,1995
André Hennicke,2,0,,2006
André Holland,2,1,17.990615831572004,2016
André Lacombe,1,1,18.744509255932503,1988
André Marcon,5,2,12.8340055182875,2016
André Morell,8,0,,1967
André Méliès,2,0,,1952
André Ramiro,2,1,17.959084568808642,2010
André S. Labarthe,1,1,10.107122033462112,1962
André Sjöberg,2,0,,2011
André Szymanski,1,1,13.585407847778256,2014
André Wilms,3,0,,2011
Andréa Beltrão,3,0,,2012
Andréa Ferréol,3,0,,2004
Andrés García,2,0,,1979
Andrés Gertrúdix,2,0,,2015
Andrés Pajares,1,1,14.50865773852422,1990
Andrés Soler,2,0,,1956
Andy Anderson,2,0,,2011
Andy Bichlbaum,4,0,,2014
Andy Clyde,2,0,,1943
Andy Cohn,1,1,14.37524691006012,2005
Andy Davoli,1,1,16.300417207752275,2001
Andy Devine,5,1,13.914230372896052,1969
Andy Dick,11,2,17.317027598581802,2012
Andy Fletcher,2,0,,1998
Andy García,38,17,15.487858399859526,2016
Andy Griffith,11,1,16.914675840728503,2009
Andy Kaufman,2,1,14.583160204283676,1983
Andy Lau,41,8,16.24340054695227,2016
Andy Luotto,2,0,,1981
Andy McAvin,2,1,13.815510557964274,2010
Andy Nyman,3,0,,2010
Andy On,9,0,,2014
Andy Richter,3,1,12.31921827836981,2011
Andy Rodoreda,2,0,,2013
Andy Samberg,9,6,17.409626608919446,2017
Andy Serkis,14,5,18.59946372230211,2017
Andy Warhol,3,0,,2010
Ane Dahl Torp,7,1,16.3785460081501,2017
Anessa Ramsey,3,1,12.428836124626088,2011
Anette Day,1,1,14.28551418721001,1967
Aneurin Barnard,6,1,8.76389700713946,2015
Angel Aquino,2,1,13.052129736481245,2013
Angel Boris Reed,2,0,,2003
Angel Tompkins,4,0,,1986
Angela Bassett,19,13,16.805217679862157,2015
Angela Bettis,8,1,11.920235536752422,2011
Angela Davis,3,0,,2016
Angela Douglas,2,0,,1973
Angela Featherstone,3,0,,2002
Angela Finocchiaro,6,2,17.684855647130632,2015
Angela Goethals,2,1,11.143830858171714,2006
Angela Lansbury,22,5,16.200695837381716,1998
Angela Pleasence,2,0,,1980
Angela Punch McGregor,3,0,,1986
Angela Sarafyan,3,0,,2016
Angela Schijf,3,0,,2013
Angela Trimbur,2,0,,2017
Angela Winkler,6,0,,2006
AngelaBaby,5,1,18.096165696363997,2015
Angeli Bayani,2,0,,2013
Angelica Domröse,2,0,,2012
Angelica Lee,5,0,,2008
Angeliki Papoulia,2,1,11.610024952099902,2014
Angelina Jolie,33,23,18.15802873724635,2015
Angeline Ball,3,0,,2009
Angelo Infanti,4,0,,1987
Angelo Josue Lozano Corzo,1,1,18.59548039870494,2016
Angie Brown,2,0,,1988
Angie Cepeda,4,0,,2013
Angie Dickinson,16,2,16.128373293535645,2009
Angie Everhart,7,1,15.538277155705378,2008
Angie Harmon,4,1,17.889581219858503,2006
Angie Milliken,1,1,14.12979561221059,1999
Angourie Rice,2,1,17.955278002372225,2016
Angus MacInnes,2,0,,2015
Angus Macfadyen,8,1,18.914625575501677,2013
Angus Sampson,3,0,,2015
Angus Scrimm,6,2,16.050244396748884,2016
Angélica Aragón,3,0,,2014
Angélica María,2,0,,1987
Angélique Litzenburger,1,1,13.065517855784972,2014
Ania Bukstein,3,0,,2013
Anica Dobra,3,0,,2015
Anika Noni Rose,3,1,19.40293060617083,2017
Anil Chatterjee,3,0,,1963
Anil Kapoor,20,3,18.023181299789016,2015
Anita Barone,1,1,7.375255778009755,1997
Anita Berber,2,0,,1919
Anita Björk,4,0,,1962
Anita Briem,4,1,18.437558116467528,2011
Anita Caprioli,3,0,,2008
Anita Ekberg,15,1,16.786745199917863,2000
Anita Laurenzi,1,1,16.066318871289543,1998
Anita Louise,8,0,,1940
Anita Mui,12,1,17.29342348766863,2002
Anita Page,10,1,15.287523794486702,1932
Anita Pallenberg,3,1,14.73180128983843,1970
Anita Skinner,2,0,,1983
Anita Strindberg,4,0,,1973
Anita Yuen,5,1,10.542284138345993,2013
Anitra Ford,2,0,,1973
Anja Lundkvist,2,0,,2012
Anjali,2,0,,2011
Anjali Jay,1,1,13.634536492895426,2006
Anjanette Comer,6,0,,1975
Anjela Nedyalkova,2,0,,2015
Anjelah Johnson,2,0,,2015
Anjelica Huston,24,14,16.840184269280844,2014
Anjorka Strechel,2,0,,2013
Anke Engelke,3,1,16.026789574023855,2015
Ankhnyam Ragchaa,1,1,18.62936525737244,2015
Ann Blyth,10,0,,1957
Ann Cusack,3,0,,2006
Ann Dowd,4,1,12.673839399835526,2014
Ann Dvorak,11,1,13.304684934198283,1947
Ann Eleonora Jørgensen,4,0,,2007
Ann Harding,11,0,,1951
Ann Lynn,3,0,,1968
Ann Magnuson,5,2,13.578134918463219,2011
Ann Miller,9,1,16.817092637987923,2001
Ann Petrén,3,0,,2013
Ann Reinking,2,0,,1984
Ann Richards,4,0,,1948
Ann Robinson,2,1,14.50865773852422,1953
Ann Rutherford,6,0,,1945
Ann Savage,4,0,,2007
Ann Sheridan,21,0,,1953
Ann Smyrner,2,0,,1963
Ann Sothern,13,0,,1975
Ann Todd,9,0,,1961
Ann Turkel,3,0,,1995
Ann Tuts,1,1,15.826580106800687,2013
Ann Wedgeworth,3,0,,1996
Ann-Margret,30,4,15.778017519714282,2009
Anna Antonova,1,1,15.009433026436708,2015
Anna Ardova,2,0,,2013
Anna Bolshova,1,1,15.687312734865866,2010
Anna Bonaiuto,2,2,13.509178378089072,2013
Anna Brüggemann,5,0,,2012
Anna Calder-Marshall,2,0,,1985
Anna Camp,2,0,,2015
Anna Chancellor,3,0,,2002
Anna Chipovskaya,4,2,13.12948477743478,2017
Anna Chlumsky,7,1,14.915083718180757,2015
Anna Ciepielewska,2,0,,1963
Anna Dereszowska,2,0,,2008
Anna Drijver,4,1,14.7543104472538,2012
Anna Dymna,2,0,,2000
Anna Falchi,3,0,,1999
Anna Faris,21,20,17.243329241257346,2017
Anna Fischer,5,0,,2012
Anna Friel,17,2,17.589408684970742,2017
Anna Galiena,6,0,,2014
Anna Geislerová,6,0,,2013
Anna Geller,1,1,16.760506487268348,2010
Anna Gunn,4,1,14.288922746466016,2016
Anna Hutchison,4,1,18.01250316040663,2017
Anna Kanakis,2,0,,1983
Anna Karina,13,3,11.247678615328406,1996
Anna Kashfi,2,0,,1958
Anna Kendrick,19,11,16.728028329854514,2017
Anna Khilkevich,3,1,15.384889726195144,2016
Anna Lee,8,0,,1946
Anna Levine,6,0,,2000
Anna Mae Bilson,2,0,,1922
Anna Magnani,13,0,,1969
Anna Margaret Hollyman,2,0,,2014
Anna Maria Barbera,2,0,,2007
Anna Maria Ferrero,5,0,,1960
Anna Maria Horsford,2,0,,2013
Anna Maria Monticelli,2,0,,1986
Anna Maria Mühe,2,0,,2017
Anna Maria Rizzoli,2,0,,1980
Anna Maria Sturm,2,0,,2011
Anna Massey,2,1,11.338060041995572,1973
Anna Maxwell Martin,3,1,16.0978929436408,2013
Anna May Wong,8,0,,1937
Anna Mazzamauro,4,0,,1999
Anna Mikhalkova,6,1,12.400816722322686,2016
Anna Mouglalis,8,1,15.56531718517166,2014
Anna Neagle,3,0,,1946
Anna Palk,2,0,,1972
Anna Paquin,13,2,11.23684211799276,2013
Anna Popplewell,3,2,20.144463364764473,2012
Anna Prucnal,2,0,,1980
Anna Przybylska,2,0,,2002
Anna Próchniak,2,0,,2014
Anna Semenovich,1,1,16.08902722846097,2008
Anna Seniuk,3,0,,1982
Anna Skellern,3,0,,2014
Anna Starshenbaum,2,0,,2011
Anna Sten,4,0,,1935
Anna Tsuchiya,3,0,,2007
Anna Walton,2,0,,2015
Anna Wintour,3,1,14.107918943780142,2012
AnnaLynne McCord,5,0,,2015
AnnaSophia Robb,10,5,16.883890985080292,2017
Annabella,8,0,,1947
Annabella Incontrera,3,0,,1974
Annabella Sciorra,17,6,16.1910290105653,2014
Annabelle Gurwitch,2,0,,2003
Annabelle Wallis,6,2,19.592040401011715,2017
Annabeth Gish,13,2,13.473495679329236,2012
Annalee Jefferies,1,1,15.260775939160414,2010
Annalise Basso,2,1,18.218634887834515,2016
Anndi McAfee,3,0,,2016
Anne Alvaro,4,0,,2013
Anne Archer,14,5,18.21571264847818,2003
Anne Bancroft,33,11,16.263189462147185,2003
Anne Baxter,23,3,14.56043245411083,1984
Anne Bobby,1,1,15.997322975779912,1990
Anne Brochet,5,0,,2014
Anne Coesens,3,0,,2014
Anne Collette,3,0,,1967
Anne Collings,2,0,,1974
Anne Consigny,6,2,15.23869855858044,2016
Anne Cornaly,2,0,,1963
Anne Crawford,4,0,,1954
Anne Dorval,4,1,15.066577803820044,2016
Anne Francis,10,2,15.070757143797014,1970
Anne Gwynne,2,0,,1947
Anne Hathaway,23,21,18.007917048798703,2017
Anne Heche,26,8,16.692127771261593,2017
Anne Helm,2,0,,1969
Anne Heywood,4,0,,1979
Anne Jackson,3,1,15.629182192553516,1992
Anne Jeffreys,6,0,,1948
Anne Kreis,1,1,13.03279528024392,1972
Anne Louise Hassing,1,1,8.886685639065584,1998
Anne Marie DeLuise,2,0,,2008
Anne Meara,3,0,,2010
Anne Nagel,6,0,,1942
Anne Parillaud,9,1,15.424948470398377,2012
Anne Reid,3,1,13.875902682166998,2007
Anne Revere,2,0,,1948
Anne Shirley,12,0,,1944
Anne Suzuki,6,0,,2012
Anne Tenney,1,1,13.666765740100052,1997
Anne Vernon,5,0,,1964
Anne Watanabe,2,0,,2015
Anne Wiazemsky,4,2,10.45916769416917,1970
Anne Winters,3,0,,2016
Anne-Marie Cadieux,3,0,,2005
Anne-Marie Duff,5,1,16.85798332511883,2009
Anne-Marie Johnson,2,0,,1991
Anne-Marie Loop,1,1,15.908504844894942,2012
Anne-Marie Miéville,2,0,,2000
Anneke von der Lippe,2,0,,1998
Anneli Sauli,3,0,,2010
Annemarie Düringer,3,0,,2006
Annet Malherbe,4,0,,2009
Annette Badland,1,1,8.360539381370861,2000
Annette Bening,26,15,16.7584369274396,2016
Annette Benson,2,0,,1928
Annette Crosbie,2,0,,1997
Annette Funicello,8,0,,1988
Annette O'Toole,7,1,18.183292567989714,2013
Anni-Kristiina Juuso,2,0,,2008
Annie Belle,4,0,,1981
Annie Clark,2,1,12.926628259692952,2015
Annie Cordy,2,0,,1994
Annie Corley,2,1,19.01960854307108,1997
Annie Fratellini,2,0,,1970
Annie Girardot,18,2,16.748531368170823,2005
Annie Golden,2,1,15.19777480908926,1995
Annie Grindlay,1,1,14.949026240740748,1991
Annie McEnroe,4,2,14.080885856223691,1985
Annie Potts,5,1,16.556350581889475,2008
Annie Ross,3,1,16.261482147129758,1992
Annie Ryan,1,1,15.12001497755283,1987
Anniek  Pheifer,2,0,,2014
Annika Hallin,3,0,,2009
Annika Marks,2,0,,2015
Annu Kapoor,3,0,,2015
Annu Valonen,2,0,,2010
Anny Duperey,4,0,,1983
Anny Ondra,2,0,,1929
Anouk Aimée,14,2,14.697757897584545,2011
Anouk Ferjac,2,0,,1971
Anouk Grinberg,4,0,,2000
Ansel Elgort,2,2,19.386169136876852,2017
Anson Mount,4,0,,2015
Antara Mali,3,0,,2003
Anthony 'Treach' Criss,4,0,,2009
Anthony Anderson,12,5,17.787958995332893,2016
Anthony Andrews,5,0,,1995
Anthony Barnosky,1,1,10.679849328089071,2015
Anthony Barrile,2,1,16.44303044364272,1997
Anthony Cardoza,2,0,,1966
Anthony Chan,3,1,8.970177815492379,2013
Anthony Cumia,2,0,,2014
Anthony DeSando,5,1,13.065517855784972,2006
Anthony Dexter,3,1,14.253765488895429,1961
Anthony Edwards,13,6,15.643672821995999,2010
Anthony Eisley,6,0,,1973
Anthony Franciosa,19,0,,1990
Anthony Heald,1,1,16.231694478345094,1998
Anthony Higgins,5,2,15.655756313634786,1993
Anthony Hopkins,52,25,17.282275105860496,2016
Anthony James,2,0,,1986
Anthony Jeselnik,3,0,,2016
Anthony LaPaglia,26,1,16.265263406822434,2016
Anthony Mackie,15,10,16.400745191724898,2016
Anthony Michael Hall,14,3,16.893192556750567,2016
Anthony Montgomery,2,0,,2013
Anthony Newley,4,0,,1987
Anthony Perkins,26,4,17.131808735925375,1991
Anthony Quayle,12,1,14.50865773852422,1988
Anthony Quinn,58,5,15.932681621245248,2002
Anthony Rapp,2,1,17.27089999520984,2017
Anthony Starke,2,0,,2015
Anthony Steel,4,0,,1964
Anthony Steffen,9,0,,1979
Anthony Stewart Head,2,2,15.352466657536564,2011
Anthony Veiller,2,0,,1944
Anthony Wong,22,2,13.261071930987844,2014
Anthony Zerbe,5,1,15.897698325312136,1987
Antje Traue,2,0,,2016
Antoine Bertrand,5,1,14.18551427779428,2016
Antoine Duléry,2,0,,2008
Antoine L'Écuyer,2,0,,2014
Antoine Laurent,1,1,10.068917241659864,2014
Antoine Monot Jr.,4,0,,2007
Antoine-Olivier Pilon,2,1,15.066577803820044,2016
Anton Adasinsky,2,0,,2016
Anton Corbijn,2,0,,2012
Anton Diffring,5,0,,1980
Anton Newcombe,1,1,11.752469785385491,2004
Anton Pampushnyy,2,0,,2017
Anton Rattinger,1,1,11.087283159423247,1996
Anton Shagin,3,1,16.637507289182356,2016
Anton Sviatoslav Greene,1,1,13.120697991418597,2014
Anton Yelchin,17,5,16.76610380135706,2017
Antonella Costa,4,0,,2011
Antonella Dogan,2,0,,1978
Antonella Interlenghi,2,0,,1987
Antonella Lualdi,3,0,,1955
Antoni Pawlicki,5,0,,2013
Antonia Beamish,2,0,,2004
Antonia Bernath,2,0,,2013
Antonia Campbell-Hughes,4,0,,2014
Antonia Thomas,2,0,,2016
Antonia Truppo,2,1,15.27412558066379,2016
Antonia Zegers,1,1,10.873527560404474,2015
Antonie Kamerling,4,0,,2001
Antonio Albanese,12,1,16.004658159732166,2017
Antonio Banderas,47,24,17.028868885112825,2017
Antonio Bolivar,1,1,14.093146082434169,2015
Antonio Canales,2,1,11.7360210151324,2005
Antonio Cantafora,2,1,13.160052148502588,1979
Antonio Catania,4,0,,2011
Antonio Cupo,4,0,,2014
Antonio Dechent,3,1,11.7360210151324,2016
Antonio Fargas,4,1,13.823879440967923,1999
Antonio Flores,1,1,13.379659435569003,1982
Antonio Gades,3,0,,1986
Antonio Garrido,1,1,15.424948470398377,2017
Antonio Maroño,1,1,13.29074826845941,1981
Antonio Moreno,2,0,,1927
Antonio Resines,4,1,16.775640679468708,2009
Antonio Sabàto,12,0,,1979
"Antonio Sabàto, Jr.",6,0,,2009
Antonio de la Torre,10,2,15.221406701273283,2016
Antonis Kafetzopoulos,4,0,,2012
Antonis Papadopoulos,2,0,,1971
Antony Carbone,3,0,,1961
Antony Hickling,2,0,,2015
Antony Sher,2,0,,1996
Antron McCray,1,1,12.519959601148688,2012
Antti Litja,5,0,,2014
Antti Reini,12,0,,2016
Antti Virmavirta,2,0,,2008
António Silva,2,0,,1942
Antônio Fagundes,2,0,,2003
Anu Emmanuel,1,1,14.73180128983843,2016
Anupam Kher,14,1,15.068273526459642,2016
Anushka Sharma,11,4,16.80500951488196,2017
Anushka Shetty,6,2,16.33786786183883,2015
Anwar Congo,1,1,13.004874048611862,2012
Anya Taylor-Joy,4,3,17.648548124242037,2016
Anzac Wallace,2,0,,1985
Anzhelika Nevolina,2,0,,1998
Anémone,4,0,,2014
Aoi Miyazaki,14,1,13.103472054743914,2016
Aoi Nakamura,3,0,,2011
Aoi Teshima,1,1,18.03501826314038,2006
Aoi Yuki,4,2,16.583910147705772,2016
Aomi Muyock,1,1,12.425541453236963,2015
Aparna Balamurali,1,1,12.345834587905332,2016
Aparna Gopinath,1,1,15.590462908875947,2015
Apinya Sakuljaroensuk,2,0,,2009
Apollonia Kotero,1,1,18.0407807018827,1984
April Bowlby,1,1,14.73180128983843,2011
April Pearson,2,0,,2015
April Scott,2,0,,2011
April Telek,2,0,,2016
Apurva Agnihotri,2,0,,2003
Aqib Khan,1,1,15.167989570589434,2010
Aqueela Zoll,2,0,,2015
Ara Celi,2,0,,1999
Arash Marandi,1,1,12.88664104388326,2014
Arata Furuta,3,0,,2007
Arata Iura,5,0,,2009
Arbaaz Khan,7,1,16.213405830762646,2016
Arch Hall Jr.,3,1,8.09376775793108,1963
Archie Panjabi,2,0,,2009
Archil Gomiashvili,2,0,,1989
Ardon Bess,2,0,,2010
Argentino Vargas,2,0,,2006
Ari Boulogne,2,0,,1972
Ari Cohen,4,1,10.360152617342685,2007
Ari Folman,1,1,16.224781697711506,2008
Ari Graynor,2,1,14.03381120130751,2012
Ari Meyers,2,0,,1992
Ari-Kyösti Seppo,2,0,,1998
Aria Noelle Curzon,2,0,,2016
Ariadna Gil,8,1,15.424948470398377,2017
Ariana Richards,2,1,16.547900333736546,1992
Ariane,1,1,16.744433253482107,1985
Ariane Ascaride,6,0,,2014
Ariane Labed,4,0,,2016
Ariane Schluter,4,0,,2014
Arie Verveen,2,0,,2003
Ariel Gade,1,1,12.506954713445898,2009
Ariel Levy,4,2,13.35714622777635,2016
Ariel Mateluna,2,0,,2014
Ariel Schulman,2,1,14.929321099195835,2010
Ariel Winter,6,2,19.262153545489394,2017
Arielle Dombasle,8,1,10.337799235201873,2008
Arielle Kebbel,8,1,17.54418858708332,2015
Aries Spears,2,0,,2016
Arifin Putra,2,1,14.781432623934744,2014
Arin Alldridge,2,0,,2011
Arin Crumley,1,1,12.409013489526863,2005
Ario Bayu,5,0,,2013
Aris Servetalis,3,0,,2012
Arié Elmaleh,2,0,,2012
Arjan Bajwa,1,1,16.454567887579532,2009
Arjun Kapoor,5,0,,2016
Arjun Nandhakumar,1,1,11.77528972943772,2012
Arjun Rampal,13,1,17.44536808650775,2016
Arjun Sarja,3,2,17.027134039731035,2013
Arkadiusz Jakubik,7,0,,2016
Arkie Whiteley,1,1,13.593616226050496,1984
Arleen Whelan,2,0,,1953
Arlen Escarpeta,2,0,,2015
Arlene Dahl,10,1,16.11809565095832,1998
Arlene Francis,3,0,,2016
Arletty,7,1,17.729531566055094,1962
Arline Judge,2,0,,1934
Arliss Howard,7,0,,2004
Arlo Guthrie,2,0,,2000
Arly Jover,5,1,16.290018831541772,2015
Armand Assante,32,6,17.032875470979466,2017
Armando De Razza,1,1,15.2897006340983,1995
Armando Hernández,2,0,,2010
Armando Silvestre,2,0,,1975
Armen Dzhigarkhanyan,5,0,,2010
Armi Toivanen,2,0,,2015
Armida Siguion-Reyna,1,1,10.453312711151128,2012
Armie Hammer,9,6,17.392938190633924,2017
Armin Mueller-Stahl,19,5,14.805986680481771,2009
Armin Rohde,3,1,15.6055418681186,2010
Armin Shimerman,1,1,15.992683096903953,2016
Arnaldo Ninchi,2,0,,1996
Arnaud Viard,1,1,15.717618084361195,2016
Arno Frisch,3,0,,2008
Arnold Friedman,1,1,14.95269751781215,2003
Arnold Schwarzenegger,37,30,17.66594637344983,2017
Arnold Vosloo,6,1,18.122135574469752,2010
Arnoldo Foà,3,0,,1999
Aroldo Tieri,2,0,,1951
Arrin Skelley,1,1,14.515232576826836,1980
Arsenio Hall,3,2,16.04053725518819,2009
Arshad Warsi,17,1,15.89495209964411,2014
Arsinée Khanjian,6,0,,2014
Art Alexakis,2,0,,2012
Art Carney,12,2,17.950851341049635,1993
Art Evans,3,2,17.08962849889353,1997
Art Garfunkel,4,1,17.169752591152708,2011
Art Hindle,6,0,,2016
Art LaFleur,3,0,,2013
Art Metrano,3,1,16.806732776492407,1985
Art Parkinson,1,1,18.062998793152374,2016
Arta Dobroshi,2,0,,2012
Artel Great,1,1,11.87762413257054,2002
Arthur Agee,2,1,15.873551098128171,2007
Arthur Angel,2,0,,2016
Arthur Berning,2,0,,2009
Arthur Brauss,3,0,,1980
Arthur Byron,2,0,,1933
Arthur Dignam,3,0,,1993
Arthur Dupont,3,0,,2014
Arthur Franz,6,0,,1959
Arthur Hill,4,1,16.331315161473775,1976
Arthur Hohl,3,0,,1935
Arthur Kennedy,23,1,16.1573163641116,1978
Arthur Lake,5,0,,1946
Arthur Lowe,5,0,,1977
Arthur Malet,1,1,16.50102424209719,1982
Arthur Margetson,2,0,,1936
Arthur O'Connell,6,0,,1975
Arthur Q. Bryan,5,0,,1982
Arthur Roberts,1,1,11.583868433780792,1988
Arthur Shields,2,0,,1957
Arthur St. Claire,2,0,,2002
Arthur Thalasso,2,0,,1926
Arthur Treacher,2,0,,1937
Arthur V. Johnson,2,0,,1910
Arti Gupta,2,0,,1986
Artie Lange,5,1,17.424036883312365,2014
Artur Smolyaninov,7,2,14.620479866994334,2013
Artur Żmijewski,4,1,16.5049427138758,2007
Arturo Goetz,3,0,,2010
Arturo Puig,2,0,,2011
Arturo de Córdova,4,0,,1953
Artyom Bystrov,2,0,,2016
Artyom Mikhalkov,1,1,16.397164233586643,2012
Artyom Tkachenko,3,1,15.181533586963038,2012
Aruna Irani,2,0,,1990
Arvind Swamy,2,0,,2015
Ary Abittan,4,0,,2017
Arya,2,2,16.34522328709712,2013
Arye Gross,7,2,14.508297333663759,2000
Asa Butterfield,9,7,17.804379643377903,2017
Asaka Seto,2,0,,2007
Asami,4,0,,2014
Asami Imajuku,2,0,,2006
Asha Sarath,2,1,16.300417207752275,2014
Ashanti,2,2,15.875147046102981,2014
Ashleigh Ball,6,0,,2015
Ashleigh Cummings,2,0,,2017
Ashley Bell,7,2,17.28330127811629,2016
Ashley Benson,5,0,,2017
Ashley C. Williams,3,1,7.904703913873747,2014
Ashley Campbell,1,1,12.809081747879002,2014
Ashley Eckstein,1,1,18.03916910704418,2008
Ashley Grace,4,2,12.226138339243203,2016
Ashley Greene,8,2,12.84609923709324,2016
Ashley Johnson,4,1,17.610119584626165,2008
Ashley Judd,26,14,16.315724293612597,2016
Ashley Laurence,7,2,16.401007578474896,2007
Ashley Leggat,2,0,,2015
Ashley Olsen,15,0,,2013
Ashley Rickards,4,0,,2017
Ashley Scott,4,1,16.665079186902968,2013
Ashley Springer,2,1,9.803004013957803,2015
Ashley Tisdale,6,2,16.969242016565453,2013
Ashley Walters,2,0,,2011
Ashley Williams,8,0,,2016
Ashlynn Yennie,2,0,,2011
Ashok Kumar,5,0,,1980
Ashraf Barhom,1,1,10.65325133351497,2012
Ashton Holmes,2,0,,2007
Ashton Kutcher,17,13,18.162118871881287,2013
Ashwin Kakumanu,1,1,18.409619796592946,2011
Asia Argento,19,4,14.22672063916613,2012
Asier Etxeandia,3,0,,2015
Asin Thottumkal,4,2,15.634303637827468,2012
Assa Sylla,1,1,11.0147692443049,2014
Assumpta Serna,5,1,10.238279807349246,2009
Asta Paredes,2,0,,2017
Astrid Bergès-Frisbey,3,2,15.76329287931733,2017
Astrid Whettnall,2,0,,2016
Astrit Kabashi,2,0,,2015
Astro,1,1,17.628817590453263,2014
Asuka Kurosawa,2,0,,2013
Atle Antonsen,3,0,,2016
Atli Óskar Fjalarsson,2,0,,2015
Atom Egoyan,2,0,,2013
Atossa Leoni,1,1,18.10974433309784,2007
Atsuko Maeda,4,0,,2014
Atsuko Tanaka,6,2,15.369949994459448,2013
Atsushi Ito,4,0,,2015
Atul Kulkarni,6,0,,2013
Aubree Miller,2,0,,1985
Aubrey Dollar,1,1,8.98281222234415,2013
Aubrey Peeples,2,1,14.662958692773996,2015
Aubrey Plaza,13,3,13.892986253193934,2017
Aubrey de Grey,2,1,10.617319324288903,2014
Audie England,1,1,11.050080153722805,1995
Audie Murphy,23,0,,1969
Audra Lindley,2,1,14.690979295318174,1985
Audra McDonald,2,0,,2016
Audrey Dalton,4,0,,1961
Audrey Dana,6,0,,2013
Audrey Fleurot,7,1,19.87107807277645,2016
Audrey Hepburn,20,8,16.489298830765616,1981
Audrey Lamy,3,0,,2012
Audrey Landers,1,1,16.468956656664286,1985
Audrey Tautou,24,8,16.08981382640914,2016
Audrey Totter,10,0,,1955
Audrina Patridge,2,0,,2011
August Diehl,10,0,,2015
August Schellenberg,5,1,18.85050426247011,2007
August Zirner,3,0,,2012
Auguste Lumière,2,0,,1896
Auli'i Cravalho,1,1,20.281708882631616,2016
Aunjanue Ellis,4,0,,2016
Aura Garrido,4,0,,2016
Aure Atika,5,0,,2012
Aurora Ruffino,2,0,,2013
Aurore Clément,10,0,,2004
Aurélia Petit,2,0,,2015
Aurélien Recoing,5,1,13.550647474046317,2013
Aurélien Wiik,2,0,,2007
Austin Basis,3,0,,2008
Austin Butler,3,1,17.873900704205216,2011
Austin Lyon,1,1,10.044118682275874,2016
Austin Nichols,2,1,7.424761761823209,2007
Austin O'Brien,1,1,14.694815676986456,1996
Austin Pendleton,3,0,,2002
Austin Stoker,5,1,15.995317095946575,1976
Autumn Reeser,8,0,,2016
Ava Gardner,22,4,16.706320084788196,1981
Avery Brooks,2,0,,2011
Avery Schreiber,1,1,15.397577273602243,1980
Avijit,1,1,15.07256743727262,2004
Avtandil Makharadze,1,1,12.280697626868754,1984
Awa Sene Sarr,2,0,,2005
Axel Daeseleire,2,0,,2012
Axel Milberg,4,1,13.483116992244865,2013
Axel Prahl,5,0,,2015
Axel Stein,5,0,,2014
Axel Strøbye,2,0,,1983
Aya Hisakawa,5,0,,2000
Aya Takanashi,2,1,16.811242831518264,2007
Aya Ueto,4,0,,2012
Ayako Fujitani,3,0,,2015
Ayako Wakao,11,0,,1970
Ayame Gouriki,2,0,,2014
Ayami Nakajo,2,0,,2016
Ayelet Zurer,4,2,15.01135700468172,2016
Ayesha Dharker,3,1,11.849547690342566,2008
Ayesha Jhulka,2,0,,1993
Ayesha Kapoor,1,1,13.505029212755868,2005
Ayesha Takia,8,1,18.713350357915186,2010
Aymen Saïdi,2,0,,2010
Ayrton Senna,1,1,15.921159418146592,2010
Aytekin Akkaya,2,0,,1982
Ayu Kitaura,2,0,,2006
Ayumi Fujimura,2,1,12.506103161162818,2016
Ayumi Ito,5,0,,2009
Ayush Tandon,1,1,20.227356025632655,2012
Ayushmann Khurrana,2,0,,2015
Ayşen Gruda,2,0,,2014
Aziz Ansari,5,1,17.51798320459691,2015
Aziz Naser,1,1,12.611537753638338,2006
Azize Diabate Abdoulaye,2,0,,2015
Azura Skye,3,0,,2008
Aïssa Maïga,8,1,11.617285480294472,2017
B. S. Johnson,2,0,,1973
B.B. King,2,0,,2012
BD Wong,5,0,,2007
Baard Owe,2,0,,2007
Babak Karimi,3,1,14.6918401746552,2017
BabyJohn Choi,1,1,13.114331205707064,2014
Babú Santana,3,0,,2014
Bae Doona,8,2,16.39213230034983,2016
Bae Seong-woo,4,0,,2017
Baek Jong-hak,2,0,,2004
Baek Sung-hyun,2,0,,2010
Baek Yun-Shik,5,1,17.942644943009366,2015
Bahar Pars,2,1,15.03092525348132,2015
Bahare Seddiqi,1,1,13.710150042306449,1997
Bai Baihe,5,1,19.76949340316203,2016
Bai Ling,12,0,,2015
Bailee Madison,6,2,12.290038803244517,2016
Baird Stafford,2,0,,1987
Bajram Severdzhan,2,0,,2005
Baki Davrak,1,1,16.694965443056052,2007
Balsai Mónika,2,0,,2016
Baltasar Kormákur,4,0,,2008
Balthazar Getty,4,1,13.397830652031807,2005
Balázsovits Lajos,2,0,,1976
Bam Margera,4,3,18.220442874253692,2010
Banksy,1,1,15.382197742066303,2010
Banlop Lomnoi,2,0,,2015
Baptiste Goy,1,1,13.734272302574954,2016
Barack Obama,6,1,15.878761994325885,2017
Barak Hardley,3,0,,2014
Barbara Alyn Woods,2,0,,2014
Barbara Anderson,2,0,,1977
Barbara Bach,7,2,17.415992187855828,1980
Barbara Bain,2,0,,2002
Barbara Barrie,4,0,,1999
Barbara Bates,2,0,,1958
Barbara Bedford,2,0,,1927
Barbara Bel Geddes,8,1,17.14771506813948,1959
Barbara Bouchet,9,0,,1976
Barbara Brenner,1,1,10.126631103850338,2011
Barbara Britton,3,0,,1949
Barbara Brylska,2,0,,1975
Barbara Carrera,6,1,16.31961736601873,1989
Barbara Cook,1,1,16.24679673389773,1994
Barbara Crampton,7,2,14.283856178362097,2015
Barbara Cupisti,2,0,,1989
Barbara Eden,6,1,15.761420707019589,1978
Barbara Ehrenreich,1,1,10.126631103850338,2011
Barbara Feldon,4,0,,1989
Barbara Hale,38,0,,1995
Barbara Harris,8,1,15.88237331743725,1979
Barbara Hershey,34,7,16.428278564159555,2015
Barbara Jefford,5,0,,1983
Barbara Kent,2,0,,1930
Barbara Lass,2,0,,1961
Barbara Luddy,1,1,18.35454094144782,1955
Barbara McNair,3,0,,1971
Barbara Mullen,3,0,,1948
Barbara Nichols,3,0,,1965
Barbara Niven,8,0,,2016
Barbara Parkins,3,1,17.72753356339242,1971
Barbara Payton,4,0,,1955
Barbara Ruick,2,0,,1956
Barbara Rush,7,0,,1973
Barbara Rütting,2,0,,1961
Barbara Sarafian,2,1,14.22097566607244,2012
Barbara Schulz,5,0,,2009
Barbara Shelley,8,1,12.807480014927336,1967
Barbara Stanwyck,58,3,15.017229929150806,1964
Barbara Steele,10,2,10.747149778081715,2012
Barbara Sukowa,10,2,13.851977991155447,2016
Barbara Valentin,4,0,,1974
Barbara Williams,2,1,16.153936041869905,1998
Barbara Windsor,4,0,,1973
Barbarao,2,0,,1991
Barbet Schroeder,2,0,,2006
Barbi Benton,2,1,16.00051465739006,1983
Barbie Hsu,3,0,,2012
Barbora Bobuľová,4,0,,2012
Barboura Morris,3,0,,1961
Barbra Streisand,18,8,17.5795716860858,2013
Barlow Jacobs,2,0,,2015
Barnaby Metschurat,2,0,,2002
Barnard Hughes,2,0,,1991
Barney Clark,1,1,17.555408786288545,2005
Barret Oliver,4,2,16.347006305301736,1987
Barrie Ingham,1,1,17.469424532563004,1986
Barry Atsma,6,0,,2015
Barry Bostwick,11,1,18.541944993147393,2015
Barry Brown,2,0,,1974
Barry Corbin,8,1,15.154003678268804,2012
Barry Crimmins,2,0,,2016
Barry Crocker,2,0,,1974
Barry Evans,2,0,,1976
Barry Fitzgerald,10,1,16.60667566577699,1950
Barry Foster,2,1,16.349207371921707,1977
Barry Humphries,3,0,,1987
Barry Miller,3,2,17.300541871916682,1999
Barry Morse,3,0,,1980
Barry Newman,4,2,14.96873583247491,2006
Barry Otto,4,1,13.400808419543612,1996
Barry Pepper,13,7,15.681820116533805,2013
Barry Primus,3,0,,1975
Barry Stokes,2,0,,1979
Barry Sullivan,23,0,,1976
Barry Ward,1,1,14.773327036666927,2014
Barry Watson,5,1,18.02307753496591,2011
Bart Hollanders,2,0,,2015
Bart Johnson,3,0,,2013
Bart Robinson Cook,1,1,14.56692381645551,1993
Barton MacLane,10,0,,1956
Bartosz Obuchowicz,2,0,,2008
Bartłomiej Topa,4,0,,2015
Bas Rutten,2,0,,2016
Basil Radford,3,0,,1949
Basil Rathbone,37,2,15.471457739306205,1966
Basil Sydney,3,0,,1957
Basil Wallace,1,1,17.645116706321897,1990
Baya Rehaz,1,1,11.7050240702781,2014
Bayar,2,0,,2010
Başak Parlak,2,0,,2015
Bea Arthur,2,0,,2010
Bea Benaderet,2,0,,1952
Beanie Sigel,3,2,14.450973424223529,2005
Beata Tyszkiewicz,4,0,,1969
Beatie Edney,3,0,,1995
Beatrice Campbell,2,0,,1950
Beatrice Lillie,2,0,,1944
Beatrice Manowski,2,0,,1991
Beatrice Straight,2,1,18.62116960470177,1982
Beatriz Batarda,6,0,,2017
Beau Bridges,34,4,16.446812538620037,2013
Beau Garrett,2,0,,2016
Beau Knapp,1,1,13.30617715361822,2014
Beau Mirchoff,4,0,,2015
Beba Lončar,4,0,,1972
Bebe Daniels,6,1,14.640124501266524,1933
Bebe Neuwirth,4,3,16.019954137350634,2008
Beck,2,0,,2007
Beck Bennett,3,0,,2016
Becky Ann Baker,1,1,12.025749091398891,2006
Becky Johnston,1,1,11.505931061057268,2011
Bee Vang,1,1,19.413777793882534,2008
Behzad Dorani,2,0,,1999
Bekim Fehmiu,3,0,,1974
Bel Powley,5,2,13.271611068471604,2018
Bela Lugosi,31,1,13.827625870285557,2015
Belcim Bilgin Erdogan,3,0,,2014
Belinda Lee,3,0,,1959
Belinda Mayne,3,0,,1984
Belinda Montgomery,3,0,,1984
Bella Heathcote,3,2,14.315859002761652,2015
Bella Thorne,7,2,18.429358007189855,2017
Belladonna,2,0,,2013
Bellamy Young,4,0,,2016
Belén Cuesta,2,0,,2016
Belén Fabra,2,0,,2008
Belén López,2,0,,2013
Belén Rueda,10,3,17.146117276738703,2017
Ben Affleck,35,31,17.587372825475914,2017
Ben Barnes,9,3,17.924251209447153,2014
Ben Bass,2,0,,2016
Ben Batt,2,0,,2016
Ben Becker,4,1,13.280399072207004,2012
Ben Begley,2,0,,2014
Ben Best,1,1,12.409013489526863,2006
Ben Browder,4,1,16.00156183470237,2012
Ben Burtt,2,1,20.071859000294808,2008
Ben Carruthers,2,0,,1972
Ben Chaplin,12,2,18.152233585429173,2014
Ben Cooper,2,0,,1965
Ben Cotton,4,0,,2014
Ben Cross,16,1,17.892588642143178,2013
Ben Davies,1,1,17.35711376162313,2011
Ben Drew,1,1,15.65513293619671,2012
Ben Feldman,2,1,17.506886892276796,2016
Ben Flanders,1,1,12.44583729786062,2006
Ben Foster,18,12,16.415779195531414,2016
Ben Garant,1,1,16.828206186795683,2007
Ben Gazzara,20,3,15.210642714287873,2008
Ben Huber,1,1,9.139703292376742,2014
Ben Johnson,13,3,16.2546032996482,2012
Ben Kingsley,46,21,17.33773409648283,2017
Ben Lewis,2,0,,2012
Ben Lyon,5,1,15.89495209964411,1943
Ben McKenzie,3,0,,2013
Ben Mendelsohn,16,7,13.876370173601599,2016
Ben Miller,2,0,,2004
Ben Murphy,2,0,,1982
Ben Oxenbould,2,0,,2010
Ben Piazza,3,1,17.380053134339732,1977
Ben Rosenfield,2,0,,2015
Ben Rottiers,1,1,15.826580106800687,2013
Ben Schnetzer,3,2,12.93883925307882,2016
Ben Shenkman,3,1,14.985249617513476,2009
Ben Stein,1,1,15.856730886823913,2008
Ben Steinbauer,1,1,12.090515879894662,2009
Ben Stiller,38,32,18.25108111837439,2017
Ben Vereen,2,2,13.862128993183088,2014
Ben Weber,1,1,14.372183734949344,2000
Ben Whishaw,9,4,17.443761441961694,2015
Ben Winchell,2,1,15.651670092774722,2017
Benedict Cumberbatch,16,5,18.593830330293315,2016
Benedict Taylor,2,0,,1998
Bengt C.W. Carlsson,2,0,,2012
Benicio del Toro,16,11,16.229313989531413,2015
Benita Hume,3,0,,1935
Benito Martinez,2,1,14.256230834528752,2013
Benja Bruijning,3,0,,2014
Benjamin Ayres,2,0,,2016
Benjamin Biolay,3,0,,2015
Benjamin Bratt,14,8,17.51113783763698,2015
Benjamin Christensen,2,0,,1916
Benjamin Dickinson,2,0,,2016
Benjamin Helstad,2,0,,2016
Benjamin Hendrickson,2,0,,1994
Benjamin Hollingsworth,5,0,,2017
Benjamin Sadler,3,0,,2016
Benjamin Walker,6,3,17.87965175941775,2017
Benjamín Vicuña,2,0,,2016
Benn Northover,2,0,,2013
Benno Fürmann,17,4,15.556825919321914,2015
Benny Goodman,2,0,,1948
Benoît Magimel,21,4,15.06717624011696,2016
Benoît Poelvoorde,20,0,,2016
Benoît Régent,2,0,,1993
Benson Fong,2,0,,1961
Bentley Mitchum,3,1,13.816946526467827,1999
Benz Antoine,2,0,,2007
Beppe Fiorello,4,1,16.06680235657077,2013
Beren Saat,2,0,,2013
Bernadette Lafont,10,2,11.662368706027404,2013
Bernadette Peters,8,3,16.244600918683293,2008
Bernard Alane,2,0,,2012
Bernard Blier,24,1,11.937938265920762,1988
Bernard Bresslaw,4,0,,1980
Bernard Campan,8,0,,2014
Bernard Cribbins,9,0,,1992
Bernard Farcy,1,1,15.88237331743725,2016
Bernard Fresson,2,1,16.33999394726424,1975
Bernard Giraudeau,10,0,,2003
Bernard Gorcey,9,0,,1955
Bernard Hepton,3,0,,1996
Bernard Hill,5,0,,2008
Bernard Le Coq,3,1,11.83500896413934,2011
Bernard Lee,5,0,,1977
Bernard Verley,2,0,,1993
Bernard Zette,1,1,11.050080153722805,1995
Bernard-Pierre Donnadieu,2,0,,1988
Bernardo Bertolucci,2,0,,2013
Bernice Stegers,4,0,,1982
Bernie Casey,4,0,,1988
Bernie Coulson,2,0,,1989
Bernie Hamilton,2,0,,1964
Bernie Mac,8,3,17.13251762736022,2008
Berrak Tuzunatac,2,0,,2011
Berry Kroeger,2,0,,1969
Bert Convy,4,1,16.584012001147638,1980
Bert Wheeler,5,0,,1934
Bertha Ruiz,1,1,12.443225605217448,2005
Berto Romero,2,0,,2015
Beryl Reid,3,0,,1982
Bess Armstrong,7,2,17.727299981240293,2012
Bessie Love,4,1,15.287523794486702,1930
Beth Behrs,1,1,16.485858822654365,2015
Beth Broderick,5,0,,2015
Beth Grant,4,2,12.782844737611681,2015
Bethany Joy Lenz,2,0,,2017
Bethel Leslie,2,0,,1987
Beto Benitez,2,0,,2013
Betsy Andreu,1,1,12.856557597711038,2013
Betsy Blair,5,1,14.914122846632385,1962
Betsy Brantley,3,1,16.037904707298374,1996
Betsy Drake,4,0,,1952
Betsy Jones-Moreland,2,0,,1961
Betsy Palmer,4,1,17.905756749995323,1980
Betsy Russell,7,3,17.74313480507085,2010
Bette Davis,68,4,14.630118562774616,2015
Bette Midler,23,13,17.346880153570638,2013
Bettina Zimmermann,1,1,15.321387223973298,2002
Betty Balfour,2,0,,1934
Betty Buckley,4,2,18.06240490873298,2016
Betty Compson,4,0,,1929
Betty Field,9,0,,1959
Betty Grable,13,1,14.527970049556592,1953
Betty Hutton,7,2,16.646990798032245,1952
Betty Lou Gerson,1,1,19.190233320565557,1961
Betty Schuurman,2,0,,2005
Betty White,3,1,17.28141044731747,2011
Beulah Bondi,8,0,,1948
Beverley Mitchell,2,0,,2015
Beverly Adams,2,0,,1967
Beverly D'Angelo,15,8,17.078105390263524,2010
Beverly Garland,9,0,,1979
Beverly Roberts,2,0,,1939
Beverly Todd,2,0,,1989
Beyoncé Knowles,7,4,18.427131188819526,2016
Bhagavan Angulo,1,1,14.079178587545169,2015
Bharat Jadhav,3,1,13.16158409055761,2011
Bhumika Chawla,5,1,14.50865773852422,2006
Biagio Izzo,2,1,16.189836330427344,2008
Bianca A. Santos,2,0,,2016
Bianca Bree,2,0,,2012
Bianca Lawson,2,0,,2007
Bibi Andersson,16,1,15.691917501252616,2008
Bibi Besch,4,1,15.804098213298388,1992
Bibiana Beglau,2,0,,2006
Biff Manard,2,0,,1988
Bigote Arrocet,1,1,14.349093263852875,1996
Bijou Phillips,10,3,15.675994836866883,2009
Bill Allen,1,1,14.516567374714317,1986
Bill Bailey,3,0,,2013
Bill Barretta,4,2,14.585285766499819,2011
Bill Bellamy,3,1,16.451721196740053,2001
Bill Bixby,5,0,,1990
Bill Burr,5,0,,2017
Bill Calvert,2,0,,1992
Bill Camp,2,0,,2014
Bill Clinton,10,3,13.645712936600278,2017
Bill Cobbs,3,1,15.201804919084164,2013
Bill Cosby,14,3,16.23813859405841,2013
Bill Cunningham,1,1,14.107918943780142,2010
Bill Elliott,3,0,,1955
Bill Engvall,7,0,,2016
Bill Fagerbakke,2,1,19.557211719017506,2015
Bill Farmer,6,1,17.380769260693206,2007
Bill Gates,3,0,,2017
Bill Goldberg,3,1,16.18274913423749,2007
Bill Hader,12,8,16.83343725518469,2015
Bill Hicks,7,1,11.410615846145658,2010
Bill Hunter,5,2,16.935896618083355,2002
Bill Irwin,2,1,16.073453138377676,1997
Bill Kerr,3,2,14.936064299207361,1985
Bill Maher,10,0,,2014
Bill Maynard,2,0,,1981
Bill McKibben,2,0,,2016
Bill McKinney,1,1,14.22097566607244,1976
Bill Melendez,1,1,19.32178925901524,2015
Bill Milner,4,1,15.7427109080832,2017
Bill Moseley,17,2,17.15471962596296,2017
Bill Mumy,2,0,,1980
Bill Murray,32,19,17.729677186743487,2016
Bill Nighy,21,9,17.327690957061545,2017
Bill Nunn,3,0,,2007
Bill Nye,2,0,,2017
Bill Oberst Jr.,5,0,,2013
Bill Owen,2,0,,1970
Bill Paxton,29,9,17.412585212862282,2015
Bill Pullman,36,17,17.150021709042456,2016
Bill Sage,6,1,11.306897109511642,2014
Bill Shirley,1,1,17.7473361906886,1959
Bill Skarsgård,5,0,,2011
Bill Thornbury,3,1,16.299455829109217,1998
Bill Travers,9,0,,1969
Bill Tung,1,1,16.90157907085542,1996
Bill Williams,2,0,,1950
Bill Withers,2,0,,2010
Bill Wyman,2,0,,1982
Billie Allen,1,1,17.737576068215258,1987
Billie Burke,7,0,,1945
Billie Dove,2,0,,1932
Billie Joe Armstrong,5,1,10.24736090463765,2016
Billie Piper,4,0,,2017
Billie Whitelaw,9,0,,1990
Billy Blanks,4,0,,2015
Billy Bletcher,11,0,,2013
Billy Bob Thornton,33,20,16.01540231092885,2016
Billy Boyd,5,1,17.0275488198866,2012
Billy Burke,7,4,18.03762527302537,2015
Billy Campbell,11,3,16.261743700218855,2014
Billy Chapin,2,0,,1955
Billy Connolly,15,7,16.339925656805374,2014
Billy Corgan,2,0,,2008
Billy Cox,3,0,,2015
Billy Crudup,19,10,15.607999891522587,2017
Billy Crystal,22,11,18.154111844264662,2014
Billy De Wolfe,2,0,,1969
Billy Dee Williams,14,2,16.619702970360848,2003
Billy Drago,7,1,15.717373427569491,2005
Billy Gardell,2,0,,2011
Billy Gray,2,0,,1952
Billy Green Bush,2,0,,1976
Billy Halop,3,0,,1939
Billy Jayne,2,0,,1989
Billy Joel,1,1,18.121618778777258,1988
Billy Mitchell,3,0,,2015
Billy Ray Cyrus,2,1,18.862447430477683,2009
Billy Talbot,2,0,,1997
Billy West,12,3,17.4442945451603,2015
Billy Wirth,1,1,12.968904458255471,1993
Billy Zane,37,5,14.964141815243845,2016
Bin Shimada,3,0,,1996
Bing Crosby,37,2,16.74044664822832,1974
Binnie Barnes,9,0,,1968
Binnur Kaya,2,0,,2009
Bipasha Basu,15,1,16.077273656438063,2014
Birce Akalay,1,1,16.41820024340866,2009
Birger Malmsten,5,0,,1963
Birgit Doll,2,0,,1989
Birgit Minichmayr,5,0,,2015
Birgit Tengroth,2,0,,1950
Birgitta Andersson,2,0,,1975
Birgitte Federspiel,2,0,,1966
Birgitte Hjort Sørensen,5,0,,2014
Birol Ünel,3,2,16.457498893131437,2009
Birthe Neumann,3,0,,2005
Birute Galdikas,1,1,15.860920151536147,2011
Biyouna,2,0,,2011
Björk,8,1,17.505186669662272,2014
Björn Bengtsson,2,0,,2010
Björn Gustafson,6,0,,2000
Björn Hlynur Haraldsson,2,0,,2010
Björn Jörundur Friðbjörnsson,2,0,,2000
Björn Kjellman,8,0,,2012
Björn Skifs,2,1,15.58009819387244,1993
Björn Starrin,3,0,,2012
Bjørn Floberg,8,0,,2012
Bjørn Sundquist,5,1,15.129595720042358,2013
Blair Brown,8,2,16.682648025258214,2010
Blair Underwood,8,2,16.391821190865016,2014
Blake Clark,2,1,16.630919277386983,2011
Blake Harrison,3,1,18.29314029544544,2014
Blake Heron,2,0,,2003
Blake Jenner,2,2,15.894464601239633,2016
Blake Lively,8,6,18.183089871487994,2016
Blake Woodruff,1,1,15.480420451899242,2007
Blanca Engström,2,0,,2015
Blanca Guerra,3,0,,2008
Blanca Lewin,2,0,,2013
Blanca Marsillach,2,0,,2006
Blanca Portillo,3,0,,2016
Blanca Suárez,5,0,,2017
Blanchard Ryan,2,1,17.81678824562358,2008
Blanche Baker,3,0,,2013
Blanche Sweet,7,0,,1930
Blandine Lenoir,2,0,,1998
Blayne Weaver,3,1,18.514741798469892,2013
Bleuette Bernon,4,0,,1903
Blixa Bargeld,4,0,,2015
Blythe Auffarth,2,0,,2014
Blythe Danner,19,4,16.3511195350378,2015
Bo Burnham,4,0,,2016
Bo Derek,5,4,15.418919308574745,2014
Bo Hopkins,13,3,16.269840004542743,2003
Bo Maerten,2,0,,2015
Bo Svenson,11,0,,2010
Bo White,2,0,,1974
Bo Z. Wang,1,1,11.933751980191092,1992
BoA,2,1,18.61953160269753,2014
Bob Balaban,6,4,17.158182589872936,2008
Bob Belleville,1,1,13.111314563439445,2015
Bob Bergen,3,0,,2015
Bob Burnquist,2,0,,2012
Bob Costas,2,1,16.872739167399217,2005
Bob Denver,2,0,,1981
Bob Dermer,1,1,14.77409420202868,1987
Bob Dylan,4,0,,2009
Bob Flanagan,1,1,11.668269717919893,1997
Bob Gunton,8,3,17.733816826486517,2010
Bob Holt,4,1,16.012735135300492,1982
Bob Hope,31,0,,1972
Bob Hoskins,28,10,16.232665390106348,2011
Bob Nelson,1,1,13.730212984301694,1992
Bob Newhart,7,2,17.87801126571511,2008
Bob Odenkirk,5,3,13.466877478489211,2017
Bob Peck,3,0,,1996
Bob Peterson,3,0,,2009
Bob Saget,3,0,,2016
Bob Steele,3,0,,1952
Bob Swerer Jr.,2,0,,2005
Bob Swerer Sr.,2,0,,2011
Bob Weir,3,0,,2017
Bob Zmuda,1,1,17.67485889429336,1999
Bobbie Phillips,5,0,,2014
Bobby Beausoleil,2,0,,1974
Bobby Buechler,1,1,10.982577174715374,2011
Bobby Campo,2,1,19.04215542495529,2014
Bobby Cannavale,7,3,13.615180796204818,2015
Bobby Coleman,2,0,,2010
Bobby Darin,5,0,,1962
Bobby Deol,13,2,16.018870181596398,2013
Bobby Di Cicco,2,0,,1984
Bobby Driscoll,5,1,18.286059054312865,1953
Bobby Fite,1,1,16.10531877318246,1985
Bobby Jordan,3,0,,1947
Bobby Lee,2,0,,2016
Bobby Van,2,0,,1972
Bobcat Goldthwait,5,1,15.677450570895116,2012
Bodil Jørgensen,3,1,8.886685639065584,2010
Bodil Kjer,1,1,15.296873706119236,1987
Bogdan Benyuk,1,1,16.534989073071852,2010
Bogdan Diklić,3,0,,2010
Bogdan Dumitrache,2,0,,2013
Bogdan Stupka,4,2,15.57619687131345,2011
Bogumił Kobiela,2,0,,1969
Bogusław Linda,11,0,,2016
Bojan Navojec,3,0,,2015
Bojana Novaković,8,1,17.329535755471646,2017
Bokeem Woodbine,11,2,16.29521749183445,2015
Bolek Polívka,4,0,,2015
Bolo Yeung,3,1,16.284128514352506,1988
Bolot Beyshenaliev,3,0,,1973
Boman Irani,7,2,15.563764338697515,2014
Bombolo,8,0,,1984
Bonar Colleano,2,0,,1952
Bongkoj Khongmalai,1,1,17.11746132555425,2005
Bonita Granville,8,0,,1944
Bonnie Bedelia,10,2,17.54136555440183,1993
Bonnie Dennison,2,0,,2013
Bonnie Gruesen,2,0,,2010
Bonnie Henna,1,1,15.272255227993046,2006
Bonnie Hunt,9,5,19.01741440343293,2006
Bonnie Somerville,3,0,,2014
Bono,6,1,16.939233238697405,2013
Bonz Malone,2,0,,2001
Booboo Stewart,7,1,9.256651274839433,2015
Bootsy Collins,4,0,,2014
Boris Andreyev,4,0,,1956
Boris Isaković,2,0,,2017
Boris Kamorzin,3,0,,2016
Boris Karloff,54,1,14.2204922158959,1971
Boris Kodjoe,3,0,,2014
Boris Leskin,2,1,14.807995370268706,2005
Boris Plotnikov,2,0,,1988
Boris Polunin,1,1,12.67730988856144,2014
Boris Quercia,2,0,,2008
Boris Shcherbakov,2,0,,2006
Boris Terral,2,0,,2000
Borislav Brondukov,4,0,,1983
Borivoje Todorović,2,0,,2003
Borys Szyc,4,0,,2009
Bostin Christopher,2,0,,2012
Boti Bliss,4,0,,2011
Bouli Lanners,8,1,17.064412143992897,2016
Bourvil,10,0,,1970
Boyd Holbrook,5,0,,2016
Bożena Dykiel,2,0,,1982
Božidarka Frajt,2,0,,1981
Bracha van Doesburgh,2,0,,2007
Brad Calcaterra,1,1,12.409013489526863,2005
Brad Davis,10,1,17.37085861945369,1990
Brad Dexter,2,0,,1960
Brad Dourif,29,8,16.7721575723886,2013
Brad Garrett,3,0,,2008
Brad Harris,6,1,16.1835269609413,1983
Brad Heller,2,0,,2006
Brad Hunt,5,0,,2006
Brad Johnson,9,1,7.996317231796746,2013
Brad Jones,2,0,,2012
Brad Loree,2,1,17.444237989506657,2010
Brad McMurray,2,0,,2012
Brad Pitt,41,33,18.563457636391792,2017
Brad Renfro,7,1,13.083229540477198,2002
Brad Rowe,5,1,14.518954544001588,2011
Brad Sullivan,3,0,,1995
Brad William Henke,2,0,,2011
Brad Williams,2,0,,2016
Bradford Dillman,11,2,16.975625500437182,1975
Bradley Cooper,19,17,18.00406483681478,2015
Bradley Friend,1,1,16.080439888630465,2013
Bradley Gregg,2,1,14.715629224070774,1994
Bradley Whitford,5,4,15.460781995048315,2017
Brady Corbet,6,4,14.405988988469058,2014
Brahim Hadjadj,1,1,13.73381014372078,1966
Brahmanandam,6,0,,2012
Brando Eaton,2,0,,2012
Brandon Baker,5,0,,2014
Brandon Call,1,1,14.805808714080236,1989
Brandon Carroll,2,0,,2010
Brandon Darby,2,0,,2013
Brandon De Wilde,5,0,,1965
Brandon Henschel,1,1,15.409259235492016,2003
Brandon Hurst,2,0,,1927
Brandon Lee,5,3,16.492084217444045,1994
Brandon Routh,9,3,16.518194732706863,2016
Brandon Scott,1,1,17.62600998836532,2016
Brandon Soo Hoo,2,0,,2017
Brandon T. Jackson,3,2,18.739990809782732,2011
Brandt Wille,1,1,14.77102200299171,1999
Brandy Ledford,2,0,,2001
Brandy Norwood,2,0,,2013
Branislav Lečić,2,0,,2003
Branislav Trifunović,2,0,,2009
Branka Katić,3,0,,2003
Branko Đurić,2,1,12.624378293250404,2011
Brant Daugherty,3,0,,2016
Brasse Brännström,2,0,,1983
Bre Blair,2,0,,2010
Brea Grant,4,0,,2017
Breckin Meyer,7,5,16.847237101432043,2007
Bree Turner,5,0,,2013
Breeda Wool,2,1,10.338867386592495,2017
Brenda Bakke,5,0,,2001
Brenda Blethyn,15,3,16.24859042782524,2016
Brenda Carlin,2,0,,1978
Brenda De Banzie,4,1,16.14278826354869,1960
Brenda Fricker,10,3,15.901978329973991,2011
Brenda Joyce,5,0,,1949
Brenda Marshall,5,0,,1946
Brenda Song,2,0,,2006
Brenda Strong,5,3,14.54728559292428,2016
Brenda Vaccaro,8,1,17.216707939626428,2005
"Brendan ""Doogie"" Milewski",1,1,11.619984537263637,2012
Brendan Cowell,3,0,,2016
Brendan Fehr,11,1,9.586513975448948,2013
Brendan Fletcher,8,0,,2016
Brendan Fraser,35,18,17.470060308119358,2014
Brendan Gleeson,26,13,16.06341328248565,2017
Brendan Hines,3,0,,2009
Brendan Hughes,2,0,,1991
Brendan Mackey,2,1,16.44637743722783,2003
Brendan O'Carroll,1,1,16.951004773893423,2014
Brendan Penny,2,0,,2016
Brendan Sexton III,5,0,,2014
Brenna O'Brien,1,1,15.150511624696614,2008
Brennan Elliott,6,0,,2016
Brent Carver,3,0,,2003
Brent Huff,2,1,14.106143771512311,1985
Brent Spiner,6,4,18.510051172797144,2002
Brenton Thwaites,8,4,16.93928765663033,2016
Bret Harrison,3,0,,2011
Bret Hart,2,0,,2015
Bret McKenzie,3,1,14.585174699589906,2013
Bret Roberts,2,0,,2015
Brett Chukerman,2,0,,2006
Brett Cullen,5,1,9.612065160468624,2010
Brett Davern,4,0,,2015
Brett Gelman,2,0,,2013
Brett Goldstein,2,0,,2016
Brett Halsey,9,0,,1990
Brett Harrelson,1,1,13.355411317922346,1998
Brett Kelly,2,2,17.4231816620769,2016
Brian Aherne,14,0,,1943
Brian Allard,2,0,,2012
Brian Austin Green,5,0,,2014
Brian Bedford,1,1,17.283009499447555,1973
Brian Benben,2,1,16.037904707298374,1994
Brian Blessed,5,1,13.92827479828789,2006
Brian Bloom,3,0,,2013
Brian Boland,2,2,15.510149020948383,2010
Brian Bonsall,2,0,,1994
Brian Bosworth,3,0,,1997
Brian Cox,29,10,15.681570748429957,2017
Brian Daniel Heffron,2,0,,2006
Brian De Palma,2,0,,2016
Brian Deacon,3,0,,1985
Brian Dennehy,25,12,16.057906392794425,2010
Brian Donlevy,26,0,,1966
Brian Dowling,1,1,12.50034917666498,2008
Brian Eno,2,0,,2014
Brian F. Durkin,1,1,12.436291110516343,2006
Brian Geraghty,6,2,12.781437766995282,2014
Brian Gleeson,4,0,,2016
Brian Hooks,2,1,16.012735135300492,2002
Brian J. White,2,0,,2016
Brian Keith,21,0,,1987
Brian Keith Allen,1,1,12.523292888942716,2007
Brian Kerwin,6,3,16.832425255227765,1997
Brian Klugman,2,0,,2015
Brian Kolodziej,2,0,,2012
Brian Krause,13,2,16.040989931138615,2015
Brian Lewis,2,0,,2013
Brian Markinson,2,0,,2013
Brian McNamara,5,1,15.63469370377804,2008
Brian Morvant,2,0,,2015
Brian Murray,1,1,18.512148231882417,2002
Brian O'Halloran,7,3,13.893287073712116,2009
Brian Patterson,2,0,,2002
Brian Petsos,2,0,,2015
Brian Posehn,6,0,,2016
Brian Presley,3,0,,2011
Brian Stelter,1,1,12.970996153500266,2011
Brian Stirner,2,0,,1978
Brian Thompson,3,0,,2009
Brian Van Holt,3,1,18.04622175429584,2014
Brian Wilson,2,0,,2004
Brian Wimmer,3,0,,2009
Brian d'Arcy James,1,1,14.712645381374536,2000
Briana Evigan,12,4,17.362201976414404,2016
Brianna Brown,3,1,14.187036182642874,2017
Brianne Davis,4,1,8.412943170042439,2015
Brid Brennan,2,0,,1998
Bridget Everett,2,0,,2017
Bridget Fonda,21,10,15.937067549715824,2002
Bridget Moynahan,7,4,17.52946777435464,2014
Bridget Regan,2,0,,2017
Bridgette Wilson,6,2,16.650972502681846,2002
Bridgit Mendler,2,0,,2011
Brie Larson,13,9,17.122934910811914,2017
Brigid Berlin,2,0,,2007
Brigid Brannagh,3,0,,2016
Brigitte Bardot,17,2,13.978173358061316,1969
Brigitte Catillon,4,0,,2014
Brigitte Fossey,7,1,9.228965836099349,1983
Brigitte Helm,4,1,13.385376661981928,1934
Brigitte Hobmeier,2,0,,2009
Brigitte Kingsley,2,0,,2011
Brigitte Lahaie,5,0,,2006
Brigitte Lin,10,0,,1994
Brigitte Mira,5,0,,1976
Brigitte Nielsen,5,2,16.73112385342268,1997
Brigitte Roüan,2,0,,2003
Brinke Stevens,3,0,,2014
Brion James,10,3,16.514494462527896,1998
Brionne Davis,1,1,14.093146082434169,2015
Briony Behets,2,0,,2008
Brit Marling,7,4,13.244389641550796,2014
Brit Morgan,2,0,,2012
Brit Shaw,1,1,18.17345647811247,2015
Britney Spears,1,1,17.928693720866676,2002
Britt Ekland,9,1,18.396101124977974,1974
Britt McKillip,3,0,,2013
Britt Robertson,13,4,18.178457387572816,2017
Brittany Allen,2,0,,2016
Brittany Ashton Holmes,1,1,18.02479384796483,1994
Brittany Curran,4,0,,2015
Brittany Daniel,2,1,17.24910074816581,2015
Brittany Murphy,20,6,18.357901889032522,2010
Brittany Snow,14,3,17.534229014627595,2017
Brittney Irvin,3,0,,2015
Brittney Powell,2,1,14.862921828688986,1993
Brock Peters,5,1,16.390398517345,1974
Broderick Crawford,18,0,,1976
Bronagh Gallagher,2,0,,2017
Bronson Pinchot,4,0,,2009
Brontis Jodorowsky,3,0,,2016
Brooke Adams,10,3,15.9854795539031,1992
Brooke Bloom,2,0,,2014
Brooke Burns,9,0,,2016
Brooke Butler,3,0,,2016
Brooke D'Orsay,2,0,,2012
Brooke Hogan,2,0,,2012
Brooke Langton,4,1,16.17615076264456,2015
Brooke Lewis,2,0,,2014
Brooke Nevin,6,0,,2015
Brooke Shields,19,7,16.041875031540208,2016
Brooklyn Decker,2,0,,2016
Bror Berger,2,0,,1920
Bruce Abbott,6,2,15.308946759558026,1995
Bruce Altman,1,1,14.32665133206518,2001
Bruce Balden,2,1,12.3803326283129,2005
Bruce Bennett,6,0,,1961
Bruce Boxleitner,16,1,17.312018119430753,2011
Bruce Brown,2,0,,2015
Bruce Byron,2,0,,1964
Bruce Cabot,6,1,16.11809565095832,1950
Bruce Campbell,21,4,13.056887594458612,2015
Bruce Carlisle,1,1,12.429216196844385,1955
Bruce Cowling,2,0,,1951
Bruce Davison,21,5,13.47320317783506,2014
Bruce Dern,35,9,16.610199577206696,2017
Bruce Dickinson,2,0,,2009
Bruce Greenwood,23,8,16.23376197999494,2014
Bruce Headlam,1,1,12.970996153500266,2011
Bruce Jones,2,0,,1997
Bruce Kimmel,2,0,,1983
Bruce LaBruce,2,1,11.75391679292806,1996
Bruce Lee,10,2,18.286741021374567,2012
Bruce Leung Siu-Lung,3,0,,2010
Bruce Marchiano,2,0,,2012
Bruce McGill,5,1,17.490783537419354,2012
Bruce Payne,10,2,17.089733944807186,2015
Bruce Penhall,2,0,,1993
Bruce Ramsay,2,2,13.720785203505876,1996
Bruce Reitherman,1,1,19.1426272733936,1967
Bruce Spence,5,2,17.2118474645181,2015
Bruce Springsteen,3,0,,2015
Bruce Willis,64,47,17.45118886514507,2017
Bruno Bichir,2,0,,2011
Bruno Campos,4,2,14.707142764787982,2009
Bruno Corazzari,2,0,,1988
Bruno Cremer,6,1,16.300417207752275,2000
Bruno Ganz,15,3,15.641092027433599,2014
Bruno Henry,2,0,,2013
Bruno Kirby,6,2,17.357310808561426,1994
Bruno Lawrence,3,0,,1985
Bruno Lochet,3,0,,2012
Bruno Mazzeo,2,0,,2013
Bruno Putzulu,6,0,,2003
Bruno Romy,2,0,,2011
Bruno S.,3,0,,1979
Bruno Salomone,5,1,12.64424047589399,2016
Bruno Todeschini,5,1,16.087245026673862,2011
Bruno VeSota,2,0,,1958
Bruno Zanin,2,0,,1986
Bryan Brown,16,3,16.58690485365904,2008
Bryan Callen,2,0,,2011
Bryan Cranston,15,9,17.049826656281788,2016
Bryan Genesse,5,0,,1998
Bryan Greenberg,9,2,15.638072367036624,2015
Bryan Johnson,1,1,9.609384912281424,2000
Bryan Larkin,2,0,,2013
Bryan Marshall,3,0,,2012
Bryant Haliday,3,0,,1972
Bryce Dallas Howard,9,6,17.828560383428506,2016
Bryce Draper,2,0,,2015
Bryce Johnson,7,0,,2015
Brían F. O'Byrne,4,0,,2013
Bubba Smith,5,5,17.124765839270612,1989
Buck Brannaman,1,1,12.865531182782323,2011
Buck Henry,3,0,,2008
Buck Jones,2,0,,1925
Buck Smith,1,1,13.320433603666372,1991
Bud Abbott,28,1,10.079916783625244,2010
Bud Collyer,4,0,,1943
Bud Cort,6,1,14.77102200299171,1999
Bud Luckey,3,1,16.48689677469489,2011
Bud Spencer,41,1,17.42054038602754,2009
Buddy Ebsen,4,0,,1964
Buddy Hackett,5,1,15.89495209964411,1980
Buffy Dee,2,0,,1983
Bug Hall,7,1,18.02479384796483,2012
Bulle Ogier,15,0,,2017
Bunta Sugawara,7,1,18.03501826314038,2006
Burgess Meredith,19,0,,1988
Burghart Klaußner,7,3,12.99894731935838,2015
Burkhard Driest,1,1,14.960612907273177,1992
Burl Ives,11,1,16.681721900516877,1982
Burn Gorman,2,0,,2013
Burr DeBenning,2,0,,1977
Burt Lancaster,57,10,15.987583313097565,1990
Burt Reynolds,56,19,17.48508549539916,2011
Burt Ward,4,0,,2016
Burt Young,15,8,18.024984026962866,2013
Busta Rhymes,3,1,17.444237989506657,2014
Buster Crabbe,9,0,,1958
Buster Keaton,48,0,,1987
Busy Philipps,2,0,,2012
Byron Mann,4,1,16.53392024712752,2015
Byun Yo-han,2,0,,2015
Bárbara Goenaga,5,1,13.22347126343721,2016
Bárbara Lennie,5,0,,2016
Bárbara Mori,2,0,,2010
Béatrice Bonifassi,1,1,14.205981141303514,2003
Béatrice Dalle,11,1,14.510566914886663,2011
Béatrice Romand,4,0,,1998
Béla Barsi,2,0,,1965
Bérengère Krief,2,0,,2016
Bérénice Bejo,16,2,17.444232020488045,2016
Bérénice Marlohe,3,0,,2017
Börje Ahlstedt,6,0,,2003
Büşra Pekin,2,0,,2017
C. Aubrey Smith,8,0,,1940
C. Thomas Howell,22,6,16.548894823223627,2015
C.J. Thomason,3,0,,2013
CCH Pounder,3,1,15.09291122465026,2001
Cab Calloway,2,0,,1958
Caco Ciocler,4,2,14.606164326716438,2013
Caerthan Banks,1,1,14.99833684237473,1997
Cai Cortez,2,0,,2016
Caio Blat,5,0,,2015
Caitlin Clarke,2,1,16.46239524516096,1989
Caitlin Dulany,2,0,,1994
Caitlin E.J. Meyer,2,0,,2015
Caitlin Fitzgerald,3,0,,2016
Caitlin Nicol-Thomas,1,1,13.825084580398547,2014
Caitlin Stasey,3,1,16.619170045649067,2016
Caitlin Wachs,5,0,,2010
Caitriona Balfe,1,1,9.305650551780507,2010
Caity Lotz,4,0,,2015
Caleb Landry Jones,2,0,,2015
Calista Flockhart,3,0,,2005
Callan McAuliffe,7,1,14.378100205307444,2016
Callard Harris,2,0,,2007
Callie Hernandez,1,1,17.62600998836532,2016
Callie Thorne,2,0,,2014
Callum Blue,6,1,17.92582449491579,2016
Callum Keith Rennie,10,1,13.629336389382829,2018
Callum Turner,2,0,,2018
Calvin Lee Reeder,1,1,11.516369527372785,2012
Calvin Lockhart,5,1,16.283610089435893,1975
Cam Clarke,9,0,,2016
Cam Gigandet,13,4,17.520019489759143,2017
Cam'ron,2,1,14.94396057437189,2013
Cameron Bancroft,5,0,,2007
Cameron Bright,7,3,16.781551624013243,2011
Cameron Clarke,2,0,,2015
Cameron Daddo,3,0,,2008
Cameron Diaz,34,28,18.593990477306818,2014
Cameron Dye,3,1,15.01947516225659,1985
Cameron Goodman,2,0,,2011
Cameron Mathison,7,0,,2016
Cameron Mitchell,15,1,13.160052148502588,1985
Cameron Monaghan,3,0,,2017
Cameron Richardson,4,2,17.32656925838253,2008
Camila Pitanga,3,0,,2013
Camila Sodi,2,0,,2007
Camilla Belle,14,6,16.01848014174078,2016
Camilla Horn,2,0,,1928
Camilla Luddington,3,1,16.523560759066484,2017
Camilla Sparv,2,0,,1969
Camille Chamoux,2,0,,2017
Camille Cottin,2,0,,2016
Camille Guaty,3,0,,2013
Camille Keaton,2,0,,1978
Camille Natta,2,0,,2004
Camille Panonacle,2,0,,2014
Camille Sullivan,2,0,,2010
Camillo Milli,2,0,,1989
Campbell Ping He,1,1,13.57088797497294,2007
Campbell Scott,26,6,15.788069628710652,2016
Candace Cameron Bure,8,0,,2016
Candace Hutson,4,1,18.2517986239958,1996
Candela Fernández,1,1,13.22347126343721,2007
Candela Peña,7,1,14.414022830672462,2017
Candice Bergen,21,4,17.07638975460219,2015
Candice Rialson,4,0,,1976
Candy Clark,8,2,17.042575919568126,2008
Candy Darling,3,0,,2010
Cantinflas,18,1,17.553180176247643,1982
Capone Lee,1,1,10.647993025371216,2005
Capucine,7,0,,1976
Cara Buono,5,1,10.405201793433656,2014
Cara Delevingne,3,2,18.28988044309775,2017
Caren Kaye,2,1,16.93288507750037,1985
Carey Lowell,4,3,16.734803411960325,1990
Carey Mulligan,9,8,17.35001338494341,2015
Carice van Houten,12,4,16.427854350378716,2017
Carina Lau,4,0,,2003
Carine Crutzen,4,0,,2014
Carl Anderson,1,1,16.3957273875566,1973
Carl Bradshaw,2,1,10.614400974640018,1999
Carl Brisson,2,0,,1929
Carl Esmond,4,0,,1966
Carl Lee,4,0,,1973
Carl Lewis,2,0,,2012
Carl Lumbly,3,0,,2003
Carl Marotte,2,0,,1985
Carl Miller,2,0,,1925
Carl Möhner,4,1,13.039472952162638,1974
Carl Raddatz,3,0,,1946
Carl Reiner,5,0,,2015
Carl Weathers,7,3,16.347466332788276,2012
Carl de Vogt,3,0,,1936
Carla Balenda,2,0,,1951
Carla Del Poggio,7,0,,1950
Carla Gravina,3,0,,1974
Carla Gugino,27,12,16.428797011766168,2017
Carla Ortiz,2,0,,2014
Carla Peterson,2,0,,2012
Carlin Glynn,2,1,15.79213556753656,2005
Carlito,1,1,8.912473274466036,2013
Carlo Boszhard,2,0,,2012
Carlo Buccirosso,3,0,,2017
Carlo Campanini,2,0,,1953
Carlo Cecchi,5,1,16.066318871289543,2013
Carlo De Mejo,2,0,,1981
Carlo Delle Piane,2,0,,2005
Carlo Giuffrè,3,0,,1974
Carlo Marks,2,0,,2017
Carlo Verdone,32,1,15.940294063694092,2016
Carlos Alazraqui,4,1,19.208177242837063,2016
Carlos Alcantara,2,0,,2015
Carlos Areces,3,0,,2015
Carlos Ballesteros,1,1,13.114050924496471,1978
Carlos Bardem,3,0,,2014
Carlos Echevarría,2,0,,2011
Carlos Gallardo,2,1,14.528911244551464,2005
Carlos Jacott,1,1,13.48490706651988,1995
Carlos Mencia,1,1,16.879323260189185,2010
Carlos Montalbán,1,1,16.286461613195222,1971
Carlos Padilla,1,1,13.637579349471611,2004
Carlos Pratts,2,2,17.955945785353215,2015
Carlos Rivas,2,0,,1957
Carlos Santos,1,1,9.12641513703842,2013
Carlos Álvarez-Nóvoa,2,0,,2003
Carloto Cotta,2,0,,2015
Carly Pope,12,0,,2013
Carly Rae Jepsen,1,1,14.670504016842909,2016
Carly Schroeder,3,2,13.041054790844921,2009
Carman Lee,2,0,,1997
Carme Calvell,1,1,15.932571772200236,2015
Carme Elias,3,0,,2010
Carmelo Gómez,8,0,,2011
Carmen Argenziano,4,1,15.02768959883731,2016
Carmen Beato,3,1,14.829139956326358,2016
Carmen Ejogo,5,4,16.667016464970093,2017
Carmen Electra,11,2,18.84860050858527,2015
Carmen Machi,4,0,,2017
Carmen Maura,17,5,14.464128526063869,2013
Carmen Miranda,4,0,,1995
Carmen Scarpitta,2,0,,1979
Carmen Sevilla,3,0,,1973
Carmen de Mairena,1,1,13.74120825923806,2004
Carmine Caridi,2,1,15.443516414217887,1995
Carmine Giovinazzo,2,0,,2002
Carol Alt,5,0,,2004
Carol Burnett,8,3,17.336351541433004,2008
Carol Channing,3,0,,2012
Carol Dempster,2,0,,1924
Carol J. Clover,2,0,,2006
Carol Kane,14,2,16.305771487499293,2000
Carol Lynley,11,0,,1989
Carol Mansell,1,1,8.649623978596727,2000
Carol Ohmart,3,0,,1967
Carol White,3,0,,1973
Carole André,2,0,,1976
Carole Bouquet,17,2,16.06297641275761,2014
Carole Gray,2,0,,1966
Carole Karemera,2,0,,2007
Carole King,2,0,,2016
Carole Landis,8,0,,1948
Carole Laure,3,0,,1984
Carole Lombard,20,0,,1942
Carole Mathews,2,0,,1960
Carolien Spoor,2,0,,2016
Carolina Crescentini,6,1,14.074793155894357,2015
Carolina Fal,2,0,,2006
Caroline Aaron,4,0,,2004
Caroline Cellier,2,0,,2010
Caroline Dhavernas,11,2,9.573911735885133,2016
Caroline Goodall,7,2,16.436124738996227,2015
Caroline Kava,1,1,18.896925469476972,1989
Caroline Munro,6,1,16.213405830762646,1986
Caroline Peters,2,0,,2006
Caroline Sihol,2,0,,2006
Caroline Williams,3,2,15.066133777401237,2013
Caroll Spinney,3,0,,2015
Carolyn Brandt,3,0,,1971
Carolyn Jones,6,0,,1977
Carrie Coon,1,1,19.72720209415228,2014
Carrie Fisher,15,9,17.10835948270469,2016
Carrie Ng,3,0,,1994
Carrie Preston,4,1,13.836215719030765,2017
Carrie Snodgress,7,2,13.094335325259003,2000
Carrie-Anne Moss,24,10,17.571652402885295,2015
Carroll Baker,22,2,17.141081105996218,1987
Carroll O'Connor,3,1,17.4158318485217,2000
Carré Otis,2,0,,2001
Carsten Bjørnlund,3,0,,2011
Carter Jenkins,4,1,17.873900704205216,2016
Carter Wong,3,0,,1980
Cary Elwes,27,12,17.33440636469344,2016
Cary Grant,61,10,15.64497633807279,2016
Cary Guffey,2,0,,1980
Cary-Hiroyuki Tagawa,8,3,14.701613247626858,2015
Caryn Waechter,1,1,12.327675044789334,2011
Cas Jansen,2,0,,2009
Casanova Wong,2,0,,1979
Casey Affleck,16,9,16.79023219285786,2017
Casey Carlson,1,1,14.515232576826836,1980
Casey Gooden,1,1,12.959279582517782,2004
Casey Kasem,13,0,,2009
Casey Siemaszko,3,1,15.12001497755283,1994
Casey Stevens,1,1,16.509883382064103,1980
Casper Christensen,3,0,,2015
Casper Van Dien,22,2,16.652025270997417,2017
Cassandra Magrath,1,1,17.139202078102624,2005
Cassandra Morris,2,0,,2017
Cassandra Peterson,4,1,15.537610326281191,2013
Cassandra Scerbo,5,0,,2015
Cassen,2,0,,1972
Cassi Thomson,3,0,,2016
Cassidy Gifford,1,1,17.568875641192022,2015
Cassidy Rae,2,1,18.896925469476972,1997
Catalina Sandino Moreno,6,1,15.662681870369042,2016
Cate Blanchett,36,23,17.451177019818143,2017
Caterina Guzzanti,2,1,14.037652007342016,2011
Caterina Murino,6,0,,2017
Caterina Scorsone,2,0,,2009
Catherine Annette,2,0,,2014
Catherine Bach,2,0,,2004
Catherine Bell,6,0,,2016
Catherine Corcoran,2,0,,2017
Catherine Deneuve,57,6,15.082859821872736,2017
Catherine Disher,2,0,,2010
Catherine E. Coulson,2,0,,2013
Catherine Frot,16,2,14.682357864885867,2017
Catherine Hicks,7,2,16.955026754390587,2015
Catherine Hiegel,2,0,,1993
Catherine Jacob,6,0,,2010
Catherine Keener,28,16,15.952558819242826,2014
Catherine Lacey,2,0,,1967
Catherine Mary Stewart,10,4,16.714885659116796,2007
Catherine McCormack,11,4,15.99054444176773,2006
Catherine Mouchet,2,0,,2014
Catherine O'Hara,11,6,16.497530688484357,2013
Catherine Oxenberg,4,2,14.339933682207544,2015
Catherine Rouvel,5,0,,1976
Catherine Schell,3,0,,1977
Catherine Spaak,14,0,,1980
Catherine Tate,5,0,,2015
Catherine Walker,2,0,,2016
Catherine Zeta-Jones,21,14,18.076854983703807,2016
Cathy Cavadini,1,1,16.25014479559586,2002
Cathy Downs,2,0,,1958
Cathy Lee Crosby,2,0,,1979
Cathy Moriarty,9,5,17.087457697218642,2000
Cathy O'Donnell,2,0,,1950
Cathy Podewell,1,1,14.950102415511784,1988
Cathy Tyson,3,2,16.181575892724016,1988
Catinca Untaru,1,1,15.11555643283756,2008
Catlin Adams,2,1,18.11905415034566,1995
Catrin Striebeck,2,1,16.216207448019983,2009
Catriona MacColl,6,0,,2014
Caveh Zahedi,3,0,,2005
Cayden Boyd,2,1,18.055771505356336,2007
Cayetana Guillén Cuervo,2,0,,1998
Cecil Kellaway,3,1,15.424948470398377,1953
Cecil Parker,12,0,,1964
Cecile Anckarswärd,1,1,8.575462099540212,2009
Cecile Aubry,2,0,,1950
Cecilia Cheung,9,0,,2012
Cecilia Dopazo,3,0,,2004
Cecilia Frode,3,0,,2013
Cecilia Parker,4,0,,1942
Cecilia Roth,7,1,18.033138497487435,2008
Cecilia Walton,1,1,15.972625502730946,1985
Cecilie A. Mosli,2,0,,2009
Cedric Hardwicke,20,1,15.319587954740548,1957
Cedric the Entertainer,10,4,17.385226356626234,2016
Cee Lo Green,1,1,17.019778972197773,2012
Cees Geel,2,0,,2015
Celeste Holm,4,0,,1973
Celia Imrie,2,0,,2000
Celia Johnson,4,0,,1956
Celine O'Leary,2,0,,1996
Cem Akkanat,2,0,,2012
Cem Korkmaz,1,1,18.82295071972398,2014
Cem Yılmaz,8,0,,2015
Cemal Hünal,2,0,,2010
Cengiz Bozkurt,3,0,,2015
Cerina Vincent,4,0,,2007
Cesar Garcia,2,0,,2015
Cesar Ramos,2,0,,2014
Cesar Romero,15,0,,1995
Cezary Pazura,11,0,,2003
Cezmi Baskın,3,0,,2014
Cha Hyun-jung,1,1,14.7254189660707,2009
Cha In-pyo,2,0,,2015
Cha Seung-won,5,1,14.6925401598684,2014
Cha Soo-yeon,2,0,,2009
Cha Tae-hyun,3,1,15.489120111743784,2010
Chace Crawford,4,0,,2017
Chad Allen,5,0,,2007
Chad Donella,2,1,10.615407418419355,2006
Chad Everett,3,0,,1968
Chad Faust,2,1,12.239850689579102,2007
Chad Lindberg,2,1,13.25830760679564,2010
Chad Lowe,4,1,10.167964967343314,1999
Chad McKnight,1,1,8.412943170042439,2015
Chad McQueen,2,0,,1993
Chad Michael Collins,4,0,,2016
Chad Michael Murray,7,2,17.430118737051057,2016
Chad Willett,3,0,,2016
Chadwick Boseman,3,2,17.824040135349886,2014
Chaim Girafi,1,1,19.392285910581556,1995
Chaim Topol,3,2,18.664062015356116,1981
Challen Cates,2,0,,2014
Champion,2,0,,1952
Chanda Sharma,1,1,14.547900566817574,1988
Chandler Canterbury,4,1,18.8618112911717,2013
Chandra West,11,1,18.32852618892278,2011
Chandrachur Singh,1,1,16.523560759066484,2000
Chanel Ryan,2,0,,2014
Chang Chen,12,2,16.011796652670014,2015
Chang Shih,2,0,,1989
Channing Tatum,18,17,17.732946459998722,2015
Chantal Akerman,4,0,,2015
Chantal Contouri,2,0,,1979
Chantal Lauby,4,0,,2014
Chantavit Dhanasevi,2,0,,2010
Chapman To,3,0,,2016
Charis Michelsen,1,1,19.12871653700606,1998
Charisma Carpenter,5,0,,2016
Charity Wakefield,3,0,,2017
Charlene Choi,7,1,16.94650457621978,2014
Charlene Dallas,2,0,,1978
Charles 'Buddy' Rogers,3,1,13.842889315731822,1948
Charles Aznavour,8,0,,2002
Charles Baker,1,1,11.729575982087772,2008
Charles Bateman,2,0,,1974
Charles Belcher,1,1,14.009332398928436,1924
Charles Berling,19,2,16.69805654950739,2015
Charles Bickford,15,0,,1962
Charles Boyer,33,0,,1976
Charles Bracy,1,1,12.80001256250955,1978
Charles Bronson,40,8,16.36872834164524,1994
Charles Bukowski,2,0,,2003
Charles Busch,1,1,12.676363733455704,2003
Charles Butterworth,5,0,,1937
Charles Cioffi,2,1,16.310501028045167,1971
Charles Coburn,20,2,14.50865773852422,1959
Charles Crumb,1,1,14.970722122702458,1994
Charles Cyphers,1,1,17.055514327585797,1981
Charles Dance,15,3,18.003647152552777,2013
Charles Denner,7,0,,1977
Charles Drake,7,0,,1961
Charles Durning,26,5,15.866891068188195,2013
Charles Edwards,2,1,16.895872127771682,2013
Charles Farrell,6,0,,1930
Charles Gitonga Maina,1,1,16.860580464846723,1994
Charles Gray,5,1,18.569269243495345,1983
Charles Grodin,20,7,17.60345040392399,1994
Charles Hambleton,1,1,13.966016317418363,2009
Charles Hawtrey,13,0,,1972
Charles Henry Wyson,1,1,14.866688762570554,2013
Charles Herbert,2,0,,1960
Charles Hill Mailes,3,0,,1920
Charles Hubbell,2,0,,2011
Charles King,2,1,15.287523794486702,1930
Charles Kissinger,2,0,,1973
Charles Korvin,3,0,,1948
Charles Laughton,35,3,15.468617540249445,1962
Charles Martin Smith,10,4,16.25598549547573,2004
Charles McGraw,5,0,,1954
Charles Middleton,4,0,,1938
Charles Napier,9,1,19.520626915935775,2008
Charles Nelson Reilly,2,0,,2006
Charles Ogle,2,0,,1922
Charles Ray,2,0,,1919
Charles Robinson,3,0,,2003
Charles Rocket,2,0,,1994
Charles Ruggles,14,0,,1966
Charles S. Dutton,14,8,16.71749332693941,2014
Charles Shaughnessy,2,0,,2017
Charles Southwood,3,0,,1971
Charles Starrett,4,0,,1951
Charles Vanel,9,0,,1972
Charles Winninger,8,0,,1953
Charley Boorman,3,1,17.01283582880203,2010
Charley Chase,3,0,,1933
Charlie Adler,5,0,,2005
Charlie Bewley,3,0,,2016
Charlie Chaplin,46,5,14.298852123324348,2008
Charlie Chin,2,0,,1981
Charlie Cox,4,2,18.679255329184745,2017
Charlie Creed-Miles,2,0,,2011
Charlie Day,5,4,18.613086125351693,2017
Charlie Gillette,1,1,14.731973674979256,2015
Charlie Heath,1,1,14.631150554620987,1994
Charlie Heaton,2,0,,2016
Charlie Hewson,2,0,,2011
Charlie Hunnam,9,7,15.738257272093222,2017
Charlie Korsmo,1,1,17.0582987887017,1998
Charlie Murphy,3,0,,2016
Charlie O'Connell,2,0,,2013
Charlie Ray,1,1,13.926980373786275,2005
Charlie Rowe,1,1,18.65612052976059,2013
Charlie Schlatter,4,0,,2004
Charlie Sheen,35,17,16.68349525147904,2017
Charlie Stratton,2,0,,1987
Charlie Tahan,4,4,18.424481601807987,2012
Charlie Watts,7,0,,2016
Charlie Weber,2,0,,2016
Charlie Wright,1,1,17.50738911028387,2017
Charlie Yeung,7,2,14.66658832153624,2014
Charlize Theron,32,25,17.32277525107328,2017
Charlotte Alexandra,2,0,,1976
Charlotte Ayanna,3,0,,2003
Charlotte Brittain,2,1,8.360539381370861,2000
Charlotte Bøving,2,1,16.213405830762646,2015
Charlotte Chatton,2,1,16.62942114976596,1997
Charlotte Coleman,2,0,,2001
Charlotte De Bruyne,2,0,,2014
Charlotte Fich,3,0,,2009
Charlotte Frogner,1,1,14.500959180526555,2009
Charlotte Gainsbourg,26,8,13.544451417292056,2017
Charlotte Gerson,4,0,,2010
Charlotte Greenwood,4,0,,1941
Charlotte Henry,2,0,,1934
Charlotte Kady,2,0,,2002
Charlotte Le Bon,8,4,14.475775708393769,2017
Charlotte Lewis,2,1,18.195258836655164,1994
Charlotte Rae,2,0,,2012
Charlotte Rampling,32,11,15.492929249496092,2017
Charlotte Riley,5,0,,2017
Charlotte Stewart,1,1,15.761420707019589,1977
Charlton Heston,46,11,16.269885728192367,2001
Charlyne Yi,1,1,14.075542103757938,2009
Charo López,2,0,,1997
Chase Masterson,2,0,,2008
Chase Ryan Jeffery,2,0,,2011
Chase Williamson,3,0,,2016
Chatchai Plengpanich,2,0,,2009
Chazz Palminteri,14,4,16.45781772299872,2013
Checco Zalone,4,0,,2016
Cheech Marin,20,10,16.216796475566063,2013
Chelan Simmons,2,0,,2014
Chelcie Ross,1,1,14.521197782480764,2001
Chelsea Field,8,3,15.5007882885451,2001
Chelsea Handler,2,1,16.250645737259248,2014
Chelsea Hobbs,4,0,,2014
Chelsea Lopez,1,1,15.096444403426338,2017
Chelsea Manning,1,1,13.308082489299183,2013
Chelsea Rendon,2,1,14.380399276676238,2011
Chelsea Ricketts,2,1,14.42121408629893,2012
Chelsey Crisp,2,0,,2016
Chen Bolin,7,1,8.517193191416238,2016
Chen Chao-jung,3,0,,1998
Chen Dao-Ming,4,0,,2014
Chen Kuan-Tai,8,0,,2010
Chen Kun,8,2,17.926761883266316,2016
Chen Shiang-Chyi,6,0,,2014
Cheng Pei-Pei,5,0,,2014
Chengwu Guo,1,1,16.846583478865533,2009
Chenoa Maxwell,2,1,14.921026958309122,2002
Cheon Ho-jin,4,0,,2010
Cher,11,9,16.97535633138114,2011
Cherami Leigh,2,0,,2014
Cheri Caffaro,4,0,,1977
Cherie Chung,4,1,15.274904579490984,1991
Cherie Currie,1,1,15.29711509888849,1980
Cherrie Ying,4,0,,2009
Cherry Jones,3,0,,2013
Cherry Pie Picache,1,1,15.201804919084164,2001
Cheryl Campbell,2,1,17.892588642143178,1981
Cheryl Hines,4,2,18.129370216235547,2015
Cheryl Ladd,8,0,,2012
Cheryl Smith,2,0,,1978
Chester Morris,14,0,,1956
Chete Lera,2,1,12.816473884636894,2007
Chevy Chase,31,12,17.07843396891788,2015
Chhabi Biswas,3,0,,1962
Chi Cao,1,1,16.846583478865533,2009
Chi Kuan-Chun,2,0,,1976
Chi McBride,3,2,15.849979635074721,2006
Chiaki Kuriyama,6,0,,2015
Chiang Sheng,6,0,,1981
Chiara Caselli,5,0,,2009
Chiara Conti,2,0,,2005
Chiara Mastroianni,10,1,9.413036288021289,2014
Chiara Zanni,2,0,,2015
Chico Marx,13,0,,1949
Chie Nakamura,2,1,16.667495779129688,2012
Chief Dan George,2,2,17.271181853203913,1976
Chief Thundercloud,2,0,,1940
Chieko Baishô,4,0,,2008
Chieko Higashiyama,2,0,,1953
Chieko Matsubara,9,0,,1969
Chiharu Niiyama,2,0,,2003
Chika Sakamoto,4,0,,2002
Chikage Awashima,3,0,,1983
Chill Wills,3,0,,1958
Chin Ping,4,0,,1970
Chin Shih-Chieh,2,0,,2014
Chin Siu Ho,5,2,11.715804620696826,2013
China Zorrilla,2,0,,2004
Ching Li,3,0,,1977
Chingmy Yau,5,0,,1995
Chip Berlet,2,1,9.648853334130548,2009
Chips Rafferty,3,0,,1971
Chiquito de la Calzada,2,1,14.349093263852875,1998
Chisa Yokoyama,2,0,,1998
Chishu Ryu,15,0,,1985
Chiwa Saito,7,1,16.376442626144733,2013
Chiwetel Ejiofor,18,11,17.487493893539646,2016
Chizuru Ikewaki,4,1,13.167166556482018,2013
Chloe Bridges,3,0,,2015
Chloe Pirrie,4,0,,2016
Chloe Rose,2,0,,2015
Chloe Webb,3,2,15.040527712005577,1990
Chloé Berthier,1,1,9.32625499657254,2011
Chloë Grace Moretz,16,12,16.62973100779507,2017
Chloë Sevigny,18,5,14.829606395238088,2016
Cho Jin-woong,2,0,,2008
Cho Seong-ha,4,0,,2013
Cho Seung-woo,4,1,17.942644943009366,2015
Choi Daniel,2,0,,2015
Choi Kang-hee,2,0,,2010
Choi Min-sik,15,5,17.384011393367683,2015
Choi Seung-Hyun,2,0,,2014
Choi Si-won,2,0,,2015
Chow Yun-fat,24,7,16.32354115147438,2015
Chris Bauer,2,1,14.15965188323322,2005
Chris Beetem,2,0,,2017
Chris Bell,3,1,12.637241237240223,2015
Chris Brown,2,2,17.336144484482233,2013
Chris Bruno,2,0,,2009
Chris Carmack,6,1,16.13066216058987,2016
Chris Colfer,1,1,10.04020137585195,2012
Chris Conrad,2,0,,2013
Chris Cooper,23,12,17.263462948290627,2017
Chris D'Elia,3,0,,2017
Chris Diamantopoulos,6,1,17.819552897936752,2015
Chris Doubek,3,0,,2016
Chris Eigeman,5,1,11.322986972837104,2006
Chris Elliott,3,2,16.59526233708016,2000
Chris Ellis,2,0,,2014
Chris Evans,23,18,17.775629666882082,2017
Chris Farley,5,1,17.301314769675457,2015
Chris Frantz,1,1,15.420723959705263,1984
Chris Gartin,2,0,,2001
Chris Hardwick,2,0,,2016
Chris Haywood,3,0,,2005
Chris Hemsworth,14,11,18.157525174644494,2017
Chris Isaak,1,1,15.396166000732698,1993
Chris J. Murray,1,1,18.17345647811247,2015
Chris Johanson,1,1,10.939976179722388,2008
Chris Johnson,2,1,17.605027408849754,2017
Chris Kattan,5,3,17.254689533236192,2006
Chris Klein,12,4,16.966021510097143,2014
Chris Lemmon,2,0,,1993
Chris Lilley,3,0,,2005
Chris Makepeace,4,2,16.155251080606607,1988
Chris Marquette,8,1,13.762903769742314,2016
Chris Massoglia,2,1,17.153756460693124,2009
Chris McGinn,1,1,17.0152915513897,2017
Chris Messina,10,3,15.07590923055539,2016
Chris Miller,3,1,19.738568028045652,2014
Chris Mulkey,4,0,,2014
Chris New,1,1,13.09106257876771,2011
Chris Noth,4,2,15.936339901078878,2015
Chris Nowinski,1,1,9.550804629866931,2012
Chris O'Donnell,14,8,17.80089150408217,2010
Chris O'Dowd,9,1,15.005317904257232,2017
Chris O'Neil,1,1,17.122303885832572,2007
Chris Owen,1,1,13.1749558275235,2003
Chris Parnell,4,0,,2015
Chris Penn,9,3,15.258153946317345,2006
Chris Phillips,2,1,14.490622578337398,1999
Chris Pine,17,16,17.50847357467255,2017
Chris Pontius,2,0,,2010
Chris Potter,5,0,,2010
Chris Pratt,9,8,19.51690098591022,2017
Chris Riggi,3,1,18.20436217437474,2015
Chris Rock,21,9,17.486845223009837,2014
Chris Salvatore,3,0,,2015
Chris Sanders,4,1,18.79755107040179,2005
Chris Santos,1,1,13.82344102849015,2009
Chris Sarandon,11,4,17.572465161278103,2012
Chris Schellenger,2,0,,2015
Chris Sharma,2,0,,2010
Chris Stafford,1,1,13.677111336662843,1998
Chris Tucker,9,5,18.550251792039465,2016
"Chris Warren, Jr.",1,1,17.137957546554553,2000
Chris Wedge,7,1,20.592296624276536,2016
Chris Wylde,2,0,,2014
Chris Young,5,1,15.2858643182715,1997
Chris Zylka,4,1,13.19924478574022,2011
Chrisann Brennan,1,1,13.111314563439445,2015
Chrissie Chau,2,0,,2016
Christa Brittany  Allen,3,0,,2016
Christa Campbell,3,0,,2013
Christa Denton,2,0,,1987
Christa Hughes,2,0,,2008
Christa Théret,4,1,14.64571951699658,2016
Christian Bale,32,25,17.51774017616874,2017
Christian Berkel,2,0,,2004
Christian Byers,1,1,10.74664829541356,2007
Christian Camargo,2,0,,2009
Christian Campbell,6,1,14.53315277062124,2015
Christian Clavier,19,2,16.419434287972663,2017
Christian Cooke,5,1,13.966199538733452,2015
Christian De Sica,6,0,,2010
Christian Friedel,3,1,11.900328430259984,2015
Christian Kane,4,2,16.15709072759578,2014
Christian Keyes,2,0,,2015
Christian McKay,1,1,14.664024250356675,2009
Christian Meier,3,0,,2015
Christian Oliver,3,0,,2014
Christian Patrick,2,0,,2014
Christian Rudder,1,1,11.250274159310356,2002
Christian Sinniger,2,0,,2010
Christian Slater,47,16,16.68426901621383,2016
Christian Tramitz,4,0,,2010
Christian Ulmen,8,0,,2012
Christian Wolff,3,0,,1964
Christiane Amanpour,2,0,,2004
Christiane Hörbiger,2,0,,1996
Christiane Krüger,2,0,,1973
Christiane Millet,2,0,,2009
Christiane Paul,3,0,,2013
Christie Brinkley,2,0,,2013
Christien Anholt,4,0,,2006
Christina Aguilera,1,1,18.309970086218527,2010
Christina Applegate,17,10,17.334198961683494,2017
Christina Brucato,2,0,,2016
Christina Cha,1,1,16.85849180866887,2010
Christina Cox,2,0,,2008
Christina Hendricks,6,4,13.353672079609419,2015
Christina Lindberg,7,0,,1974
Christina Milian,6,1,17.213626028747427,2010
Christina Ricci,30,12,16.973583113393655,2016
Christina Vidal,2,0,,1998
Christina von Blanc,2,0,,1973
Christine Baranski,4,0,,2015
Christine Belford,2,0,,1980
Christine Bottomley,3,1,9.964958874624228,2014
Christine Cavanaugh,1,1,19.35337582570925,1995
Christine Ebersole,1,1,15.596422909345884,1988
Christine Elise,3,0,,2015
Christine Fernandes,2,0,,2014
Christine Hargreaves,1,1,16.91759217312653,1982
Christine Horne,2,1,13.068947832635676,2012
Christine Kaufmann,6,0,,1981
Christine Lahti,16,4,15.631605510466617,2016
Christine Lakin,2,0,,2008
Christine Paul-Podlasky,2,0,,1981
Christine Taylor,8,4,16.705543744766743,2007
Christine Tucci,2,0,,2004
Christine Urspruch,2,0,,2003
Christine White,1,1,15.424948470398377,1958
Christine Woods,2,0,,2017
Christoforos Papakaliatis,2,0,,2015
Christoph Bach,5,0,,2015
Christoph M. Ohrt,3,0,,1997
Christoph Maria Herbst,5,0,,2015
Christoph Roser,2,0,,1966
Christoph Waltz,10,9,18.3780797071123,2016
Christophe Malavoy,3,1,14.479446720798627,2008
Christopher Abbott,4,0,,2017
Christopher Allport,4,0,,2008
Christopher Atkins,7,1,17.890555168527623,2015
Christopher Backus,2,0,,2014
Christopher Beiring,1,1,12.523292888942716,2007
Christopher Bleuze-Carolan,1,1,10.24994548006426,2015
Christopher Britton,1,1,14.946912669455374,2011
Christopher Brooks,2,0,,1974
Christopher Carley,1,1,19.413777793882534,2008
Christopher Cazenove,4,1,15.226497531674536,2001
Christopher Collet,2,1,15.176487111099874,1986
Christopher Connelly,7,0,,1987
Christopher Curry,1,1,15.042954839354088,1984
Christopher Daniel Barnes,3,1,19.219538378934423,2004
Christopher Denham,3,0,,2012
Christopher Eccleston,13,4,15.651517997424893,2015
Christopher Egan,2,0,,2010
Christopher George,11,1,13.99645283064975,1983
Christopher Gorham,4,1,15.367397956167702,2011
Christopher Guard,1,1,17.232299753092274,1978
Christopher Guest,4,2,16.05873176847903,2003
Christopher Jacot,2,0,,2014
Christopher Jones,2,0,,1969
Christopher Judge,6,1,16.00156183470237,2014
Christopher Kirby,2,1,15.911690109322544,2012
Christopher Knights,2,1,19.738568028045652,2014
Christopher Lambert,31,9,16.13917383601357,2015
Christopher Lee,74,5,15.370699240557816,2015
Christopher Lloyd,38,13,17.341857968257614,2016
Christopher Martin,2,1,17.08834412442586,1991
Christopher Masterson,4,0,,2008
Christopher McDonald,13,3,17.423279282195217,2012
Christopher Meloni,9,2,14.339809810218945,2016
Christopher Mintz-Plasse,3,3,18.306133639949,2013
Christopher Mitchum,2,0,,1973
Christopher Plummer,52,18,16.88848288593731,2015
Christopher Reeve,15,5,17.517190370447224,1998
Christopher Reid,3,1,17.08834412442586,1994
Christopher Russell,2,0,,2015
Christopher Rydell,2,0,,1993
Christopher Shand,2,1,14.899022406704786,2010
Christopher Smith,2,0,,2013
Christopher Stone,2,1,16.705098286367402,1981
Christopher Walken,54,24,16.629312082739506,2016
Christopher Wiehl,2,0,,2016
Christos Stergioglou,2,0,,2013
Christy Carlson Romano,6,0,,2014
Christy Chung,6,0,,2010
Chu Sang-mi,2,0,,2004
Chuck Berry,4,0,,1987
Chuck Campbell,1,1,16.645884462861165,2001
Chuck Connors,9,0,,1989
Chuck D.,2,0,,2014
Chuck Liddell,2,0,,2015
Chuck McCann,2,1,11.82190169888669,1988
Chuck Norris,28,17,16.334874613257444,2005
Chuck Pierce Jr.,2,1,16.90655301132259,1984
Chuck Shamata,2,0,,2007
Chuck Wagner,2,0,,1988
Chulpan Khamatova,9,2,16.68567603341753,2015
Chun Jung-myung,4,0,,2016
Chun Woo-hee,4,0,,2016
Chung Fat,1,1,13.503198304306576,1980
Chunibala Devi,1,1,13.192568314043449,1955
Chunky Pandey,2,0,,2005
Chyler Leigh,4,1,18.012236181675522,2013
Chynna Phillips,2,0,,1988
Chôjûrô Kawarasaki,2,0,,1937
Chôko Iida,4,0,,1947
Cian Barry,2,0,,2015
Ciarán Hinds,16,7,16.378915386594965,2016
Ciarán McMenamin,2,0,,2009
Ciccio Ingrassia,7,0,,1984
Cicely Tyson,9,1,17.30121898784208,2014
Cillian Murphy,19,10,16.757175332770252,2016
Cindy Baer,1,1,12.327675044789334,2011
Cindy Busby,4,0,,2016
Cindy Crawford,1,1,16.26085110829334,1995
Cindy Sampson,4,0,,2010
Cindy Shui Yu,1,1,13.57088797497294,2007
Cindy Williams,3,0,,1991
Cinzia Monreale,3,0,,1989
Claes Eriksson,3,0,,2006
Claire Bloom,22,2,15.57093274382499,2013
Claire Danes,18,10,16.531185980249923,2017
Claire Dodd,3,0,,1936
Claire Forlani,14,5,15.862518927371246,2016
Claire Foy,3,0,,2015
Claire Holt,4,1,17.605027408849754,2017
Claire Keelan,3,1,13.765457546739054,2017
Claire Keim,3,0,,2012
Claire Maurier,3,1,16.83223391898247,1978
Claire Oberman,1,1,14.151982794585487,1981
Claire Potter,1,1,12.926628259692952,2015
Claire Trevor,23,1,13.914230372896052,1958
Claire van der Boom,2,0,,2015
Clancy Brown,13,5,16.0562764575749,2013
Clara Bellar,2,1,12.435178387608602,2005
Clara Bow,8,0,,1994
Clara Colosimo,2,0,,1978
Clara Lago,11,1,13.653296287935444,2017
Clara Mamet,2,0,,2016
Clara Wettergren,1,1,14.12262533635859,2014
Clara Williams,2,0,,1916
Clare Carey,2,0,,2008
Clare Grant,2,0,,2012
Clare Higgins,4,2,16.401007578474896,2015
Clare Kramer,4,0,,2013
Clarence Gilyard Jr.,2,0,,2012
Clarence Muse,2,0,,1940
Clarence Nash,17,1,16.860032995687696,1983
Clarence Williams III,2,1,16.300417207752275,2002
Clarissa Burt,1,1,16.60567313887491,1990
Clark Clifford,1,1,10.308952660644293,1974
Clark Duke,2,2,16.536660548328058,2015
Clark Gable,46,6,16.31118068128985,1961
Clark Gregg,5,0,,2014
Clark Johnson,2,0,,2015
Claud Allister,2,0,,1930
Claude Akins,6,1,19.262247929630583,1992
Claude Brasseur,10,1,12.11645970559018,2015
Claude Dauphin,8,0,,1973
Claude Gensac,8,0,,2016
Claude Gillingwater,3,0,,1936
Claude Jade,4,1,15.60727002719233,1979
Claude Jarman Jr.,2,0,,1949
Claude Lanzmann,2,0,,2015
Claude Maki,1,1,16.540090061017693,2000
Claude Perron,4,0,,2009
Claude Piéplu,3,0,,1975
Claude Rains,30,2,16.54500859670516,1963
Claude Rich,8,0,,2003
Claude-Oliver Rudolph,2,0,,1989
Claudette Colbert,34,3,15.533949653651357,1961
Claudette Mink,2,0,,2005
Claudette Sutherland,1,1,12.2545532379777,1995
Claudia Barrett,1,1,13.815510557964274,1953
Claudia Bassols,2,0,,2013
Claudia Cardinale,38,2,15.096984292040293,2016
Claudia Christian,7,1,19.041546034056076,2014
Claudia Coli,2,0,,2011
Claudia Drake,2,0,,1946
Claudia Galli,6,0,,2013
Claudia Gerini,11,1,16.286742635513335,2016
Claudia Jennings,5,0,,1978
Claudia Karvan,6,1,14.12979561221059,2011
Claudia McNeil,2,0,,1972
Claudia Michelsen,2,0,,2007
Claudia Mori,3,0,,1978
Claudia Pandolfi,3,0,,2010
Claudia Silva,1,1,16.731641026632808,2009
Claudia Teixeira,2,0,,1995
Claudine Auger,10,1,18.76565713184239,1979
Claudine Vinasithamby,1,1,12.42276342240367,2015
Claudio Amendola,6,0,,2015
Claudio Bigagli,4,1,15.326848422528707,1993
Claudio Bisio,12,3,17.14550455027734,2015
Claudio Brook,7,0,,1993
Claudio Camaso,3,0,,1971
Claudio Cassinelli,9,0,,1986
Claudio Colangelo,2,0,,2014
Claudio Santamaria,10,1,15.394745724869848,2015
Claudio Undari,2,0,,1972
Claudiu Bleont,2,1,11.087543323021706,2011
Claus Holm,2,0,,1980
Claus Nissen,2,0,,2003
Clayne Crawford,7,1,9.6071010394542,2016
Clayton Moore,2,0,,1958
Clayton Rohner,5,1,11.926378583800576,2003
Clayton Watson,3,0,,2004
Clea DuVall,12,2,18.269517438720563,2014
Cleavant Derricks,4,1,17.038378404102012,2006
Cleavon Little,4,2,18.347347738705068,1979
Clem Burke,3,0,,2014
Clemens Scheitz,2,0,,1977
Clerckx Eric,2,0,,1981
Clif Prowse,1,1,11.7050240702781,2014
Cliff Curtis,6,4,17.9697645252947,2016
Cliff De Young,2,0,,1995
Cliff DeYoung,7,2,16.34045933524861,2008
Cliff Edwards,4,0,,1942
Cliff Gorman,6,0,,1999
Cliff Potts,2,0,,1980
Cliff Robertson,21,4,15.486581286582902,2004
Clifford Evans,3,0,,1963
Clifton Collins Jr,8,1,15.171086141831664,2016
Clifton Davis,2,0,,1978
Clifton James,2,1,16.765426615777162,1984
Clifton Powell,2,0,,2012
Clifton Webb,15,2,14.95721169475291,1962
Clint Eastwood,49,38,17.312793016036373,2015
Clint Howard,8,1,16.441495746801653,2010
Clint James,2,0,,2017
Clint Jordan,2,0,,2004
Clint Walker,3,0,,1974
Clive Brook,7,1,15.84759840326064,1963
Clive Owen,39,21,16.33539002742386,2017
Clive Revill,7,0,,2009
Clive Russell,3,0,,2013
Cloris Leachman,13,3,17.16445215646634,2016
Clotilde Courau,10,0,,2015
Clotilde Hesme,6,0,,2016
Clotilde Joano,2,0,,1973
Clovis Cornillac,19,2,16.179387697017557,2016
Clu Gulager,10,3,15.814843574850935,2016
Cláudia Abreu,2,0,,2003
Clémence Poésy,4,1,14.18551427779428,2016
Clément Métayer,1,1,11.352216660912338,2012
Clémentine Célarié,2,0,,1994
Cobe Williams,1,1,12.551249741829064,2011
Cobie Smulders,7,4,16.65197358061624,2016
Coca Guazzini,1,1,14.561214609262825,2013
Cocco,2,0,,2016
Coco Jack Gillies,2,0,,2015
Coco Martin,2,0,,2009
Cody Hackman,2,0,,2016
Cody Horn,2,1,15.035455131799909,2015
Cody Linley,3,0,,2015
Cody Longo,2,0,,2016
Cody Ray,1,1,10.781702515558052,2010
Coen van Vrijberghe de Coningh,2,0,,1995
Cole Hauser,12,6,15.84114973292021,2014
Cole Sprouse,2,0,,2003
Coleen Gray,8,0,,1961
Colin Blakely,3,1,14.22097566607244,1975
Colin Clive,5,1,16.300417207752275,1935
Colin Egglesfield,6,0,,2016
Colin Farrell,32,28,17.392631100840887,2017
Colin Ferguson,2,0,,2010
Colin Firth,39,16,17.19935262681838,2017
Colin Ford,2,0,,2012
Colin Friels,8,2,15.15819298975758,2001
Colin Hanks,7,3,13.406431371441016,2015
Colin Morgan,2,0,,2011
Colin O'Donoghue,3,1,18.380354803460296,2016
Colin Quinn,3,0,,2016
Colin Salmon,3,0,,1997
Colleen Camp,6,0,,2010
Colleen Dewhurst,4,0,,1987
Colleen Haskell,1,1,18.2554846104104,2001
Colleen Miller,2,0,,1955
Colleen Moore,4,0,,1933
Collin Bernsen,2,0,,1992
Collin Chou,5,1,9.446676517076376,2013
Colm Feore,8,2,17.042170389352464,2017
Colm Meaney,15,3,16.78030096925279,2017
Colm O'Leary,2,0,,2014
Colombe Jacobsen-Derstine,1,1,17.796672778837237,1993
Coluche,11,0,,1985
Columbus Short,4,2,17.54414000531793,2015
Common,9,7,14.99449624338387,2017
Con O'Neill,2,0,,2009
Conan O'Brien,2,1,12.31921827836981,2011
Concha Velasco,2,0,,2000
Conchata Ferrell,2,0,,2017
Conchita Montes,2,0,,1950
Connie Booth,2,0,,1991
Connie Britton,6,2,12.942274045812578,2017
Connie Mason,2,1,15.201804919084164,1964
Connie Nielsen,13,5,17.75356949103353,2017
Connie Sellecca,3,0,,2009
Connie Stevens,4,0,,1966
Connor Corum,1,1,18.433922306221987,2014
Connor Jessup,2,1,10.432997531506247,2016
Connor Paolo,2,1,14.690979295318174,2016
Conny Van Dyke,2,0,,1975
Conor Donovan,1,1,11.468837727043477,2005
Conrad Anker,2,1,14.663191773432956,2015
Conrad Dunn,1,1,11.243502345301838,1996
Conrad Nagel,7,1,20.12724536711719,1934
Conrad Veidt,17,0,,1943
Conrado San Martín,2,0,,1962
Constance Bennett,8,0,,1941
Constance Cummings,9,0,,1986
Constance Dowling,2,0,,1954
Constance Marie,1,1,17.909855120186375,1997
Constance Moore,4,0,,1953
Constance Smith,2,0,,1954
Constance Towers,4,0,,1964
Constantin Draganescu,2,0,,1994
Constantino Romero,1,1,18.50685844019342,2007
Conway Tearle,2,0,,1933
Coolio,4,0,,2014
Cora Benesh,2,0,,2011
Cora Lee Day,2,0,,1991
Cora Miao,2,0,,1986
Coral Browne,6,0,,1985
Coralie Revel,1,1,11.562572404859642,2002
Corbin Allred,4,0,,2013
Corbin Bernsen,16,4,16.58750288361977,2013
Corbin Bleu,4,2,14.243756863108619,2012
Corey Burton,5,1,19.041546034056076,2008
Corey Feldman,18,4,17.32448457918853,2013
Corey Haim,16,3,16.711292740477365,1997
Corey Hawkins,1,1,19.121969645568825,2015
Corey Sevier,6,0,,2016
Corey Stoll,3,0,,2014
Corin Nemec,8,0,,2016
Corinna Harfouch,6,1,18.339263617197496,2008
Corinne Bohrer,3,0,,2000
Corinne Calvet,5,0,,1955
Corinne Cléry,6,0,,1986
Corinne Marchand,2,0,,1972
Corinne Masiero,2,0,,2016
Cork Hubbert,1,1,12.1275163326244,1991
Cornel Wilde,15,1,17.399029496420383,1978
Cornelia Froboess,2,0,,2013
Cornell Borchers,2,0,,1957
Corrado Pani,3,0,,1977
Corso Salani,2,0,,2009
Cortney Palm,3,1,9.612265889785814,2017
Cory Booker,3,0,,2011
Cory Crow,1,1,15.088059066775106,1988
Cory Doctorow,2,1,10.797757599041017,2014
Cory Hardrict,3,0,,2015
Cory Hodges,1,1,16.96686040635734,2002
Cory Knauf,4,0,,2012
Cory Monteith,3,1,16.67341651461086,2013
Cosimo Cinieri,2,0,,1984
Cosmina Stratan,2,1,11.735420806241695,2016
Costas Mandylor,14,6,16.990713792482612,2010
Cotter Smith,3,1,11.82190169888669,1997
Courteney Cox,14,9,17.993717415509288,2016
Courtney B. Vance,9,5,16.222043011475623,2012
Courtney Chase,1,1,15.916633598010971,1995
Courtney Ford,3,0,,2015
Courtney Gains,2,0,,2015
Courtney Love,7,3,16.75016102406661,2015
Courtney Taylor Burness,1,1,18.248073830833597,2007
Courtney Taylor-Taylor,2,2,13.010998110947803,2004
Courtney Thorne-Smith,6,1,17.37412265810754,2017
Craig Archibald,1,1,17.70906058372291,2005
Craig Bierko,6,2,17.867753966940576,2013
Craig Blair,1,1,17.55884159631368,2007
Craig Chester,4,1,12.737133156095918,1998
Craig Conway,3,0,,2014
Craig Fairbrass,9,0,,2014
Craig Ferguson,12,2,18.553030598319445,2015
Craig Hall,2,0,,2011
Craig Hill,7,0,,1978
Craig Parkinson,1,1,16.498678890234945,2009
Craig Roberts,7,1,13.67009048853584,2016
Craig Robinson,5,2,15.66871319374037,2017
Craig Sheffer,23,6,14.640391870095149,2016
Craig Stevens,2,0,,1958
Craig T. Nelson,13,8,17.628362149173174,2004
Craig Wasson,5,1,15.990482709697355,2003
Cree Summer,4,0,,2003
Creed Bratton,1,1,11.88195477843718,2011
Creighton Hale,2,0,,1927
Cressida Bonas,1,1,17.09894479127229,2017
Cris Campion,1,1,14.31131898597004,1986
Cris Huerta,2,0,,1973
Cris Lankenau,2,1,9.643744848773588,2010
Crispin Glover,15,0,,2016
Cristela Alonzo,1,1,19.67392947159051,2017
Cristian Solimeno,2,1,10.91412436325496,2007
Cristiana Capotondi,7,1,16.375509219389816,2014
Cristin Milioti,2,0,,2014
Cristina Brondo,2,0,,2012
Cristina Flutur,1,1,11.735420806241695,2012
Cristina Galbó,2,0,,1974
Cristina Hoyos,2,0,,1986
Cristina Marsillach,2,0,,1989
Cristina Raines,3,1,15.713232361720843,1983
Cristine Rose,2,0,,2005
Crusoe Kurddal,1,1,12.611537753638338,2006
Crystal Allen,2,0,,2009
Crystal Bernard,3,0,,2005
Crystal Huang Yi,3,0,,2013
Crystal Kwok,1,1,15.906947614908873,1992
Crystal Lowe,9,0,,2016
Csaba Pindroch,2,0,,2008
Cserhalmi György,10,0,,2003
Cuba Gooding Jr.,36,12,17.442483790580557,2014
Cullen Landis,1,1,13.997832114758229,1928
Curd Jürgens,12,1,19.038234781576705,1980
Currie Graham,2,0,,2014
Curt Goetz,3,0,,1953
Curtis Armstrong,5,1,16.935318604087552,2011
Curtis Benton,1,1,15.89495209964411,1916
Curtis Ellis,1,1,11.306737354305431,2007
Cut Mini Theo,2,0,,2011
Cybill Shepherd,15,3,16.18846893006415,2014
Cyd Charisse,10,0,,1994
Cynda Williams,4,1,14.249311714582747,1998
Cyndi Lauper,2,1,14.448807410614874,2009
Cynthia Gibb,8,2,16.764832001658696,2009
Cynthia Leake,2,1,13.542234879951565,1984
Cynthia Myers,1,1,17.50439001207821,1970
Cynthia Nixon,12,5,15.930012825613659,2016
Cynthia Preston,4,0,,2009
Cynthia Rhodes,2,1,17.988245232306564,1984
Cynthia Rothrock,11,1,11.591311416365306,2002
Cynthia Stevenson,3,0,,2014
Cyrielle Clair,3,0,,2004
Cyril Cusack,11,0,,1974
Cyril Dion,1,1,10.679849328089071,2015
Cyril Gueï,2,0,,2013
Cyril Raffaelli,2,2,16.032166026002077,2009
Cyril Ritchard,2,0,,1972
Cyril Roy,1,1,13.533477831200075,2009
Cyrille Thouvenin,2,0,,2001
Cássia Kis Magro,2,0,,2007
Cássio Gabus Mendes,2,0,,2011
Cécile Cassel,4,0,,2013
Cécile de France,19,3,14.797921414292114,2017
Cédric Kahn,4,0,,2016
Céline Sallette,5,0,,2014
César Troncoso,2,0,,2011
Cüneyt Arkın,2,0,,2014
D'Urville Martin,4,0,,1975
D. B. Sweeney,8,4,17.46366920995482,2013
D. L. Hughley,3,0,,2012
D.B. Woodside,2,0,,2011
D.J. Cotrona,1,1,19.73407177089692,2013
D.J. Mendel,2,0,,2011
D.W. Brown,1,1,16.86279109339884,1984
D.W. Moffett,3,0,,2003
DJ Perry,2,0,,2012
DJ Pooh,1,1,16.140769739894978,2001
DJ Qualls,8,1,11.19987088218331,2017
DMX,6,3,17.213646515439528,2008
Dabney Coleman,12,3,15.654354534241671,2003
Dacre Montgomery,2,2,15.250465863007276,2017
Daeg Faerch,1,1,18.200706016608013,2007
Dafne Fernández,2,0,,2010
Dafne Keen,1,1,20.240058311467205,2017
Dagmar Lassander,5,0,,1976
Dagmar Manzel,4,0,,2011
Dagmar Veškrnová-Havlová,2,0,,2009
Dagmara Domińczyk,4,0,,2012
Daisuke Katô,2,0,,1962
Daisuke Ono,2,2,15.696010627788535,2016
Daisuke Ryû,2,1,15.21906829579885,2000
Daisy Betts,2,0,,2015
Daisy Broom,2,0,,2015
Daisy Ridley,2,1,21.449955923142905,2015
Dajka Margit,2,0,,1974
Dakota Blue Richards,3,2,17.753226640367576,2014
Dakota Fanning,28,8,17.94741679578774,2017
Dakota Goyo,3,2,18.27909328741577,2014
Dakota Johnson,5,3,19.48419127127073,2017
Dale Dickey,2,0,,2014
Dale Evans,2,0,,1946
Dale Midkiff,11,1,17.866764356036878,2008
Dale Reeves,1,1,15.748306085073722,1988
Dale Soules,2,0,,2017
Daliah Lavi,4,1,16.607786949912473,1969
Dalila Di Lazzaro,2,0,,1977
Dallas Roberts,3,1,14.253091067976372,2013
Damaine Radcliff,1,1,18.553416731576185,2006
Dame May Whitty,5,0,,1945
Damian Lewis,8,1,16.111080602944373,2016
Damian Woetzel,1,1,14.56692381645551,1993
Damien Jouillerot,2,0,,2006
Damien Thomas,1,1,14.31131898597004,1986
Damien Wayne Echols,2,0,,2012
Damián Alcázar,10,1,12.609071381307714,2015
Damián Delgado,2,0,,1999
Damon Albarn,6,0,,2014
Damon Dash,2,1,14.341248045185235,2015
Damon Dayoub,2,0,,2017
Damon Gameau,3,0,,2014
Damon Herriman,3,0,,2014
Damon Runyan,2,0,,2016
Damon Wayans,9,4,16.08701167681805,2003
Damon Wayans Jr.,3,1,18.732723210401396,2014
Damon Wimbley,1,1,16.152346051779062,1987
Dan Aykroyd,37,20,17.468751854662333,2016
Dan Bucatinsky,1,1,13.866154241400311,2001
Dan Byrd,3,0,,2010
Dan Castellaneta,3,1,20.082841745030876,2007
Dan Chupong,3,1,14.665816603507876,2010
Dan Cortese,3,0,,2005
Dan Dailey,13,0,,1960
Dan Duryea,15,1,14.896768459947916,1966
Dan Ekborg,2,0,,2011
Dan Fogler,6,5,16.484130504962014,2013
Dan Futterman,5,2,14.687528222812823,2007
Dan Gauthier,2,1,10.234336867263504,2012
Dan Haggerty,2,0,,2013
Dan Hedaya,5,2,17.778496919490888,2000
Dan Hennessey,2,1,14.77409420202868,2001
Dan Hicks,2,1,15.594361063899417,1989
Dan Kearney,2,1,14.168214628409851,2014
Dan Lauria,3,0,,2009
Dan Molina,1,1,19.56628050943291,2005
Dan Monahan,4,4,16.061471445114154,1997
Dan O'Bannon,2,0,,2007
Dan O'Herlihy,7,1,16.48273876454623,1987
Dan Palmer,2,0,,2013
Dan Payne,3,0,,2016
Dan Stevens,9,3,17.807696872134837,2017
Dan Stulbach,2,0,,2009
Dan Vadis,2,0,,1967
Dan Yeager,1,1,17.67079272118083,2013
Dan-qing Chen,2,1,12.106843295802587,2012
Dana Andrews,33,2,15.74376570571322,1967
Dana Ashbrook,4,0,,2016
Dana Barron,3,0,,2010
Dana Carvey,9,5,16.785812861837677,2016
Dana Delany,13,2,15.639952837314029,2010
Dana Eskelson,2,0,,2013
Dana Hill,2,1,17.71474455149391,1992
Dana Ivey,1,1,16.94604562806618,1993
Dana Ivgy,3,0,,2014
Dana Kimmell,1,1,17.418016622440454,1982
Dana Medřická,2,0,,1966
Dana Melanie,2,1,14.99416555430592,2014
Dana Snyder,2,0,,2015
Dana Vávrová,3,0,,1995
Dana Wheeler-Nicholson,2,1,17.90338235026947,1990
Dana Wynter,7,0,,1963
Danai Gurira,3,1,16.03845811119318,2017
Danai Skiadi,2,0,,2007
Dane Clark,11,0,,1954
Dane Cook,10,7,18.057472396976166,2014
Dane DeHaan,9,6,16.025499240001036,2017
Dani Calabresa,2,0,,2016
Dani Rovira,6,1,15.932571772200236,2016
Dania Ramirez,2,2,16.100652977887773,2012
Danica Curcic,2,0,,2016
Danica McKellar,7,1,13.96047632821446,2016
Daniel Anderson,2,0,,1997
Daniel Arnaud,1,1,14.223383431743503,2014
Daniel Auteuil,37,4,15.488781701389957,2016
Daniel Baldwin,7,0,,2015
Daniel Benzali,2,0,,2001
Daniel Bernhardt,5,1,13.436226222878938,2005
Daniel Brühl,28,9,15.977129243231786,2017
Daniel Ceccaldi,4,0,,1998
Daniel Cerny,2,0,,1995
Daniel Craig,26,17,17.916860111702636,2015
Daniel Cudmore,2,0,,2016
Daniel Day-Lewis,15,11,17.156671074941176,2012
Daniel Dicenta,2,0,,1981
Daniel Duval,5,0,,2011
Daniel Filho,3,0,,2009
Daniel Franzese,3,2,11.479961871646548,2010
Daniel Fraser,2,0,,2013
Daniel Fredrick,1,1,14.99416555430592,2014
Daniel Gillies,4,1,14.781276933298956,2012
Daniel Giménez Cacho,7,2,15.02632019566285,2012
Daniel Grao,3,0,,2016
Daniel Gélin,6,0,,1985
Daniel Hendler,6,0,,2011
Daniel Henney,3,1,20.295716829207908,2014
Daniel Henshall,4,2,12.378129245619736,2014
Daniel Hugh Kelly,1,1,16.869511739642242,1983
Daniel J. Travanti,4,2,11.540998792187215,2013
Daniel Kaluuya,1,1,19.34666137673115,2017
Daniel Kash,2,0,,2013
Daniel Lapaine,3,0,,2009
Daniel Letterle,3,2,13.119954007132367,2005
Daniel Lissing,2,0,,2016
Daniel London,2,0,,2010
Daniel MacPherson,2,0,,2017
Daniel Mays,4,0,,2014
Daniel Olbrychski,10,0,,2003
Daniel Percival,1,1,15.621585076215217,2006
Daniel Prévost,4,0,,2014
Daniel Quinn,2,0,,2001
Daniel Radcliffe,18,14,18.125184092532145,2016
Daniel Roebuck,7,0,,2015
Daniel Ross,2,0,,2012
Daniel Schlachet,1,1,12.737133156095918,1992
Daniel Skelton,2,0,,2011
Daniel Stern,17,6,16.456314492892897,2012
Daniel Studi,1,1,18.6241401391924,2002
Daniel Sunjata,5,2,17.06749243505016,2012
Daniel Tay,2,1,13.03513088506141,2007
Daniel Tosh,3,0,,2016
Daniel Travis,1,1,17.81678824562358,2004
Daniel Webber,2,0,,2016
Daniel Williams,2,0,,2005
Daniel Wu,19,0,,2015
Daniel Zovatto,3,2,17.686995719711135,2016
Daniel de Oliveira,6,0,,2014
Daniela Bianchi,3,1,18.18367613296863,1967
Daniela Bobadilla,3,0,,2015
Daniela Giordano,4,0,,2009
Daniela Poggi,2,0,,1980
Daniela Ramírez,2,0,,2015
Daniele Liotti,2,0,,2006
Daniele Vargas,2,0,,1967
Daniella Monet,2,0,,2012
Danielle Campbell,2,0,,2016
Danielle Cormack,3,0,,2009
Danielle Darrieux,10,0,,2007
Danielle Harris,14,4,13.561327743190693,2015
Danielle Mason,1,1,15.414436816032635,2006
Danielle Panabaker,11,3,15.80189154824901,2014
Danielle Proulx,2,1,15.699836294394135,2011
Danielle Ryan Chuchran,10,0,,2015
Danielle Savre,2,0,,2016
Danielle Winits,1,1,14.330093115607973,2012
Danielle von Zerneck,4,3,14.980791501094108,1989
Daniil Vorobyov,2,0,,2016
Danila Kozlovsky,13,5,15.30702072427447,2016
Danila Yakushev,1,1,12.479909311159902,2016
Danilo 'Bata' Stojković,3,0,,1984
Danilo Gentili,3,0,,2015
Danièle Delorme,4,0,,1976
Danièle Gaubert,2,0,,1969
Daniël Boissevain,2,0,,2011
Danneel Ackles,1,1,18.165491779340297,2010
Danny A. Abeckaser,2,0,,2016
Danny Aiello,19,4,16.83685850878117,2003
Danny DeVito,39,20,17.571978740082788,2016
Danny Denzongpa,5,1,17.942644943009366,2015
Danny Dyer,18,1,15.201804919084164,2015
Danny Elfman,1,1,18.14142188310511,1993
Danny Glover,53,18,16.751507539839597,2017
Danny Hoch,3,1,11.957745892556453,2007
Danny Huston,10,3,18.698948198257543,2015
Danny Kaye,18,0,,1981
Danny Lee Sau-Yin,8,0,,1993
Danny Lloyd,1,1,17.60009497758077,1980
Danny Mann,3,1,19.35337582570925,2016
Danny Masterson,2,0,,2009
Danny McBride,9,6,17.193330108406265,2016
Danny Nucci,5,1,11.45776153141972,2007
Danny Pino,2,0,,2009
Danny Pintauro,1,1,16.869511739642242,1983
Danny Shayler,2,0,,2015
Danny Trejo,38,3,14.648707508608112,2017
Danny Zorn,1,1,15.020278246286203,1993
Danny de Munk,2,0,,2011
Dante Basco,3,0,,2014
Danton Mello,2,0,,2015
Danuta Stenka,2,0,,2004
Danuta Szaflarska,2,0,,2014
Dany Boon,12,3,14.778453741698593,2017
Dany Carrel,5,0,,1968
Dany Robin,5,1,15.60727002719233,1969
Dany Saval,2,0,,1977
Daphne Ashbrook,4,1,17.553180176247643,1996
Daphne Sheldrick,1,1,15.860920151536147,2011
Daphne Zuniga,5,1,17.47658652761462,2016
Dar Salim,3,0,,2012
Dara Ó Briain,2,0,,2015
Daragh O'Malley,13,0,,2006
Darci Kistler,1,1,14.56692381645551,1993
Daren Kagasoff,1,1,18.455953974113495,2014
Daria Halprin,1,1,13.815510557964274,1970
Daria Nicolodi,7,0,,1989
Darin Brooks,2,0,,2016
Darin Heames,2,0,,1994
Darius McCrary,2,0,,2016
Dariya Moroz,3,0,,2015
Darlan Cunha,3,1,12.634850552935411,2013
Darlanne Fluegel,6,1,13.602251741292442,1996
Darrell Larson,2,0,,1984
Darren Criss,3,0,,2013
Darren Jacobs,2,0,,2014
Darren McGavin,15,5,16.42892980689096,1995
Darren Robinson,1,1,16.152346051779062,1987
Darren Shahlavi,4,1,7.292337176173877,2015
Darrick Doerner,1,1,14.967979519423094,2004
Darrin Henson,2,1,16.097229049842685,2012
Darryl Hickman,2,0,,1959
Darshan Kumaar,1,1,16.55869158154579,2014
Darsheel Safary,1,1,17.162955483627183,2007
Darvas Iván,2,0,,1971
Daryl Bartley,1,1,15.02768959883731,1985
Daryl Hannah,36,9,16.05496963304743,2014
Daryl Isaacs,1,1,17.168045497300216,2004
Daryl Sabara,4,2,15.70477389245885,2009
Darío Grandinetti,6,1,17.11160931559792,2014
Dash Mihok,4,0,,2011
Dave Attell,8,0,,2014
Dave Bautista,7,2,20.52131099317733,2017
Dave Chappelle,9,4,16.819093748462155,2017
Dave Foley,7,0,,2011
Dave Franco,6,3,17.933401484091178,2017
Dave Gahan,2,0,,1998
Dave Goelz,7,1,16.606121892841156,2008
Dave Grohl,5,0,,2015
Dave Hoover,1,1,13.632470743284872,1997
Dave Johns,1,1,12.469797522406187,2016
Dave Murray,2,0,,2001
Dave O'Brien,2,0,,1942
Dave Parnell,1,1,11.619984537263637,2012
Dave Schultz,2,0,,2016
Dave Sheridan,3,1,19.443202787831133,2015
Dave Thomas,2,0,,2003
Daveigh Chase,8,2,17.012024301038164,2016
David A.R. White,8,1,17.20964975581452,2015
David Alan Grier,5,2,15.829442502795349,2013
David Alpay,3,0,,2016
David Anderle,2,0,,2010
David Anders,2,0,,2009
David Andrews,4,2,12.90592613106243,1998
David Ansen,1,1,12.6187748360025,2006
David Arquette,27,6,18.3019889692246,2016
David Attenborough,11,0,,2016
David Banner,1,1,18.568429618740637,2013
David Beecroft,2,0,,2000
David Belle,3,3,16.704150921235627,2014
David Bierend,1,1,18.994548950497876,2010
David Birney,2,0,,1980
David Boreanaz,7,1,15.470137491562072,2013
David Bowe,1,1,11.49289621199639,2010
David Bowie,15,3,15.627041914217976,2012
David Braben,2,0,,2014
David Bradley,10,0,,2013
David Brandon,4,0,,2013
David Breashears,1,1,18.15211374222247,1998
David Brian,6,0,,1952
David Bueno,2,0,,2009
David Bunce,2,0,,2014
David Byrne,3,1,15.420723959705263,1989
David Calder,2,1,18.69967763164106,2006
David Cale,1,1,14.712645381374536,2000
David Call,4,0,,2014
David Carr,1,1,12.970996153500266,2011
David Carradine,36,7,15.61834200135706,2009
David Caruso,8,4,14.43417659713768,2001
David Charvet,2,0,,2010
David Chiang,8,0,,1980
David Chisum,3,0,,2015
David Chokachi,2,0,,2013
David Clayton Rogers,3,0,,2015
David Cronenberg,3,1,15.997322975779912,2013
David Crosby,3,0,,2008
David Cross,16,4,19.3321989532344,2016
David Cubitt,3,1,16.38675322479326,2016
David Dastmalchian,3,0,,2015
David Dencik,7,1,15.842960271865223,2016
David Dorfman,1,1,19.33436381082152,2002
David Doyle,2,0,,1978
David Duchovny,19,13,15.754866814626727,2013
David Dukes,5,0,,1998
David Ellison,1,1,16.694709015262312,2006
David Emge,1,1,17.822843743196746,1978
David Essex,2,0,,1974
David Farrar,7,0,,1960
David Faustino,2,0,,2016
David Field,4,1,12.372370675225028,2014
David Gale,2,0,,1988
David Gardner,2,0,,2014
David Garrett,1,1,9.332026890232784,2013
David Gell,2,0,,1965
David Gilmour,3,0,,2005
David Giuntoli,2,0,,2016
David Graf,4,4,17.11848142578373,1989
David Gulpilil,5,1,14.045033716242523,2013
David Gwillim,2,0,,1979
David Haig,2,0,,2008
David Halberstam,2,0,,2004
David Harbour,2,1,17.78922302982524,2014
David Haskell,2,0,,1979
David Hasselhoff,8,0,,2016
David Haydn-Jones,3,0,,2014
David Hayman,1,1,14.85455789233662,1986
David Hedison,2,1,14.914122846632385,1960
David Hellenius,3,0,,2014
David Hemmings,18,0,,2001
David Henrie,4,0,,2015
David Herman,1,1,16.36712626220218,1999
David Hess,5,0,,2009
David Hewlett,7,2,14.798282950469456,2013
David Hockney,2,0,,2014
David Huddleston,2,1,16.981714918151734,1985
David Huffman,2,1,18.073777104941627,1982
David Hyde Pierce,7,4,14.285007790149162,2010
David Irving,1,1,13.13812057808336,1999
David James Elliott,5,0,,2011
David Janssen,11,1,16.213405830762646,1978
David Jason,2,0,,2008
David Jason Perez,1,1,17.288436394878747,2013
David Johansen,3,1,14.029072350494284,1994
David Kagen,1,1,16.78449102148536,1986
David Kaye,2,1,15.992683096903953,2016
David Keith,18,3,16.48354540258033,2015
David Kelly,4,2,17.08052043272789,2005
David Knight,2,0,,1964
David Koechner,4,0,,2016
David Kossoff,2,0,,1956
David Kross,5,1,18.54306907007227,2012
David Krumholtz,9,2,16.641150654379157,2016
David La Haye,4,0,,2014
David Labiosa,1,1,16.401585799561374,1982
David Lawrence,2,0,,2010
David Lee McInnis,2,1,16.85849180866887,2010
David Lewis,2,0,,2012
David Lipper,1,1,18.896925469476972,1997
David Lochary,4,1,15.60727002719233,1974
David Lynch,10,0,,2017
David Mann,1,1,17.551736086432633,2008
David Manners,9,1,13.827625870285557,1934
David Margulies,2,0,,2011
David Marsais,1,1,15.88237331743725,2016
David Marshall Grant,1,1,14.151982794585487,1985
David Matranga,2,0,,2014
David Mazouz,4,2,15.933399299899952,2016
David McCallum,5,0,,2015
David McCullough,3,1,18.81499352877047,2003
David Mitchell,1,1,14.376290239740976,2007
David Morrissey,16,4,15.085962847215239,2015
David Morse,17,6,16.40016210631978,2015
David Moscow,3,0,,2008
David Murgia,2,0,,2014
David Naughton,5,1,17.280410142397265,1990
David Niven,42,8,16.57062680687524,1983
David O'Hara,4,0,,2001
David Ogden Stiers,4,2,17.904800688850624,1999
David Opatoshu,2,1,15.711680041266613,1982
David Oyelowo,13,6,16.466462708690308,2016
David Patrick Kelly,3,1,16.92858305803804,1994
David Paul,3,0,,1994
David Paymer,7,1,16.40327459319198,2005
David Proval,2,1,14.914122846632385,1982
David Prowse,2,0,,2015
David Rasche,6,2,15.283320669658723,2009
David Rawle,1,1,13.6618021136698,2014
David Roberts,3,1,12.821190714770047,2014
David Saracino,2,0,,2009
David Scheller,2,0,,2007
David Schofield,3,0,,2013
David Schwimmer,12,4,19.914799946376675,2013
David Scott,1,1,14.522862373316178,1981
David Seaman,1,1,15.088059066775106,1988
David Selby,12,1,16.949050561315428,2013
David Siegel,1,1,13.479399855981535,2012
David Soul,3,0,,2005
David Spade,16,8,17.713772399996742,2016
David Strathairn,21,8,17.053921766603132,2015
David Suchet,7,1,19.47847103810022,2010
David Sullivan,1,1,12.959279582517782,2004
David Sutcliffe,5,0,,2016
David Tennant,17,1,14.070151225949056,2015
David Terrell,1,1,17.288436394878747,2013
David Thewlis,24,11,15.836305042687849,2015
David Threlfall,2,0,,2014
David Tom,1,1,16.189150488464772,1992
David Tomlinson,8,2,17.57173243397437,1980
David Torrence,2,0,,1930
David Tress,1,1,16.942815287929513,1984
David Verdaguer,2,0,,2017
David Wain,2,0,,2015
David Warbeck,4,0,,1985
David Warner,23,4,17.20857674397245,2006
David Wayman,3,0,,2015
David Wayne,9,1,16.331315161473775,1971
David Wenham,10,1,17.12649945733783,2010
David Wiberg,2,0,,2016
David Wilmot,3,0,,2008
David Wood,1,1,13.122363377404328,1968
David Yost,1,1,18.0051652999907,1995
David Zayas,3,1,18.01752849911271,2015
David Zellner,4,0,,2011
Davika Hoorne,2,0,,2015
Davis Cleveland,2,0,,2017
Davos Hanich,2,0,,1977
Dawid Ogrodnik,5,1,16.5432558642425,2016
Dawn Addams,3,0,,1960
Daws Butler,5,0,,1988
Dax Shepard,9,8,16.690041445318645,2017
Dayle Haddon,2,0,,1976
De'Aundre Bonds,2,0,,2014
DeForest Kelley,7,6,18.430244892000616,1991
Dean Cain,13,0,,2015
Dean Cameron,3,0,,1994
Dean Gomersall,1,1,14.539823016682352,2013
Dean Jagger,13,1,18.095868548074293,1971
Dean Jones,12,1,18.80739820128088,1997
Dean Lennox Kelly,2,1,10.385759368884058,2009
Dean Martin,40,6,16.45810196121635,1984
Dean McDermott,2,0,,2009
Dean Norris,5,1,14.501942743323832,2015
Dean Reed,2,0,,2007
Dean Shek,4,0,,1987
Dean Stockwell,28,3,14.727131424470258,2014
Dean Winters,2,0,,2004
Deanna Durbin,9,0,,1947
Deanna Russo,4,1,12.34613454291433,2016
Deannie Yip,2,1,14.846007804026607,2011
Debbi Morgan,2,1,15.733023584053033,2016
Debbie Allen,2,0,,1999
Debbie Gibson,3,0,,2014
Debbie Reynolds,31,1,15.789591583986285,2016
Debbie Rochon,5,0,,2014
Debbie Watson,2,0,,1967
Debby Ryan,2,0,,2012
Debi Derryberry,6,1,18.209172143326143,2017
Debi Mazar,7,2,14.076874965153653,2008
Debora Weston,1,1,17.15779399751275,2004
Deborah Foreman,5,2,15.135596153126148,1988
Deborah Harry,7,2,15.587657888632636,2014
Deborah Kara Unger,19,8,14.707254642630247,2017
Deborah Kerr,31,5,16.646370009365665,1969
Deborah Mailman,3,0,,2014
Deborah Raffin,4,2,16.558033286123845,1991
Deborah Rennard,1,1,16.996817258654957,1990
Deborah Richter,1,1,16.134604526471403,1989
Deborah Secco,3,0,,2014
Deborah Shelton,2,0,,1994
Deborah Walley,6,0,,1973
Deborah Winters,3,0,,1978
Deborra-Lee Furness,2,1,10.933106969717286,2009
Debra Eisenstadt,1,1,11.73360999536918,1994
Debra Messing,4,3,14.414311399463195,2014
Debra Paget,11,1,16.012735135300492,1963
Debra Stipe,1,1,13.66265071131994,1987
Debra Winger,19,4,15.635912552740589,2017
Dechen Thurman,2,0,,1998
Dedee Pfeiffer,2,0,,2007
Dee Bradley Baker,5,0,,2016
Dee Dee Ramone,2,0,,2004
Dee Kelly Barrett,1,1,10.982577174715374,2011
Dee Snider,2,0,,2016
Dee Wallace,9,2,16.631376808316297,2015
Deems Taylor,1,1,18.23819917435705,1940
Deepak Chopra,3,0,,2012
Deepika Padukone,18,10,16.65405319833188,2015
Deepti Naval,2,0,,2015
Deirdre O'Connell,2,0,,2014
Dejan Angelov,1,1,16.828505421924817,2010
Dejan Aćimović,2,0,,2016
Deke Anderson,2,0,,2013
Delia Boccardo,3,0,,1974
Delores Taylor,3,0,,1977
Delphine Chuillot,2,0,,2013
Delphine Seyrig,12,0,,1980
Delroy Lindo,10,5,17.209615183037975,2009
Demet Akbag,4,1,16.451310874982074,2014
Demet Evgar,3,0,,2016
Demetra Hampton,2,0,,1994
Demetri Martin,5,0,,2017
Demi Lovato,3,0,,2010
Demi Moore,30,14,17.698336661429703,2016
Demián Bichir,10,4,15.280918202516714,2017
Den Obinata,2,0,,1934
Deng Chao,6,4,18.667891967125307,2017
Denholm Elliott,16,4,16.25077575561006,1992
Denice Duff,3,0,,1998
Denis Lavant,8,0,,2011
Denis Lawson,2,0,,2013
Denis Leary,28,8,18.690526913045034,2016
Denis Moschitto,4,0,,2011
Denis Ménochet,3,0,,2013
Denis Nikiforov,3,2,16.078095159980077,2012
Denis O'Hare,3,1,16.44490961050308,2014
Denis Podalydès,11,0,,2017
Denis Quilley,4,0,,1992
Denis Shvedov,3,0,,2017
Denise Crosby,5,1,17.866764356036878,2015
Denise Darcel,2,0,,1954
Denise Nicholas,2,1,17.022622782198866,1990
Denise Richards,19,5,17.418367926613122,2017
Denjirô Ôkôchi,5,0,,1946
Dennis Alexio,1,1,16.503154289494248,1989
Dennis Alwood,1,1,15.02768959883731,1985
Dennis Chan,4,2,15.271188918306112,2008
Dennis Christopher,3,0,,1985
Dennis Dugan,3,1,16.705098286367402,1984
Dennis Dun,1,1,16.213405830762646,1986
Dennis Farina,11,3,16.945337932934958,2011
Dennis Franz,1,1,13.408218782514702,1996
Dennis Haysbert,10,3,14.604291590236897,2016
Dennis Hoey,2,0,,1944
Dennis Hopper,49,16,15.829253919840951,2010
Dennis Miller,5,3,17.10302045568809,2015
Dennis Moore,2,0,,1944
Dennis Morgan,14,0,,1955
Dennis O'Keefe,14,0,,1957
Dennis Patrick,1,1,16.77661277316671,1970
Dennis Price,10,0,,1971
Dennis Quaid,49,33,17.234599933214643,2017
Dennis Rodman,5,0,,2015
Dennis Storhøi,2,1,17.937776644307974,2015
Dennis Waterman,2,0,,1977
Dennis Weaver,6,0,,1983
Dennis Wilson,2,0,,1985
Denver Pyle,2,0,,1975
Denzel Washington,43,38,17.940902672497394,2017
Denzel Whitaker,1,1,16.802704332061957,2010
Deon Cole,2,0,,2016
Deon Richmond,2,1,16.014553148379452,2006
Derek Farr,2,0,,1950
Derek Hough,1,1,18.61953160269753,2013
Derek Hutchinson,1,1,13.562797866855089,2004
Derek Jacobi,15,2,16.977275959771468,2008
Derek Jarman,2,1,14.356862282977536,1994
Derek Keurvorst,2,0,,1993
Derek Lee,1,1,11.7050240702781,2014
Derek Luke,10,9,16.850691442940587,2012
Derek Magyar,1,1,12.302068953531068,2007
Derek Mears,2,1,18.330526808840833,2012
Derek Richardson,3,1,18.204747808550863,2009
Derek Theler,3,0,,2016
Derek Yee Tung-Sing,5,0,,1987
Derek de Lint,5,1,12.224801166769156,2012
Dermot Mulroney,28,10,15.51423238355359,2017
Dervla Kirwan,4,1,14.313101994919304,2012
Derya Alabora,3,0,,2008
Desi Arnaz,3,0,,1956
Desi Arnaz Jr.,2,0,,1978
Desiree Hall,2,0,,2014
Desislava Tenekedjieva,2,0,,2004
Desmond Harrington,5,2,17.6054172473587,2008
Detlev Buck,3,0,,2013
Dev Patel,5,5,18.299656332928425,2016
Devanny Pinn,3,0,,2014
Devayani,1,1,13.122363377404328,1996
Devid Striesow,10,1,14.775456387329806,2015
Devin McGinn,2,0,,2012
Devin Ratray,1,1,12.462202129468848,2014
Devon Aoki,4,3,15.496679618374353,2009
Devon Bostick,6,2,18.129364413978713,2014
Devon Graye,4,1,9.533075832485352,2014
Devon Gummersall,4,0,,2005
Devon Sawa,16,4,16.22858543596888,2016
Devon Werkheiser,4,0,,2016
Dewey Martin,3,0,,1974
Dexter Fletcher,7,2,12.769194303031682,2015
Dhanush,4,2,16.156576171526385,2015
Dharmendra,4,0,,2013
Dhritiman Chatterjee,2,0,,1990
Diahann Carroll,2,0,,1974
Diahnne Abbott,2,0,,1984
Dian Bachar,3,0,,2007
Diana Amft,4,0,,2014
Diana Bracho,3,0,,2008
Diana Cavallioti,2,0,,2017
Diana Devlin,1,1,9.609384912281424,2000
Diana Dors,8,0,,1974
Diana García,3,1,14.829139956326358,2012
Diana Glenn,2,0,,2007
Diana Kaarina,4,0,,2011
Diana Lorys,4,0,,1976
Diana Lynn,13,0,,1956
Diana Muldaur,5,0,,1980
Diana Peñalver,1,1,12.399264077263714,1992
Diana Rigg,8,1,18.22191869586342,1992
Diana Ross,3,1,16.862366128957152,1978
Diana Sands,2,0,,1974
Diana Scarwid,7,3,16.491668022521736,2000
Diana Wynyard,3,1,15.84759840326064,1947
Diane Baker,9,1,15.761420707019589,2007
Diane Brewster,5,0,,1959
Diane Cilento,3,0,,1965
Diane Farr,3,0,,2016
Diane Franklin,2,0,,1986
Diane Keaton,40,23,17.154748460869154,2017
Diane Kruger,21,10,14.660082932528201,2016
Diane Ladd,10,4,15.423620962593496,2007
Diane Lane,33,21,17.022607042824376,2016
Diane McBain,3,0,,1974
Diane Rouxel,1,1,11.747705054247556,2016
Diane Varsi,5,0,,1968
Diane Venora,7,3,15.761884538085438,2015
Dianna Agron,5,3,15.326284829585392,2015
Dianne Foster,6,0,,1961
Dianne Hull,2,0,,1980
Dianne Wiest,13,5,17.68630914840518,2016
Dick Foran,12,0,,1959
Dick Gregory,2,0,,2015
Dick Haymes,2,0,,1947
Dick Kaysø,2,0,,1991
Dick Martin,2,1,16.140259801387984,1998
Dick Miller,3,0,,1978
Dick Powell,24,0,,1954
Dick Proenneke,4,0,,2011
Dick Purcell,3,0,,1944
Dick Shawn,5,0,,1986
Dick Van Dyke,11,2,17.328279713950202,1971
Dicky Barrett,2,0,,2011
Didda Jónsdóttir,3,0,,2016
Didi Conn,2,0,,1977
Didi Perego,3,0,,1969
Didier Bourdon,7,0,,2015
Didier Flamand,2,0,,2005
Diedrich Bader,8,0,,2015
Diego Abatantuono,32,3,15.476341922860115,2014
Diego Boneta,4,1,17.90011808541731,2016
Diego Cataño,3,0,,2015
Diego Luna,11,4,18.409865272792874,2016
Diego Martín,1,1,16.133772130343328,2012
Diego Peretti,10,0,,2016
Diego Ramos,1,1,16.99356438831222,2013
Diego Serrano,1,1,11.936950598599305,2005
Diem Lien,1,1,13.367659733359671,2006
Dieter Borsche,2,0,,1957
Dieter Hallervorden,3,1,15.022288524142182,2016
Dieter Laser,5,0,,2015
Dieter Wardetzky,1,1,11.087283159423247,1996
Dieudonné M'bala M'bala,2,0,,2012
Dilip Kumar,3,0,,1986
Dilip Prabhavalkar,5,0,,2014
Dillon Freasier,1,1,18.162022845416978,2007
Dilorom Kambarova,2,0,,1976
Dimitri Leonidas,2,0,,2012
Dimitri Storoge,4,0,,2015
Dimitri Vysotsky,2,1,14.363631966473962,2015
Dimitris Horn,2,0,,1958
Dimitris Katalifos,2,0,,2017
Dimitris Papamichael,8,0,,1968
Dimitris Piatas,2,0,,2012
Dimitris Tzoumakis,2,0,,2015
Dimple Kapadia,3,0,,2005
Dina Bonnevie,1,1,15.201804919084164,2001
Dina Korzun,5,0,,2009
Dina Merrill,2,0,,1961
Dina Meyer,10,2,17.688499063419798,2015
Dinah Manoff,2,0,,2001
Dinah Sheridan,2,0,,1970
Dinah Shore,4,0,,1947
Dinara Drukarova,3,0,,2006
Dinesh D'Souza,2,1,16.38045991542581,2016
Dinesh Ravi,2,2,16.202544919189226,2016
Dino Abbrescia,5,0,,2015
Dino Morea,3,0,,2010
Dino Strano,5,0,,1980
Diogo Morgado,4,1,18.03207369686298,2016
Dionysis Papagiannopoulos,9,0,,1984
Diora Baird,7,0,,2014
Dipankar Dey,2,0,,1991
Dira Paes,2,0,,2007
Dirce Funari,2,0,,1981
Dirch Passer,4,0,,1970
Dirk Benedict,5,0,,2006
Dirk Bogarde,35,1,17.74242217588617,1990
Dirk Roofthooft,2,0,,2004
Dirk Shafer,1,1,12.2545532379777,1995
Disha Patani,1,1,19.353680086291163,2017
Dita Parlo,3,0,,1937
Divine,9,2,13.09997346921703,2013
Divya Dutta,3,1,17.034386382832476,2013
Djemel Barek,2,0,,2014
Djimon Hounsou,7,5,15.694158779595151,2015
Dmitri Nazarov,2,0,,2014
Dmitri Yendaltsev,1,1,12.67730988856144,2014
Dmitriy Dyuzhev,7,4,15.164509041283049,2012
Dmitriy Endaltsev,1,1,13.779060243709656,2015
Dmitriy Kharatyan,6,0,,2006
Dmitriy Khrustalev,2,0,,2012
Dmitriy Kubasov,2,0,,2008
Dmitriy Maryanov,3,0,,2013
Dmitriy Nagiev,5,1,16.333207030575267,2015
Dmitriy Orlov,1,1,12.657769091246102,2002
Dmitriy Pevtsov,2,0,,2009
Dmitriy Sharakois,1,1,12.095141084822892,2014
Dmitriy Shevchenko,1,1,13.054861536635544,2014
Do Ji-han,2,2,15.810386692926098,2016
Dodo Abashidze,2,0,,1986
Dolly Parton,9,3,17.773048064399386,2016
Dolly Read,1,1,17.50439001207821,1970
Dolly Wells,2,1,15.262548827903268,2016
Dolores Chaplin,2,0,,2000
Dolores Costello,5,0,,1942
Dolores Fonzi,5,1,16.01579710933631,2015
Dolores Fuller,2,0,,1996
Dolores Gray,3,0,,1957
Dolores Hart,4,0,,2012
Dolores Heredia,2,0,,1999
Dolores Ibárruri,2,0,,1937
Dolores del Río,8,0,,1947
Dolph Lundgren,53,10,14.795534368887033,2017
Dom DeLuise,21,10,16.54733031199282,1998
Domhnall Gleeson,5,5,17.187721229579324,2015
Dominic Bogart,2,0,,2013
Dominic Chianese,2,0,,2007
Dominic Cooper,12,6,17.614487044642313,2017
Dominic Gould,2,0,,2011
Dominic Guard,2,0,,1978
Dominic Keating,2,0,,2011
Dominic Monaghan,5,0,,2016
Dominic Purcell,17,2,17.425369929428705,2016
Dominic Rains,2,1,11.913960775999008,2016
Dominic Scott Kay,4,0,,2006
Dominic West,9,4,16.78338603099601,2013
Dominic Zamprogna,3,0,,2005
Dominique Abel,4,0,,2017
Dominique Baffier,1,1,15.682276690640128,2010
Dominique Blanc,7,1,12.64424047589399,2010
Dominique Farrugia,3,0,,2000
Dominique Horwitz,6,0,,2008
Dominique Labourier,3,0,,1974
Dominique Lavanant,5,1,10.291942131810886,2013
Dominique McElligott,2,1,16.093813614070207,2009
Dominique Pinon,9,3,15.07440917220945,2015
Dominique Reymond,4,0,,2008
Dominique Rocheteau,2,0,,2013
Dominique Sanda,11,1,15.981129795885163,1990
Dominique Swain,14,2,12.039563346957383,2015
Domiziana Giordano,2,0,,1990
Domiziano Arcangeli,2,0,,2010
Don Adams,2,0,,1989
Don Ameche,22,4,16.2103864870685,1993
Don Austen,1,1,17.12171963134924,1992
Don Backy,4,0,,1974
Don Brodie,1,1,18.249892422972085,1940
Don Calfa,2,1,16.471354767595884,2011
Don Cheadle,24,17,17.113978378504452,2016
Don DeFore,6,0,,1950
Don Dubbins,2,0,,1957
Don Ed Hardy,2,0,,2013
Don Francks,2,0,,1983
Don Gordon,5,1,16.834538468792836,1991
Don Harvey,1,1,16.742499054004835,1989
Don Hertzfeldt,5,0,,2012
Don Johnson,16,8,14.901171782749541,2015
Don Keith Opper,2,0,,1992
Don King,1,1,14.796134039806564,1996
Don Knotts,14,0,,1999
Don Marshall,2,0,,1973
Don McKellar,5,0,,2010
Don McManus,2,0,,2014
Don Megowan,2,0,,1962
Don Messick,8,0,,1995
Don Michael Paul,2,0,,1993
Don Most,2,0,,2009
Don Murray,14,2,13.107133773661975,1989
Don Pedro Colley,3,1,14.706278332607344,1974
Don Porter,2,0,,1946
Don Rickles,5,2,17.60137120114613,2007
Don Scardino,2,0,,1980
Don Stroud,5,1,16.480193862361272,1995
Don Swayze,2,0,,2012
Don Taylor,3,0,,1953
Don Wilson,7,0,,1995
Dona Speir,4,0,,1993
Donal Logue,11,2,14.529459504036971,2015
Donal McCann,2,0,,1987
Donald Austin,1,1,11.619984537263637,2012
Donald Calthrop,3,0,,1935
Donald Cook,3,0,,1935
Donald Crisp,13,1,16.027295286631823,1961
Donald Curtis,2,0,,1956
Donald Faison,6,1,16.014553148379452,2010
Donald Gibb,1,1,13.436226222878938,1996
Donald Glover,3,1,17.97612227138173,2015
Donald Houston,5,0,,1967
Donald Keith,2,0,,1925
Donald MacBride,2,0,,1951
Donald Meek,3,0,,1940
Donald Moffat,1,1,15.650310838317418,1989
Donald O'Brien,2,0,,1990
Donald O'Connor,7,1,15.789591583986285,1961
Donald Pleasence,51,9,16.501777556397936,1995
Donald Sinden,7,0,,1974
Donald Sutherland,63,18,16.63974630135139,2016
Donald Trump,8,0,,2017
Donald Wolfit,2,0,,1958
Donald Woods,8,0,,1961
Donatas Banionis,5,0,,1991
Donatella Finocchiaro,5,0,,2014
Dong Jie,1,1,12.388781627265391,2000
Dong Li-Fan,1,1,12.388781627265391,2000
Dong Yong,1,1,15.757307401824024,2006
Dong Zijian,2,0,,2016
Donna D'Errico,2,0,,2004
Donna Dixon,2,1,14.939582969489432,1989
Donna Kei Benz,2,0,,1985
Donna Mills,2,0,,2015
Donna Murphy,3,1,20.19867074094886,2011
Donna Reed,17,1,16.081859375935917,1956
Donna Wilkes,3,0,,1988
Donnie Dunagan,1,1,19.404432534687334,1942
Donnie Jeffcoat,2,0,,2012
Donnie Wahlberg,7,3,17.47979498277863,2015
Donnie Yen,24,9,14.803638136828319,2017
Donny Alamsyah,2,1,15.227761854033297,2011
Donovan Leitch,3,2,13.83029147453906,1989
Donovan Scott,3,1,15.569629251946251,1988
Dora Bryan,2,1,13.416187548490091,1988
Dora van der Groen,3,0,,2001
Dorian Boguţă,2,0,,2016
Dorian Brown,1,1,14.866688762570554,2013
Dorian Corey,1,1,15.145134033441852,1990
Dorian Gray,2,0,,1960
Dorian Harewood,4,1,17.979850149345538,2000
Dorian Healy,2,0,,1998
Dorian Tan Tao-Liang,2,0,,1978
Dorie Barton,2,0,,2004
Doris Day,33,2,15.810638750437548,1968
Doris Kenyon,3,0,,1933
Doris Lloyd,3,0,,1935
Doris Lung Chun-Erh,3,0,,1978
Doris Roberts,4,1,13.866154241400311,2009
Dorka Gryllus,2,0,,2015
Dorkas Kiefer,2,0,,2005
Dorota Kwiatkowska,2,0,,1984
Dorota Segda,3,0,,2003
Dorothy Atkinson,1,1,15.502927511714963,2014
Dorothy Burgess,2,0,,1934
Dorothy Comingore,1,1,16.960424356951155,1941
Dorothy Compton,2,0,,1934
Dorothy Dandridge,4,0,,1959
Dorothy Dwan,2,0,,1926
Dorothy Gish,2,0,,1921
Dorothy Hart,5,0,,1952
Dorothy Jordan,5,0,,1933
Dorothy Lamour,13,1,16.454567887579532,1987
Dorothy Lee,4,0,,1931
Dorothy Mackaill,6,0,,1937
Dorothy Malone,12,1,12.429216196844385,1963
Dorothy McGuire,18,1,15.86963429165982,1971
Dorothy Provine,6,0,,1968
Dorothy Revier,2,0,,1931
Dorothy Sebastian,3,0,,1934
Dorothy Short,2,0,,1942
Dorothy Stratten,1,1,15.397577273602243,1980
Dorothy Tristan,2,0,,1976
Dorothy Tutin,3,0,,1996
Doug Benson,3,0,,2015
Doug Bradley,4,0,,2015
Doug E. Doug,4,1,18.85806045973639,2015
Doug Erholtz,2,0,,2009
Doug Hoefer,1,1,10.247077256926206,2010
Doug Jones,3,0,,2015
Doug McClure,7,0,,1982
Doug McKeon,3,1,15.977962629741924,2015
Doug Savant,4,0,,2002
Doug Stanhope,6,0,,2016
Doug Walker,2,0,,2012
Douglas Barr,1,1,16.547900333736546,1990
Douglas Booth,4,2,14.272667423017968,2018
Douglas Fairbanks,15,1,14.009332398928436,1934
Douglas Fairbanks Jr.,22,0,,1981
Douglas Fowley,2,0,,1976
Douglas Henshall,5,2,11.636129924307475,2012
Douglas Håge,2,0,,1957
Douglas Kennedy,3,0,,1960
Douglas Seale,1,1,17.15490732034596,1988
Douglas Silva,1,1,12.634850552935411,2007
Douglas Smith,6,2,18.038415642102485,2017
Douglas Wilmer,3,0,,1971
Douglass Montgomery,4,0,,1949
Dougray Scott,17,4,18.27734144541604,2017
Doutzen Kroes,2,0,,2011
Dov Navon,1,1,15.58195221920804,2010
Dove Cameron,4,0,,2017
Doze Niu Cheng-Tse,2,0,,1989
Doğa Zeynep Doğuşlu,1,1,12.429216196844385,2015
Dr. Dre,5,2,14.35628412298215,2012
Dragan Bakema,3,0,,2011
Dragan Bjelogrlić,3,1,11.918390573078392,2005
Dragan Nikolić,5,0,,2004
Dragomir Mrsic,2,0,,2012
Dragoș Bucur,9,3,12.516631989871653,2016
Drake Bell,9,2,16.356798318061795,2012
Drea de Matteo,4,0,,2013
Dreama Walker,2,1,12.673839399835526,2012
Dree Hemingway,2,0,,2013
Drew Barrymore,38,25,17.839777943165664,2015
Drew Bundini Brown,1,1,16.11809565095832,1972
Drew Fuller,5,0,,2016
Drew Sidora,1,1,15.594353635259102,2004
Drew Snyder,2,0,,1983
Dreya Weber,2,0,,2010
Drica Moraes,2,0,,2014
Dror Harazi,1,1,16.224781697711506,2008
Drue Leyton,2,0,,1934
Duane Jones,2,1,17.216707939626428,1982
Duane Martin,4,1,15.89831780430041,2004
Dub Taylor,2,0,,1976
Dudley Digges,4,0,,1933
Dudley Moore,17,7,17.22594081815684,1992
Dudley Sutton,3,0,,1971
Duilio Del Prete,3,1,14.22097566607244,1975
Duke Mitchell,3,0,,2010
Duke Moore,3,0,,1960
Dulquer Salmaan,5,3,15.037696276334088,2016
Duncan Domey,1,1,12.44583729786062,2006
Duncan Watson,2,0,,1977
Dusan Pekic,1,1,11.918390573078392,1998
Dustin Hoffman,46,30,17.59352313436258,2017
Dustin Ingram,2,1,10.362461831496551,2016
Dustin Milligan,7,1,16.523560759066484,2016
Dustin Nguyen,3,0,,2015
Dustin Ray,1,1,10.781702515558052,2010
Dvir Benedek,2,0,,2015
Dwayne Cameron,2,0,,2017
Dwayne Hickman,3,0,,1965
Dwayne Johnson,25,25,18.57637046976602,2017
Dwier Brown,2,1,16.6509500693291,2008
Dwight Henry,1,1,16.865150640083012,2012
Dwight Schultz,4,0,,1993
Dwight Yoakam,7,4,16.71002114507812,2010
Dyan Cannon,16,0,,2008
Dyanne Thorne,4,0,,1977
Dylan Baker,8,3,14.192728999775214,2014
Dylan Bruce,2,0,,2017
Dylan Bruno,2,0,,2012
Dylan McDermott,18,6,15.07396692332039,2015
Dylan McKiernan,1,1,12.469797522406187,2016
Dylan Minnette,2,2,18.875766923170538,2016
Dylan Moran,7,0,,2015
Dylan Neal,5,0,,2016
Dylan O'Brien,3,2,19.61238050704827,2015
Dylan Smith,1,1,7.397561535524052,2012
Dylan Sprouse,2,0,,2003
Dylan Vox,3,0,,2011
Dylan Walsh,6,1,18.83953646955659,2009
Déborah François,9,2,14.561672075466166,2012
E.G. Daily,9,5,17.46446761305473,2003
E.G. Marshall,2,0,,1977
E.J. Bonilla,3,0,,2012
Eamonn Walker,3,1,17.048092029888586,2011
Earl Holliman,6,0,,1972
Earl L. Butz,1,1,11.306737354305431,2007
Earl Owensby,2,0,,1979
Earle Foxe,2,0,,1928
Eartha Kitt,8,1,18.947346371830516,2005
Eason Chan,5,0,,2015
Ebon Moss-Bachrach,2,1,10.647993025371216,2012
Ed Asner,11,1,20.41551585353385,2016
Ed Begley,5,1,15.732433170146336,1970
Ed Begley Jr.,8,1,13.093494657001532,2008
Ed Berke,1,1,12.999065161059836,1986
Ed Bishop,3,0,,1974
Ed Flanders,3,1,17.479693831356474,1990
Ed Gale,1,1,17.740881087541464,1998
Ed Harris,49,20,16.111346861753702,2016
Ed Helms,7,7,18.148067264405974,2017
Ed Koch,3,0,,2013
Ed Lauter,5,2,17.111195950584914,2010
Ed Lover,2,0,,2016
Ed McMahon,3,0,,1981
Ed Nelson,3,0,,1980
Ed O'Neill,3,2,14.314559042924742,1997
Ed O'Ross,2,1,17.370705693475394,2009
Ed Oxenbould,3,2,18.416130462033806,2015
Ed Paul,1,1,18.712971704145342,1999
Ed Quinn,6,0,,2015
Ed Skrein,8,2,19.28983580372594,2016
Ed Speleers,6,2,18.19110593182298,2015
Ed Stoppard,5,0,,2014
Ed Viesturs,1,1,18.15211374222247,1998
Ed Westwick,3,2,12.7723297218651,2015
Ed Wynn,2,2,17.970127445677807,1960
Edan Gross,1,1,12.905547265556732,1991
Edd Byrnes,4,0,,1987
Eddie 'Rochester' Anderson,2,1,14.28964564098946,1943
Eddie Albert,24,3,17.202282406844137,1985
Eddie Barth,1,1,16.86964517413569,1980
Eddie Bracken,8,0,,1990
Eddie Cantor,6,0,,1944
Eddie Cheung Siu-Fai,5,1,13.114331205707064,2015
Eddie Cibrian,2,1,16.524093350547794,2009
Eddie Constantine,3,0,,1971
Eddie Cutanda,1,1,9.239899174217728,1997
Eddie Deezen,3,1,16.27145044272211,1991
Eddie Fisher,2,0,,1960
Eddie Garcia,1,1,10.453312711151128,2012
Eddie Griffin,15,4,17.01982827491365,2015
Eddie Hodges,2,0,,1967
Eddie Izzard,16,4,14.66195538000094,2016
Eddie Kaye Thomas,6,0,,2013
Eddie Marsan,12,4,14.106344860638576,2017
Eddie Mills,1,1,13.2456282491929,1998
Eddie Murphy,41,35,18.51163137798324,2016
Eddie Peng,9,1,18.968802152462057,2017
Eddie Pepitone,2,0,,2015
Eddie Redmayne,10,5,17.39677798525383,2016
Eddie Vedder,4,0,,2013
Eddy Mitchell,6,0,,2013
Edgar Bergen,3,0,,1947
Edgar Buchanan,2,0,,1969
Edgar Flores,1,1,15.445095352157676,2009
Edgar Kennedy,4,0,,1943
Edgar Ramírez,9,4,16.28272380893714,2016
Edgar Selge,3,1,13.912165288001136,2010
Edi Gathegi,2,0,,2015
Edie Adams,6,0,,2008
Edie Falco,7,2,14.675995696318179,2017
Edie Sedgwick,3,0,,1973
Edison Chen,4,1,17.48275359892404,2009
Edith Bouvier Beale,2,0,,2006
Edith Clever,2,0,,1978
Edith Evans,5,0,,1970
Edith Meeks,1,1,13.320433603666372,1991
Edith Scob,4,1,12.551016043193012,2016
Edmilson Filho,2,1,15.404745763080856,2016
Edmond O'Brien,28,1,16.300417207752275,1974
Edmund Breon,5,0,,1914
Edmund Gwenn,13,1,15.761420707019589,1956
Edmund Lowe,6,0,,1945
Edmund Purdom,7,0,,1985
Edna Best,3,0,,1940
Edna Doré,1,1,13.99141322435594,1988
Edna May Oliver,7,0,,1941
Edna Purviance,28,1,14.73180128983843,1923
Edoardo Ballerini,2,0,,2015
Edoardo Gabbriellini,3,0,,2010
Edoardo Leo,5,0,,2017
Edouard Baer,11,1,14.17198918263364,2015
Eduard Fernández,9,1,14.685601108765296,2016
Eduard Franz,3,0,,1962
Eduard Nazarov,2,0,,1983
Eduardo Blanco,3,0,,2004
Eduardo Ciannelli,3,0,,1953
Eduardo De Filippo,8,0,,1975
Eduardo Fajardo,3,0,,1972
Eduardo Noriega,13,4,14.157392314051682,2016
Eduardo Sterblitch,2,0,,2014
Eduardo Verástegui,2,1,18.493905573393192,2015
Eduardo Yáñez,2,0,,2015
Edward Albert,8,0,,1995
Edward Andrews,2,0,,1961
Edward Arnold,20,0,,1956
Edward Burns,15,5,15.673623445653865,2012
Edward Burtynsky,1,1,12.389389540144386,2006
Edward Chapman,6,0,,1958
Edward Ellis,2,0,,1938
Edward Everett Horton,7,1,14.979286172538798,1937
Edward F. Cline,2,0,,1921
Edward Fox,9,1,18.1688533284017,1995
Edward Furlong,28,6,14.705501414126239,2014
Edward G. Robinson,49,4,15.316439934258316,1973
Edward Herrmann,10,4,17.081625427508573,2014
Edward Hogg,5,1,11.302327882824535,2013
Edward James Olmos,14,3,16.84764756577086,2013
Edward José,2,0,,1915
Edward Judd,4,0,,1968
Edward Norris,2,0,,1946
Edward Norton,20,17,17.68585206218296,2016
Edward Platt,2,0,,1959
Edward Snowden,3,1,14.91517862243825,2015
Edward Woods,2,0,,1933
Edward Woodward,6,0,,1990
Edward X. Young,2,0,,2010
Edwige Fenech,17,0,,1982
Edwige Feuillère,4,0,,1958
Edwin Hodge,1,1,17.506886892276796,2014
Edwina Booth,2,0,,1931
Edythe Chapman,2,0,,1922
Eero Aho,4,0,,2015
Eero Milonoff,3,0,,2016
Eero Ritala,2,0,,2015
Eeva Litmanen,2,0,,1999
Efim Kopelyan,3,0,,1974
Efim Petrunin,1,1,15.380255242313453,2017
"Efrem Zimbalist, Jr.",3,0,,1962
Efren Ramirez,4,0,,2015
Efthymis Papadimitriou,2,0,,2016
Egbert Jan Weeber,4,0,,2010
Egor Beroev,6,1,11.988096967724918,2016
Eihi Shiina,2,0,,2008
Eija Ahvo,2,0,,2014
Eiji Funakoshi,4,0,,1969
Eiji Gô,2,0,,1974
Eiji Okada,6,0,,1983
Eiko Koike,4,0,,2012
Eiko Masuyama,5,0,,2008
Eiko Taki,2,0,,1965
Eileen Atkins,9,1,16.515489809735655,2012
Eileen Brennan,5,1,16.499541048360182,1997
Eileen Colgan,2,0,,1994
Eileen Davidson,2,1,16.176834825848037,1989
Eileen Davies,2,1,11.031367338884806,2016
Eileen Dietz,3,0,,1979
Eileen Essell,1,1,16.776761887889545,2003
Eileen Heckart,4,0,,1974
Eileen Stevens,1,1,17.72753356339242,2013
Eileen Walsh,1,1,16.85798332511883,2002
Eilidh Rankin,1,1,15.53871116865099,2010
Eilish O'Carroll,1,1,16.951004773893423,2014
Eion Bailey,6,1,12.348439886817095,2009
Eisa Davis,2,0,,2012
Eita,5,0,,2011
Eitarô Ozawa,4,0,,1964
Ekaterina Guseva,2,1,11.988096967724918,2009
Ekaterina Klimova,4,2,15.289786679950918,2014
Ekaterina Kuznetsova,1,1,16.09955808713181,2011
Ekaterina Vilkova,4,3,14.756680503155417,2016
Ekin Cheng,12,0,,2016
El Brendel,2,0,,1930
El Langui,1,1,12.90935578327801,2008
Ela Piplits,2,0,,2012
Elaine Bly,1,1,13.487109263488742,1997
Elaine Cassidy,2,0,,2001
Elaine Edwards,2,0,,1959
Elaine Friedman,1,1,14.95269751781215,2003
Elaine Hendrix,6,2,13.979849383916925,2006
Elaine Jin,4,1,18.21427139162932,2013
Elaine May,3,1,13.815510557964274,2016
Elaine Stewart,3,0,,1960
Elaine Stritch,3,0,,2013
Elanne Kwong,2,0,,2010
Elden Henson,4,0,,2003
Eldridge Cleaver,2,0,,1972
Eleanor Audley,2,2,18.568623491232792,1959
Eleanor Boardman,5,0,,1928
Eleanor Bron,3,1,15.457300261815744,2000
Eleanor David,2,1,16.91759217312653,1984
Eleanor Parker,33,3,16.48349237449419,1971
Eleanor Powell,7,0,,1941
Eleanor Tomlinson,5,1,19.10219858005435,2016
Elena Anaya,11,2,16.266964619670574,2016
Elena Babenko,4,2,15.598018421793167,2009
Elena Drobysheva,2,0,,2008
Elena Kampouris,1,1,18.3032842073456,2016
Elena Leeve,3,0,,2009
Elena Lyadova,3,2,13.914694192816116,2015
Elena Panova,3,2,16.078095159980077,2010
Elena Plaksina,1,1,16.941043103410745,2010
Elena Safonova,2,0,,1987
Elena Sofia Ricci,5,0,,2015
Elena Yakovleva,2,0,,2006
Eleonora Brown,2,0,,1968
Eleonora Giorgi,8,0,,1982
Eleonora Rossi Drago,5,0,,1970
Elga Andersen,3,0,,1971
Eli Danker,2,0,,2014
Eli Finish,1,1,15.58195221920804,2010
Eli Marienthal,1,1,16.95790720158322,1999
Eli Roth,4,1,10.97695295878228,2015
Eli Wallach,14,2,15.506517839086964,1996
Elia Kazan,2,0,,2010
Elia Suleiman,2,1,13.532892972653524,2009
Elias Koteas,21,7,14.92796035649039,2013
Elias Schwarz,1,1,13.979495013054624,2014
Elijah Kelley,1,1,16.4258342155387,2015
Elijah Wood,36,18,17.181206413712435,2017
Elika Portnoy,2,0,,2012
Elina Hurme,2,0,,1998
Elina Knihtilä,3,0,,2015
Elina Labourdette,2,0,,1951
Elina Löwensohn,7,0,,2016
Elina Salo,2,0,,1990
Elio Germano,11,1,15.681648415161352,2015
Elisa Carricajo,2,0,,2015
Elisa Donovan,5,0,,2011
Elisa Lasowski,3,0,,2015
Elisa Montés,3,0,,1969
Elisabeth Bergner,3,0,,1973
Elisabeth Harnois,6,0,,2014
Elisabeth Kaza,2,0,,1987
Elisabeth Moss,11,1,14.748286262938278,2017
Elisabeth Röhm,4,0,,2014
Elisabeth Shue,17,7,18.21850097511555,2012
Elisabeth Trissenaar,2,0,,1986
Elisabeth Welch,2,0,,1937
Elisabetta Rocchetti,2,1,10.94866390211491,2005
Elisha Cuthbert,9,4,15.72736901433182,2009
Elissa Knight,1,1,20.071859000294808,2008
Elissa Landi,3,0,,1934
Elit İşcan,1,1,12.429216196844385,2015
Eliza Bennett,4,0,,2015
Eliza Coupe,2,0,,2015
Eliza Dushku,16,2,17.745495527786428,2017
Elizabeth Allan,7,0,,1958
Elizabeth Allen,1,1,15.702580206996654,1963
Elizabeth Ashley,3,0,,1980
Elizabeth Banks,23,14,16.91757989684607,2015
Elizabeth Barondes,2,0,,2007
Elizabeth Berkley,5,2,16.027563026219035,2009
Elizabeth Berridge,2,1,17.76623546891137,1984
Elizabeth Gillies,2,0,,2014
Elizabeth Hartman,6,2,16.116140124535256,1982
Elizabeth Hurley,14,6,16.156774318856527,2014
Elizabeth James,1,1,17.399029496420383,1967
Elizabeth Kaitan,3,1,11.94680308751507,1988
Elizabeth McGovern,13,2,14.846793739769584,2015
Elizabeth Mitchell,7,3,18.603797469980922,2016
Elizabeth Montgomery,3,0,,1980
Elizabeth Moody,1,1,12.399264077263714,1992
Elizabeth Olsen,12,8,15.774714145391846,2017
Elizabeth Oropesa,2,0,,1999
Elizabeth Perkins,14,8,18.09951354555074,2005
Elizabeth Peña,8,5,16.208844190809046,2013
Elizabeth Reaser,4,2,14.8098504937591,2016
Elizabeth Rice,4,1,11.104295353518909,2016
Elizabeth Roberts,2,0,,2014
Elizabeth Sellars,6,0,,1960
Elizabeth Taylor,29,5,16.9858073272029,1987
Elizaveta Boyarskaya,6,3,17.187728842987614,2016
Elke Sommer,15,2,15.510810632370777,1976
Ella Ballentine,2,0,,2016
Ella Joyce,2,0,,2008
Ella Lola,2,0,,1898
Ella Purnell,3,0,,2015
Ella Raines,10,0,,1949
Ella Rumpf,2,1,15.226497531674536,2016
Ella-June Henrard,2,0,,2015
Ellar Coltrane,1,1,17.607600718551335,2014
Elle Fanning,17,10,16.303401462457703,2018
Elle Macpherson,2,1,17.58394707877033,1997
Elle Peterson,1,1,17.043316074198437,2005
Ellen Albertini Dow,2,0,,2007
Ellen Barkin,22,8,15.078093745128628,2011
Ellen Blain,1,1,15.69985710878846,1993
Ellen Burstyn,34,12,16.51633605107485,2016
Ellen DeGeneres,6,2,20.70659175602841,2016
Ellen Dorrit Petersen,3,0,,2016
Ellen Drew,8,0,,1951
Ellen Greene,4,2,16.265926716697937,1988
Ellen Hollman,4,0,,2015
Ellen McLaughlin,2,0,,1996
Ellen Muth,3,0,,2016
Ellen Page,20,10,14.981990732228837,2016
Ellen Sandweiss,3,1,17.19650523230891,2009
Ellery Sprayberry,1,1,6.985641817639208,2012
Ellie Cornell,2,2,16.48155193623218,1989
Ellie Kemper,1,1,19.09964555851778,2017
Ellie Kendrick,2,0,,2017
Elliot Cowan,4,0,,2015
Elliot Ngok,5,0,,1977
Elliott Gould,26,5,16.7485291369536,2011
Elliott Nugent,3,0,,1930
Elliott Reid,2,0,,1953
Elliott Spiers,2,0,,1994
Elmar Wepper,2,0,,2011
Elmira Zherzdeva,2,0,,1973
Eloise Mumford,3,0,,2015
Elon Gold,2,0,,2014
Elon Musk,2,0,,2016
Elpidia Carrillo,3,1,18.40287870374666,1999
Els Dottermans,3,0,,2006
Elsa Cárdenas,2,0,,1963
Elsa Lanchester,5,0,,1973
Elsa Martinelli,11,0,,1969
Elsa Pataky,11,0,,2016
Elsa Zylberstein,10,0,,2017
Elsebeth Steentoft,2,0,,2012
Elton John,4,0,,2015
Elvira Mínguez,2,0,,2017
Elvire Audray,2,0,,1983
Elvis Costello,2,0,,2014
Elvis Presley,32,4,14.933808635614767,1981
Elvis Tsui,1,1,12.889177065965498,1991
Ely Galleani,2,0,,1976
Ely Pouget,2,1,14.168101473600952,1997
Elya Baskin,3,1,10.318341777940978,2013
Elyas M’Barek,5,1,18.23468754291467,2015
Elyse Levesque,2,0,,2015
Eléonore Hendricks,6,0,,2015
Elżbieta Czyżewska,4,0,,1969
Emayatzy Corinealdi,3,1,15.056913820046017,2016
Embeth Davidtz,9,2,17.840726273451626,2010
Emer McCourt,1,1,12.596234588562872,1991
Emi Ikehata,1,1,17.469022101340624,2009
Emi Shinohara,2,0,,1998
Emi Takei,3,1,17.937794488875618,2016
Emii,2,0,,2014
Emil Jannings,10,0,,1937
Emil Karewicz,3,0,,1980
Emile Hirsch,20,12,16.049207629655942,2017
Emile Meyer,2,0,,1956
Emilia Clarke,4,2,19.52822028014238,2017
Emilia Crow,2,0,,1992
Emilia Fox,2,1,14.645934421285446,2006
Emilia Krakowska,2,0,,2003
Emilia Schüle,3,0,,2010
Emilia Zoryan,2,0,,2017
Emilie François,1,1,14.391219580890574,1997
Emilie de Ravin,5,1,17.841449379875606,2016
Emilio Estevez,23,11,16.631616054629205,2010
Emilio Gutiérrez Caba,2,1,12.620011747717715,2009
Emilio Rivera,3,1,18.21332153684937,2013
Emily Alyn Lind,4,0,,2015
Emily Atack,4,0,,2017
Emily Baldoni,3,1,11.5387588900012,2013
Emily Barclay,5,1,18.75767705750698,2011
Emily Bauer,2,1,17.55884159631368,2010
Emily Bergl,2,1,16.692611592489087,2001
Emily Blunt,24,17,17.754009235601245,2016
Emily Booth,2,0,,2006
Emily Browning,10,4,18.004512589405575,2017
Emily Chu,2,0,,1986
Emily Deschanel,2,1,18.02307753496591,2011
Emily Hampshire,9,1,10.719957949128071,2014
Emily Holmes,2,0,,2011
Emily Lloyd,4,0,,1996
Emily Longstreth,2,1,11.673878669359924,1989
Emily Meade,4,1,18.26099891548648,2016
Emily Mortimer,13,9,16.282628668216873,2010
Emily Osment,4,1,18.862447430477683,2014
Emily Perkins,3,0,,2004
Emily Procter,2,1,18.744639744138983,2006
Emily Ratajkowski,1,1,16.224443778766677,2015
Emily Roya O'Brien,2,0,,2017
Emily Stofle,2,0,,2010
Emily Tennant,4,0,,2016
Emily VanCamp,5,0,,2015
Emily Wagner,2,0,,2010
Emily Watson,27,11,16.33543297889993,2015
Emily Woof,3,0,,2004
Emin Toprak,2,0,,2002
Eminem,3,1,19.186148586091935,2002
Emir Hadžihafizbegović,2,0,,2012
Emir Kusturica,7,0,,2016
Emjay Anthony,1,1,17.64345464617306,2014
Emlyn Williams,5,0,,1970
Emma Bell,3,2,16.906616446521515,2014
Emma Booth,4,1,15.400295467023549,2016
Emma Bunton,1,1,18.420680743952367,1997
Emma Catherwood,2,0,,2008
Emma Caulfield,3,0,,2009
Emma Cleasby,2,0,,2006
Emma Cohen,2,0,,1973
Emma Danieli,2,0,,1966
Emma Fitzpatrick,2,2,13.13067254461064,2014
Emma Greenwell,2,1,16.455750616451343,2016
Emma Lung,4,0,,2012
Emma Penella,3,1,12.65079051756004,1987
Emma Roberts,19,10,14.748409491858691,2016
Emma Samms,6,2,14.282766692464605,2005
Emma Schweiger,3,1,17.576710673657836,2014
Emma Stone,15,14,18.581980505576798,2016
Emma Suárez,7,0,,2016
Emma Thompson,24,13,17.49538975623685,2016
Emma Watson,17,16,19.15798998158754,2017
Emma de Caunes,1,1,19.252442878913403,2007
Emmanuel Bilodeau,3,0,,2004
Emmanuel Garijo,1,1,13.734272302574954,2016
Emmanuel Mouret,3,0,,2011
Emmanuel Salinger,3,0,,2016
Emmanuelle Bercot,2,1,12.54966234992025,2015
Emmanuelle Béart,25,2,17.133979663984043,2014
Emmanuelle Chaulet,2,0,,1990
Emmanuelle Chriqui,13,3,15.212881148706993,2015
Emmanuelle Devos,16,1,11.747705054247556,2016
Emmanuelle Riva,7,1,17.211519603457493,2017
Emmanuelle Seigner,13,5,15.39132156153886,2016
Emmanuelle Vaugier,14,0,,2016
Emmanuil Vitorgan,3,0,,1990
Emmi Parviainen,3,0,,2014
Emmy Argo,1,1,7.921535632133549,2014
Emmy Rossum,9,6,12.734247882837787,2014
Emmylou Harris,2,0,,2006
Emory Cohen,6,1,17.943872270180314,2017
Emraan Hashmi,17,1,15.201804919084164,2016
Emília Vášáryová,3,0,,2004
Endre Hellestveit,2,0,,2008
Engin Akyurek,2,0,,2014
Engin Altan Düzyatan,2,0,,2011
Engin Gunaydin,4,0,,2012
Enid Bennett,2,0,,1924
Enid Graham,2,0,,2011
Ennio Fantastichini,7,0,,2014
Ennio Girolami,3,0,,1989
Enrico Brignano,2,0,,2013
Enrico Colantoni,2,1,15.064015043406602,2016
Enrico Lo Verso,11,0,,2016
Enrico Maria Salerno,13,0,,1987
Enrico Montesano,9,0,,1990
Enrique Arreola,2,0,,2008
Enrique Murciano,2,0,,2008
Enrique Villén,2,0,,2015
Enzo Cannavale,12,0,,2003
Enzo Jannacci,3,0,,2010
Enzo Staiola,1,1,12.7986035940556,1948
Eoin Macken,2,0,,2015
Eppu Salminen,4,0,,2011
Erdal Besikçioglu,3,0,,2010
Erdal Tosun,2,0,,2015
Erdal Özyağcılar,2,0,,1985
Eri Fukatsu,5,0,,2017
Eri Ishikawa,1,1,17.034386382832476,2000
Eri Otoguro,2,0,,2009
Eric Allan Kramer,3,1,13.649106443842664,2014
Eric Aragon,2,0,,2016
Eric Balfour,11,2,15.097310112697397,2016
Eric Bana,16,10,16.34004566262894,2016
Eric Blore,4,0,,1949
Eric Bogosian,3,2,16.761133167204353,1995
Eric Braeden,2,0,,2008
Eric Brown,3,1,17.084280699106316,1984
Eric Callero,2,0,,2013
Eric Campbell,8,0,,1917
Eric Cantona,4,0,,2011
Eric Christian Olsen,4,2,17.11226600132129,2011
Eric Christmas,3,0,,1993
Eric Clapton,4,0,,2012
Eric Colvin,2,0,,2014
Eric Dane,3,2,18.811493209528557,2017
Eric Deulen,1,1,16.11929712889455,2003
Eric Edelstein,2,0,,2011
Eric Elmosnino,6,0,,2014
Eric Emerson,2,0,,1972
Eric Etebari,2,0,,2013
Eric Fleming,2,0,,1958
Eric Freeman,1,1,11.94680308751507,1987
Eric Gurry,1,1,12.368455065710975,1986
Eric Idle,14,4,14.993396593030145,2014
Eric Jacobus,1,1,8.877800393882575,2014
Eric Johnson,6,4,15.848612069313122,2017
Eric Judor,9,0,,2013
Eric Jungmann,2,0,,2015
Eric Lange,2,0,,2008
Eric Linden,5,0,,1937
Eric Lively,2,1,14.331612636725664,2006
Eric Lloyd,2,1,18.252263536113343,2006
Eric Mabius,15,1,18.450092564518847,2016
Eric McCormack,8,0,,2016
Eric Pierpoint,4,0,,1996
Eric Porter,4,0,,1974
Eric Portman,10,0,,1968
Eric Roberts,57,8,14.535417999718623,2017
Eric Schaeffer,2,0,,2000
Eric Schweig,2,2,12.786493746399339,2002
Eric Sheffer Stevens,1,1,16.388250413614692,2011
Eric Stoltz,18,7,14.819242131547643,2014
Eric Stonestreet,1,1,20.59025766399003,2016
Eric Stuart,4,2,17.447385884882678,2005
Eric Thal,5,3,14.367993174747573,2005
Eric Tsang,11,2,16.0550364788455,2012
Eric Wareheim,2,0,,2012
Eric Winter,2,1,19.13997755805877,2010
Eric Zala,2,0,,2015
Erica Duke,1,1,13.122363377404328,2012
Erica Durance,2,0,,2015
Erica Gavin,2,1,15.60727002719233,1974
Erica Leerhsen,3,1,18.48900884119254,2007
Erica Linz,1,1,17.346363945129387,2012
Erica Yohn,1,1,17.523359964365383,1991
Erich Anderson,3,1,17.31143855757783,2009
Erich von Stroheim,9,1,15.424948470398377,1950
Erik Aude,1,1,9.983222520554982,2013
Erik Estrada,5,0,,2015
Erik Goertz,1,1,11.087283159423247,1996
Erik Lindgren,2,0,,1985
Erik Palladino,4,0,,2008
Erik Stolhanske,1,1,16.769377011151317,2006
Erik von Detten,5,0,,2007
Erika Anderson,2,1,16.914176559908437,1991
Erika Blanc,9,0,,1971
Erika Christensen,12,1,17.35389381316042,2017
Erika Marozsán,3,1,13.280399072207004,2006
Erika Remberg,3,0,,1970
Erika Sawajiri,4,0,,2012
Erika Toda,2,1,17.741641575730625,2010
Eriko Hatsune,3,1,15.02335535643646,2012
Eriko Satô,2,0,,2007
Erin Bethea,3,1,17.325751175737178,2016
Erin Brown,2,0,,2007
Erin Cahill,7,0,,2017
Erin Coker,2,0,,2013
Erin Cottrell,5,0,,2007
Erin Cummings,1,1,12.203248661839073,2009
Erin Fisher,1,1,9.643744848773588,2007
Erin Fitzgerald,4,0,,2015
Erin Gray,2,1,16.82247891958966,1982
Erin Karpluk,7,0,,2014
Erin Marie Hogan,2,0,,2014
Erin McMurtry,1,1,10.360152617342685,2007
Erin Moriarty,2,0,,2016
Erinn Bartlett,2,0,,2004
Erinn Hayes,2,0,,2014
Eriq Ebouaney,4,0,,2009
Eriq La Salle,4,0,,2009
Erkan Can,3,0,,2010
Erland Josephson,21,2,14.016456017118418,2004
Erna Schürer,2,0,,1975
Ernest Borgnine,43,7,16.400839324955065,2012
Ernest Thesiger,2,0,,1935
Ernest Torrence,5,1,13.297995946047488,1929
Ernest Van Pelt,3,0,,1915
Ernesto Almirante,3,0,,1951
Ernesto Alterio,8,1,16.317939704846452,2016
Ernesto Gómez Cruz,5,0,,2010
Ernesto Mahieux,1,1,10.94866390211491,2002
Ernie Hudson,12,3,15.7867800191595,2016
Ernie Kovacs,4,0,,1960
"Ernie Reyes, Jr.",1,1,15.408033210641698,1993
Ernst Petersen,2,0,,1929
Ernst Stötzner,1,1,13.68821567780553,2016
Ernst-Hugo Järegård,4,1,13.769886426619468,1997
Errol Flynn,30,2,15.009525579853516,1958
Errol Morris,3,0,,2013
Ervin Nagy,3,0,,2017
Erwin Leder,2,0,,1983
Eryk Lubos,2,0,,2012
Erykah Badu,1,1,16.27668745438082,2005
Esa Pakarinen,4,0,,1960
Esai Morales,9,1,12.628296537453291,2012
Esha Deol,2,1,15.62379932914354,2003
Esko Nikkari,5,0,,2001
Esko Salminen,4,0,,1992
Esmeralda Barros,2,0,,1973
Esmeralda Ouertani,1,1,17.176392067004876,2008
Esmond Knight,3,0,,1984
Esom,2,0,,2014
Espen Klouman-Høiner,5,0,,2015
Espen Skjønberg,2,0,,2007
Esperanza Roy,1,1,12.620011747717715,1978
Essence Atkins,4,1,17.912213719835453,2014
Essie Davis,7,3,17.396783584130475,2017
Essy Persson,2,0,,1970
Esteban Bigliardi,2,0,,2012
Esteban Lamothe,4,0,,2015
Estella Warren,9,0,,2015
Estelle Getty,2,2,17.82145261010383,1992
Estelle Parsons,5,0,,1975
Estelle Taylor,5,0,,1931
Ester Anderson,2,0,,1973
Esther Del Prado,1,1,15.030593614234144,1991
Esther Minciotti,1,1,14.914122846632385,1955
Esther Ralston,2,0,,1933
Esther Schweins,2,0,,2015
Esther Williams,12,1,15.745871876629955,1998
Esther Wurmfeld,1,1,16.119437150744982,2001
Etchika Choureau,2,0,,1958
Ethan Embry,16,4,16.5380379806843,2017
Ethan Hawke,46,34,16.117478347620647,2017
Ethan Juan,2,0,,2016
Ethan Peck,4,0,,2016
Ethan Suplee,2,1,18.23774655153553,2013
Ethel Barrymore,13,0,,1952
Ethel Merman,4,0,,1979
Ethel Waters,3,1,14.28964564098946,1952
Etsuko Ichihara,4,0,,2007
Etsuko Shihomi,3,0,,1980
Etsushi Toyokawa,9,1,17.679099671750393,2013
Ettore Bassi,2,0,,2009
Eugen Sandow,2,0,,1994
Eugene Bervoets,8,0,,2014
Eugene Butler,2,0,,1932
Eugene Cernan,2,1,13.554317207709095,2016
Eugene Clark,4,0,,1994
Eugene Domingo,3,0,,2016
Eugene Hutz,2,1,14.807995370268706,2008
Eugene Levy,19,5,17.671614146744666,2012
Eugene Mirman,3,0,,2015
Eugene Pallette,5,0,,1945
Eugene Roche,3,1,16.556350581889475,1999
Eugenia Yuan,4,0,,2015
Eugenio Derbez,5,3,17.486336865567974,2017
Eusebio Poncela,6,0,,2001
Eva Almos,1,1,14.77409420202868,1987
Eva Amurri Martino,4,1,17.87695939008874,2012
Eva Bartok,5,0,,1964
Eva Birthistle,6,0,,2011
Eva Dahlbeck,8,0,,1967
Eva Duijvestein,2,0,,2015
Eva Fritjofson,4,0,,2013
Eva Gabor,4,2,17.87801126571511,1990
Eva Green,12,8,17.095046524528907,2016
Eva Grimaldi,2,0,,1995
Eva Habermann,2,0,,2005
Eva Henning,3,0,,1950
Eva Herzigová,3,0,,2013
Eva Kotamanidou,2,0,,1980
Eva LaRue,2,0,,2012
Eva Longoria,9,3,16.617536497822936,2015
Eva Lyberten,1,1,13.29074826845941,1981
Eva Löbau,2,0,,2007
Eva Maria Meineke,2,0,,1981
Eva Marie Saint,15,2,16.648258720295622,1986
Eva Mattes,7,0,,2003
Eva Melander,2,0,,2015
Eva Mendes,20,12,16.975099154953714,2015
Eva Ras,2,0,,1967
Eva van der Gucht,2,0,,2011
Evalyn Knapp,3,0,,1934
Evan Adams,3,0,,2002
Evan Glodell,1,1,11.525209703803448,2011
Evan Helmuth,1,1,18.43811281860951,2012
Evan Lurie,2,0,,1995
Evan Peters,2,0,,2015
Evan Rachel Wood,21,13,13.987553809841835,2016
Evan Richards,1,1,13.815510557964274,1995
Evan Ross,4,2,14.787557807202592,2011
Evangelia Randou,2,0,,2012
Evangeline Lilly,3,2,19.7924335488119,2015
Eve Arden,4,1,14.647329086417349,1981
Eve Gordon,3,0,,1999
Eve Kivi,2,0,,1961
Eve von Bibra,1,1,15.866832549931576,2006
Evel Knievel,3,0,,2015
Evelien Bosmans,2,0,,2014
Evelyn Ankers,8,0,,1949
Evelyn Brent,3,0,,1929
Evelyn Guerrero,1,1,17.545416641659283,1980
Evelyn Hamann,2,0,,1991
Evelyn Keyes,13,0,,1955
Evelyn Venable,3,0,,1935
Evelyne Bouix,2,0,,1986
Evelyne Brochu,2,0,,2012
Ever Carradine,2,1,18.420680743952367,2015
Everett McGill,5,3,17.953618182928903,1995
Everett Sloane,5,1,15.027451531939388,1964
Evgeni Leonov,22,0,,1988
Evgenia Malakhova,1,1,15.473591004623424,2015
Evgeniy Evstigneev,8,0,,1988
Evgeniy Sidikhin,4,1,14.215978534515417,2016
Evgeniy Stychkin,8,0,,2016
Evgeniy Urbanskiy,3,0,,1960
Evgeniya Glushenko,3,0,,2008
Evgeniya Khirivskaya,1,1,16.637507289182356,2008
Evgeny Mironov,10,3,15.082099618746037,2017
Ewa Aulin,3,0,,1973
Ewa Fröling,5,2,14.594543203029097,1993
Ewa Krzyżewska,2,0,,1961
Ewan McGregor,49,33,17.27601390771807,2017
Ewen Bremner,8,4,16.70866924390705,2017
Ewen Leslie,5,0,,2015
Exene Cervenka,2,0,,2003
Eyal Kitzis,1,1,15.58195221920804,2010
Eythor Gudjonsson,1,1,18.204747808550863,2005
Ezgi Mola,2,0,,2015
Ezio Greggio,3,0,,2000
Ezra Miller,7,4,14.773595237052163,2015
Ezzat El Alaili,2,0,,1970
Ezzatolah Entezami,2,0,,1990
F. Murray Abraham,19,6,17.434636046346107,2014
F.W. de Klerk,2,1,12.912459296244624,2002
Fab 5 Freddy,2,0,,2009
Fabian,8,0,,1970
Fabian Busch,2,1,17.05472815887949,2015
Fabian Hinrichs,3,0,,2010
Fabienne Babe,2,0,,1992
Fabienne Dali,2,0,,1966
Fabio De Luigi,8,2,16.280782858073195,2015
Fabio Testi,12,0,,1980
Fabio Volo,4,0,,2013
Fabio Zenoni,1,1,11.063539816803926,2015
Fabiula Nascimento,3,0,,2013
Fabián Arenillas,3,0,,2014
Fabián Vena,3,0,,2011
Fabrice Eboué,2,0,,2014
Fabrice Luchini,25,6,14.554735351160128,2016
Fabrizio Bentivoglio,14,2,15.78981698174703,2015
Fabrizio Corona,1,1,13.980750382467695,2009
Fabrizio Gifuni,4,1,15.574975803761893,2014
Fabrizio Rongione,5,2,14.11754540197887,2016
Fabrício Boliveira,2,0,,2015
Fachry Albar,2,0,,2009
Fadi Abi Samra,1,1,13.677717526012248,2010
Fahad Mustafa,1,1,14.630629323282037,2014
Fahadh Faasil,3,2,12.426005912942923,2016
Faina Ranevskaya,4,0,,1970
Fairuza Balk,11,4,16.60106748902661,2014
Faith Domergue,8,0,,1974
Faith Ford,7,1,18.542959259778954,2016
Faith McDevitt,1,1,13.591959423599375,1992
Faizon Love,5,2,15.79305180540857,2017
Fala Chen,2,0,,2013
Famke Janssen,19,9,18.072409764904112,2015
Fan Bingbing,13,2,17.608221719264144,2016
Fann Wong,2,1,18.296516621144846,2006
Fannie Ward,1,1,11.83039689560776,1915
Fanny Ardant,19,1,14.733331718135384,2013
Fanny Mallette,2,0,,2011
Fanny Valette,3,0,,2009
Farah Zeynep Abdullah,2,0,,2014
Faran Tahir,2,0,,2015
Fardeen Khan,7,0,,2009
Fares Fares,6,1,15.590462908875947,2017
Farhad Kheradmand,2,0,,1994
Farhan Akhtar,7,3,15.21957778103401,2016
Farid Shawqi,2,0,,1979
Farley Granger,13,2,15.182694312674066,1972
Farooq Shaikh,3,0,,2009
Farrah Fawcett,9,2,16.504395285576834,1995
Fatima Ptacek,2,1,9.018089684104345,2014
Fatma Girik,2,0,,1987
Fatma Toptaş,1,1,15.488861796142029,2008
Fatoumata Coulibaly,1,1,12.276554408068543,2004
Fausto Tozzi,3,0,,1976
Fawad Afzal Khan,3,0,,2016
Fay Bainter,13,0,,1951
Fay Compton,2,0,,1951
Fay Holden,5,0,,1944
Fay Masterson,3,0,,2010
Fay Ripley,1,1,13.815510557964274,1995
Fay Spain,3,0,,1961
Fay Wray,18,1,16.11809565095832,1957
Faye Dunaway,31,12,16.714376723080274,2017
Faye Emerson,4,0,,1945
Faye Grant,3,0,,1991
Faye Wong,4,1,16.774128123179246,2004
Federico Fellini,3,0,,2013
Federico Luppi,11,1,15.680988161464375,2015
Federico Rizzo,2,0,,1989
Federico Torre,1,1,16.004658159732166,2012
Fedja van Huêt,8,0,,2015
Fele Martínez,5,2,16.150000322562466,2016
Felice Andreasi,2,0,,1999
Felice Jankell,3,0,,2016
Felicia Day,3,0,,2011
Felicia Farr,8,0,,1973
Felicitas Woll,3,0,,2009
Felicity Huffman,5,1,16.40705458287798,2016
Felicity Jones,15,10,16.012955128798392,2016
Felicity Price,2,0,,2016
Felicity Waterman,2,0,,1998
Felissa Rose,4,0,,2016
Felix Armand,1,1,11.352216660912338,2012
Felix Bressart,2,0,,1944
Femi Benussi,4,0,,1975
Feng Wenjuan,1,1,18.968802152462057,2016
Feng Yuanzheng,3,0,,2014
Feodor Chaliapin Jr.,2,0,,1989
Ferdia Walsh-Peelo,1,1,16.427381815329365,2016
Ferdinand Marian,4,0,,1943
Ferenc Bencze,2,0,,1982
Fereshteh Sadre Orafaiy,2,0,,2005
Fernand Gravey,2,0,,1942
Fernand Ledoux,2,0,,1942
Fernanda Andrade,1,1,18.43811281860951,2012
Fernanda Montenegro,5,1,15.537689125706764,2014
Fernanda Torres,7,1,12.646660337328704,2007
Fernandel,17,0,,1965
Fernando Alves Pinto,4,1,14.298205806800492,2012
Fernando Becerril,2,0,,2014
Fernando Cayo,3,1,17.599700191882537,2016
Fernando Colunga,2,0,,2015
Fernando E. Solanas,2,0,,2008
Fernando Eiras,2,0,,2003
Fernando Fernán Gómez,11,1,15.60727002719233,2002
Fernando Guillén,2,1,13.743315063550911,2003
Fernando Guillén Cuervo,2,0,,2000
Fernando Lamas,3,0,,1953
Fernando Luján,2,0,,2008
Fernando Moreno,1,1,14.688893788827151,2012
Fernando Rey,13,2,16.936470608257906,1982
Fernando Sancho,12,0,,1975
Fernando Soler,2,0,,1951
Fernando Tejero,3,0,,2012
Ferran Terraza,2,2,16.98158594757544,2009
Feryna Wazheir,1,1,17.281246460764002,2016
Fess Parker,6,0,,1962
Feđa Stojanović,1,1,12.56374708980199,2002
Fidel Castro,6,1,11.03735436608764,2006
Fikret Kuskan,3,0,,2005
Filip Berg,3,1,15.03092525348132,2015
Filip Peeters,5,0,,2008
Filip Šovagović,2,0,,2007
Filippo Nigro,3,1,16.5582891532581,2013
Filippo Scicchitano,3,1,15.475641584713893,2014
Filippo Timi,6,1,15.27412558066379,2015
Finlay Currie,2,1,17.553180176247643,1956
Finn Atkins,2,0,,2016
Finn Carter,1,1,17.698557791155846,1990
Finn Wittrock,2,0,,2016
Finnegan Oldfield,3,0,,2016
Finola Hughes,4,2,16.944157668793856,2014
Fiona Glascott,3,1,16.951004773893423,2012
Fiona Gordon,3,0,,2017
Fiona Gubelmann,2,0,,2016
Fiona Gélin,2,0,,1985
Fiona Hutchison,1,1,11.627432027735706,1986
Fiona Lewis,2,1,14.695612296375232,1979
Fiona Shaw,3,1,16.3345517711675,2017
Fionn Whitehead,1,1,20.069102704998443,2017
Fionnula Flanagan,13,1,13.6618021136698,2016
Firmine Richard,2,0,,2010
Fisher Stevens,4,2,17.205639751479517,2010
Flavio Briatore,2,1,13.980750382467695,2011
Flavio Bucci,6,0,,1999
Flavio Parenti,2,0,,2011
Flea,3,0,,2014
Flex Alexander,2,0,,2007
Flora Cross,1,1,15.740778982065128,2005
Flora Finch,2,0,,1911
Flora Martínez,2,0,,2007
Flora Montgomery,3,0,,2003
Flora Robson,6,0,,1964
Flora Spencer-Longhurst,2,0,,2017
Florelle,2,0,,1934
Florence Arliss,2,0,,1931
Florence Darel,2,0,,1993
Florence Delay,2,1,10.337799235201873,1983
Florence Eldridge,3,1,14.059240742886873,1949
Florence Foresti,2,1,16.479157986204726,2014
Florence Giorgetti,2,0,,1988
Florence Hartigan,1,1,15.096444403426338,2017
Florence Lawrence,2,0,,1909
Florence Lee,1,1,9.861675484721689,1931
Florence Loiret Caille,3,0,,2016
Florence Marly,3,0,,1966
Florence Pernel,2,0,,2011
Florence Pugh,2,0,,2017
Florence Rice,3,0,,1939
Florence Thomassin,2,0,,2016
Florence Vidor,3,0,,1924
Florentine Lahme,2,0,,2011
Florian Bartholomäi,1,1,13.912165288001136,2007
Florian David Fitz,9,0,,2016
Florian Lukas,8,1,13.740467995370777,2014
Florian Panzner,2,0,,2013
Florian Simbeck,1,1,15.321387223973298,2002
Florian Stetter,4,0,,2015
Florin Kevorkian,1,1,10.4195394952737,2015
Florinda Bolkan,11,0,,1983
Folco Lulli,4,0,,1967
Ford Sterling,2,0,,1924
Forest Whitaker,45,21,17.116632571477695,2016
Forrest Borie,1,1,10.24994548006426,2015
Forrest J. Ackerman,2,0,,2007
Forrest Tucker,13,0,,1978
Fosco Giachetti,4,0,,1960
Fran Drescher,3,2,15.073584000726303,1997
Fran Kranz,7,0,,2016
Fran Lebowitz,2,0,,2016
Franca Bettoia,2,0,,1964
Franca Gonella,2,0,,1979
Franca Marzi,1,1,13.53055144156714,1957
Franca Stoppi,2,0,,1981
Franca Valeri,2,0,,1959
France Lomay,2,0,,1982
France Nuyen,4,0,,1990
Frances Barber,6,0,,2013
Frances Conroy,3,2,14.370514430204508,2013
Frances Dee,9,0,,1943
Frances Drake,2,0,,1936
Frances Farmer,2,0,,1937
Frances Fisher,11,1,21.33576364434852,2016
Frances Fuller,2,0,,1974
Frances Gifford,2,0,,1947
Frances Lee McCain,2,0,,1979
Frances McDormand,23,10,16.913015387332127,2014
Frances O'Connor,11,5,15.841520562963442,2011
Frances Sternhagen,3,2,15.56908731914738,1989
Frances de la Tour,1,1,17.538493979099858,2015
Francesc Colomer,2,1,15.142759814797872,2013
Francesc Orella,2,0,,2017
Francesca Annis,3,2,16.933573712955354,1984
Francesca Dellera,2,0,,1991
Francesca Neri,5,2,16.21075739109901,2010
Francesco Apolloni,2,0,,2010
Francesco Arca,1,1,15.475641584713893,2014
Francesco Di Leva,1,1,14.346138809026444,2010
Francesco Mandelli,2,0,,2013
Francesco Nuti,2,0,,1982
Francesco Pannofino,5,1,14.037652007342016,2016
Francesco Quinn,2,0,,2003
Francesco Scianna,2,0,,2013
Franchot Tone,25,2,14.654245719377236,1954
Francine York,2,0,,2010
Francis Blanche,4,0,,1967
Francis Ford Coppola,4,0,,2015
Francis Huster,5,1,18.179875997837858,1998
Francis L. Sullivan,3,0,,1949
Francis Lederer,8,0,,1959
Francis Ng,12,1,18.300304216852552,2016
Francis Renaud,3,0,,2012
Francis X. Bushman,1,1,16.012735135300492,1925
Francisco Barreiro,5,1,8.419359831067474,2016
Francisco Pedrasa,1,1,13.359920945851105,2005
Francisco Rabal,13,1,16.300417207752275,2001
Franck Dubosc,7,2,17.5921327549441,2016
Franck Gastambide,5,2,13.708499914971794,2017
Franck Keïta,1,1,17.176392067004876,2008
Franco Agostini,2,0,,1976
Franco Borelli,2,0,,1970
Franco Bracardi,2,0,,1982
Franco Branciaroli,4,0,,2002
Franco Citti,10,0,,1981
Franco Fabrizi,8,0,,1986
Franco Franchi,8,0,,1984
Franco Gasparri,3,0,,1976
Franco Interlenghi,5,0,,1985
Franco Merli,2,0,,2006
Franco Nero,38,2,13.62571594985614,2014
Franco Ricci,2,0,,1970
Frank Albertson,3,0,,1941
Frank Baxter,2,0,,1957
Frank Black,2,0,,2006
Frank Braña,1,1,13.99645283064975,1982
Frank Champi,1,1,12.50034917666498,2008
Frank Converse,2,0,,1980
Frank Craven,3,0,,1944
Frank De Kova,2,1,14.22097566607244,1974
Frank Fay,4,0,,1955
Frank Finlay,9,2,16.398091558903776,2007
Frank Focketijn,2,0,,2011
Frank Giering,2,0,,1999
Frank Gorshin,6,0,,2002
Frank Grillo,9,5,17.068381982869997,2017
Frank Harper,4,0,,2011
Frank Hvam,3,0,,2015
Frank J. Zupancic,2,0,,2011
Frank Lammers,3,0,,2015
Frank Langella,27,8,16.156052508352502,2017
Frank Latimore,4,0,,1968
Frank Lovejoy,13,1,16.985196138641705,1958
Frank Mayo,2,0,,1924
Frank McGlynn Jr.,2,0,,1935
Frank McHugh,7,1,16.60667566577699,1947
Frank McRae,3,3,16.322442661857156,1989
Frank Morgan,20,1,17.334638134824687,1949
Frank Oz,10,3,16.079337703233985,2011
Frank Pietrangolare,1,1,14.78501479943215,2006
Frank Puglia,2,0,,1957
Frank Reicher,2,0,,1942
Frank Robert,2,0,,1975
Frank Shannon,2,0,,1943
Frank Silvera,4,0,,1971
Frank Sinatra,37,1,18.380961370488695,2015
Frank Vosper,2,0,,1934
Frank Welker,35,1,15.581891875507052,2015
Frank Whaley,8,1,15.543990446589795,2009
Frank Wilcox,2,0,,1952
Frank Williams,1,1,15.921159418146592,2010
Frank Wilson,2,0,,2002
Frank Wolff,14,0,,1971
Frank Zagarino,8,0,,1998
Frank Zappa,3,0,,2016
Franka Potente,13,3,18.153595829588273,2011
Frankie Andreu,1,1,12.856557597711038,2013
Frankie Avalon,14,0,,1988
Frankie Boyle,2,0,,2016
Frankie Darro,2,0,,1933
Frankie Faison,2,1,12.82502415778351,2013
Frankie Howerd,2,0,,1970
Frankie Muniz,8,5,17.664595547635795,2010
Frankie Sakai,2,0,,1961
Frankie Thomas,3,0,,1939
Frankie Thorn,1,1,14.518345163533546,1992
Franklin Dyall,2,0,,1933
Franklyn Ajaye,3,0,,2010
František Filipovský,2,0,,1979
František Smolík,2,0,,1963
František Černý,2,0,,1997
Franz Dinda,3,0,,2008
Franz Drameh,2,0,,2016
Franz Rogowski,2,1,14.976157610985224,2015
Franziska Petri,1,1,15.624111411588288,2016
Franziska Weisz,4,1,12.247574408955186,2014
François Arnaud,2,0,,2013
François Berléand,11,2,18.05237725149429,2012
François Bégaudeau,1,1,17.176392067004876,2008
François Civil,2,0,,2016
François Cluzet,19,2,18.784400542120515,2017
François Damiens,9,2,14.309312116298067,2016
François Lafarge,1,1,10.581216480367694,1966
François Marthouret,3,0,,1998
François Morel,2,0,,2015
François Périer,10,2,12.057063132037213,1984
François Sagat,2,0,,2010
François Truffaut,5,1,19.53184273794627,2010
François-Xavier Demaison,5,0,,2012
Françoise Arnoul,3,0,,1960
Françoise Brion,2,0,,1968
Françoise Dorléac,7,0,,1967
Françoise Fabian,11,0,,2013
Françoise Prévost,6,0,,1975
Françoise Robertson,2,0,,2001
Françoise Rosay,7,0,,1968
Françoise Yip,1,1,17.29342348766863,1995
Fred A. Leuchter Jr.,1,1,13.13812057808336,1999
Fred Allen,2,0,,1952
Fred Armisen,5,0,,2017
Fred Astaire,34,2,14.875154087765253,1981
Fred Clark,5,0,,1964
Fred Dalton Thompson,1,1,15.07613851618278,1988
Fred Dryer,2,0,,2002
Fred Gwynne,3,1,17.866764356036878,1989
Fred Hampton,2,0,,2005
Fred Koehler,2,1,17.986566546838066,2017
Fred MacMurray,42,3,16.220437329389956,1973
Fred Melamed,2,2,16.082650618465344,2013
Fred Ott,2,0,,1900
Fred Phelps,2,0,,2011
Fred Savage,7,3,15.281766961136137,2006
Fred Smith,2,0,,2002
Fred Stone,2,0,,1936
Fred Tatasciore,4,0,,2015
Fred Testot,5,1,17.69913408887072,2012
Fred Ward,19,8,16.74457688773833,2009
Fred Willard,5,1,16.867849935081292,2016
Fred Williamson,18,2,15.180968950649692,1996
Freda Dowie,2,0,,1988
Freda Kelly,1,1,11.813318904589096,2013
Freddie Bartholomew,6,1,14.179458985869504,1940
Freddie Highmore,12,5,17.909518536073268,2017
Freddie Jones,5,2,17.363602814368043,1984
Freddie Prinze Jr.,11,7,17.74359226075148,2008
Freddy Rodríguez,3,1,15.60176121484325,2008
Frederic Forrest,9,2,16.24523046249687,1998
Frederick Lau,8,2,15.86805357405797,2016
Frederick Stafford,3,1,15.60727002719233,1969
Frederick Warde,2,0,,1916
Frederick Weller,3,1,11.97935396103651,2004
Frederikke Dahl Hansen,2,0,,2014
Fredric Lehne,2,0,,2001
Fredric March,43,4,15.379497652352718,1973
Fredrik Neij,3,1,10.453456963419743,2013
Freida Pinto,7,4,17.227883453409085,2015
Freishia Bomambehran,1,1,10.552186379610337,2011
French Stewart,4,0,,2016
Frey Ranaldo,1,1,9.939240722241946,2009
Freya Mavor,2,0,,2015
Freya Tingley,1,1,18.025369109428823,2014
Frida Hallgren,2,0,,2014
Fridtjov Såheim,3,0,,2006
Frieda Inescort,3,0,,1959
Friederike Becht,1,1,13.585407847778256,2014
Friederike Kempter,1,1,14.827211464643089,2012
Friedrich Kayssler,3,0,,1937
Friedrich Mücke,3,0,,2015
Friedrich von Thun,2,0,,1972
Fritz Kampers,2,0,,1931
Fritz Karl,3,0,,2012
Fritz Kortner,5,0,,1934
Fritz Weaver,5,1,16.8614013447852,1990
Fritz Wepper,3,0,,1992
Fritzi Haberlandt,4,0,,2016
Frédéric Diefenthal,7,3,16.139697615546194,2007
Frédéric Pierrot,6,1,16.6783915504226,2016
Frédéric van den Driessche,2,0,,2006
Frédérique Bel,4,0,,2015
Fu'ad Aït Aattou,3,0,,2014
Fuli Wang,1,1,14.846007804026607,2011
Fulton Mackay,3,0,,1984
Fumi Hirano,4,0,,2013
Fumi Nikaido,5,0,,2016
Fumika Shimizu,2,0,,2017
Fumiko Orikasa,5,1,15.817190538177064,2015
Fumio Watanabe,6,0,,1972
Fumiyo Kohinata,5,0,,2017
Fuyumi Shiraishi,2,0,,1988
Fyodor Bondarchuk,11,5,14.579827705389002,2016
Fyodor Dobronravov,2,0,,2015
Fyodor Dunayevsky,2,0,,1986
Fyodor Stukov,2,0,,1982
Fábio Assunção,2,0,,2008
Fábio Audi ,2,0,,2014
Fábio Porchat,3,0,,2016
Félix Bossuet,2,0,,2015
Félix Moati,3,0,,2015
Félix de Givry,1,1,11.089194548055172,2014
Féodor Atkine,6,0,,2015
G. D. Spradlin,2,1,16.28251856173283,1983
G. Sacco Albanese,2,0,,1890
G. W. Bailey,5,2,15.273237069215444,1994
G.K. Bowes,2,0,,2012
Gabe Nevins,1,1,13.094007111825654,2007
Gabino Diego,5,1,14.50865773852422,2002
Gabino Rodríguez,3,0,,2014
Gabor Mate,2,0,,2013
Gabourey Sidibe,1,1,17.677018050664806,2009
Gabriel Basso,2,0,,2015
Gabriel Bateman,1,1,18.818576174202953,2016
Gabriel Byrne,43,11,15.926261646256354,2017
Gabriel Casseus,2,0,,2000
Gabriel Chavarria,1,1,14.692596736554576,2017
Gabriel Damon,2,1,18.2517986239958,1989
Gabriel Dell,8,0,,1975
Gabriel Gabrio,3,1,11.944292210601049,1937
Gabriel Garko,2,0,,2014
Gabriel Goity,3,0,,2011
Gabriel Hogan,2,0,,2016
Gabriel Iglesias,4,0,,2016
Gabriel Jarret,1,1,16.38045991542581,1985
Gabriel Macht,9,5,16.922903602675603,2011
Gabriel Mann,7,2,13.453888883730794,2008
Gabriel Olds,1,1,14.759472875513303,1993
Gabriel Tigerman,3,0,,2012
Gabriela Maria Schmeide,4,1,16.026789574023855,2015
Gabriela Muskała,2,0,,2015
Gabriele Ferzetti,14,0,,1979
Gabriele Lavia,4,0,,1983
Gabriele Tinti,10,0,,1983
Gabriella Farinon,2,0,,1973
Gabriella Giorgelli,2,0,,1979
Gabriella Pession,2,0,,2007
Gabriella Wilde,2,1,17.34416022519896,2014
Gabriella Wright,3,0,,2017
Gabrielle Anwar,14,3,15.021230409313754,2011
Gabrielle Dennis,2,0,,2014
Gabrielle Dorziat,3,0,,1962
Gabrielle Drake,2,0,,1972
Gabrielle Lazure,2,0,,1985
Gabrielle Rose,5,0,,2017
Gabrielle Union,7,3,16.86092665322845,2008
Gaby André,2,0,,1958
Gaby Hoffmann,11,3,16.073612138401103,2014
Gaby Morlay,3,0,,1952
Gad Elmaleh,12,3,16.43010634334054,2013
Gael García Bernal,28,9,16.17983315572599,2016
Gaelan Connell,2,1,15.466280031067743,2013
Gage Munroe,2,0,,2015
Gaia Germani,2,0,,1966
Gaia Weiss,1,1,17.930955140797877,2014
Gail Harris,2,0,,1996
Gail O'Grady,6,0,,2010
Gail Patrick,5,0,,1942
Gail Russell,10,0,,1956
Gailard Sartain,2,0,,1998
Gaite Jansen,2,0,,2012
Gaku Hamada,5,0,,2016
Gal Gadot,3,2,20.55663331260874,2017
Gale Harold,2,0,,2015
Gale Page,3,0,,1940
Gale Sondergaard,3,0,,1976
Gale Storm,5,0,,1950
Galina Polskikh,2,0,,1988
Galina Tyunina,1,1,17.281246460764002,2004
Ganesh Acharya,1,1,12.310432660854415,2013
Ganjiro Nakamura,4,0,,1961
Gao Yuanyuan,7,1,16.18130497660683,2014
Garance Clavel,2,0,,2004
Garance Marillier,1,1,15.226497531674536,2016
Garcelle Beauvais,2,0,,2013
Gard B. Eidsvold,3,0,,2010
Gareth David-Lloyd,2,0,,2016
Garette Ratliff Henson,1,1,17.789722701890604,1990
Garik Kharlamov,4,2,15.748522457355882,2014
Garikayi Mutambirwa,1,1,17.960273577015116,2003
Garret Dillahunt,10,1,17.30354703788804,2016
Garrett Brawith,2,0,,2015
Garrett Clayton,3,0,,2016
Garrett Hedlund,9,7,17.827615009042557,2015
Garri Bardin,2,0,,1984
Garrison Keillor,2,0,,2013
Garry Chalk,5,0,,2015
Garry Shandling,4,1,19.65439848950559,2009
Garth Pillsbury,1,1,15.60727002719233,1968
Gary 'Mani' Mounfield,1,1,13.49948799416209,2013
Gary Basaraba,2,0,,2002
Gary Busey,28,9,17.19092282464847,2017
Gary Chalk,1,1,16.555660472851258,2012
Gary Cole,12,2,12.340360860696169,2016
Gary Collins,1,1,15.60727002719233,1980
Gary Cooper,51,3,16.513267861675683,1961
Gary Daniels,11,0,,2015
Gary Dourdan,4,1,13.96416157088095,2016
Gary Entin,2,0,,2011
Gary Farmer,3,1,12.42602711713098,2003
Gary Graham,5,0,,1996
Gary Gray,2,0,,1951
Gary Grimes,3,0,,1976
Gary Hudson,3,0,,2013
Gary Kemp,4,0,,2015
Gary Kent,2,0,,1982
Gary Krug,1,1,13.652891623466166,1985
Gary Lewis,8,2,10.569872248972784,2015
Gary Lockwood,5,1,18.04525975719258,1978
Gary McCormick,1,1,13.03679677440776,1990
Gary Merrill,10,1,14.98644350821201,1959
Gary Numan,2,0,,2014
Gary Oldman,40,23,17.820837214500795,2016
Gary Piquer,2,0,,2011
Gary Sinise,14,8,17.987959786175356,2006
Gary Stretch,6,0,,2012
Gary Sweet,4,0,,2009
Gaspard Proust,2,0,,2016
Gaspard Schlatter,1,1,12.58546410452254,2016
Gaspard Ulliel,8,2,16.976533601274046,2016
Gaston Modot,1,1,8.979668554241181,1930
Gastone Moschin,9,0,,1985
Gastón Pauls,4,0,,2012
Gattlin Griffith,3,1,16.824939206485624,2013
Gauhar Khan,2,0,,2012
Gavin Andresen,2,0,,2015
Gavin Gordon,2,0,,1959
Gavin MacLeod,2,0,,2008
Gavin Rossdale,2,0,,2007
Gayle Hunnicutt,5,0,,1985
Gaëlle Cohen,1,1,16.45844329704164,2004
Gbenga Akinnagbe,2,0,,2014
Ge You,7,0,,2013
Gedde Watanabe,1,1,17.415875961184906,1986
Geena Davis,16,9,17.80378362117985,2009
Geert Hunaerts,1,1,11.694571793849116,1987
Geert Van Rampelberg,2,0,,2014
Geert de Jong,1,1,13.781140620751142,2006
Geeta Masi,1,1,15.07256743727262,2004
Geezer Butler,2,0,,2011
Gemma Arterton,17,8,15.56182684437271,2017
Gemma Atkinson,4,0,,2013
Gemma Craven,2,0,,1978
Gemma Jones,8,0,,2015
Gemma-Leah Devereux,2,1,11.461632170582678,2015
Gen Hoshino,2,0,,2013
Gena Rowlands,20,4,16.65896111766388,2005
Gene Autry,6,0,,1952
Gene Barry,5,1,14.50865773852422,1968
Gene Evans,11,0,,1974
Gene Hackman,62,33,17.01249329881237,2004
Gene Jones,2,0,,2016
Gene Kelly,26,5,15.645358419759683,1980
Gene LeBrock,2,0,,1990
Gene Lockhart,6,0,,1954
Gene Nelson,4,0,,1954
Gene Quintano,2,0,,1983
Gene Raymond,10,0,,1948
Gene Robinson,1,1,12.653162625766091,2007
Gene Saks,2,1,16.644487706707604,1978
Gene Simmons,6,0,,2016
Gene Tierney,25,2,15.516109248795352,1955
Gene Wilder,20,8,17.233682624809518,2005
Genelia D'Souza,6,2,15.855971297659254,2012
Genevieve Buechner,2,0,,2009
Genevieve O'Reilly,2,0,,2011
Genevieve Tobin,7,0,,1936
Geneviève Bujold,16,3,16.60095273859068,2012
Geneviève Grad,3,0,,1968
Geneviève Page,3,1,14.22097566607244,1970
Geneviève Picot,1,1,13.170520960584208,1991
Gennadiy Khazanov,1,1,12.095141084822892,2014
Gennie James,2,0,,1987
Geno Lechner,2,0,,2005
Geoff Bell,3,0,,2009
Geoff Gustafson,2,0,,2016
Geoff Meed,2,0,,2007
Geoff Pierson,2,1,18.25351609863214,2011
Geoff Stults,1,1,16.692910319927627,2017
Geoffrey Keen,3,0,,1972
Geoffrey Lewis,9,5,16.806798033939806,1993
Geoffrey Palmer,3,0,,1998
Geoffrey Rush,25,17,17.513855979795984,2017
Georg Friedrich,9,0,,2017
Georg John,2,0,,1920
Georg Stanford Brown,1,1,18.43359696921891,1980
George 'Gabby' Hayes,10,0,,1950
George A. Romero,5,0,,2014
George Arliss,7,0,,1935
George Babluani,1,1,13.550647474046317,2005
George Baker,4,0,,2001
George Bancroft,6,0,,1942
George Barbier,2,0,,1935
George Brent,26,2,14.2844818722689,1952
George Burns,15,1,17.545705716703573,1988
George Buza,2,0,,2015
George C. Scott,30,6,16.92494080335742,1999
George Carlin,18,2,17.48589727299602,2008
George Chakiris,4,0,,1990
George Clinton,2,0,,2005
George Clooney,33,28,18.47671443715083,2016
George Coker,1,1,10.308952660644293,1974
George Cole,6,1,16.33154452033839,1996
George Dzundza,4,2,19.345119919095666,1995
George Eads,2,0,,2014
George Eastman,12,0,,1984
George Estregan,2,0,,1983
George Fawcett,2,0,,1928
George Foreman,3,1,14.796134039806564,2009
George Foundas,3,1,15.89495209964411,1963
George Gaynes,1,1,11.745995584479038,1994
George Grizzard,2,0,,1990
George H. W. Bush,4,1,17.38685774810098,2017
George Hamilton,13,1,17.597083134008354,2015
George Hardy,2,0,,2009
George Harris,2,1,11.183087174985056,2007
George Harrison,9,2,14.069200866348767,2014
George Hearn,2,0,,1995
George Hilton,20,0,,1977
George Jonson,1,1,12.302068953531068,2007
George K. Arthur,3,0,,1927
George Kennedy,25,9,16.63506102655823,1994
George Lazenby,5,1,18.22191869586342,2017
George Lopez,11,4,16.62378952849555,2016
George Lucas,4,0,,2013
George MacKay,5,1,15.587022420907685,2016
George Macready,7,0,,1965
George Maharis,4,0,,1967
George Martin,4,0,,1973
George Mendonça,1,1,13.632470743284872,1997
George Mihaiță,2,0,,2012
George Montgomery,7,0,,1958
George Moss,1,1,12.596234588562872,1991
George Murdock,2,0,,1977
George Murphy,14,1,15.290502373845452,1952
George Nader,4,1,13.815510557964274,1965
George Newbern,10,1,11.45776153141972,2012
George Nicholas,2,0,,1987
George Nichols,3,1,15.89495209964411,1923
George O'Brien,6,0,,1951
George Peck,2,0,,1998
George Peppard,14,2,16.023966076227964,1992
George Perez,1,1,16.528478115693396,1991
George Raft,17,0,,1955
George Reeves,3,0,,2010
George Robey,2,0,,1934
George Sanders,47,4,14.828267711053078,1973
George Segal,27,3,16.789217455028695,1993
George Sewell,2,0,,1972
George Shevtsov,2,0,,2011
George Strait,2,1,11.803884661779373,2010
George Stults,4,0,,2015
George Takei,3,1,16.213405830762646,2016
George Tobias,6,0,,1970
George Tokoro,1,1,19.049180160074577,2008
George W. Bush,12,4,16.94100712147487,2017
George Wendt,9,1,17.415875961184906,2012
George Wyner,2,0,,2008
George Zucco,3,0,,1943
Georges Adet,1,1,16.81989241577716,1975
Georges Bidault,2,1,10.308952660644293,1974
Georges Corraface,3,1,15.144477932213052,2012
Georges Descrières,2,0,,1977
Georges Géret,6,0,,1979
Georges Khabbaz,2,0,,2013
Georges Marchal,5,0,,1967
Georges Melchior,5,0,,1914
Georges Méliès,36,0,,1912
Georges Poujouly,2,2,10.855205045152106,1958
Georges Rivière,2,0,,1964
Georges St-Pierre,3,0,,2016
Georges Wilson,7,0,,2005
Georgi Burkov,3,0,,1988
Georgi Millyar,4,0,,1971
Georgi Staykov,2,0,,2008
Georgi Zhzhyonov,2,0,,1979
Georgia Groome,3,0,,2011
Georgia Hale,2,1,14.73180128983843,1925
Georgia King,3,0,,2015
Georgie Henley,3,1,19.845441247550987,2015
Georgina Blackledge,2,0,,2015
Georgina Cates,4,2,16.24654489028756,2013
Georgina Hale,2,0,,1986
Georgina Reilly,3,2,8.885526358652958,2012
Georgina Verbaan,2,0,,2015
Georgiy Vitsin,9,0,,1986
Georgiy Yumatov,3,0,,1980
Geppi Cucciari,3,0,,2014
Ger Ryan,2,0,,1996
Geraint Wyn Davies,3,0,,2002
Gerald Anderson,1,1,13.052129736481245,2013
Gerald Burke,1,1,14.17431932368516,2007
Gerald Emerick,2,0,,2012
Gerald McRaney,4,1,16.819151872435246,2013
Gerald Mohr,3,0,,1959
Gerald S. O'Loughlin,2,0,,1971
Gerald V. Casale,2,0,,1993
Geraldine Brooks,4,0,,1952
Geraldine Chaplin,25,3,16.84576433370002,2011
Geraldine Fitzgerald,10,1,14.50865773852422,1983
Geraldine James,3,0,,2012
Geraldine Page,12,2,16.936680899149184,1985
Gerard Butler,29,19,17.94821624710944,2017
Gerard Christopher,1,1,16.461685355348397,1985
Gerard Crossan,1,1,13.55832923880083,2002
Gerard Kennedy,2,0,,1994
Gerard McSorley,3,1,14.26653394666113,2006
Gerardo Mejía,3,2,15.642641766433043,2003
Gerardo Romano,2,0,,2016
Gerardo Taracena,2,1,18.60446198488888,2006
Gerasim Arkhipov,1,1,15.789591583986285,2012
Gerasimos Skiadaressis,2,0,,2015
Germán Kraus,2,0,,2002
Germán de Silva,2,0,,2011
Gerrit Graham,5,1,17.392441314150474,1990
Gerry Lopez,1,1,14.699656951978522,1989
Gert Fröbe,7,1,18.642872338299288,1971
Gertrude Astor,2,0,,1926
Gertrude Lawrence,2,0,,1950
Gertrude Olmstead,3,0,,1926
Gethin Anthony,2,0,,2017
Gheorghe Dinică,5,0,,2006
Gheorghe Visu,2,0,,2016
Ghilherme Lobo,2,0,,2014
Ghita Nørby,8,1,15.296873706119236,2014
GiGi Erneta,3,0,,2009
Gia Carides,2,0,,1998
Gia Gogishvili,1,1,14.627572133951716,2011
Gia Scala,3,0,,1959
Giacomo Agostini,2,0,,1972
Giacomo Furia,2,0,,1956
Giacomo Poretti,9,0,,2014
Giacomo Rossi-Stuart,5,0,,1971
Giampaolo Morelli,3,0,,2016
Gian Maria Volonté,38,3,15.700660489072787,2005
Giancarlo Esposito,7,1,15.937703831023928,2014
Giancarlo Giannini,19,1,17.05342361925256,2013
Giancarlo Prete,2,0,,1983
Giancarlo Ruiz,1,1,8.419359831067474,2012
Giancarlo Sbragia,2,0,,1977
Gianfranco De Grassi,2,0,,1975
Gianluigi Crescenzi,1,1,14.088761500761072,1966
Gianmarco Tognazzi,4,0,,2014
Gianna Maria Canale,3,0,,1963
Gianni Capaldi,2,0,,2015
Gianni Cavina,2,0,,2004
Gianni Di Gregorio,3,0,,2014
Gianni Garko,15,0,,1984
Gianni Russo,2,0,,1978
Gibson Frazier,1,1,10.405201793433656,1999
Gibson Gowland,2,0,,1924
Gideon Emery,2,0,,2011
Gig Young,21,0,,1974
Gigi Edgley,3,0,,2010
Gigi Leung,2,0,,2003
Gigi Proietti,5,0,,2008
Gigi Reder,5,0,,1996
Gigi Sammarchi,2,0,,1983
Gigio Alberti,2,0,,2005
Gijs Blom,2,0,,2014
Gijs Naber,4,0,,2015
Gijs Scholten van Aschat,2,0,,2015
Gil Bellows,15,0,,2015
Gil Birmingham,2,2,16.72791878105856,2017
Gil McKinney,1,1,17.469022101340624,2009
Gila Almagor,3,0,,2007
Gila Golan,2,0,,1969
Gilbert M. Anderson,2,0,,1915
Gilbert Melki,8,1,16.264481778804917,2010
Gilbert Roland,18,0,,1977
Gilbert Sicotte,2,0,,2007
Gilda Radner,5,1,15.899118035072572,1986
Gilles De Schrijver,2,0,,2011
Gilles Lellouche,12,1,17.344807942253745,2017
Gillian Anderson,15,6,16.598235460902867,2017
Gillian Chung,4,1,10.542284138345993,2013
Gillian Hills,2,0,,1974
Gillian Jacobs,10,4,11.298421005977534,2017
Gina Bellman,1,1,11.243502345301838,1996
Gina Carano,3,2,13.525445451807373,2015
Gina Gershon,16,2,16.295832318296583,2017
Gina Holden,4,0,,2017
Gina Lollobrigida,18,2,16.399842637124856,1972
Gina McKee,8,2,17.67214497635504,2015
Gina Philips,2,1,17.896732544581063,2002
Gina Piersanti,2,0,,2016
Gina Torres,4,2,16.935581195284428,2007
Ginette Leclerc,2,0,,1943
Ginette Reno,2,1,14.92466739034506,2003
Ginger Rogers,43,4,16.199276566718613,1955
Ginnifer Goodwin,6,3,19.232868210555683,2016
Ginny Simms,2,0,,1944
Gino Cervi,10,0,,1965
Gino Conforti,1,1,16.24679673389773,1994
Gino Samil,1,1,15.58009819387244,1988
Gino Turini,2,0,,1981
Gio Perez,1,1,18.728165443700327,2010
Giorgio Albertazzi,3,0,,1967
Giorgio Ardisson,5,0,,1974
Giorgio Cantarini,1,1,19.250977762659545,1997
Giorgio Cerioni,2,0,,1977
Giorgio Colangeli,3,0,,2015
Giorgio Faletti,2,0,,2007
Giorgio Panariello,2,0,,2013
Giorgio Pasotti,2,0,,2014
Giorgos Armenis,2,0,,2004
Giovanna Mezzogiorno,5,0,,2014
Giovanna Ralli,6,0,,1974
Giovanni Cianfriglia,2,0,,1968
Giovanni Guidelli,2,0,,2012
Giovanni Lombardo Radice,3,0,,1981
Giovanni Ribisi,15,9,16.86622424959632,2015
Giovanni Storti,9,0,,2014
Girish Kulkarni,2,0,,2013
Girl Talk,2,0,,2009
Gisele Bündchen,2,1,17.415831056387983,2004
Giulia Boschi,2,0,,1988
Giuliana Calandra,2,1,16.189836330427344,2008
Giuliana De Sio,2,0,,1983
Giuliano Gemma,28,0,,1980
Giulietta Masina,7,1,13.53055144156714,1986
Giulio Berruti,2,0,,2014
Giulio Bosetti,2,1,16.236799684588057,2008
Giulio Brogi,4,0,,1991
Giuseppe Addobbati,2,0,,1972
Giuseppe Andrews,2,1,15.254661802928355,2014
Giuseppe Battiston,11,0,,2015
Giuseppe Cederna,1,1,15.326848422528707,1991
Giuseppe Pambieri,2,0,,1975
Giuseppe Sanfelice,2,0,,2004
Gladys Brockwell,2,0,,1927
Gladys George,3,1,13.815510557964274,1943
Glen Berry,1,1,14.22097566607244,1996
Glen Campbell,3,2,14.540266095300556,2014
Glen Hansard,2,1,16.846152003707182,2011
Glen Meadows,2,0,,2005
Glenda Farrell,13,0,,1964
Glenda Jackson,18,1,12.7098736543592,1988
Glenn Close,36,14,17.948139042744632,2016
Glenn Corbett,7,0,,1973
Glenn Fitzgerald,2,0,,2007
Glenn Ford,49,1,15.424948470398377,1981
Glenn Gould,1,1,12.024370896615626,2009
Glenn Greenwald,2,1,14.91517862243825,2014
Glenn Howerton,2,1,14.77668784482986,2013
Glenn Langan,2,0,,1957
Glenn Miller,2,0,,1942
Glenn Morshower,2,0,,2012
Glenn Plummer,4,1,17.144137246791594,2014
Glenn Saxson,2,0,,1966
Glenn Tryon,2,0,,1929
Glenne Headly,12,3,17.743253834242978,2015
Gloria Allred,2,0,,2014
Gloria Carrá,2,0,,2015
Gloria DeHaven,5,0,,1950
Gloria Dickson,2,0,,1938
Gloria Grahame,13,0,,1976
Gloria Guida,4,0,,1982
Gloria Hendry,3,0,,1974
Gloria Jean,2,0,,1944
Gloria Osuna,2,0,,1968
Gloria Reuben,3,0,,2015
Gloria Stuart,7,0,,1944
Gloria Swanson,12,2,16.545303315036357,1974
Gloria Talbott,2,0,,1958
Gloria Warren,2,0,,1946
Glory Annen,3,0,,2008
Glynis Johns,14,1,13.634386683662225,1988
Glynn Turman,3,1,15.44461697105292,1986
Glynnis O'Connor,4,0,,1996
Glória Pires,5,0,,2016
Go Ayano,6,1,12.506103161162818,2016
Go Soo,7,0,,2017
Godehard Giese,2,0,,2015
Godfrey,3,0,,2016
Godfrey Cambridge,4,0,,1975
Godfrey Tearle,2,0,,1942
Goldie Hawn,28,8,17.464836219872065,2017
Golshifteh Farahani,11,2,13.245871084084381,2016
Gong Beibi,2,0,,2011
Gong Li,18,3,18.68100938651185,2014
Gong Yoo,7,2,15.918510857680719,2016
Gonzalo Cubero,2,0,,2013
Gonzalo Vega,2,0,,2013
Googie Withers,4,1,13.634386683662225,1950
Googy Gress,2,0,,2014
Goran Kostić,1,1,12.624378293250404,2011
Goran Navojec,2,0,,2015
Goran Visnjic,9,1,17.85295960119831,2014
Gordon Alexander,3,0,,2015
Gordon Brown,1,1,16.151277687178162,2013
Gordon Currie,5,0,,2005
Gordon Harker,3,0,,1935
Gordon Jackson,2,0,,1966
Gordon Lam Ka-Tung,7,0,,2016
Gordon Liu Chia-Hui,11,0,,2012
Gordon MacRae,9,0,,1956
Gordon Mitchell,7,0,,1971
Gordon Pinsent,9,1,15.048076066941764,2016
Gordon Scott,5,0,,1967
Gordon Warnecke,1,1,14.712228996013458,1985
Gore Vidal,4,1,16.34385793040895,2015
Gorka Otxoa,1,1,14.515100439682197,2009
Gorō Naya,3,1,15.009871112281273,1993
Gosia Dobrowolska,2,0,,1992
Gottfrid Svartholm,3,1,10.453456963419743,2013
Gottfried John,3,1,10.238279807349246,2005
Govinda,12,1,15.250595083253597,2014
Govinda Angulo,1,1,14.079178587545169,2015
Gowthami,1,1,16.454567887579532,2015
Goya Toledo,4,1,16.85566475451347,2011
Grace Chin,1,1,14.663191773432956,2015
Grace Coddington,2,0,,2012
Grace Dunham,1,1,12.939636938656736,2010
Grace Gummer,1,1,15.051811046085344,2014
Grace Helbig,3,0,,2016
Grace Jones,3,1,18.420680743952367,2005
Grace Kelly,10,4,16.053419345449413,1956
Grace Moore,2,0,,1937
Grace Phipps,4,0,,2015
Grace Thorsen,1,1,12.061428303616363,2007
Grace Van Dien,3,0,,2016
Gracie Allen,6,0,,1937
Gracie Fields,2,0,,1945
Graciela Borges,5,0,,2011
Gracita Morales,2,0,,1965
Gracy Singh,2,1,15.907374619642669,2003
Graeme Blundell,2,0,,1981
Graham Beckel,2,0,,2007
Graham Chapman,11,3,15.839447665623474,2012
Graham Coxon,2,0,,2010
Graham Crowden,2,0,,1997
Graham Greene,7,2,16.145881787547058,2014
Graham Kennedy,2,0,,1980
Graham McTavish,4,1,18.97207759735973,2015
Graham Nash,2,0,,2008
Graham Phillips,3,0,,2015
Graham Rogers,2,0,,2017
Graham Sibley,2,0,,2011
Graham Skipper,3,0,,2016
Graham Wardle,2,0,,2013
Graig Guggenheim,2,0,,1999
Grande Otelo,2,0,,1969
Grant Bardsley,1,1,16.87368659768781,1985
Grant Bowler,2,0,,2012
Grant Cramer,2,0,,1988
Grant Heslov,3,0,,1996
Grant Morrison,3,0,,2014
Grant Williams,4,0,,1971
Grant Withers,7,0,,1940
Grayson Hall,3,0,,1972
Grażyna Błęcka-Kolska,3,0,,1998
Grażyna Szapołowska,4,0,,2004
Greer Garson,15,2,16.22274776502024,1967
Greer Grammer,2,0,,2017
Greg Bradford,2,0,,1984
Greg Bryk,2,0,,2011
Greg Cipes,3,0,,2013
Greg Collins,2,0,,2008
Greg Cusick,1,1,10.476047770106955,2010
Greg Evigan,8,1,15.912696851161728,2010
Greg Germann,3,0,,2011
Greg Giraldo,4,1,14.825019464743828,2009
Greg Grunberg,3,0,,2013
Greg Kinnear,24,15,16.267577514325602,2016
Greg Malone,2,0,,2001
Greg Serano,1,1,13.409112514807507,2008
Greg Sestero,2,0,,2003
Greg Wise,6,0,,2014
Gregg Allman,2,0,,2013
Gregg Berger,4,0,,2012
Gregg Henry,6,3,17.232905430001885,2014
Gregg Palmer,2,0,,1959
Gregg Sulkin,8,0,,2016
Gregg Turkington,2,0,,2015
Gregory Antoine,2,0,,2015
Gregory Corso,2,0,,1965
Gregory Harrison,10,2,14.376286570654775,2017
Gregory Hines,9,6,16.60221818323581,1994
Gregory Itzin,1,1,17.38228791267973,2001
Gregory Peck,50,10,16.342844449603604,1999
Gregory Ratoff,2,1,14.862829552244833,1933
Gregory Smith,8,2,15.671409418728377,2011
Gregory Walcott,2,0,,1972
Gregório Duvivier,3,0,,2016
Greisy Mena,1,1,14.688893788827151,2012
Greta Almroth,2,0,,1917
Greta Garbo,22,8,15.053936185523769,1941
Greta Gerwig,18,9,14.867080789812475,2016
Greta Gynt,2,0,,1947
Greta Scacchi,16,5,14.801973238947326,2008
Gretchen Corbett,3,0,,1998
Gretchen German,2,0,,2001
Gretchen Mol,15,4,14.811265189690488,2017
Gretchen Palmer,1,1,13.96416157088095,2000
Grete Berger,2,0,,1922
Grete Havnesköld,3,0,,2006
Grey Griffin,20,3,15.51563469041794,2017
Greyston Holt,2,0,,2014
Griff Rhys Jones,2,0,,2002
Griffin Dunne,10,3,16.42058395600267,2014
Griffin Gluck,1,1,16.810502357434984,2016
Griffith Jones,2,1,13.634386683662225,1948
Grigori Aleksandrov,4,1,10.71663752549077,1979
Grigorij Sijatvinda,2,0,,2007
Grigoriy Dobrygin,3,1,16.883563493097892,2015
Groucho Marx,16,0,,1957
Grégoire Aslan,3,0,,1964
Grégoire Colin,9,1,13.546122786313486,2011
Grégoire Leprince-Ringuet,3,0,,2011
Grégoire Ludig,1,1,15.88237331743725,2016
Grégori Derangère,5,0,,2015
Grégory Fitoussi,2,0,,2014
Gu Bao-Ming,2,0,,1994
Gugu Mbatha-Raw,5,4,16.305321361944962,2016
Guido Lollobrigida,2,0,,1969
Guillaume Canet,18,2,16.20337182436527,2017
Guillaume Depardieu,5,0,,2008
Guillaume Gallienne,6,2,15.241154517622196,2016
Guillaume Gouix,3,0,,2015
Guillaume de Tonquédec,2,0,,2015
Guillermo Arengo,2,0,,2007
Guillermo Crehueras,1,1,14.725030419140715,2014
Guillermo Díaz,3,0,,2002
Guillermo Francella,4,1,16.83016247105625,2015
Guillermo García,2,0,,2013
Guillermo Toledo,5,0,,2014
Guillermo del Toro,3,0,,2017
Guinevere Turner,4,1,9.824390231177423,2007
Guli Nazha,1,1,18.48496923383473,2014
Gulshan Devaiah,2,0,,2015
Gulshan Grover,6,1,13.079662535622116,2010
Gunnar Björnstrand,7,0,,1969
Gunnar Hansen,3,0,,2009
Gunnel Fred,3,0,,1984
Gunnel Lindblom,5,0,,1968
Gunvor Sandkvist,2,0,,1961
Guo Tao,4,0,,2014
Guo Xiaodong,3,0,,2014
Guru Dutt,3,0,,1962
Gus Van Sant,1,1,10.947731648720744,2013
Gustaf Skarsgård,5,1,10.938432051980692,2011
Gustav Diessl,3,0,,1933
Gustav Fröhlich,4,1,13.385376661981928,1942
Gustav Hofer,2,0,,2011
Gustav von Seyffertitz,3,1,20.12724536711719,1931
Gustav-Peter Wöhler,2,0,,2006
Gustave de Kervern,2,0,,2016
Gustavo Salmerón,2,1,7.921535632133549,2014
Gustaw Holoubek,3,0,,1972
Gustáv Valach,2,0,,1978
Guy Bedos,2,1,15.791143157451174,2011
Guy Bertrand,2,0,,1988
Guy Doleman,2,0,,1966
Guy Kibbee,10,0,,1942
Guy Madison,9,0,,1967
Guy Marchand,7,0,,2010
Guy Middleton,2,0,,1951
Guy Mitchell,1,1,14.077874822431763,1954
Guy Pearce,33,21,16.408848477812025,2017
Guy Rolfe,4,0,,1991
Guy Standing,3,0,,1937
Guy Stockwell,3,0,,1989
Guy Torry,2,1,16.014553148379452,2006
Guy Williams,2,0,,1963
Gwei Lun-mei,9,0,,2014
Gwen Watford,2,0,,1970
Gwendoline Yeo,2,1,15.483217378522353,2012
Gwyneth Paltrow,30,25,16.940613148650456,2015
Gwynyth Walsh,2,0,,2015
Gypsy Rose Lee,2,0,,1958
Gábor Máté,2,0,,2011
Gáspár Sándor,2,0,,2001
Génesis Rodríguez,2,0,,2013
Gérald Laroche,2,0,,2002
Géraldine Martineau,2,0,,2015
Géraldine Nakache,5,0,,2013
Géraldine Pailhas,10,0,,2013
Gérard Blain,6,0,,1961
Gérard Darmon,6,1,14.510566914886663,2015
Gérard Depardieu,83,7,16.584142583330095,2016
Gérard Herter,2,0,,1967
Gérard Jugnot,13,1,13.65366787035164,2009
Gérard Lanvin,11,0,,2014
Gérard Meylan,2,0,,2011
Gérard Philipe,10,0,,1959
Géza Röhrig,1,1,14.390461304930682,2015
Gísli Halldórsson,2,0,,1996
Gísli Örn Garðarsson,3,0,,2012
Gô Katô,4,0,,1995
Gô Rijû,1,1,13.127864219989648,1985
Göran Stangertz,2,0,,2000
Görbe János,3,0,,1966
Gösta Bredefeldt,2,0,,1998
Gösta Ekman,16,0,,1995
Götz George,7,0,,2009
Götz Otto,1,1,15.911690109322544,2012
Güneş Nezihe Şensoy,1,1,12.429216196844385,2015
Günter Lamprecht,2,0,,1998
Günther Kaufmann,3,0,,1982
Güven Kıraç,3,0,,2016
H.B. Warner,9,0,,1939
H.R. Giger,2,0,,2014
Ha Ji-won,9,0,,2016
Ha Jung-woo,15,3,13.935100240766056,2016
Ha Yeo-jin,1,1,15.687676361053542,2003
Haaz Sleiman,3,1,16.03845811119318,2015
Habib Amiri,1,1,11.528237633071834,2009
Hadas Yaron,2,1,14.389488993215531,2015
Haden Kuo,3,0,,2014
Hadewych Minis,3,0,,2015
Hafsia Herzi,8,0,,2014
Hailee Steinfeld,10,7,15.042164136950406,2016
Hailey Smith,1,1,13.504430201583936,2015
Haing S. Ngor,1,1,17.36225863104907,1984
Hakan Bilgin,1,1,15.488861796142029,2008
Hakan Karsak,3,0,,2015
Hakeem Kae-Kazim,1,1,17.561084450242536,2009
Hakkı Kıvanç,2,0,,1986
Hal Blaine,2,0,,2008
Hal Holbrook,16,3,17.24504565297063,2009
Hal Linden,2,0,,2002
Hal Ozsan,2,0,,2015
Hale Appleman,2,0,,2011
Haley Bennett,7,3,16.215750311983474,2016
Haley Joel Osment,12,4,17.564622231942135,2015
Haley Lu Richardson,6,2,15.040132474063192,2017
Haley Ramm,3,0,,2014
Halina Gryglaszewska,1,1,14.50863523827109,1991
Halina Reijn,4,0,,2010
Halit Akçatepe,3,0,,1977
Halle Berry,29,25,17.148914242078703,2017
Hallee Hirsh,5,0,,2013
Hallie Kate Eisenberg,3,1,16.382208846692002,2006
Hallie Todd,5,1,17.83251419690416,2016
Halston Sage,2,1,16.12064948714087,2017
Haluk Bilginer,5,0,,2014
Hamid Aghazi,1,1,11.657934486880205,2008
Hamid Djavadan,1,1,11.90949108989136,2012
Hamid Farokhnezhad,2,0,,2012
Hamilton Camp,3,0,,1989
Hamish Bowles,2,0,,2012
Hamish Linklater,4,1,17.7479117309159,2015
Han Ga-in,2,0,,2012
Han Geng,3,1,18.56910074907064,2013
Han Hyo-joo,6,1,11.590654729465731,2016
Han Ji-min,2,0,,2016
Han Sang-jin,1,1,14.048166324370976,2012
Han Seok-kyu,9,1,17.706620603905534,2014
Han Ye-ri,4,0,,2014
Hana Ali,1,1,8.882530508433623,2014
Hana Laslo,2,0,,2005
Hanaa Bouchaib,1,1,17.04028041882585,2010
Hanae Kan,3,0,,2005
Hang-Seon Jang,2,0,,2005
Hani Adel,3,0,,2016
Hank Azaria,16,6,16.65269530888503,2017
Hanna Alström,3,0,,2014
Hanna Mangan Lawrence,5,1,10.734111457653192,2016
Hanna Schygulla,22,2,13.419934295846918,2007
Hannah Al Rashid,2,0,,2016
Hannah Arterton,2,0,,2014
Hannah Endicott-Douglas,1,1,13.895875982789798,2010
Hannah Fierman,2,0,,2016
Hannah Hart,2,0,,2016
Hannah Herzsprung,5,0,,2014
Hannah Hoekstra,4,0,,2014
Hannah Marks,2,0,,2014
Hannah Murray,4,0,,2015
Hannah Spearritt,2,1,17.176545276310687,2014
Hannah Teter,1,1,13.51398645849039,2005
Hannah Tointon,2,0,,2014
Hannah Ware,1,1,18.221832775203023,2015
Hannelore Elsner,6,0,,2012
Hannelore Hoger,2,0,,1978
Hannelore Schroth,2,0,,1956
Hannes Häyrinen,2,0,,1966
Hannes Jaenicke,2,0,,2002
Hannibal Buress,5,0,,2016
Hanns Zischler,2,0,,1998
Hannu-Pekka Björkman,10,1,13.184904279629151,2015
Hans Albers,3,0,,1944
Hans Alfredson,3,0,,2000
Hans Christian Blech,4,0,,1985
Hans Conried,7,1,18.286059054312865,1977
Hans Hirschmüller,2,0,,1971
Hans Man in 't Veld,1,1,16.559120934465035,1983
Hans Matheson,4,0,,2013
Hans Morten Hansen,1,1,15.24094822539546,2010
Hans Nielsen,2,0,,1963
Hans Teeuwen,2,0,,2009
Hans-Jochen Wagner,2,0,,2009
Hans-Michael Rehberg,2,0,,2010
Hansa Vithal,1,1,14.547900566817574,1988
Hanzala Shahid,1,1,13.377214876202816,2015
Hao Lei,3,0,,2012
Hardie Albright,2,0,,1935
Hardy Krüger,11,1,16.811242831518264,1985
Haregewine Assefa,1,1,10.813096007646362,2014
Harland Williams,6,1,16.675424253850448,2011
Harley Cross,3,2,13.908533307793569,1997
Harley Jane Kozak,5,2,17.15033546145312,1995
Harley Quinn Smith,3,0,,2016
Harman Baweja,1,1,15.424948470398377,2008
Harold J. Stone,4,0,,1967
Harold Lloyd,22,0,,1947
Harold Perrineau,6,2,17.722781802395055,2013
Harold Pinter,1,1,12.745004560843936,2007
Harold Pruett,2,0,,1996
Harold Ramis,3,2,17.043878188594334,1988
Harold Smith,2,0,,1900
Harpo Marx,13,0,,1949
Harriet Andersson,11,1,16.62977107354299,2004
Harriet Owen,1,1,18.514741798469892,2002
Harriet Walter,4,0,,2017
Harris Yulin,4,0,,2014
Harrison Ford,39,35,18.342891267544264,2015
Harrison Gilbertson,4,0,,2016
Harrison Lowe,2,0,,2002
Harrison Page,2,2,16.302043642923643,1990
Harry Anderson,2,0,,2014
Harry Andrews,9,0,,1986
Harry Baer,6,0,,1977
Harry Baird,2,0,,1972
Harry Baur,7,0,,1937
Harry Belafonte,12,1,10.278837036739668,2013
Harry Carey,8,0,,1947
"Harry Carey, Jr.",2,1,14.859666660836323,1950
Harry Connick Jr.,9,4,16.012440667412775,2013
Harry Crosby,1,1,17.905756749995323,1980
Harry Dean Stanton,16,2,14.622083084209969,2012
Harry Eden,2,2,12.727494407066455,2008
Harry Enfield,2,0,,2004
Harry Guardino,8,3,16.518763206451066,1978
Harry H. Corbett,2,0,,1977
Harry Hamlin,3,0,,1999
Harry Houdini,2,0,,1922
Harry Langdon,4,0,,1939
Harry Liedtke,4,0,,1924
Harry Lloyd,2,1,18.56006608498736,2013
Harry Morgan,10,0,,1982
Harry Nilsson,2,1,10.247077256926206,2010
Harry Secombe,2,0,,1972
Harry Shearer,8,5,14.921063513303988,2006
Harry Simpson,1,1,12.053853432552662,2011
Harry Stockwell,1,1,19.035463523527223,1937
Harry Treadaway,4,2,12.919141952225143,2014
Harshaali Malthotra,1,1,18.400478036634848,2015
Harshavardhan,1,1,14.19306235593256,2010
Hart Bochner,6,2,15.078869033770506,2001
Haru Kuroki,3,0,,2016
Haruhiko Katô,2,0,,2007
Haruka Ayase,9,1,12.755594806631764,2016
Haruka Igawa,2,0,,2006
Haruko Sugimura,3,0,,1955
Haruma Miura,8,3,17.50319786567658,2015
Haruna Kawaguchi,2,0,,2016
Haruo Tanaka,1,1,10.919442607523228,1952
Harve Presnell,2,0,,2001
Harvey Fierstein,3,1,15.397782185802605,2016
Harvey Keitel,63,25,16.49347208639024,2016
Harvey Korman,6,1,18.59882692933584,1998
Harvey Stephens,2,0,,1942
Hassina Burgan,1,1,11.90949108989136,2012
Hatice Aslan,2,0,,2009
Hattie Jacques,2,0,,1963
Haviland Stillwell,2,0,,2015
Haya Harareet,1,1,18.805262641144104,1959
Hayao Miyazaki,2,0,,2013
Hayato Ichihara,3,1,9.453757028129948,2015
Hayden Christensen,15,10,17.017836968659065,2017
Hayden Panettiere,10,6,17.69725446491479,2011
Hayden Rolence,1,1,20.75143618932964,2016
Haydée Politoff,2,0,,1973
Hayley Atwell,7,3,14.930187357272581,2013
Hayley Kiyoko,5,1,14.662958692773996,2016
Hayley Mills,16,0,,1989
Hayley Orrantia,1,1,16.972832927283513,2016
Hayley Squires,1,1,12.469797522406187,2016
Haylie Duff,8,1,16.253468671744212,2014
Hays Wellford,1,1,11.809706020407267,2015
Hazel Court,6,1,14.038654109278484,1964
Heath Ledger,16,14,17.552297300339166,2017
Heather Angel,9,1,13.764217263576723,1939
Heather Brooke,1,1,13.308082489299183,2013
Heather Burns,2,0,,2012
Heather Donahue,1,1,19.328939304129257,1999
Heather Graham,27,6,15.00003820248687,2014
Heather Hogan,3,0,,1996
Heather Langenkamp,5,3,17.127604409669043,2016
Heather Locklear,4,1,12.169491645267174,2007
Heather Marie Marsden,2,0,,2011
Heather Matarazzo,5,2,18.155944795121442,2007
Heather McComb,2,0,,2009
Heather Menzies,3,0,,1979
Heather Morris,2,0,,2015
Heather O'Rourke,2,2,16.996901171878164,1988
Heather Rattray,2,0,,1990
Heather Sears,3,0,,1964
Hedy Burress,5,1,12.461733724533904,2010
Hedy Lamarr,17,1,16.25785759333348,1957
Heera Rajgopal,1,1,13.122363377404328,1996
Heidi Fleiss,2,0,,1999
Heidi Hayes,1,1,17.922126632899133,2005
Heidi Kling,1,1,14.322052218649864,1992
Heidi Lenhart,2,0,,2001
Heidi von Palleske,1,1,15.899754051795206,1988
Heike Makatsch,7,2,17.461016045857562,2015
Heikki Hela,5,0,,2014
Heikki Kinnunen,6,0,,1997
Heikki Nousiainen,3,0,,2017
Heikki Silvennoinen,5,0,,2014
Heiner Lauterbach,5,0,,2014
Heino Ferch,7,0,,2016
Heinrich George,3,0,,1945
Heinrich Himmler,2,0,,2013
Heinz Bennent,3,0,,1995
Heinz Hoenig,2,0,,2005
Heinz Hopf,2,0,,1973
Heinz Rühmann,4,0,,1973
Helen Buday,2,1,12.611537753638338,2003
Helen Chandler,1,1,13.827625870285557,1931
Helen Hayes,10,1,17.034386382832476,1977
Helen Hughes,3,0,,1989
Helen Hunt,24,10,16.8054338394038,2014
Helen Jones,1,1,13.400808419543612,1985
Helen Mack,5,0,,1945
Helen McCrory,3,1,17.092705214238563,2014
Helen Mirren,55,19,17.19000470600374,2015
Helen Shaver,12,2,15.71893347444524,2004
Helen Sjöholm,2,0,,2011
Helen Slater,10,3,16.64909467109418,2015
Helen Twelvetrees,2,0,,1932
Helen Vinson,4,0,,1934
Helen Vita,2,0,,1976
Helen Walker,3,0,,1945
Helena Bereen,1,1,14.817785939924336,2008
Helena Bergström,8,0,,2006
Helena Bonham Carter,36,13,17.224420509874765,2015
Helena Carter,2,0,,1953
Helena Rojo,2,0,,1975
Helene Costello,2,1,13.997832114758229,1928
Helene Udy,2,0,,1986
Helga Liné,7,0,,1982
Helge Schneider,6,0,,2007
Helgi Björnsson,2,0,,2012
Helmut Berger,9,0,,1987
Helmut Griem,8,0,,1982
Helmut Qualtinger,3,1,18.161910014995005,1986
Hema Malini,1,1,13.9108207377686,2003
Hemant Birje,2,0,,1988
Hend Ayoub,2,1,12.025749091398891,2006
Hendrik Toompere Jr.,2,0,,2016
Henning Moritzen,2,0,,2005
Henny Porten,2,0,,1991
Henri Garcin,5,0,,2006
Henri Guybet,2,0,,2002
Henri Labussière,3,0,,1994
Henri Poupon,4,0,,1952
Henri Serre,2,0,,1962
Henri Vidal,4,0,,1959
Henrietta Crosman,2,0,,1936
Henriette Confurius,2,0,,2014
Henriette Steenstrup,2,0,,2016
Henrik Larsson,2,0,,1987
Henrik Lundström,3,0,,2013
Henrik Mestad,3,0,,2011
Henrik Norlén,3,0,,2015
Henrik Rafaelsen,4,0,,2016
Henry B. Walthall,10,1,16.213405830762646,1933
Henry Bergman,2,1,15.955576721460544,1936
Henry Cavill,8,4,19.009862029898628,2017
Henry Czerny,8,0,,2010
Henry Fonda,58,8,14.992229489572924,2006
Henry G. Sanders,2,1,12.80001256250955,1978
Henry Gibson,4,0,,1986
Henry Goodman,2,0,,2011
Henry Hopper,2,1,12.003129926531726,2016
Henry Hull,7,0,,1961
Henry Hübchen,5,0,,2013
Henry Ian Cusick,3,1,15.21892994519584,2014
Henry Jaglom,4,0,,2015
Henry Jones,2,0,,1968
Henry Kissinger,2,0,,2011
Henry Lloyd-Hughes,2,0,,2011
Henry Phillips,2,0,,2017
Henry Rollins,8,2,14.64697409864014,2016
Henry Silva,16,4,16.142954862556223,1988
Henry Thomas,15,3,17.02866636948506,2011
Henry Travers,2,1,16.874217630679652,1945
Henry Wilcoxon,5,0,,1971
Henry Winkler,9,4,16.70455322095181,2015
Henryk Bista,3,0,,1996
Heo Jun-ho,3,0,,2008
Hera Hilmar,2,1,12.39246092199889,2017
Herb Andress,2,0,,1974
Herb Jeffries,2,0,,1939
Herbert Ballerina,2,1,15.328833967212706,2016
Herbert Grönemeyer,2,1,18.258161814454592,2012
Herbert Knaup,2,1,15.798934607253203,2013
Herbert Lom,30,7,15.861381864862121,1993
Herbert Marshall,25,1,13.928839243271277,1957
Herbert Standing,2,0,,1918
Herman Bing,1,1,14.28551418721001,1941
Herman Koto,1,1,13.004874048611862,2012
Hermila Guedes,3,0,,2012
Hermione Baddeley,3,1,15.478489237326404,1965
Hernán Mendoza,3,0,,2014
Herschel Bernardi,2,0,,1976
Hiam Abbass,17,2,14.34115835567778,2016
Hideaki Anno,2,1,18.58562214539422,2013
Hideaki Ito,8,1,14.8180736604968,2016
Hideaki Nitani,3,0,,1987
Hideki Takahashi,2,0,,1966
Hideko Takamine,12,0,,1964
Hideo Nakaizumi,1,1,16.18130497660683,2009
Hideo Sakaki,4,0,,2014
Hidetaka Yoshioka,4,1,17.313639803789584,2005
Hidetoshi Nishijima,7,0,,2016
Hideyuki Hori,3,0,,1994
Hideyuki Tanaka,3,0,,2000
Hikari Ishida,2,0,,1999
Hikari Mitsushima,2,0,,2011
Hikaru Midorikawa,5,0,,2001
Hilarie Burton,4,0,,2016
Hilary Duff,13,7,15.976857610878628,2012
Hilary Swank,20,13,16.279153839495812,2017
Hilda Borgström,3,0,,1946
Hilde Van Mieghem,2,0,,2004
Hildegard Knef,8,0,,1978
Hili Yalon,2,0,,2015
Hill Harper,1,1,17.37106374127191,2000
Hillary Brooke,5,0,,1954
Hillary Clinton,2,0,,2016
Hillel Halkin,1,1,13.647314366800249,2012
Hilmi Sözer,6,0,,2008
Hilmir Snær Guðnason,4,0,,2013
Hilton Edwards,2,0,,1978
Himanshu Malik,1,1,14.21226584546817,2001
Himesh Reshammiya,3,0,,2012
Hinako Saeki,2,0,,2000
Hinano Yoshikawa,2,0,,2006
Hinnerk Schönemann,4,1,15.068273526459642,2007
Hippolyte Girardot,9,1,16.24772073638975,2012
Hira Kim,1,1,12.76539982039228,2010
Hiram Keller,3,0,,1976
Hiro Mizushima,3,0,,2014
Hiroaki Hirata,3,1,17.785802471516394,2012
Hiroaki Iwanaga,3,0,,2013
Hirofumi Arai,4,0,,2014
Hiroki Doi,1,1,19.049180160074577,2008
Hiroki Hasegawa,3,1,18.15931597981796,2016
Hiroki Narimiya,7,0,,2013
Hiroki Takahashi,2,1,13.830733104843514,2016
Hiroko Emori,2,0,,1993
Hiroko Kawasaki,2,0,,1941
Hiroko Yakushimaru,4,0,,2005
Hiromi Nagasaku,3,0,,2014
Hiromi Tsuru,6,1,17.93889906499248,2015
Hiroshi Abe,11,0,,2016
Hiroshi Akutagawa,2,0,,1969
Hiroshi Kamiya,11,0,,2017
Hiroshi Kawaguchi,5,0,,1989
Hiroshi Koizumi,5,0,,1964
Hiroshi Mikami,3,0,,2004
Hiroshi Tamaki,3,0,,2009
Hirotaka Suzuoki,6,0,,1989
Hiroyuki Amano,2,0,,2007
Hiroyuki Ikeuchi,4,1,16.23252141282813,2010
Hiroyuki Kawase,2,0,,1973
Hiroyuki Miyasako,2,0,,2005
Hiroyuki Nagato,3,0,,1962
Hiroyuki Sanada,10,5,17.966478557660086,2013
Hisao Egawa,2,0,,2012
Hisashi Igawa,3,0,,1993
Hisaya Morishige,2,0,,1972
Hitomi Kuroki,3,0,,2005
Hitomi Nozoe,2,0,,1958
Hitomi Satô,1,1,16.743319602045986,1999
Hitoshi Matsumoto,2,0,,2009
Hizuru Takachiho,2,0,,1961
Hjördis Petterson,2,0,,1957
Ho-jeong Yu,1,1,17.686711568872166,2011
Hobart Bosworth,3,1,16.90655301132259,1925
Hoji Fortuna,1,1,10.689213914389166,2010
Holland Taylor,2,0,,2010
Holliday Grainger,3,1,14.79986247410627,2017
Holliston Coleman,2,0,,2007
Holly Aird,2,0,,2006
Holly Deveaux,1,1,14.22097566607244,2014
Holly Elissa Lamaro,3,0,,2012
Holly Fields,2,0,,2004
Holly Hunter,22,11,16.70562463887818,2017
Holly Marie Combs,3,2,17.42053817013775,2016
Holly Valance,1,1,13.082195335676994,2006
Holly Woodlawn,2,0,,1971
Holt Boggs,2,0,,2013
Holt McCallany,2,0,,2013
Holter Graham,2,0,,2009
Homayoun Ershadi,2,0,,1998
Honey Lauren,1,1,7.741967899820685,1998
Honeysuckle Weeks,2,0,,2011
Hong Chen,2,0,,2005
Hongwei Wang,5,0,,2016
Honor Blackman,6,1,18.642872338299288,1979
Hoot Gibson,2,0,,1943
Hope Davis,19,6,16.52332505533096,2012
Hope Lange,9,2,16.16575074086048,1993
Hope Marie Carlton,3,0,,1989
Horatio Sanz,1,1,15.965687319027683,2002
Horst Buchholz,9,1,15.201804919084164,1985
Horst Frank,8,0,,1977
Hossein Mahjoub,2,0,,2002
Howard Berger,2,0,,2011
Howard Da Silva,7,0,,1972
Howard Duff,6,0,,1986
Howard Hesseman,8,2,15.418650917547318,2012
Howard Keel,15,4,15.785144106999365,1967
Howard Lindsay,2,0,,1957
Howard Marion-Crawford,2,0,,1969
Howard McGillin,1,1,16.09499671279399,1994
Howard Rollins,1,1,16.89839926881947,1984
Howard Stern,1,1,17.534696083588205,1997
Howard Vernon,5,0,,1981
Howard Zinn,4,0,,2011
Howie Mandel,8,3,13.57148927673517,2013
Hoyt Axton,2,1,18.846491482230757,1989
Hristo Shopov,4,0,,2015
Hristos Passalis,2,1,11.610024952099902,2009
Hrithik Roshan,22,6,16.217958583479817,2017
Hsiao Ho,2,0,,1985
Hsu Feng,2,0,,1977
Hu Jun,5,2,17.537702472417635,2009
Huang Bo,7,2,19.29862943208086,2015
Huang Lu,2,0,,2014
Huang Sheng-Yi,2,0,,2014
Huang Xiaoming,11,2,13.433210448647412,2016
Huang Xuan,2,0,,2017
Huang Zitao,1,1,18.442492870459745,2016
Hubert Koundé,4,0,,2012
Hubert Scales,1,1,16.536805985816503,1971
Hudson Meek,1,1,15.392982767894926,2015
Hugh Beaumont,2,0,,1956
Hugh Bonneville,7,0,,2017
Hugh Dancy,11,5,16.282268184144296,2011
Hugh Dillon,3,0,,2004
Hugh Fraser,3,0,,1995
Hugh Grant,27,19,17.312028348267223,2017
Hugh Griffith,5,1,17.442514608360124,1974
Hugh Herbert,4,0,,1941
Hugh Jackman,28,23,18.14117296329219,2017
Hugh Keays-Byrne,3,1,18.420680743952367,1980
Hugh Laurie,11,4,17.760466112840042,2012
Hugh Marlowe,7,1,14.98644350821201,1963
Hugh McDermott,2,0,,1954
Hugh O'Brian,6,0,,1976
Hugh O'Conor,2,0,,2013
Hugh Ross,3,0,,1995
Hugh Walsh,1,1,16.846152003707182,2007
Hugh Williams,4,0,,1942
Hughie Restorick,2,0,,1973
Hugo Arana,4,0,,2014
Hugo Armstrong,2,1,11.5387588900012,2013
Hugo Barbier,1,1,13.873594543330713,2014
Hugo Catalán,2,0,,2014
Hugo Chávez,4,0,,2014
Hugo Haas,2,0,,1953
Hugo Metsers,3,0,,2005
Hugo Silva,7,0,,2016
Hugo Soto,2,0,,1989
Hugo Weaving,15,5,15.520974560399546,2015
Hugues Quester,4,0,,1990
Hui Lou Chen,3,0,,2002
Hulk Hogan,10,1,16.593935404353054,2017
Hulusi Kentmen,3,0,,1975
Huma Qureshi,1,1,16.256116948855695,2015
Humaima Malik,1,1,15.201804919084164,2014
Hume Cronyn,11,2,17.065456001512462,1987
Humphrey Bogart,51,7,15.652634960047758,1956
Hunt Block,3,0,,1988
Hunter Carson,1,1,15.401610854385368,1986
Hunter S. Thompson,2,0,,2012
Hunter Tylo,2,0,,2005
Huntz Hall,31,0,,1966
Hurd Hatfield,4,1,16.48851040984448,1965
Huub Smit,2,1,15.988756145798364,2011
Huub Stapel,7,0,,2010
Hwang Jang-Lee,4,0,,1979
Hwang Jung-min,13,3,15.629653656060862,2016
Hyun Bin,4,2,16.615465428259853,2017
Hywel Bennett,4,0,,1996
Héctor Alterio,8,0,,2002
Héctor Bonilla,2,0,,2016
Héctor Colomé,2,1,12.154779351142624,2014
Héctor Elizondo,10,5,16.77204075325962,2004
Héctor Jiménez,2,1,18.20000904758596,2014
Héctor Medina,2,0,,2015
Hélène Bourgeois Leclerc,3,0,,2016
Hélène Chanel,3,0,,1963
Hélène Fillières,6,0,,2012
Hélène Vincent,3,0,,2010
Hélène de Fougerolles,6,0,,2009
Héléna Noguerra,3,0,,2014
Hümeyra,2,1,15.621538414545505,2011
Iain De Caestecker,3,0,,2013
Iain Glen,10,3,18.380343916577697,2016
Ian Abercrombie,2,0,,1991
Ian Anderson,2,0,,2012
Ian Aspinall,1,1,17.15483253590834,1999
Ian Bannen,9,0,,1998
Ian Brown,1,1,13.49948799416209,2013
Ian Carmichael,5,0,,1983
Ian Charleson,3,1,17.892588642143178,1987
Ian Cheney,1,1,11.306737354305431,2007
Ian Duncan,2,0,,2014
Ian Edwards,1,1,10.405201793433656,1999
Ian Gillan ,2,0,,2002
Ian Hart,11,0,,2017
Ian Hendry,7,0,,1973
Ian Holm,24,7,16.57988560864608,2009
Ian Hunter,9,0,,1949
Ian James Corlett,3,0,,2017
Ian Keith,3,1,14.774860779298876,1947
Ian MacKaye,4,0,,2015
Ian McCulloch,3,0,,1980
Ian McDiarmid,2,1,19.143733763616975,2009
Ian McKellen,27,13,19.597304055882937,2015
Ian McNeice,3,1,19.1739137329596,2004
Ian McShane,17,4,18.84433748175607,2017
Ian Michael Smith,1,1,16.719862743775067,1998
Ian Nelson,1,1,17.77491044363214,2015
Ian Ogilvy,4,0,,2017
Ian Richardson,8,2,16.04783228658346,2000
Ian Roberts,3,0,,2007
Ian Somerhalder,7,1,17.213626028747427,2014
Ian Virgo,1,1,8.877800393882575,2014
Ian Ziering,6,0,,2016
Iben Hjejle,8,1,17.66834168346098,2012
Ibrahim Ahmed,1,1,13.888830719876983,2014
Ibrahim Akoz,1,1,16.41820024340866,2009
Ibrahim Celikkol,2,0,,2014
Ice Cube,27,21,17.1585952844624,2017
Ice-T,19,4,15.330971076577507,2012
Ichirô Sugai,2,0,,1952
Ichirō Nagai,4,1,15.009871112281273,2000
Icíar Bollaín,3,0,,2009
Ida Elise Broch,3,0,,2011
Ida Galli,14,0,,1975
Ida Kaminska,2,0,,1970
Ida Lupino,22,0,,1975
Idan Alterman,2,0,,2000
Idina Menzel,2,1,20.965599285915545,2015
Idris Elba,16,9,17.63044303636402,2017
Iemasa Kayumi,2,1,14.643063623668674,1995
Ieroklis Michaelidis,2,0,,2003
Iggy Pop,6,1,16.70127655896038,2016
Ignacio López Tarso,2,0,,1967
Ignacio Serricchio,2,0,,2008
Ignazio Spalla,3,0,,1975
Igor Dmitriev,2,0,,1979
Igor Ilyinsky,4,0,,1962
Igor Jijikine,2,0,,2015
Igor Khripunov,1,1,14.616666494496185,2015
Igor Mirkurbanov,3,0,,2016
Igor Petrenko,4,4,14.641535003562819,2010
Igor Sergeev,2,0,,2012
Igor Starygin,3,0,,1993
Igor Vernik,1,1,16.111903317977415,2012
Igor Zaripov,1,1,17.346363945129387,2012
Iina Kuustonen,5,0,,2016
Ikkyuu Juku,4,0,,2014
Iko Uwais,5,2,15.00459723898402,2017
Ikue Ōtani,3,0,,2015
Ilan Mitchell-Smith,2,2,16.772091026128486,1985
Ilaria Occhini,2,0,,2009
Ilarion Ciobanu,5,0,,1981
Ildikó Bánsági,4,0,,1989
Ileana D'Cruz,6,1,14.846869176143914,2016
Ilene Woods,1,1,19.389910791776988,1950
Iliana Fox,2,0,,2016
Iliza Shlesinger,3,0,,2016
Ilka Bessin,1,1,15.022288524142182,2016
Ilka Grüning,3,0,,1926
Ilkka Heiskanen,2,0,,2012
Ilkka Koivula,3,0,,2010
Illeana Douglas,7,2,13.779147693710193,2014
Ilona Massey,1,1,13.854731271117556,1942
Ilona Schulz,2,0,,2001
Im Chang-Jung,3,0,,2012
Im Soo-jung,7,1,15.286722647587206,2016
Im Won-hee,3,0,,2010
Imanol Arias,6,0,,2015
Imelda Staunton,12,3,15.206737800759411,2014
Imogen Annesley,2,0,,1987
Imogen Poots,17,7,14.481536071536164,2018
Imogene Coca,2,1,17.932913096673815,1983
Imogene Robinson,1,1,12.653162625766091,2007
Imogene Wolodarsky,1,1,14.173642939324935,2014
Imran Khan,5,3,16.546312260448502,2013
Ina Balin,4,0,,1971
Ina Claire,1,1,14.63924730822782,1939
India Eisley,3,0,,2016
India Ennenga,2,1,17.727684472005144,2015
Indira Varma,1,1,15.228713367578814,1996
Indrajith Sukumaran,1,1,12.506177237980513,2013
Ineko Arima,6,0,,1983
Inga Jankauskaitė,2,0,,2017
Inga Strelkova-Oboldina,1,1,12.657769091246102,2002
Ingar Helge Gimle,2,0,,2015
Inge Maux,1,1,10.096872681686062,2012
Ingeborga Dapkunaite,7,2,14.163192303260239,2012
Inger Nilsson,3,0,,1970
Inger Stevens,12,1,15.732433170146336,1970
Ingmar Bergman,5,0,,2012
Ingrid Andree,3,0,,2010
Ingrid Bergman,35,4,16.452922467112842,1995
Ingrid Bolsø Berdal,4,1,9.983222520554982,2013
Ingrid Caven,4,0,,1981
Ingrid García Jonsson,3,0,,2016
Ingrid Guimarães,3,0,,2015
Ingrid Olerinskaya,2,1,15.629429026389133,2013
Ingrid Pitt,2,0,,1971
Ingrid Rubio,5,0,,2014
Ingrid Schoeller,2,0,,1967
Ingrid Thulin,18,0,,1991
Ingvar Eggert Sigurðsson,6,1,16.213405830762646,2015
Ingvar Hirdwall,6,0,,2015
Inka Friedrich,2,0,,2010
Inma Cuesta,5,0,,2016
Inma de Santis,2,1,13.114050924496471,1978
Inna Churikova,6,0,,2015
Inna Makarova,3,0,,1968
Innocent,2,1,13.458835614025542,2015
Innokentiy Smoktunovskiy,8,0,,1991
Inés Efron,4,0,,2011
Inés Sastre,2,0,,2001
Inês de Medeiros,2,0,,1995
Ioan Gruffudd,15,8,16.84565526485595,2015
Ioana Flora,2,0,,2010
Ioannis Papazisis,2,0,,2005
Iolanda Mascitti,2,0,,1978
Ion Besoiu,3,0,,1974
Ione Skye,7,2,15.462579008441141,1999
Ira von Fürstenberg,2,0,,1976
Irandhir Santos,6,2,15.26129343670421,2016
Irene Azuela,3,0,,2013
Irene Bedard,7,3,14.647620008640855,2015
Irene Cara,6,1,16.86964517413569,1990
Irene Dunne,25,1,15.495034077965062,1950
Irene Grazioli,1,1,16.066318871289543,1998
Irene Hervey,4,0,,1948
Irene Miracle,3,1,17.37085861945369,1989
Irene Papas,10,1,11.330263850363169,1983
Irene Purcell,3,0,,1932
Irene Rich,2,0,,1931
Irene Worth,2,0,,1993
Irina Björklund,7,0,,2012
Irina Demick,2,0,,1965
Irina Kupchenko,7,0,,2008
Irina Muravyova,4,0,,1990
Irina Pegova,2,1,13.45408290922392,2005
Irina Rakhmanova,2,1,15.836761653441917,2015
Irina Rozanova,2,0,,1990
Irina Saulescu,1,1,10.78514543091584,2009
Iris Bahr,2,1,18.031159208912687,2010
Iris Berben,3,0,,2012
Irm Hermann,4,0,,1992
Irma P. Hall,2,0,,2004
Irma Seikkula,2,0,,1937
Irrfan Khan,20,8,17.390645825931088,2016
Irán Castillo,1,1,14.29304823486409,2012
Irène Jacob,10,1,14.50863523827109,2010
Isa Barzizza,3,0,,2012
Isa Miranda,3,0,,1955
Isaac C. Singleton Jr.,2,0,,2011
Isaac Hayes,4,0,,2002
Isaac Hempstead-Wright,1,1,18.50000722596676,2014
Isaac Love,1,1,9.02713842775492,2013
Isaach De Bankolé,8,1,13.422346480993712,2013
Isabel García Lorca,2,0,,2009
Isabel Glasser,2,0,,1995
Isabel Jeans,4,0,,1969
Isabel Lucas,6,2,18.428953872801046,2017
Isabel Ruth,3,0,,2002
Isabell Gerschke,2,0,,2012
Isabella Ferrari,5,0,,2012
Isabella Hofmann,2,0,,2009
Isabella Leong,3,0,,2008
Isabella Ragonese,4,0,,2015
Isabella Rossellini,23,8,13.680190191461277,2015
Isabelle Adjani,22,3,15.220619492615077,2014
Isabelle Allen,2,0,,2016
Isabelle Blais,2,0,,2010
Isabelle Carré,17,1,15.449887686725884,2016
Isabelle Fuhrman,7,2,15.74196375080124,2017
Isabelle Huppert,51,7,13.872930933275265,2017
Isabelle Kaif,1,1,12.314940503266564,2014
Isabelle Mejias,2,0,,1986
Isabelle Nanty,8,0,,2016
Isabelle Pia,2,0,,1955
Isabelle Renauld,6,0,,2011
Isabelle Weingarten,2,0,,1982
Isaiah Washington,9,3,17.31221900868296,2014
Isaka Sawadogo,3,0,,2015
Isao Hashizume,2,0,,2016
Isao Kimura,2,0,,1967
Isao Tamagawa,2,0,,1967
Isao Yamagata,2,0,,1972
Isarco Ravaioli,2,0,,1980
Isela Vega,4,2,13.898671229449963,1982
Isha Koppikar,2,0,,2005
Isha Sharvani,2,0,,2007
Isild Le Besco,6,0,,2009
Isis Valverde,2,0,,2017
Isla Fisher,10,7,17.16226508634194,2016
Isolda Dychauk,3,0,,2016
Israel Broussard,2,1,16.7675903766886,2015
Issei Miyazaki,2,0,,1986
Issei Ogata,3,0,,2005
István Znamenák,2,0,,2011
Isuzu Yamada,5,0,,1957
Ita Ever,2,0,,2013
Itsuji Itao,8,0,,2011
Itzhak Finzi,2,0,,1983
Itzhak Perlman,1,1,18.324990762032343,1999
Itzik Cohen,2,0,,2016
Ivan Barnev,2,0,,2014
Ivan Bonar,2,1,16.759949537130716,1978
Ivan Brkić,2,0,,2001
Ivan Desny,3,0,,1979
Ivan Kokorin,1,1,16.99356438831222,2005
Ivan Koval-Samborsky,2,0,,1927
Ivan Martin,2,0,,2014
Ivan Massagué,1,1,14.725030419140715,2014
Ivan Mykolaichuk,2,0,,1979
Ivan Okhlobystin,10,3,15.096646345518105,2016
Ivan Rassimov,14,0,,1977
Ivan Sergei,6,0,,2013
Ivan Stebunov,1,1,15.629429026389133,2013
Ivan Trojan,3,0,,2012
Ivan Urgant,6,1,16.941043103410745,2016
Ivan Yankovskiy,3,0,,2016
Ivan Zhidkov,2,0,,2010
Ivana Baquero,2,1,18.23745749275417,2009
Ivana Miličević,5,0,,2011
Ivanka Trump,2,0,,2017
Ivano Staccioli,3,0,,1974
Ivica Vidović,3,0,,1981
Ivo Avido,1,1,15.328833967212706,2015
Ivo Canelas,2,0,,2016
Ivo Gregurević,3,0,,2008
Ivo Pietzcker,2,0,,2016
Ivo Uukkivi,2,0,,2003
Ivor Novello,3,0,,1932
Ivy George,1,1,18.17345647811247,2015
Ivy Ling Po,2,0,,1965
Iván Fenyő,2,0,,2009
Iván González,1,1,9.983222520554982,2013
Iván Petrovich,2,0,,1928
Iwan Mosschuchin,5,0,,1926
Iwan Rheon,3,0,,2015
Iwar Wiklander,2,0,,2016
Iwona Bielska,2,0,,2013
Iya Ninidze,1,1,12.280697626868754,1984
Iya Savvina,8,0,,1982
Izabela Vidovic,1,1,17.57807945737607,2013
Izabella Miko,8,1,7.424761761823209,2014
Izabella Scorupco,6,3,18.47669026324274,2014
Izzy Diaz,1,1,13.56974044580418,2007
Izïa Higelin,2,1,16.571122550046773,2015
J. Andrew Keitch,2,0,,2005
J. Carrol Naish,13,0,,1971
J. Christian Ingvordsen,2,0,,2004
J. Edward Bromberg,4,0,,1947
J. Farrell MacDonald,3,0,,1933
J. Frank Burke,2,0,,1916
J. J. Feild,6,2,12.371652235249808,2013
J. Michael Trautmann,1,1,14.99416555430592,2014
J. Pat O'Malley,1,1,19.190233320565557,1961
J. Trevor Edmond,1,1,10.90056533037994,1993
J.B. Smoove,2,1,17.05160886087506,2014
J.D. Hart,1,1,12.076772289433467,2011
J.H. Wyman,2,0,,1994
J.J. Johnson,1,1,18.150001251601957,2006
J.K. Simmons,19,9,14.523669489207773,2017
J.R. Villarreal,1,1,9.12641513703842,2013
J.T. Walsh,8,4,15.794039607414735,1997
J.W. Fails,1,1,15.35498448467545,1986
JM de Guzman,2,0,,2014
JR Bourne,2,0,,2012
Ja Rule,3,0,,2010
Jaajo Linnonmaa,2,0,,2016
Jaanika Arum,3,0,,2016
Jaap Spijkers,2,0,,2006
Jaaved Jaaferi,1,1,13.125424686811456,1996
Jace Alexander,1,1,13.91306276799399,1992
Jace Norman,2,0,,2017
Jacek Braciak,2,0,,2008
Jaci Velasquez,2,1,15.628091253187728,2010
Jacinda Barrett,5,2,17.411001750904155,2010
Jack Albertson,3,2,13.74280341455492,1981
Jack Benny,8,0,,1945
Jack Beresford,2,0,,1938
Jack Betts,6,0,,1971
Jack Black,28,16,18.13776856950492,2016
Jack Bright,1,1,19.62042305334018,2015
Jack Buetel,2,0,,1951
Jack Campbell,2,0,,2015
Jack Carpenter,2,0,,2012
Jack Carson,12,2,14.81145738654398,1961
Jack Cashill,2,0,,2014
Jack Cassidy,2,0,,1976
Jack Coleman,3,0,,2009
Jack Conley,2,0,,2007
Jack Dean,1,1,11.83039689560776,1915
Jack Doolan,3,0,,2016
Jack Elam,3,0,,1976
Jack Gilford,3,0,,1973
Jack Gordon,3,0,,2016
Jack Haley,6,0,,1945
Jack Hawkins,17,4,16.64940678694793,1973
Jack Hedley,4,0,,1982
Jack Holt,6,0,,1935
Jack Huston,7,4,16.535956771820604,2016
Jack Kao Kuo-Hsin,3,0,,2001
Jack Kehoe,1,1,17.210018951475632,1973
Jack Kelly,3,0,,1962
Jack Kesy,2,0,,2016
Jack Kilmer,2,0,,2015
Jack Klugman,4,0,,1969
Jack La Rue,3,0,,1948
Jack Lemmon,48,10,16.69622921556737,1999
Jack Lowden,2,1,20.069102704998443,2017
Jack Lung,2,0,,1979
Jack MacGowran,3,0,,1969
Jack McBrayer,1,1,19.970841765098108,2012
Jack Mercer,5,0,,1954
Jack Mulhall,2,0,,1933
Jack Nance,2,1,15.761420707019589,1992
Jack Neo,2,0,,2003
Jack Nicholson,43,18,18.14788861780448,2012
Jack Noseworthy,1,1,7.904703913873747,2014
Jack O'Connell,8,4,15.619549989320564,2016
Jack Oakie,14,1,16.213405830762646,1960
Jack Palance,40,5,15.052251779999917,2002
Jack Pickford,2,0,,1926
Jack Plotnick,3,0,,2016
Jack Rebney,1,1,12.090515879894662,2009
Jack Reynor,2,0,,2015
Jack Robinson,1,1,13.424724680825168,1995
Jack Scalia,3,0,,2012
Jack Scanlon,1,1,16.83185704115709,2008
Jack Taylor,4,0,,1975
Jack Thompson,12,2,14.121310311127004,2013
Jack Turner,2,0,,2016
Jack Wagner,2,0,,2016
Jack Wallace,1,1,18.744509255932503,1988
Jack Warden,23,5,16.711036831417392,1999
Jack Warner,5,0,,1962
Jack Webb,3,0,,1961
Jack Weston,7,0,,1979
Jack White,3,1,14.455385645500124,2013
Jack Wild,3,0,,1971
Jack Wouterse,3,0,,2005
Jacki Weaver,4,0,,2017
Jackie Berroyer,2,0,,2008
Jackie Burroughs,3,0,,1985
Jackie Chan,89,24,17.199903002564177,2017
Jackie Coogan,6,1,14.73180128983843,1977
Jackie Cooper,11,1,18.144276490488323,1983
Jackie Earle Haley,6,4,16.544607973863915,2010
Jackie Gleason,14,4,16.266653162600477,1986
Jackie Long,2,1,16.868122236994555,2008
Jackie Monahan,2,0,,2013
Jackie Monnier,2,0,,1931
Jackie Moore,3,0,,2015
Jackie Moran,4,0,,1967
Jackie Robinson,2,0,,2007
Jackie Sandler,1,1,16.9865872294496,2002
Jackie Shroff,17,2,13.291578536568016,2015
Jackie Siegel,1,1,13.479399855981535,2012
Jackie Stewart,2,0,,2013
Jackie Vernon,3,0,,1983
Jacklyn Wu ,3,1,15.802617899715631,1996
Jackson Beck,4,0,,1954
Jackson Browne,2,0,,1995
Jackson Liu,1,1,16.90157907085542,1996
Jackson Manning,2,0,,2016
Jackson Nicoll,3,2,17.544463946115222,2014
Jackson Rathbone,5,2,15.640019951800706,2014
Jacky Cheung,14,1,15.157450390422325,2015
Jacky Ido,2,0,,2013
Jackée Harry,2,0,,1992
Jaclyn Hales,2,0,,2016
Jaclyn Jose,2,0,,2016
Jaclyn Smith,7,0,,2015
Jacob Davich,1,1,13.242288117972572,2010
Jacob Derwig,3,0,,2015
Jacob Kogan,1,1,13.48696204556011,2007
Jacob Lofland,1,1,16.887634266014885,2013
Jacob Matschenz,5,0,,2017
Jacob Nordenson,2,0,,2012
Jacob Pitts,1,1,16.850311946642684,2004
Jacob Smith,1,1,11.517684124568408,2002
Jacob Tierney,2,1,14.239576918411858,1995
Jacob Tremblay,3,3,15.881871283694153,2017
Jacob Vargas,5,3,16.0220160821903,2010
Jacob Wysocki,1,1,11.88195477843718,2011
Jacopo Olmo Antinori,2,0,,2014
Jacque Fresco,2,0,,2015
Jacqueline Bassett,2,1,12.3803326283129,2005
Jacqueline Bisset,30,4,14.026424043357686,2017
Jacqueline Blom,2,0,,2012
Jacqueline Cole,2,0,,1979
Jacqueline Delubac,2,0,,1938
Jacqueline Fernandez,2,0,,2016
Jacqueline Kim,3,0,,2015
Jacqueline McKenzie,5,0,,2005
Jacqueline Obradors,1,1,15.336065233480651,2001
Jacqueline Ramel,2,0,,2009
Jacqueline Sassard,4,0,,1968
Jacqueline White,2,0,,1952
Jacques Bergerac,2,0,,1962
Jacques Bonnaffé,2,1,9.542230699092284,1998
Jacques Brel,2,0,,1975
Jacques Charrier,3,0,,1969
Jacques Denis,2,0,,1974
Jacques Duby,2,0,,1957
Jacques Dutronc,7,1,11.83500896413934,2002
Jacques Gamblin,14,0,,2014
Jacques Herlin,2,0,,1975
Jacques Morel,3,0,,1976
Jacques Nolot,3,0,,2002
Jacques Perrin,14,3,16.634256365449698,2009
Jacques Sernas,4,0,,1960
Jacques Spiesser,3,0,,1989
Jacques Tati,7,0,,1974
Jacques Villeret,9,1,18.179875997837858,2004
Jacques Weber,3,1,12.273731294003989,2013
Jada Pinkett Smith,10,8,17.81235978665127,2017
Jade Calegory,1,1,15.596422909345884,1988
Jade Pettyjohn,2,0,,2014
Jade Viggiano,1,1,11.54959484932724,2010
Jaden Smith,3,3,19.51675895278127,2013
Jadwiga Jankowska-Cieślak,2,0,,1989
Jaeden Lieberher,3,2,15.448637292794203,2017
Jafar Panahi,3,0,,2015
Jagadisa Angulo,1,1,14.079178587545169,2015
Jagapati Babu,3,1,16.64872390202049,2017
Jah Shams,1,1,11.430630222243398,2013
Jai,2,0,,2011
Jai Courtney,4,2,16.280838128646458,2017
Jai Koutrae,2,0,,2015
Jaime Camil,2,0,,2013
Jaime Fernández,2,0,,1968
Jaime King,10,3,15.519392796616652,2016
Jaime Pressly,8,4,13.595354276025681,2014
Jaime Ray Newman,2,0,,2013
Jaime Winstone,5,0,,2013
Jaime de Hoyos,1,1,14.528911244551464,1992
Jaimie Alexander,5,0,,2013
Jaimz Woolvett,2,0,,2001
Jake Abel,4,1,17.963825510452892,2014
Jake Busey,14,2,17.08233878071741,2015
Jake Cherry,1,1,20.168977305697865,2006
Jake Dinwiddie,2,0,,2009
Jake Gyllenhaal,25,22,17.55917336245524,2017
Jake Hoffman,2,0,,2013
Jake Johnson,8,5,14.05773414143636,2017
Jake Lacy,2,1,14.954612946081562,2014
Jake McDorman,2,0,,2015
Jake Miller,1,1,13.094007111825654,2007
Jake Muxworthy,5,0,,2010
Jake T. Austin,8,2,17.612352605812916,2017
Jake Weary,2,0,,2017
Jake Weber,6,3,14.113161742150234,2015
Jakob Cedergren,8,1,12.100395413056203,2013
Jakob Eklund,17,0,,2013
Jakob Oftebro,4,0,,2017
Jakob Salvati,1,1,15.685150552880351,2015
Jakub Gierszał,7,0,,2017
Jaleel White,2,0,,2014
Jalil Lespert,4,0,,2016
Jamal Woolard,1,1,17.57790872315172,2009
Jamel Debbouze,7,2,17.32427969933795,2015
James Abourezk,1,1,9.648853334130548,2005
James Allen McCune,1,1,17.62600998836532,2016
James Anderson,2,1,16.390398517345,1962
James Andrews,2,0,,2012
James Arness,4,0,,1987
James Arnold Taylor,5,2,17.015926101974067,2016
James Badge Dale,7,3,14.66938672428787,2016
James Balog,1,1,14.099536203828322,2012
James Benning,2,0,,2013
James Best,4,0,,1959
James Blackwell,1,1,16.13577160672611,2006
James Booth,6,0,,1990
James Brolin,11,1,18.27486853557448,2009
James Brown,5,1,18.56243973437723,2014
James Buckley,3,2,17.369024952974257,2014
James Burton,2,0,,1972
James C. Burns,3,0,,2015
James Caan,54,18,16.839057303085962,2016
James Cagney,47,1,15.201804919084164,1984
James Callis,2,0,,2016
James Cameron,7,1,16.65112519308259,2014
James Carroll Pickett	,2,0,,1974
James Carville,2,0,,2004
James Chalke,2,0,,2016
James Coburn,33,6,16.368662755232272,2002
James Coco,7,1,16.46562206441604,1981
James Corden,7,4,17.45262155480179,2017
James Cosmo,7,1,10.043249494911286,2016
James Craig,9,0,,1957
James Cromwell,19,8,15.752408520218667,2013
James D'Arcy,12,4,16.78423110405056,2016
James Daly,3,0,,1969
James Darren,4,0,,1961
James Daughton,2,0,,1984
James DeBello,4,3,17.085160817987703,2003
James Dean,4,2,16.39790354492603,1957
James Deen,1,1,10.947731648720744,2013
James Denton,3,0,,2016
James Derrick,1,1,11.988096967724918,2009
James Donald,4,0,,1967
James Dunn,7,0,,1945
James Duval,10,1,10.216618049441497,2016
James Earl Jones,32,10,17.05917891933443,2008
James Ellison,4,0,,1948
James Farentino,2,1,12.283801910025678,1981
James Faulkner,2,0,,2006
James Finlayson,3,0,,1940
James Fleet,2,2,16.435943841700553,2001
James Floyd,2,0,,2017
James Fox,13,3,16.50285250339093,2001
James Frain,7,0,,2016
James Franciscus,11,1,16.759934694915305,1983
James Franco,54,26,16.428969027973586,2017
James Fraser,1,1,10.74664829541356,2007
James Frecheville,4,1,13.815510557964274,2016
James Freedson-Jackson,1,1,11.809706020407267,2015
James Gammon,4,1,15.11364533770555,1997
James Gandolfini,19,10,16.013590400177144,2014
James Garner,43,6,16.35132923353617,2007
James Gleason,8,0,,1954
James Gregory,2,0,,1963
James Hall,2,1,15.89495209964411,1930
James Hayter,2,0,,1959
James Hetfield,4,1,15.891567252507048,2017
James Hong,5,1,17.513007425288247,2015
James Karen,6,2,16.25335625771779,2013
James Keach,2,0,,1998
James Kyson,4,0,,2015
James Lance,3,1,14.631190365880238,2009
James Laurenson,1,1,16.91759217312653,1982
James Le Gros,13,3,14.735578025090996,2013
James Lew,2,0,,1996
James Lorinz,2,1,12.231096910434909,1994
James MacArthur,4,0,,1963
James Marsden,23,16,16.303427527276636,2015
James Marshall,3,1,12.00254175248878,2001
James Marsters,7,0,,2015
James Mason,67,4,16.42861385536189,1982
James McAvoy,26,17,17.470230793849602,2017
James Mitchum,2,0,,1978
James Murphy,2,0,,2012
James Murray,2,1,16.556350581889475,2008
James Naughton,2,0,,2006
James Nesbitt,7,2,14.62925320465075,2010
James Newman,1,1,11.94680308751507,1987
James Northcote,1,1,11.52203385733422,2011
James Norton,3,0,,2017
James Olson,5,2,16.337667925909642,1982
James Parks,2,0,,2013
James Patrick Stuart,3,0,,2014
James Purefoy,11,4,14.639061491986809,2016
James Ransone,5,3,13.895241654127451,2016
James Rebhorn,5,2,18.32792749875643,2012
James Remar,20,6,17.077342452951868,2016
James Robertson Justice,6,0,,1969
James Rolleston,4,2,13.070393725486461,2017
James Russell,1,1,17.977332552864652,2016
James Russo,12,1,14.048280427249107,2015
James Ryan,2,0,,1995
James Seay,2,0,,1954
James Shigeta,5,0,,1990
James Sikking,4,0,,1992
James Spader,24,5,15.857357097908487,2003
James Stephenson,3,0,,1940
James Stewart,60,10,16.30138254230082,1991
James Taylor,2,0,,2016
James Thiérrée,3,0,,2016
James Tien,5,0,,1979
James Toback,1,1,11.97935396103651,2004
James Tolkan,1,1,16.245532295782578,1990
James Tupper,3,1,14.331551160062157,2017
James Urbaniak,4,1,14.10428153734166,2015
James Van Der Beek,11,0,,2015
James Villiers,2,0,,1979
James Wainwright,1,1,14.914122846632385,1982
James Westmoreland,2,0,,1980
James Whitmore,19,1,13.652891623466166,1985
James Wilby,7,0,,2006
James Wilder,2,0,,2001
James Wolk,4,0,,2016
James Woods,34,8,16.35873418929272,2014
Jameson Parker,2,0,,1993
Jameson Thomas,2,0,,1931
Jamey Sheridan,5,1,16.51094822101564,2012
Jami Gertz,8,3,15.389389802855229,2006
Jamie Anne Allman,3,0,,2011
Jamie Bamber,2,0,,2014
Jamie Bartlett,3,0,,2010
Jamie Bell,14,11,16.445056785792953,2013
Jamie Bernadette,2,0,,2008
Jamie Blackley,4,2,17.654550502638145,2015
Jamie Campbell Bower,2,2,17.43557101100175,2013
Jamie Chung,8,2,16.841140792311883,2015
Jamie Croft,2,0,,1997
Jamie Dornan,6,3,18.419022953183568,2017
Jamie Elman,2,0,,2010
Jamie Foreman,3,1,17.555408786288545,2012
Jamie Foxx,21,16,18.55408414665007,2017
Jamie Gulpilil,1,1,12.611537753638338,2006
Jamie Harris,3,0,,2001
Jamie Harrold,2,0,,2013
Jamie Kennedy,11,0,,2015
Jamie Lee Curtis,28,16,17.15803262899395,2015
Jamie Luner,2,0,,2015
Jamie Lynn Sigler,2,0,,2013
Jamie McShane,1,1,9.688808079634049,2007
Jamie Renée Smith,2,1,18.998011603603988,1997
Jamie Sives,4,1,10.329996347572642,2011
Jamie Uys,2,0,,1969
Jamie Walters,1,1,15.081805554183594,1991
Jamie Williams,1,1,13.079662535622116,1997
Jamyang Jamtsho Wangchuk,1,1,18.694195547904247,1997
Jamyang Lodro,2,0,,2008
Jan Cornet,2,0,,2014
Jan Decleir,16,0,,2015
Jan Englert,2,0,,2013
Jan Josef Liefers,5,0,,2015
Jan Kačer,3,0,,1968
Jan Kraus,2,0,,1994
Jan Machulski,3,0,,1984
Jan Malmsjö,2,0,,2002
Jan Nowicki,4,0,,1996
Jan Ohlsson,2,0,,1972
Jan Rubes,1,1,14.696558287095314,1987
Jan Sterling,9,1,14.077874822431763,1958
Jan Tříska,3,0,,2005
Jan Vostrčil,3,0,,1970
Jan Werich,3,0,,2006
Jan-Michael Vincent,11,1,15.981129795885163,1990
Jana Brejchová,3,0,,1967
Jana Lund,2,0,,1958
Jana Plodková,2,0,,2015
Jane Adams,4,1,14.847765784061345,2012
Jane Akre,1,1,15.319587954740548,2003
Jane Alexander,8,4,16.97605154699324,1984
Jane Asher,3,0,,1972
Jane Badler,5,0,,2016
Jane Birkin,17,2,15.009343511996434,2016
Jane Brakhage,3,0,,2000
Jane Bryan,4,0,,1939
Jane Cowl,3,0,,1951
Jane Curtin,4,0,,1993
Jane Darwell,6,0,,1942
Jane Fonda,39,10,16.486310135168644,2014
Jane Frazee,3,0,,1948
Jane Goodall,3,0,,2015
Jane Greer,8,0,,1957
Jane Higginson,2,0,,2007
Jane Horrocks,5,0,,2009
Jane Kaczmarek,2,0,,1994
Jane Krakowski,4,0,,2014
Jane Lapotaire,3,0,,2000
Jane Levy,5,4,16.344178593581034,2016
Jane Lynch,6,0,,2015
Jane March,7,1,16.797450655218608,2013
Jane McGregor,2,0,,2002
Jane Powell,8,0,,1954
Jane Russell,12,0,,1966
Jane Seymour,12,3,15.488630598608255,2016
Jane Sibbett,2,0,,1998
Jane Sowerby,2,0,,2011
Jane Wyatt,8,0,,1950
Jane Wyman,22,3,15.414258887223205,1969
Janeane Garofalo,12,3,15.533848444477565,2016
Janel Moloney,2,0,,2010
Janel Parrish,2,0,,2011
Janelle Monae,1,1,19.25662348255808,2016
Janet Blair,6,0,,1962
Janet Gaynor,9,0,,1938
Janet Jackson,5,5,17.78483106178016,2010
Janet Leigh,28,3,15.74255452238132,1980
Janet Margolin,5,0,,1979
Janet McTeer,8,4,14.986654694220496,2016
Janet Montgomery,4,0,,2016
Janet Munro,3,0,,1961
Janet Suzman,5,0,,1989
Janet Tracy Keijser,2,0,,2004
Janet Varney,2,1,16.46641549808121,2011
Janet Ågren,8,0,,1989
Janet-Laine Green,2,0,,2001
Janette Scott,4,1,16.665424780379883,2008
Janez Vrhovec,2,0,,1965
Jang Dong-gun,9,1,16.22133512880496,2014
Jang Hee-jin,4,0,,2014
Jang Hyuk,7,2,15.107269538907243,2014
Jang Hyun-sung,3,0,,2015
Jang Jin-young,2,0,,2005
Jang Keun-suk,4,0,,2011
Jani Volanen,2,0,,2016
Janice Man,2,0,,2014
Janice Rule,5,0,,1977
Janine Duvitski,2,0,,1977
Janine Lindemulder,2,0,,2017
Janine Reynaud,2,0,,1971
Janine Turner,3,0,,2006
Janis Carter,6,0,,1951
Janis Joplin,2,0,,2015
Janis Paige,7,0,,1961
Janis Ward,1,1,16.176834825848037,1983
Jann Arden,2,0,,2002
Janne 'Loffe' Carlsson,3,0,,1983
Janne Hyytiäinen,2,1,14.29485666008762,2006
Janne Reinikainen,2,0,,2013
Janne Virtanen,4,0,,2012
Jannik Schümann,2,0,,2016
Jannis Niewöhner,2,0,,2014
January Jones,7,4,14.101855365901935,2015
Janusz Chabior,2,0,,2014
Janusz Gajos,8,0,,2015
Janusz Rewiński,2,0,,1999
Jany Clair,2,0,,1964
Jared Gilman,2,1,18.038880881849813,2014
Jared Harris,13,8,16.052950224193125,2016
Jared Kusnitz,2,0,,2008
Jared Leto,12,7,16.35121456499237,2013
Jared Martin,3,0,,1987
Jared Padalecki,4,2,17.226689265868554,2009
Jaren Brandt Bartlett,2,0,,2013
Jarkko Niemi,4,0,,2016
Jarmo Mäkinen,2,0,,1998
Jaromír Hanzlík,2,0,,1990
Jaromír Kalina ,1,1,9.763823105408154,2004
Jarvis Cocker,2,0,,2014
Jascha Washington,2,0,,2010
Jasen Fisher,1,1,16.547313287639888,1990
Jasen Wade,3,0,,2015
Jasmin Gerat,5,1,17.576710673657836,2014
Jasmin St. Claire,2,0,,2015
Jasmin Tabatabai,3,0,,2009
Jasmine Guy,2,1,15.087133692972422,2009
Jasmine Trinca,8,1,16.428831823640245,2016
Jasna Fritzi Bauer,4,1,15.233606350383337,2015
Jason Alexander,16,5,16.043439796844183,2015
Jason Baldwin,2,0,,2012
Jason Barry,3,1,13.672793102359476,2005
Jason Bateman,24,17,17.55602904904643,2016
Jason Beghe,3,1,15.491592959926995,2015
Jason Behr,5,2,18.412205702792193,2008
Jason Biggs,15,6,18.48490089931511,2016
Jason Burkey,1,1,15.49369941929108,2011
Jason Butler Harner,2,0,,2011
Jason Carter,2,0,,2004
Jason Clarke,7,5,17.85798999166864,2015
Jason Connery,6,0,,2009
Jason Cope,2,1,19.166513401613635,2009
Jason David Frank,3,2,17.35496068538203,2011
Jason Davis,1,1,17.610119584626165,2001
Jason Dohring,2,1,15.064015043406602,2015
Jason Dolley,3,0,,2015
Jason Flemyng,17,4,15.283124232568433,2017
Jason Gedrick,7,1,12.66349749256905,2006
Jason George,2,0,,2007
Jason Griffith,4,2,17.664272549816218,2013
Jason Ian Drucker,1,1,17.50738911028387,2017
Jason Isaacs,17,7,16.33012288039396,2017
Jason James Richter,4,1,18.85050426247011,1997
Jason Jones,2,0,,2014
Jason Kravitz,1,1,13.647314366800249,2012
Jason Lee,18,8,18.027947678105534,2017
Jason Leith,1,1,12.436291110516343,2006
Jason Lewis,4,0,,2015
Jason Lively,2,0,,1987
Jason London,16,4,14.08568507137915,2015
Jason Marin,1,1,19.219538378934423,1989
Jason Marsden,5,1,17.380769260693206,2010
Jason Mewes,16,4,16.509254154766353,2013
Jason Miller,2,0,,1984
Jason Mitchell,1,1,19.121969645568825,2015
Jason Momoa,3,0,,2017
Jason O'Mara,7,1,17.423551931929833,2017
Jason Pai Piao,4,0,,1985
Jason Patric,19,8,16.25068635037723,2016
Jason Priestley,9,1,14.759472875513303,2009
Jason Ritter,13,3,12.427581123434884,2015
Jason Robards,33,5,15.58651577196154,1997
Jason Schwartzman,15,7,16.44084052601882,2016
Jason Scott Lee,14,3,15.696464424050783,2016
Jason Segel,13,11,17.788286585044503,2017
Jason Spevack,3,1,17.73651921126677,2012
Jason Statham,30,25,17.40457341540496,2017
Jason Sudeikis,12,8,16.820201747336466,2017
Jason Trost,2,0,,2011
Jason Vail,2,0,,2016
Jason Williams,2,0,,1979
Jasper Pääkkönen,5,0,,2011
Jasper Steverlinck,1,1,16.429371390918046,2001
Javed Sheikh,3,1,14.630629323282037,2015
Javier Bardem,22,15,16.90668980002066,2017
Javier Botet,3,2,16.305905035822953,2017
Javier Cámara,11,4,16.113586313318308,2015
Javier Cárdenas,1,1,13.74120825923806,2004
Javier De Pietro,3,0,,2016
Javier Gutiérrez,7,2,15.244030199256086,2016
Javier Iglesias Bustamante,1,1,12.90935578327801,2008
Javier Pereira,4,0,,2016
Jay Acovone,3,0,,2007
Jay Asevedo,2,0,,2006
Jay Baruchel,15,6,17.31840599637488,2016
Jay Brazeau,3,0,,2000
Jay C. Flippen,2,0,,1957
Jay Chandrasekhar,5,3,16.3091749222376,2009
Jay Chou,8,3,17.321866900280785,2013
Jay Duplass,2,0,,2015
Jay Harrington,2,0,,2015
Jay Hayden,2,0,,2017
Jay Hernandez,5,3,17.458281262104567,2008
Jay Leno,5,1,16.047353500374424,2009
Jay Mohr,11,3,17.176960975526047,2015
Jay North,2,0,,1974
Jay O. Sanders,3,0,,2001
Jay R. Ferguson,2,0,,2002
Jay Silverheels,2,0,,1958
Jay Thomas,1,1,18.481493310459033,1995
Jay Underwood,8,1,15.786452077556016,2009
Jay-Z,3,0,,2013
Jaya Bachchan,7,2,14.168868104828245,2008
Jayasurya,2,0,,2016
Jayce Bartok,2,1,13.395054139589122,2006
Jaycee Chan,3,0,,2007
Jayden Yuan Xiaochao,2,0,,2012
Jaye Davidson,2,2,18.523987595579896,1994
Jayma Mays,3,2,19.588358742957546,2011
Jayne Atkinson,4,0,,2016
Jayne Eastwood,3,0,,2016
Jayne Heitmeyer,2,0,,2005
Jayne Kennedy,2,0,,1981
Jayne Mansfield,10,0,,2013
Jazmín Stuart,2,0,,2011
Jean Anderson,2,0,,2000
Jean Arthur,18,3,16.23665672654157,1953
Jean Badin,3,0,,2006
Jean Barney,1,1,9.32625499657254,2011
Jean Bell,3,0,,1976
Jean Benguigui,2,1,12.64424047589399,2010
Jean Bouise,5,0,,1983
Jean Brooks,3,0,,1944
Jean Byron,3,0,,1959
Jean Börlin,2,0,,1926
Jean Carlos Batista,1,1,10.707482665306587,2012
Jean Carmet,9,0,,1992
Jean Clottes,1,1,15.682276690640128,2010
Jean Constantin,5,0,,2008
Jean D'ormesson,1,1,16.24772073638975,2012
Jean Dasté,4,0,,1978
Jean Debucourt,4,0,,1951
Jean Desailly,4,0,,1964
Jean Dujardin,18,1,18.70910895797128,2016
Jean François Heckel,1,1,14.900016484767482,2008
Jean Gabin,35,1,11.944292210601049,1976
Jean Hagen,5,0,,1962
Jean Harlow,18,1,15.89495209964411,1937
Jean Hersholt,6,0,,1939
Jean Heywood,1,1,18.51599092375669,2000
Jean Kent,3,0,,1958
Jean Lefebvre,5,0,,1977
Jean Louisa Kelly,2,1,18.18822569993444,2017
Jean Marais,16,0,,2000
Jean Marchand,2,0,,2009
Jean Marsh,2,1,16.225855376209704,1989
Jean Martin,3,1,13.73381014372078,1980
Jean Michel Basquiat,2,0,,2010
Jean Muir,5,0,,1940
Jean Négroni,3,0,,1976
Jean Parker,9,0,,1954
Jean Peters,12,1,15.955576721460544,1955
Jean Reno,32,8,16.989604144379367,2017
Jean Rochefort,24,1,14.733331718135384,2015
Jean Rogers,5,0,,1943
Jean Rouch,2,0,,1961
Jean Seberg,15,2,17.848358940160907,1995
Jean Servais,5,1,13.039472952162638,1971
Jean Simmons,24,4,16.99744043494621,1987
Jean Smart,4,1,13.328079143251871,2000
Jean Sorel,19,0,,1986
Jean Stapleton,2,0,,2001
Jean Taylor Smith,2,0,,1973
Jean Tissier,2,0,,1949
Jean Wallace,4,0,,1970
Jean Wang,1,1,16.502109721888953,1993
Jean Yanne,10,1,11.64611805020601,1994
Jean-Carl Boucher,2,0,,2014
Jean-Claude Brialy,14,2,11.11209031118992,1985
Jean-Claude Donda,1,1,15.53871116865099,2010
Jean-Claude Dreyfus,5,1,14.400062552512017,2008
Jean-Claude Drouot,2,0,,1970
Jean-Claude Van Damme,42,17,16.48614936850446,2017
Jean-François Balmer,6,1,14.479446720798627,1993
Jean-François Stévenin,5,0,,2014
Jean-Hugues Anglade,11,3,15.072372132034863,2013
Jean-Louis Barrault,6,0,,1982
Jean-Louis Blondeau,1,1,14.900016484767482,2008
Jean-Louis Loca,1,1,11.01369897704759,2001
Jean-Louis Trintignant,25,2,14.270891726910332,2012
Jean-Luc Bideau,4,0,,2010
Jean-Luc Bilodeau,2,0,,2014
Jean-Luc Godard,11,0,,2010
Jean-Luc Vincent,1,1,11.660137844650617,2013
Jean-Marc Barr,6,0,,2012
Jean-Michel Vovk,1,1,8.879333174786028,2013
Jean-Nicolas Verreault,2,0,,2014
Jean-Paul Belmondo,41,1,11.519454106932928,1995
Jean-Paul Guyon,1,1,17.216707939626428,2013
Jean-Paul Roussillon,3,1,15.81108028905412,2008
Jean-Paul Rouve,7,0,,2016
Jean-Philippe Écoffey,2,0,,2002
Jean-Pierre Andréani,2,0,,1969
Jean-Pierre Aumont,10,1,9.787403073515328,1991
Jean-Pierre Bacri,11,0,,2015
Jean-Pierre Cassel,8,2,14.878580089077008,1995
Jean-Pierre Castaldi,2,0,,2005
Jean-Pierre Darroussin,19,0,,2016
Jean-Pierre Kalfon,3,0,,2000
Jean-Pierre Lorit,2,0,,2000
Jean-Pierre Léaud,25,4,11.822294856867945,2016
Jean-Pierre Marielle,14,0,,2015
Jean-Pierre Martins,2,0,,2016
Jean-Roger Milo,2,0,,1992
Jean-Yves Berteloot,2,0,,2014
Jeanette Hain,5,0,,2014
Jeanette MacDonald,15,1,15.478110018512607,1940
Jeanine Jackson,1,1,15.096444403426338,2017
Jeanne Balibar,9,0,,2014
Jeanne Bates,2,0,,1991
Jeanne Crain,16,0,,1967
Jeanne Moreau,31,3,12.972867979932703,2007
Jeanne Tripplehorn,9,2,16.93209583608388,2013
Jeanne d'Alcy,8,0,,1952
Jeannetta Arnette,2,0,,2016
Jeannie Berlin,3,0,,1975
Jeannine Derbez,1,1,12.0435537160324,2010
Jece Valadão,6,0,,2008
JeeJa Yanin,2,0,,2009
Jeff Ament,2,0,,2011
Jeff Anderson,6,2,16.03523815442746,2006
Jeff Bennett,15,1,18.514741798469892,2015
Jeff Bergman,2,0,,2015
Jeff Bridges,62,28,17.51638840970872,2016
Jeff Burrell,1,1,13.120697991418597,2014
Jeff Cameron,4,0,,1971
Jeff Chandler,11,0,,1962
Jeff Clark,1,1,14.967979519423094,2004
Jeff Cohen,1,1,17.93460005661108,1985
Jeff Conaway,4,1,15.537610326281191,2013
Jeff Corey,4,0,,1979
Jeff Daniel Phillips,1,1,13.968988440085331,2012
Jeff Daniels,37,16,17.227338708962073,2014
Jeff Donnell,3,0,,1952
Jeff Doucette,2,0,,2010
Jeff Dunham,8,0,,2015
Jeff East,2,1,15.293817850753648,1988
Jeff Fahey,20,2,16.8863937953184,2016
Jeff Foxworthy,6,1,13.312745692153625,2016
Jeff Garlin,6,2,19.49493901165748,2017
Jeff Goldblum,32,14,16.835380702916332,2016
Jeff Kober,2,1,16.92565106782891,1998
Jeff Lima,1,1,15.40713576189986,2006
Jeff Lynne,2,0,,2012
Jeff Morrow,5,0,,1957
Jeff Richards,4,1,15.424948470398377,1959
Jeff Speakman,4,1,16.45894123909304,1998
Jeff York,3,0,,1957
Jefferson Brown,2,0,,2013
Jeffrey Byron,2,0,,1984
Jeffrey Combs,14,3,15.25427647169366,2013
Jeffrey DeMunn,6,1,13.654774743653643,2010
Jeffrey Dean Morgan,10,6,16.981952351501164,2015
Jeffrey Donovan,4,1,18.54307760840126,2015
Jeffrey Falcon,1,1,11.732012800954504,1998
Jeffrey Hunter,12,1,16.48851040984448,1965
Jeffrey Johnson,2,0,,2014
Jeffrey Jones,8,3,16.28673605504746,1997
Jeffrey Lippa,1,1,15.60727002719233,1981
Jeffrey Lynn,5,0,,1949
Jeffrey Nordling,4,2,14.049044713234514,2008
Jeffrey Ross,7,0,,2016
Jeffrey Tambor,14,3,18.186438380043825,2013
Jeffrey Thomas,2,0,,2015
Jeffrey Wright,10,7,16.02027155624097,2015
Jella Haase,2,0,,2011
Jello Biafra,3,0,,2007
Jelly Lin,1,1,20.13233263729187,2016
Jemaine Clement,6,2,12.685522116211269,2015
Jemma Dallender,2,0,,2015
Jemma Redgrave,2,0,,2003
Jen Kirkman,2,0,,2017
Jena Malone,17,6,13.59004998098955,2017
Jena Sims,2,0,,2015
Jenjira Pongpas,3,0,,2015
Jenn Gotzon,3,0,,2013
Jenn Proske,1,1,18.20436217437474,2010
Jenna Coleman,2,0,,2014
Jenna Dewan,7,2,15.396633710577643,2013
Jenna Elfman,6,2,17.73498102951963,2009
Jenna Fischer,6,2,17.479817119645183,2012
Jenna Harrison,3,0,,2009
Jenna Jameson,2,0,,2010
Jenna Ortega,2,0,,2015
Jenna von Oy,2,0,,1997
Jennette McCurdy,3,0,,2016
Jennie Garth,6,0,,2013
Jennie Linden,3,0,,1979
Jennifer Aniston,28,25,17.520798755401803,2016
Jennifer Ashley,2,1,16.699384025409348,1981
Jennifer Beals,16,6,15.20852663543611,2015
Jennifer Billingsley,3,0,,1976
Jennifer Blanc,3,0,,2015
Jennifer Carpenter,4,2,17.11849148235074,2012
Jennifer Connelly,27,17,16.152616447317882,2016
Jennifer Cooke,1,1,16.78449102148536,1986
Jennifer Coolidge,6,3,17.857511329392896,2008
Jennifer Ehle,5,4,16.422879592795557,2016
Jennifer Esposito,8,0,,2010
Jennifer Garner,19,16,17.2329245954695,2016
Jennifer Gibney,1,1,16.951004773893423,2014
Jennifer Grey,9,2,17.35254160637619,2011
Jennifer Hale,2,0,,2007
Jennifer Hudson,5,2,16.609941098317243,2013
Jennifer Jason Leigh,31,8,16.82435035892849,2017
Jennifer Jayne,2,0,,1967
Jennifer Jones,16,1,16.831045458814444,1962
Jennifer Lafleur,2,0,,2015
Jennifer Lawrence,18,14,18.110356094581903,2016
Jennifer Lopez,22,18,17.816564744803863,2015
Jennifer Love Hewitt,22,5,18.219665042871895,2012
Jennifer Lyons,2,1,12.483480872303508,2009
Jennifer MacDonald,2,0,,1996
Jennifer Morrison,8,2,17.21079168671652,2017
Jennifer Nitsch,2,0,,1999
Jennifer O'Neill,13,3,15.933474672899521,2016
Jennifer Paige,1,1,14.063288964103348,1999
Jennifer Podemski,2,1,12.627581691918015,2013
Jennifer Prediger,6,0,,2016
Jennifer Rhodes,2,0,,1987
Jennifer Rubin,8,3,16.03136936129925,2009
Jennifer Runyon,2,2,13.056253017198962,1993
Jennifer Salt,3,0,,1973
Jennifer Saunders,4,3,17.81430913332498,2016
Jennifer Schwalbach Smith,3,1,17.55567969270923,2008
Jennifer Stone,3,0,,2013
Jennifer Taylor,2,0,,2013
Jennifer Tilly,22,6,14.96553124192346,2016
Jennifer Tung,2,0,,2002
Jennifer Ulrich,2,0,,2010
Jennifer Waris,2,0,,2012
Jennifer Warren,3,0,,1976
Jennifer Westfeldt,5,2,16.217643373792026,2011
Jenny Agutter,11,3,17.23574594646007,2009
Jenny Elvers,2,0,,2009
Jenny Hanley,2,0,,1972
Jenny Karezi,7,0,,1966
Jenny Kitseli,2,0,,2005
Jenny Lewis,1,1,12.461733724533904,1996
Jenny McCarthy,6,1,19.212193509082635,2015
Jenny Mollen,3,0,,2016
Jenny Runacre,2,0,,1978
Jenny Seagrove,2,1,16.6509500693291,1992
Jenny Slate,5,2,17.303482806074516,2017
Jenny Tamburi,3,0,,1974
Jenny Wade,2,0,,2009
Jenny Wright,4,3,14.885131098372161,1992
Jenovéfa Boková,2,0,,2016
Jens Albinus,5,1,8.886685639065584,2010
Jens Hultén,4,0,,2012
Jensen Ackles,3,2,17.0674962187396,2010
Jensen Daggett,2,1,16.454567887579532,1996
Jenya Lano,2,0,,2003
Jeon Do-yeon,9,0,,2015
Jeon Hye-Jin,2,0,,2015
Jeon Kuk-hwan,2,0,,2010
Jeong Bo-seok,2,1,14.70134208235372,2002
Jeong Man-sik,3,1,16.220963472433798,2015
Jere Burns,3,1,17.490257466443865,2015
Jeremy Allen White,2,0,,2014
Jeremy Bulloch,2,0,,2015
Jeremy Clarkson,2,0,,2012
Jeremy Clyde,2,0,,1993
Jeremy Davies,9,3,12.209554250928042,2004
Jeremy Dozier,1,1,10.917358612749148,2010
Jeremy Hoop,2,0,,2002
Jeremy Irons,41,20,16.39567747084152,2016
Jeremy Irvine,9,5,13.870608675372543,2016
Jeremy Jordan,3,0,,2014
Jeremy Kemp,2,0,,1970
Jeremy London,8,1,14.56813393644842,2016
Jeremy Marinas,1,1,14.535757695038033,2013
Jeremy Northam,13,5,16.54258131317375,2008
Jeremy Piven,11,4,17.43840344021137,2015
Jeremy Ratchford,2,0,,2001
Jeremy Rawle,1,1,15.177378764740642,2012
Jeremy Ray Valdez,2,0,,2014
Jeremy Renner,13,11,17.077494794187363,2017
Jeremy Roberts,1,1,7.375255778009755,1997
Jeremy Sisto,14,4,13.588189922579168,2016
Jeremy Slate,5,2,16.93564848054966,1989
Jeremy Strong,2,0,,2013
Jeremy Suarez,4,0,,2014
Jeremy Sumpter,9,1,18.619326753848583,2016
Jeremy Sylvers,1,1,16.83887040119806,1991
Jeremy Theobald,2,1,10.78894787401768,1998
Jericó Montilla,1,1,10.314570186095,2016
Jeroen Krabbé,10,3,17.439587451852983,2005
Jeroen Perceval,4,0,,2015
Jeroen van Koningsbrugge,3,0,,2016
Jerome Benton,1,1,16.12709790876986,1986
Jerry Adler,1,1,16.239037071439956,1993
Jerry Bo Yu Chen,1,1,13.57088797497294,2007
Jerry Calà,5,0,,2008
Jerry Delony,2,0,,1990
Jerry Desmonde,2,0,,1957
Jerry Doyle,3,0,,1999
Jerry Ferrara,3,3,18.053293084784354,2015
Jerry Garcia,5,0,,2017
Jerry Hardin,1,1,16.766820613965518,1989
Jerry Lewis,37,2,15.946850496484931,2016
Jerry Marshall,1,1,14.50865773852422,1981
Jerry Mofokeng,3,1,16.106020134497072,2013
Jerry Nelson,4,1,18.15485148331321,1983
Jerry O'Connell,12,5,15.539858657025945,2014
Jerry Orbach,5,2,18.338729174476647,2000
Jerry Reed,7,4,16.79770895189373,1988
Jerry Seinfeld,5,2,17.151040896163572,2011
Jerry Springer,2,1,16.03990500216445,2004
Jerry Stiller,5,1,15.254363924621302,2015
Jerry Van Dyke,2,0,,1987
Jerzy Block,2,0,,1973
Jerzy Dobrowolski,3,0,,1974
Jerzy Gudejko,1,1,15.99322311910615,2001
Jerzy Radziwiłowicz,4,0,,2012
Jerzy Skolimowski,4,1,17.55700259956578,1985
Jerzy Stuhr,10,0,,2005
Jerzy Trela,3,0,,2002
Jesco White,2,0,,2009
Jesdaporn Pholdee,2,0,,2004
Jesper Asholt,2,0,,2007
Jesper Christensen,9,1,16.02378497148708,2016
Jesper Klein,4,0,,2007
Jesper Salén,2,0,,2004
Jess Hahn,3,0,,1973
Jess Harnell,2,0,,2010
Jess Weixler,10,3,9.933565711872488,2016
Jessalyn Gilsig,2,1,17.457625919039803,2004
Jesse Birdsall,2,0,,1989
Jesse Bradford,17,6,16.86053011125459,2017
Jesse Camacho,2,1,11.468837727043477,2014
Jesse Eisenberg,25,17,16.846887449281667,2016
Jesse Friedman,1,1,14.95269751781215,2003
Jesse Garcia,2,0,,2011
Jesse Hutch,2,0,,2014
Jesse Jackson,1,1,12.505521467454455,1990
Jesse James,4,1,18.498078088042664,2012
Jesse Johnson,2,0,,2013
Jesse L. Martin,2,1,9.330431852234003,2009
Jesse Lee Soffer,2,1,14.899022406704786,2013
Jesse McCartney,3,1,16.712136550630788,2014
Jesse Metcalfe,10,3,16.598887916676905,2016
Jesse Moss,4,0,,2017
Jesse Plemons,1,1,11.440354772135391,2016
Jesse Rath,2,0,,2013
Jesse Ventura,2,0,,2009
Jesse Vint,2,0,,1982
Jesse Welles,2,1,16.012735135300492,1982
Jesse Williams,2,0,,2016
Jesselyn Radack,2,0,,2017
Jessica Alba,25,18,16.557443672575417,2016
Jessica Biel,23,11,17.849467585616903,2017
Jessica Brown Findlay,6,2,17.295783409350534,2016
Jessica Chastain,19,13,16.903902287539815,2017
Jessica Collins,3,0,,2004
Jessica De Gouw,2,0,,2016
Jessica Dublin,2,0,,1976
Jessica Grabowsky,2,0,,2013
Jessica Green,2,0,,2016
Jessica Hahn,2,0,,1992
Jessica Harper,8,2,16.09392340112007,1982
Jessica Hecht,2,1,18.58259239509396,2010
Jessica Hynes,2,0,,2008
Jessica Lange,28,8,17.246563410383253,2016
Jessica Lindsey,1,1,18.411309026270303,2013
Jessica Lowndes,8,0,,2016
Jessica Lucas,2,2,18.199120270992967,2008
Jessica Lundy,2,0,,1997
Jessica Mauboy,2,1,15.761420707019589,2012
Jessica McNamee,2,1,17.103918117106794,2017
Jessica Morris,2,0,,2014
Jessica Parker Kennedy,2,0,,2013
Jessica Paré,3,0,,2014
Jessica Rothe,4,0,,2016
Jessica Schwarz,8,0,,2012
Jessica Simpson,4,2,17.993014268384588,2008
Jessica Steen,2,0,,2008
Jessica Stroup,2,1,16.509883382064103,2009
Jessica Szohr,4,2,8.529975132269072,2014
Jessica Tandy,10,4,16.95507210622725,1994
Jessica Tuck,2,0,,1997
Jessica Walter,5,1,16.176364559082295,1981
Jessie Matthews,3,0,,1935
Jessie Miskelly,2,0,,2011
Jessie Ok Gray,1,1,8.809862805379057,2017
Jessie Royce Landis,3,1,15.984564258333798,1957
Jessie Wiseman,2,1,11.525209703803448,2014
Jesulín de Ubrique,1,1,16.272734468769702,2014
Jesuthasan Antonythasan,1,1,12.42276342240367,2015
Jesús Carroza,2,0,,2012
Jesús Ochoa,3,1,14.829139956326358,2012
Jet Li,41,19,16.968972687461804,2016
Jethro Skinner,1,1,13.74000761328865,2008
Jewel Staite,5,0,,2015
Jhong Hilario,2,0,,2009
Ji Guanlin,1,1,18.252880244427285,2016
Ji Jin-hee,2,1,14.058583787326905,2010
Ji Sung,3,0,,2014
Jia Hongsheng,2,0,,2001
Jiah Khan,1,1,18.146243898250606,2008
Jian Cui ,2,0,,2010
Jiang Wen,8,0,,2011
Jiang Wu,3,2,15.857490100951061,2015
Jiiva,2,0,,2011
Jill Bennett,2,0,,2009
Jill Clayburgh,15,3,15.462855901093869,2003
Jill Dixon,2,0,,1964
Jill Eikenberry,3,0,,1994
Jill Haworth,2,0,,1974
Jill Hennessy,5,0,,2012
Jill Ireland,12,3,16.545073599445676,1987
Jill Schoelen,6,0,,1993
Jill Scott,3,2,17.86863050079747,2015
Jill St. John,9,1,18.569269243495345,2002
Jill Wagner,2,1,11.729575982087772,2015
Jillian Bell,1,1,17.623433830391793,2017
Jillian Estell,1,1,16.88686913970195,2014
Jillian Kesner,2,0,,1982
Jillian McWhirter,2,0,,1998
Jillian Murray,2,0,,2014
Jim Abele,2,0,,2000
Jim Al-Khalili,2,0,,2011
Jim Backus,4,1,15.424948470398377,1981
Jim Beaver,2,0,,2016
Jim Belushi,35,11,16.21873261765309,2012
Jim Breuer,3,0,,2015
Jim Broadbent,30,6,16.7112051485119,2017
Jim Brown,14,1,14.918778658168575,1996
Jim Carrey,33,26,18.658265006668724,2014
Jim Carter,3,1,16.422338926491808,2002
Jim Caviezel,18,12,16.88838178423875,2014
Jim Cummings,14,3,17.86612659867041,2016
Jim Czarnecki,1,1,13.487109263488742,1997
Jim Dale,10,0,,1992
Jim Davis,2,0,,1969
Jim Fitzpatrick,2,0,,2002
Jim Gaffigan,7,0,,2017
Jim Greenleaf,1,1,15.189845691748989,1983
Jim Harris,3,0,,2016
Jim Henson,9,2,17.836781734771733,2015
Jim Hutton,9,1,9.607302767592598,1975
Jim Jarmusch,3,0,,2009
Jim Jefferies,6,0,,2016
Jim Kelly,2,0,,1974
Jim Lovell,2,1,13.554317207709095,1994
Jim Metzler,5,0,,1995
Jim Moody,1,1,16.033715608968226,1983
Jim Norton,7,1,14.773327036666927,2017
Jim O'Heir,3,0,,2017
Jim Parrack,2,1,16.677539538405416,2013
Jim Parsons,3,1,19.72595756636364,2015
Jim Siedow,1,1,15.898180881513372,1986
Jim Sturgess,9,5,16.685287733152215,2015
Jim VanBebber,2,0,,2003
Jim Varney,12,2,17.063908726915095,1998
Jim Ward,2,0,,2005
Jimi Hendrix,7,0,,2015
Jimi Mistry,3,0,,2005
Jimmi Simpson,3,0,,2015
Jimmy Bennett,7,3,15.810825544157446,2015
Jimmy Carr,9,0,,2016
Jimmy Carter,4,1,11.592494214189353,2011
Jimmy Chamberlin,2,0,,2010
Jimmy Chin,1,1,14.663191773432956,2015
Jimmy Chunga,2,0,,2007
Jimmy Durante,10,0,,1969
Jimmy Edwards,2,0,,1967
Jimmy Fallon,4,2,17.576175133827377,2008
Jimmy Hanley,2,0,,1950
Jimmy Jean-Louis,2,0,,2010
Jimmy Kimmel,3,1,20.02774565905408,2017
Jimmy Lydon,2,0,,1943
Jimmy Lynch,2,0,,1979
Jimmy McNichol,2,0,,1982
Jimmy Page,3,1,14.455385645500124,2012
Jimmy Shergill,11,4,15.443177404677346,2016
Jimmy Smits,6,0,,2000
Jimmy Vivino,1,1,12.31921827836981,2011
Jimmy Wang Yu,9,0,,1976
Jin Goo,6,1,16.655332195543014,2015
Jing Boran ,4,1,19.76949340316203,2016
Jing Tian,3,3,15.759749704179997,2016
Jinpachi Nezu,3,1,15.21906829579885,1985
Jiro Ono,1,1,14.751803112980074,2011
Jitsuko Yoshimura,2,0,,1964
Jiří Kodet,2,0,,1999
Jiří Lábus,3,0,,2010
Jiří Menzel,3,0,,1982
Jiří Sovák,3,0,,1977
Jiří Suchý,2,0,,1994
Jo Hartley,4,1,15.91678012541571,2017
Jo In-sung,3,0,,2017
Jo Jae-hyeon,7,2,11.470260331364987,2013
Jo Jung-suk,4,0,,2016
Jo Min-soo,1,1,15.102904050465655,2012
Jo Morrow,2,0,,1960
Jo Prestia,1,1,11.01369897704759,2001
Jo Van Fleet,2,0,,1968
JoAnna Garcia,2,0,,2010
JoBeth Williams,15,4,17.391322745914866,2014
Joachim Fuchsberger,3,0,,2007
Joachim Król,8,1,13.280399072207004,2012
Joakim Nätterqvist,2,0,,2008
Joan Alexander,3,0,,1943
Joan Allen,20,7,17.232966487788136,2015
Joan Arline,1,1,10.079916783625244,2010
Joan Baez,7,2,13.674927415827634,2013
Joan Barry,2,0,,2006
Joan Bennett,23,1,14.896768459947916,1970
Joan Blackman,3,0,,1974
Joan Blondell,30,1,15.082458161451598,1970
Joan Camden,2,0,,1953
Joan Caulfield,5,0,,1973
Joan Chen,20,4,15.147513050462678,2011
Joan Collins,24,0,,2006
Joan Crawford,54,5,14.553030165462953,1970
Joan Cusack,21,9,18.172548949937347,2014
Joan Dalmau,1,1,16.37156842610973,2010
Joan Davis,2,0,,1943
Joan Evans,2,0,,1959
Joan Fontaine,19,3,15.562759562984155,1966
Joan Greenwood,8,0,,1987
Joan Hackett,4,0,,1976
Joan Jett,3,0,,2014
Joan Leslie,10,1,16.610465102550457,1951
Joan Lorring,4,0,,1952
Joan Marsh,2,0,,1937
Joan O'Brien,3,1,15.732433170146336,1964
Joan Peers,2,0,,1930
Joan Perry,2,0,,1941
Joan Plowright,13,4,16.548558125672898,2005
Joan Rivers,2,0,,2010
Joan Severance,9,2,17.128827619940893,2006
Joan Sims,4,0,,1996
Joan Staley,2,0,,1966
Joan Taylor,2,0,,1957
Joan Weldon,5,1,14.151982794585487,1954
Joan Woodbury,4,0,,1944
Joana Preiss,2,0,,2006
Joanna 'JoJo' Levesque,3,2,17.619386894410432,2008
Joanna Cassidy,11,3,15.169960029821409,2016
Joanna Chilcoat,1,1,14.30295741566543,2003
Joanna David,3,0,,1987
Joanna Frank,2,0,,1985
Joanna Going,3,0,,1999
Joanna Haartti,2,0,,2014
Joanna Kerns,2,0,,1997
Joanna Kulig,4,1,13.722809571253205,2016
Joanna Lumley,4,2,17.315485320391602,2016
Joanna Miles,4,0,,1975
Joanna Pacula,5,1,15.893191676007303,2007
Joanna Pettet,5,0,,1978
Joanna Scanlan,1,1,14.025977296950373,2013
Joanna Shimkus,2,0,,1969
Joanna Szczerbic,2,0,,1981
Joanne Dru,15,2,15.757988546034388,1980
Joanne Froggatt,2,1,11.32301115604912,2016
Joanne Kelly,5,1,10.432997531506247,2016
Joanne Ritchie,1,1,12.231096910434909,1990
Joanne Samuel,1,1,18.420680743952367,1979
Joanne Whalley,12,3,16.76461789586426,2013
Joanne Woodward,23,0,,1990
Joaquim de Almeida,16,1,17.050474079093522,2016
Joaquin Phoenix,26,17,17.29850402646857,2015
Joaquín Cosio,7,1,14.688893788827151,2015
Jobyna Ralston,6,0,,1927
Jocelin Donahue,5,0,,2016
Jocelyn Jones,2,0,,1979
Jocelyn Quivrin,3,1,16.290018831541772,2008
Jock Mahoney,6,0,,1967
Jodelle Ferland,8,3,16.306625335702666,2015
Jodhi May,6,0,,2012
Jodi Benson,7,2,17.733167556416078,2011
Jodi Lyn O'Keefe,5,1,16.108258928651455,2012
Jodi Thelen,2,0,,1982
Jodie Foster,31,14,17.926729589992817,2013
Jodie Whittaker,5,2,14.583391053256943,2016
Jody Thompson,2,0,,2012
Joe Absolom,2,1,16.38829796366695,2013
Joe Alaskey,3,0,,2007
Joe Alwyn,1,1,17.24726895792824,2016
Joe Anderson,6,1,17.82204597051527,2016
Joe Balogh,2,0,,1991
Joe Bishop,1,1,14.37524691006012,2005
Joe Breen,1,1,16.38045991542581,1999
Joe Chisholm,1,1,13.966016317418363,2009
Joe Cocker,2,1,17.356617986975532,1971
Joe Cole,2,0,,2015
Joe Cortese,3,1,15.70474150606989,2004
Joe Cross,2,0,,2014
Joe Dallesandro,12,0,,1998
Joe Dante,3,0,,2009
Joe DeRita,4,0,,1962
Joe Dempsie,3,0,,2015
Joe Don Baker,13,3,16.16713698418631,1992
Joe E. Brown,4,0,,1944
Joe Egender,3,0,,2015
Joe Estevez,2,0,,2013
Joe Flaherty,3,0,,1996
Joe Flanigan,2,0,,2011
Joe Flynn,7,0,,1975
Joe Folau,1,1,15.367397956167702,2001
Joe Jonas,4,0,,2010
Joe Keaton,2,0,,1924
Joe Lando,3,0,,2015
Joe Lara,4,1,13.01206625227174,1995
Joe Lewis,2,0,,2012
Joe Manganiello,3,1,18.623728170024087,2016
Joe Mantegna,25,3,15.731154654987398,2016
Joe Mari Avellana,2,0,,1989
Joe Morrison,2,0,,1935
Joe Morton,9,5,16.888394362093926,2013
Joe Odagiri,13,0,,2016
Joe Pantoliano,12,7,15.693937532566476,2010
Joe Pesci,20,11,18.377713116268147,2010
Joe Piscopo,3,1,15.952686194969893,1996
Joe Roberts,14,0,,1923
Joe Rogan,5,0,,2016
Joe Seneca,1,1,15.562787173229072,1986
Joe Silver,3,0,,1977
Joe Slaughter,1,1,18.88624835485145,2010
Joe Spano,2,0,,1998
Joe Strummer,3,0,,2007
Joe Swanberg,5,1,9.12923877053914,2015
Joe Taslim,1,1,15.227761854033297,2011
Joe Turkel,2,0,,1990
Joel Basman,2,0,,2017
Joel Courtney,2,1,19.37656130161858,2016
Joel David Moore,8,1,16.13066216058987,2017
Joel David Taylor,1,1,16.38045991542581,2016
Joel Edgerton,21,10,16.62455712930717,2017
Joel Gion,1,1,11.752469785385491,2004
Joel Gomes,1,1,15.404745763080856,2013
Joel Gretsch,2,0,,2014
Joel Grey,5,1,16.482315202634325,2013
Joel Kinnaman,17,4,17.565658812787486,2016
Joel Lok,2,0,,2016
Joel McCrea,32,0,,1962
Joel McHale,2,1,17.382923431743492,2009
Joel Murray,1,1,11.71627438895626,2011
Joel Potrykus,1,1,9.523982546097496,2015
Joel Rinne,2,0,,1962
Joel Salatin,2,0,,2011
Joel Torre,3,0,,2016
Joelle Carter,5,0,,2014
Joely Fisher,2,0,,1999
Joely Richardson,15,5,15.473458677271495,2017
Joep Truijen,1,1,14.27868403976785,2005
Joes Brauers,2,0,,2016
Joey Camen,2,0,,2013
Joey Cramer,1,1,16.736767799698693,1986
Joey Fatone,2,0,,2016
Joey Heatherton,2,0,,1977
Joey Kern,4,0,,2015
Joey King,5,2,17.328762692441636,2017
Joey Lauren Adams,14,3,18.238320009026,2014
Joey Lawrence,6,1,18.121618778777258,2016
Joey McIntyre,2,0,,2007
Joey Morgan,2,1,16.51423514370462,2016
Joey Paras,1,1,10.453312711151128,2012
Joey Richter,3,0,,2014
Joey Wong,9,1,15.376249072109596,1993
JoeyStarr,5,2,12.474440419617922,2014
Johan Hedenberg,3,0,,2012
Johan Heldenbergh,3,3,15.376523209792602,2017
Johan Leysen,7,0,,2015
Johan Libéreau,3,0,,2009
Johan Rabaeus,2,0,,2006
Johan Rheborg,5,0,,2009
Johan Ulveson,4,1,15.58009819387244,2015
Johann von Bülow,2,0,,2008
Johanna Braddy,4,1,17.469022101340624,2014
Johanna Gastdorf,2,0,,2016
Johanna Sällström,2,0,,2001
Johanna Watts,2,1,13.815510557964274,2012
Johanna Wokalek,8,2,15.433483726354304,2012
Johanna ter Steege,2,0,,2005
Johannes Bah Kuhnke,1,1,14.12262533635859,2014
Johannes Brost,3,0,,2013
Johannes Meyer,2,0,,1925
Johannes Riemann,2,0,,1924
Johannes Silberschneider,2,0,,2010
Johannes Zeiler,2,0,,2015
John Abraham,20,4,16.239609855221552,2016
John Adames,1,1,15.216612986462325,1980
John Agar,17,3,15.107603924786636,1989
John Alderton,1,1,18.38548931591615,2003
John Allen Nelson,4,1,14.375101202726468,1994
John Altamura,2,0,,1989
John Amos,3,1,16.911081243387095,2015
John Anderson,2,0,,2008
John Archer,4,0,,1959
John Arcilla,2,0,,2015
John Ashley,4,0,,1972
John Ashton,8,3,18.141624346178194,2015
John Astin,9,0,,2005
John Baer,2,0,,1958
John Barrett,2,0,,2015
John Barrymore,26,1,14.768711643858529,1940
John Beal,2,0,,1939
John Beck,5,1,16.724852843244854,1977
John Belushi,6,5,17.67511813316364,2015
John Billingsley,2,0,,2008
John Bishop,3,0,,2015
John Boles,11,1,16.300417207752275,1937
John Boxer,1,1,15.880866106215484,2003
John Boyega,5,3,17.826240799686104,2017
John Broadwater,1,1,16.65112519308259,2003
John Bromfield,2,0,,1955
John Brumpton,2,0,,2007
John Buckwalter,1,1,16.28349279442151,1983
John Bunny,2,0,,1911
John Byner,2,1,16.87368659768781,2000
John C. McGinley,7,2,16.14227848045234,2007
John C. Reilly,22,13,16.35739126620994,2015
John Cale,3,0,,2007
John Cameron Mitchell,2,1,15.397764717492942,2001
John Candy,24,14,16.28932050714968,2015
John Carpenter,8,0,,2014
John Carradine,24,1,16.706786906594843,1981
John Carroll,4,0,,1957
John Carroll Lynch,1,1,16.992095893935286,2016
John Cassavetes,17,2,17.158746945386696,1984
John Cazale,4,3,16.89590237925744,2009
John Cena,6,3,15.994699712391819,2017
John Cho,8,3,17.32030218501269,2017
John Christian Graas,2,1,7.996317231796746,1993
John Cleese,26,7,17.111285089333403,2014
John Colicos,3,0,,1981
John Corbett,9,3,18.58359580291384,2016
John Crawford,2,0,,1977
John Cusack,54,32,16.578725524674134,2016
John D'Aquino,1,1,15.293817850753648,1988
John D. LeMay,1,1,16.58422083123494,1993
John Dall,5,1,14.603967918328545,1961
John Daniels,2,0,,1976
John Davis Chandler,2,0,,1975
John DeLuca,2,0,,2016
John Dehner,3,0,,1968
John Denver,2,1,17.545705716703573,1991
John Derek,7,0,,1966
John DiMaggio,11,0,,2014
John Diehl,4,1,13.823879440967923,2009
John Doe,5,2,12.990710419773592,2013
John Doman,2,0,,2008
John Drew Barrymore,2,0,,1958
John Dye,2,2,15.131695424848944,1991
John Edward Peck,2,1,14.687023565056776,1990
John Edwin Shaw,1,1,13.541073712262516,1987
John Emery,3,0,,1957
John Entwistle,5,0,,2007
John Ericson,3,0,,1964
John F. Kennedy,4,0,,2016
John Farneti,1,1,11.410615846145658,2010
John Fiedler,7,3,15.90917977521913,2005
John Flansburgh,2,0,,2002
John Forsythe,11,4,16.844709038447178,1988
John Friedmann,2,1,15.321387223973298,2005
John Friedrich,2,1,16.951004773893423,1983
John Furey,1,1,16.893871853334655,1981
John Gallagher Jr.,6,2,16.392902254062633,2016
John Garfield,22,1,15.86963429165982,2003
John Gavin,8,1,17.281246460764002,1967
John Getz,4,2,17.037111274400335,2011
John Gielgud,13,3,16.417203865735328,1996
John Gilbert,15,4,14.7234711397233,1933
John Glover,6,2,16.210498220615705,2016
John Goodman,47,26,17.476259164821023,2017
John Gordon Sinclair,2,0,,1999
John Gregson,7,0,,1961
John Halliday,6,0,,1936
John Hamilton,2,0,,1932
John Hannah,15,4,19.354486437584036,2016
John Hargreaves,2,0,,1979
John Harkins,1,1,14.151982794585487,1984
John Hawkes,11,5,13.778500281884268,2016
John Heard,23,7,16.11811134634604,2016
John Hennigan,2,0,,2017
John Henshaw,1,1,15.766267087181904,2012
John Hensley,3,0,,2011
John Hodiak,12,0,,1952
John Holmes,2,0,,1999
John Houseman,6,1,17.216707939626428,1982
John Howard,7,0,,1941
John Howard Davies,2,0,,1949
John Hoyt,4,0,,1958
John Hubbard,2,0,,1942
John Hurt,45,10,16.37501274861075,2015
John Huston,14,3,15.68165121096373,2018
John Ingle,6,0,,2006
John Ireland,15,1,12.429216196844385,1985
John Jarratt,5,2,16.609820983366546,2013
John Jett,1,1,14.539823016682352,2013
John Kani,3,0,,2010
John Kapelos,2,1,13.573426257829905,2015
John Karlen,2,0,,1975
John Keefe,2,0,,2005
John Kerr,2,2,15.96483307083169,1961
John Krasinski,12,10,15.40439246310709,2017
John Landis,3,0,,2010
John Larch,2,1,16.176364559082295,1974
John Larroquette,5,2,17.34276157089008,2000
John Lasseter,4,0,,2013
John Laurie,3,0,,1948
John Le Mesurier,4,0,,1977
John Lee Ames,2,0,,2013
John Legend,1,1,19.914563462247244,2016
John Leguizamo,39,20,17.34162896879212,2016
John Lennon,13,2,14.069200866348767,2016
John Light,3,0,,2006
John Linnell,2,0,,2002
John Litel,6,0,,1942
John Lithgow,29,13,16.98836657341943,2017
John Livingston,2,1,10.011354923405134,2003
John Loder,2,0,,1947
John Lodge,3,0,,1938
John Lone,8,5,16.7536577520466,2007
John Lund,6,0,,1960
John Lupton,2,0,,1966
John Lurie,2,0,,1986
John Lydon,3,0,,2000
John Lynch,10,1,17.875953568510692,2016
John Magaro,3,2,15.062608043362925,2017
John Mahoney,2,1,16.813077996572318,2003
John Malkovich,39,17,17.218764313569658,2016
John Maloof,1,1,14.223383431743503,2014
John Marley,6,1,18.731102303373635,1977
John Martin,2,0,,2009
John McCallum,2,0,,1952
John McCook,1,1,15.483217378522353,2007
John McEnery,4,1,17.476536119152478,1975
John McGiver,2,0,,1967
John McGuire,2,0,,1941
John McIntire,7,0,,1982
John McLeish,2,1,14.28551418721001,1942
John McMartin,1,1,16.811242831518264,1969
John Meillon,3,1,19.294507342066694,1988
John Mellencamp,2,1,19.262247929630583,2001
John Michael Higgins,5,2,17.57277230250324,2017
John Milius,2,0,,2013
John Miljan,2,0,,1944
John Mills,31,2,13.956177398048846,1998
John Moulder-Brown,5,0,,1975
John Mulaney,3,0,,2017
John Neville,2,1,15.905288865722556,1988
John Newton,2,0,,2008
John Noble,2,1,14.88564346494014,2013
John Ortiz,3,2,15.371975271393907,2010
John P. Ryan,5,1,15.717373427569491,1990
John Pankow,4,2,16.07910782982761,2012
John Patrick Jordan,3,0,,2013
John Paul Pitoc,1,1,14.53315277062124,1999
John Paul Tremblay,9,1,15.159290607986984,2014
John Payne,16,0,,1957
John Perkins,2,0,,2012
John Phillip Law,13,4,14.936227232078839,1988
John Phillips,2,0,,1968
John Pilger,5,0,,2013
John Pinette,3,0,,2007
John Polson,2,0,,1996
John Putch,2,0,,1986
John Pyper-Ferguson,6,0,,2014
John Randolph Jones,1,1,17.210018951475632,1973
John Ratzenberger,3,0,,2015
John Reardon,4,0,,2016
John Rhys-Davies,17,1,14.027466965887918,2015
John Richardson,6,0,,1978
John Ridgely,2,0,,1946
John Ritter,10,3,15.4463682218327,2004
John Robinson,6,1,16.11929712889455,2017
John Roselius,1,1,15.11711838301097,1997
John Rubinstein,3,0,,2012
John Russell,5,0,,1959
John Saint Ryan,1,1,13.01206625227174,1994
John Savage,18,3,16.540358037501978,2014
John Saxon,23,3,16.30952753324821,2009
John Schneider,15,0,,2016
John Seitz,1,1,13.83840252597656,2001
John Shea,3,1,16.454567887579532,2011
John Shepherd,2,1,16.903385180859935,1987
John Simm,3,1,15.201804919084164,2012
John Slattery,6,1,18.66651982428068,2017
John Squire,1,1,13.49948799416209,2013
John Stamos,6,0,,2014
John Standing,2,0,,1999
John Stanton,2,0,,1988
John Steadman,1,1,17.034386382832476,1977
John Steiner,10,0,,1989
John Stockwell,7,4,15.206031982005698,1996
John Stuart,2,0,,1932
John Sutton,7,0,,1959
John Taylor,3,0,,2009
John Tench,2,0,,2010
John Terry,5,0,,2010
John Thaw,3,0,,1998
John Travolta,49,32,17.790173508762958,2016
John Turner,2,0,,1964
John Turturro,33,17,15.753753924280298,2015
John Vernon,10,2,17.86859029091334,1995
John Waters,7,1,10.59267691124173,2013
John Wayne,106,18,15.570309660598529,1993
John Wesley Shipp,2,0,,2012
John White,2,0,,2007
John Wilkinson,2,0,,1972
John Williams,1,1,14.28551418721001,1967
John Witherspoon,3,2,16.58266300793306,2002
John Wood,9,0,,2015
John Wray,3,0,,1938
John de Lancie,6,0,,2015
Johnathon Schaech,12,1,17.358942648280465,2013
Johnny Arthur,2,0,,1943
Johnny Cash,8,0,,2015
Johnny Crawford,2,0,,1973
Johnny Dark,2,0,,2012
Johnny Depp,48,40,18.182604585625793,2017
Johnny Downs,2,0,,1943
Johnny Flynn,3,1,10.381304329495126,2014
Johnny Galecki,2,1,18.23532526948101,2017
Johnny Hallyday,5,0,,2009
Johnny Harris,4,0,,2017
Johnny Knoxville,17,9,17.750009268229928,2017
Johnny Lever,5,0,,2002
Johnny Lewis,2,0,,2012
Johnny Mack Brown,8,0,,1937
Johnny Messner,5,1,18.078090401833425,2015
Johnny Morina,2,0,,1997
Johnny Pacar,4,1,13.97217493295384,2014
Johnny Ramone,2,0,,2004
Johnny Sheffield,8,0,,1952
Johnny Simmons,7,2,16.177147203793574,2016
Johnny Strong,2,0,,2016
Johnny Vegas,2,1,10.778956289890028,2004
Johnny Wang Lung-Wei,5,0,,1985
Johnny Weissmuller,11,0,,1954
Johnny Whitaker,3,0,,1973
Johnny Yong Bosch,1,1,16.704756070773357,1997
Johnny Yune,1,1,16.64250921905574,1982
Johnny de Mol,4,0,,2013
Joi Lansing,2,0,,1970
Joie Lee,1,1,15.882075171730412,2003
Joji Oka,2,0,,1959
Jolanda Modio,2,0,,1967
Jolene Blalock,3,0,,2011
Jolene Van Vugt,1,1,15.177378764740642,2012
Jolie Vanier,1,1,17.181857938314554,2009
Jon Abrahams,1,1,9.454227284428292,2005
Jon Bernthal,6,2,17.744322721108716,2017
Jon Bon Jovi,4,0,,2006
Jon Campling,2,0,,2015
Jon Cryer,9,1,17.516112608174826,2014
Jon Cypher,2,0,,1990
Jon DeVries,2,0,,1991
Jon Dore,4,0,,2016
Jon Favreau,12,6,16.75043257674286,2015
Jon Finch,6,1,16.349207371921707,1994
Jon Foo,2,1,13.781953774435433,2013
Jon Foster,5,1,17.11523227555883,2013
Jon Gries,8,3,13.084152232342463,2016
Jon Hall,8,1,13.854731271117556,1965
Jon Hamm,10,7,15.30268378237868,2016
Jon Heder,10,2,17.170925070093716,2016
Jon Huertas,2,0,,2008
Jon Lee Anderson,1,1,9.869775638050593,2015
Jon Lewis,1,1,12.6187748360025,2006
Jon Lovitz,8,4,15.933930291703305,1998
Jon Mikl Thor,3,0,,2015
Jon Polito,4,0,,1998
Jon Roberts,1,1,12.0015054797889,2006
Jon Seda,4,1,14.390448361997482,2010
Jon Skolmen,5,2,15.699822114335356,1999
Jon Stewart,4,0,,2017
Jon Tenney,2,1,17.19927106373233,1997
Jon Van Ness,2,0,,1981
Jon Voight,38,19,17.32175200317927,2016
Jon Whiteley,2,0,,1956
Jon Øigarden,2,0,,2010
Jonah Blechman,3,1,13.521578327236275,2008
Jonah Bobo,2,1,17.97940451900548,2006
Jonah Hill,17,15,18.021157740581483,2016
Jonas Armstrong,2,0,,2014
Jonas Ball,2,0,,2008
Jonas Chernick,2,1,10.719957949128071,2012
Jonas Inde,4,0,,2008
Jonas Jägermeyr,2,1,15.141050960779127,2005
Jonas Karlsson,8,0,,2014
Jonas Nay,2,0,,2014
Jonas Smulders,2,0,,2015
Jonatan Spang,2,0,,2011
Jonathan Banks,4,2,13.389815168121448,2016
Jonathan Bennett,8,0,,2015
Jonathan Brandis,4,1,16.60567313887491,2002
Jonathan Breck,2,2,17.92850306079809,2003
Jonathan Brugh,2,1,15.019383357289875,2014
Jonathan Cake,3,0,,2003
Jonathan Caouette,1,1,13.965665264514186,2003
Jonathan Chase,1,1,13.521578327236275,2006
Jonathan Cherry,3,1,16.441495746801653,2014
Jonathan Cohen,1,1,8.940629184845639,2013
Jonathan Crombie,2,0,,2000
Jonathan Daniel Brown,2,1,18.420680743952367,2014
Jonathan Frakes,5,4,18.510051172797144,2015
Jonathan Freeman,2,0,,2016
Jonathan Frid,2,0,,1974
Jonathan Groff,4,1,20.965599285915545,2016
Jonathan Haagensen,1,1,12.634850552935411,2007
Jonathan Hernandez,1,1,14.015861929720764,1994
Jonathan Hyde,3,1,19.38689337648341,2016
Jonathan Jackson,5,0,,2010
Jonathan Ke Quan,2,1,19.62365304794472,1991
Jonathan LaPaglia,3,0,,2014
Jonathan Lambert,4,0,,2016
Jonathan Lipnicki,2,1,16.422338926491808,2002
Jonathan Pryce,24,6,16.412693278226538,2017
Jonathan Race,1,1,13.09106257876771,2011
Jonathan Raggett,1,1,15.139818338973445,2011
Jonathan Rhys Meyers,19,10,15.738719135155733,2017
Jonathan Rosenthal,2,0,,2016
Jonathan Sadowski,2,1,16.712136550630788,2014
Jonathan Scarfe,5,0,,2016
Jonathan Scott-Taylor,1,1,17.093347692700462,1978
Jonathan Silverman,11,1,17.22396113813618,2014
Jonathan Stark,1,1,15.86963429165982,1987
Jonathan Taylor Thomas,7,1,20.485315423096832,1999
Jonathan Tucker,8,2,15.278822668796199,2009
Jonathan Velasquez,1,1,13.359920945851105,2005
Jonathan Ward,1,1,12.6143969954412,1987
Jonathan Winters,3,0,,1969
Jonathan Zaccaï,5,0,,2010
Jonathon Trent,2,1,12.302068953531068,2010
Joni Mitchell,2,0,,2014
Jonna Liljendahl,2,0,,1980
Jonny Beauchamp,1,1,12.14246169406681,2015
Jonny Greenwood,2,0,,2013
Jonny Lee Miller,14,7,16.96621929453102,2017
Jonny Mars,2,0,,2013
Jonny Weston,3,1,17.288974057082893,2015
Joo Jin-Mo,5,0,,2010
Joo Won,3,0,,2015
Joonas Saartamo,4,0,,2016
Jordan Belfi,3,0,,2012
Jordan Bridges,3,0,,2011
Jordan Chan,5,1,15.775041802971552,2016
Jordan Gelber,3,0,,2015
Jordan Hinson,3,0,,2013
Jordan Ladd,6,1,17.234986333974124,2013
Jordan Nagai,1,1,20.41551585353385,2009
Jordan Peele,1,1,16.839165684674043,2016
Jordan Prentice,3,0,,2014
Jordana Beatty,1,1,16.46641549808121,2011
Jordana Brewster,8,2,18.883264451639846,2015
Jordana Spiro,1,1,9.212138753917564,2006
Jordi Dauder,2,0,,2009
Jordi Mollà,9,2,14.792177573029345,2016
Jordi Vilches,2,0,,2006
Joren Seldeslachts,2,0,,2007
Jorge Ayala,1,1,12.0015054797889,2006
Jorge Lavat,1,1,12.0435537160324,2010
Jorge Luke,2,0,,1982
Jorge Molina,2,0,,2015
Jorge Perugorría,5,0,,2015
Jorge Rivero,3,0,,1995
Jorge Román,2,0,,2007
Jorge Sanz,2,0,,2016
Joris Jarsky,1,1,13.041105598497303,2003
Jorma Taccone,2,1,16.06639490515266,2016
Jorma Tommila,6,0,,2010
Jose Pablo Cantillo,3,1,17.575105688683827,2017
Josean Bengoetxea,4,0,,2015
Josef Abrhám,4,0,,1993
Josef Bierbichler,6,1,11.46417629996032,2009
Josef Hader,9,0,,2017
Josef Sommer,4,1,18.0453615424053,1994
Josef Somr,4,0,,2008
Josef Swickard,2,0,,1927
Josefin Asplund,2,0,,2015
Josefin Neldén,2,0,,2013
Josema Yuste,1,1,15.030593614234144,1991
Joseph Ashton,2,0,,2003
Joseph Bologna,10,1,16.73867213868343,2005
Joseph Booton,2,0,,2012
Joseph Bottoms,3,0,,1984
Joseph Bour,1,1,13.065517855784972,2014
Joseph Calleia,4,0,,1952
Joseph Campanella,3,0,,1993
Joseph Chang Hsiao-Chuan,5,1,12.445089546000672,2015
Joseph Cotten,37,5,16.0494328696657,1981
Joseph Cross,6,1,15.72577842933645,2015
Joseph Fiennes,15,3,15.632351437839588,2016
Joseph Gilgun,1,1,17.287602157962873,2012
Joseph Gordon-Levitt,22,17,16.786338048125604,2016
Joseph Kaufmann,1,1,14.22097566607244,1973
Joseph Lorenz,1,1,8.81001204797317,2013
Joseph Mawle,3,0,,2015
Joseph Mazzello,5,2,16.242459559724473,2010
Joseph Millson,2,0,,2013
Joseph Morgan,2,0,,2013
Joseph Pilato,2,1,17.341871082580436,1999
Joseph Ruskin,1,1,17.86038288596004,2006
Joseph Schildkraut,5,0,,1959
Joseph Shiloach,2,0,,1972
Joseph Stiglitz,2,0,,2012
Joseph Wiseman,1,1,17.90316613203558,1962
Josephine Baker,2,0,,1935
Josephine Bornebusch,2,0,,2014
Josephine Chaplin,3,0,,1976
Josephine Hutchinson,2,0,,1952
Josephine Siao,2,2,15.047130875473458,1993
Josette Day,2,0,,1946
Josh Barnett,2,0,,2016
Josh Blacker,2,0,,2016
Josh Brener,2,1,15.651670092774722,2016
Josh Brolin,24,16,17.962414317975504,2016
Josh Caras,2,0,,2015
Josh Charles,10,1,17.04220569219616,2015
Josh Cooke,5,0,,2013
Josh Duhamel,17,11,16.23949267883987,2017
Josh Flitter,4,1,16.55190050140425,2009
Josh Gad,5,4,18.235145597931318,2017
Josh Green,2,0,,2000
Josh Hamilton,10,5,15.909233105837833,2016
Josh Hammond,2,0,,2015
Josh Hartnett,22,13,16.52020744318003,2017
Josh Henderson,4,0,,2014
Josh Holloway,3,2,16.0511427549894,2013
Josh Hopkins,3,0,,2014
Josh Hutcherson,18,13,18.44155981621466,2015
Josh Keaton,1,1,19.347761458034203,1997
Josh Kornbluth,1,1,12.433439267117254,2001
Josh Lawson,6,0,,2017
Josh Lucas,21,9,15.160256629280095,2017
Josh O'Connor,2,0,,2017
Josh Pais,2,1,19.12377825536548,2007
Josh Peck,9,4,12.098471783565298,2017
Josh Radnor,3,2,12.489919367073895,2013
Josh Rushing,1,1,14.765820421268009,2004
Josh Stewart,5,2,17.14515406394801,2016
Josh Wiggins,4,2,13.862793407064874,2016
Josh Zuckerman,2,1,16.747020846944377,2008
Joshua Bowman,3,0,,2016
Joshua Burge,2,1,9.523982546097496,2015
Joshua Close,3,1,15.495380465849498,2012
Joshua Cox,1,1,17.30354703788804,2009
Joshua Desroches,1,1,14.187036182642874,2007
Joshua Jackson,9,2,16.40877137851028,2012
Joshua John Miller,2,2,11.569942066410118,1991
Joshua Leonard,8,1,19.328939304129257,2014
Joshua Safran,1,1,10.982577174715374,2011
Joshua Schaefer,1,1,9.114930187171524,1997
Joshua Taylor,2,0,,2009
Josiane Balasko,16,0,,2016
Josie Bissett,4,0,,2016
Josie Ho,3,0,,2015
Josie Lawrence,1,1,16.395740266261548,1991
Josip Kuchan,2,0,,1999
Joss Ackland,15,2,15.6049193702812,2007
Josse De Pauw,2,1,11.694571793849116,2000
Josua Bengtson,2,0,,1920
José Bódalo,2,1,9.757131416174785,1981
José Coronado,10,1,14.685601108765296,2016
José Dumont,3,0,,2005
José Elías Moreno,2,0,,1964
José Ferrer,18,0,,1984
José Garcia,12,2,17.548480359795636,2016
José Gras,1,1,11.991405567196791,1981
José Greci,3,0,,1964
José Isbert,3,0,,1963
José Julián,1,1,14.380399276676238,2011
José Lewgoy,3,0,,1987
José Luis Alonso,1,1,13.355192670115558,1978
José Luis Ayestarán,1,1,13.160052148502588,1979
José Luis García Pérez,2,1,16.76794276912247,2010
José Luis Gómez,3,1,12.65079051756004,2010
José Luis López Vázquez,11,1,14.29927161828731,1984
José Luis Manzano,4,4,13.664243528999876,1984
José Luis Ozores,2,0,,1959
José Manuel Cervino,1,1,14.103822182206734,1983
José María Prada,3,0,,1973
José María Yazpik,4,0,,2017
José María de Tavira,2,0,,2008
José Mojica Marins,3,0,,2008
José Sacristán,10,1,13.355192670115558,2016
José Sazatornil,2,1,14.29927161828731,1989
José Suárez,4,0,,1963
José Wilker,3,0,,1992
José Zúñiga,2,0,,2015
Joséphine Berry,2,0,,2017
Joséphine Japy,2,1,13.60174167679289,2014
Joséphine de Meaux,2,0,,2011
Joséphine de la Baume,2,1,9.599133945796376,2016
Jouji Nakata,3,0,,2008
Jouko Ahola,2,0,,2009
Jowita Budnik,2,0,,2013
Joy Bryant,6,3,16.138360191004885,2009
Joy Tanner,2,0,,2013
Joyce Holden,2,0,,1958
Joyce Meadows,2,0,,1960
Joyce Taylor,4,0,,1963
Jozef Kroner,2,0,,1992
João César Monteiro,7,0,,2003
João Miguel,3,0,,2012
João Pedro Rodrigues,2,0,,2016
Joëlle Coeur,2,0,,1974
Jr NTR,4,0,,2016
Jsu Garcia,3,1,15.990262279448435,2000
Ju Ji-hoon,4,0,,2016
"Juan ""Doc"" Restrepo",1,1,14.168214628409851,2010
Juan Calvo,2,0,,1956
Juan Carlos Hernández,1,1,17.833402421822164,2010
Juan Diego,6,1,14.414022830672462,2004
Juan Diego Botto,14,0,,2014
Juan Echanove,3,0,,1998
Juan Gabriel Vásquez,1,1,9.869775638050593,2015
Juan José Ballesta,8,0,,2010
Juan José Campanella,1,1,16.99356438831222,2013
Juan Luis Galiardo,2,0,,2007
Juan Munoz,1,1,12.505521467454455,1990
Juan Riedinger,2,0,,2016
Juana Acosta,3,0,,2016
Juanin Clay,1,1,14.89582308946095,1981
Juano Hernández,2,0,,1957
Judah Friedlander,1,1,15.607867681894506,2003
Judd Apatow,2,0,,2013
Judd Hirsch,8,2,15.570219358476146,2011
Judd Holdren,2,0,,1952
Judd Nelson,21,2,16.669736439509816,2017
Jude Law,34,27,17.191617359744026,2017
Judge Reinhold,19,6,18.658558302623263,2006
Judi Dench,20,9,17.49784738314817,2015
Judi Meredith,2,0,,1964
Judie Aronson,3,1,16.16685667184595,2009
Judit Pogány,2,0,,1982
Judith Anderson,8,1,15.775605342011543,1973
Judith Barsi,2,2,17.6834219530776,1989
Judith Brown,2,0,,1971
Judith Chemla,3,0,,2016
Judith Connor,1,1,18.28829155590662,1995
Judith Godrèche,6,0,,2008
Judith Hoag,3,1,19.12377825536548,2006
Judith Ivey,3,1,16.831998240068316,2003
Judith O'Dea,2,1,17.216707939626428,2015
Judith Ransdell,1,1,16.939797598759668,1980
Judith Vittet,1,1,14.3685970765368,1995
Judy Davis,17,5,16.597483159395114,2013
Judy Garland,23,3,15.84149602324012,1976
Judy Geeson,10,0,,1976
Judy Greer,10,4,16.763960806346397,2016
Judy Herrera,1,1,15.336065233480651,2001
Judy Holliday,7,0,,1960
Judy Landers,2,0,,1990
Judy Marte,2,1,14.850869188593473,2004
Judy McLane,1,1,11.69159870808709,2008
Judy Pace,2,0,,1973
Judy Parfitt,3,0,,1995
Juha Veijonen,7,1,16.64872390202049,2012
Juhan Ulfsak,4,0,,2016
Juhi Chawla,10,1,16.213405830762646,2014
Jule Böwe,3,0,,2006
Jules Berry,2,0,,1939
Jules Dassin,1,1,15.89495209964411,1960
Jules Sitruk,5,0,,2012
Julia Benson,4,0,,2016
Julia Blake,2,0,,2016
Julia Deakin,1,1,9.210340371976184,2009
Julia Dietze,3,1,15.911690109322544,2018
Julia Garner,7,3,14.538725637113325,2017
Julia Hummer,3,0,,2013
Julia Jentsch,6,0,,2014
Julia Jones,2,0,,2013
Julia Jäger,2,0,,2007
Julia Kijowska,5,0,,2016
Julia Koschitz,2,0,,2014
Julia Louis-Dreyfus,7,3,17.422592320021682,2013
Julia Maxwell,2,0,,2012
Julia McKenzie,3,0,,2013
Julia Montgomery,2,0,,1992
Julia Nickson,3,0,,2016
Julia Ormond,18,4,15.278327370645492,2012
Julia Putnam,1,1,6.985641817639208,2012
Julia Roberts,34,27,18.534756118427183,2017
Julia Sarah Stone,2,0,,2014
Julia Sawalha,1,1,17.450882979706165,2016
Julia Stemberger,2,0,,1999
Julia Stiles,18,5,18.26006016444345,2015
Julia Sweeney,4,0,,2008
Julia Voth,2,1,12.203248661839073,2009
Julian Assange,5,1,13.308082489299183,2017
Julian Barratt,3,2,9.638692822390041,2017
Julian Garner,1,1,12.844412469876426,1998
Julian Glover,3,0,,2004
Julian McMahon,3,1,18.248073830833597,2012
Julian Morris,3,1,16.122851722896275,2015
Julian Rhind-Tutt,3,0,,2013
Julian Richings,4,0,,2014
Julian Sands,11,2,16.06240731940701,2015
Julian Schnabel,2,0,,2010
Juliana Harkavy,2,0,,2016
Juliana Paes,2,0,,2010
Juliane Köhler,6,0,,2012
Julianna Guill,6,0,,2016
Julianna Margulies,10,4,16.397667380922783,2013
Julianne Hough,7,4,18.155815147032495,2016
Julianne Moore,52,37,16.63331959837558,2016
Julianne Nicholson,7,0,,2016
Julianne Phillips,2,2,15.952431140430484,1996
Juliano Cazarré,2,0,,2016
Juliano Ribeiro Salgado,1,1,13.873594543330713,2014
Julie Adams,10,1,14.077874822431763,1975
Julie Andrews,21,11,17.50568991775314,2009
Julie Bataille,1,1,9.413036288021289,2013
Julie Benz,11,3,16.537152768450458,2016
Julie Bishop,4,0,,1942
Julie Bowen,4,2,18.139669882417312,2014
Julie Brown,5,0,,1994
Julie Carmen,3,2,15.611698558134691,2000
Julie Christie,21,4,17.15481169092914,2012
Julie Condra,2,0,,2001
Julie Cox,2,0,,2006
Julie Delpy,21,10,15.220436371026043,2016
Julie Depardieu,9,0,,2016
Julie Ege,2,0,,1974
Julie Entwisle,1,1,11.4246296270501,1997
Julie Ferrier,2,1,17.673186917531172,2013
Julie Gayet,7,0,,2016
Julie Gonzalo,5,0,,2016
Julie Hagerty,12,5,16.61981469354439,2013
Julie Harris,10,2,15.862682839075326,1990
Julie Kavner,4,1,20.082841745030876,2007
Julie Le Breton,2,0,,2014
Julie London,3,0,,1960
Julie McCullough,3,0,,2011
Julie McNiven,2,0,,2017
Julie Mond,3,0,,2012
Julie Perreault,2,0,,2015
Julie R. Ølgaard,3,0,,2009
Julie Sommars,2,0,,1983
Julie Strain,3,0,,2010
Julie Walters,16,4,17.635152540127354,2015
Julie Warner,6,3,14.355636491274405,2015
Julie Zangenberg,2,0,,2011
Julie-Anne Roth,2,0,,2012
Julie-Marie Parmentier,3,0,,2015
Julien Arruti,1,1,12.312367724347776,2017
Julien Boisselier,5,1,8.119100837637486,2011
Julien Bouanich,1,1,9.32625499657254,2011
Julien Ciamaca,2,0,,1990
Julien Guiomar,2,0,,1989
Julien Poulin,2,1,13.234437704904842,1999
Julienne Mathieu,3,0,,1908
Juliet Aubrey,3,0,,2003
Juliet Berto,7,1,10.337118907970645,1976
Juliet Mills,3,0,,1975
Juliet Rylance,1,1,18.168525892614916,2012
Juliet Stevenson,8,1,13.815510557964274,2016
Julieta Cardinali,3,0,,2016
Julieta Serrano,2,1,15.78671216465671,1988
Julietta Novis,1,1,18.23819917435705,1940
Juliette Binoche,40,18,15.421762656303391,2016
Juliette Danielle,3,0,,2016
Juliette Darche,1,1,12.21407553679877,2011
Juliette Lewis,20,5,16.614596301790534,2014
Juliette Mayniel,2,0,,1976
Julika Jenkins,2,0,,2015
Julio Chávez,3,0,,2007
Julio Diaz,2,0,,2016
Julissa,2,0,,1971
Julius Carry,1,1,17.06411154016828,1985
Julius Lavonen,2,0,,2005
Julián López,3,2,15.39391745422595,2015
Julián Mateos,2,0,,1975
Julián Villagrán,6,1,13.653296287935444,2016
Jun Fubuki,2,0,,2000
Jun Fukuyama,3,0,,2014
Jun Hamamura,4,0,,1966
Jun Ji-hyun,8,3,14.918186192233705,2015
Jun Kim,2,1,15.388284486026784,2010
Jun Kunimura,7,1,18.58562214539422,2013
Jun Matsumoto,2,0,,2013
Jun Murakami,4,0,,2014
Jun Tazaki,2,0,,1968
June Allyson,20,0,,1994
June Carter Cash,5,0,,2014
June Duprez,2,0,,1940
June Foray,8,0,,1983
June Haver,4,0,,1951
June Havoc,2,0,,1949
June Kenney,3,0,,1961
June Lockhart,2,0,,1946
June Squibb,2,2,15.417403954208023,2017
June Thorburn,2,0,,1960
Jung Eun-chae,2,0,,2013
Jung Hee-tae,2,0,,2014
Jung Jae-young,11,2,16.925198812992065,2015
Jung Jin-young,4,0,,2015
Jung Joon-ho,2,0,,2006
Jung Kyung-ho,3,0,,2014
Jung Suh,3,2,12.232250260697139,2005
Jung Woo,2,0,,2017
Jung Woo-sung,10,0,,2017
Jung Yu-mi,7,3,15.69703436512217,2016
Junichi Okada,9,2,18.143640177733893,2015
Junio Valverde,2,0,,2014
Junius Matthews,2,1,16.914807620824185,1966
Junko Ikeuchi,4,0,,1965
Junko Iwao,4,0,,1999
Junko Kanô,2,0,,1962
Junko Miyashita,2,0,,1976
Junko Miyazono,2,0,,1968
Junko Noda,2,0,,2001
Junko Takeuchi,4,1,16.667495779129688,2015
Juno Temple,11,1,10.917358612749148,2015
Juozas Budraitis,3,1,14.053576612823544,2010
Jurgen Delnaet,1,1,14.22097566607244,2008
Juri Ueno,4,0,,2013
Jurnee Smollett,3,0,,2016
Juro Kara,2,0,,1998
Jussi Lampi,3,0,,2013
Jussi Nikkilä,3,0,,2011
Jussi Vatanen,4,0,,2016
Justice Smith,1,1,18.264170783209305,2015
Justin Armstrong,2,0,,2015
Justin Baldoni,3,0,,2012
Justin Bartha,6,3,15.890721316126786,2016
Justin Bieber,3,1,18.40497763294474,2015
Justin Chambers,2,1,18.366525769387437,2013
Justin Chatwin,7,1,17.104289725048467,2017
Justin Chon,3,1,17.688078800451624,2015
Justin Deeley,2,0,,2013
Justin Fletcher,1,1,17.90484257836283,2015
Justin Gross,2,2,15.799995700899222,2006
Justin Guarini ,2,1,15.409259235492016,2008
Justin Henry,1,1,16.980395854176802,1984
Justin Kirk,6,2,13.140643697320193,2015
Justin Long,25,13,16.04501986577622,2016
Justin McGuire,1,1,11.732012800954504,1998
Justin Pierce,2,1,17.9069731044993,2000
Justin Ray,2,0,,2014
Justin Rice,3,0,,2013
Justin Theroux,5,2,15.326042722265438,2016
Justin Timberlake,14,10,18.402874123491834,2016
Justin Urich,3,1,13.18562733663285,2004
Justin Welborn,3,2,10.175185878379818,2016
Justin Whalin,4,3,14.57166491480423,2009
Justina Machado,2,0,,2008
Justine Bateman,4,0,,1997
Justine Clarke,3,0,,2016
Justine Waddell,6,2,13.156885576484044,2011
Juston Street,1,1,15.03936775094972,2016
Justus von Dohnányi,3,1,16.026789574023855,2015
Juuso Hirvikangas,2,0,,1982
Juzo Itami,2,0,,1983
Jyothika,6,2,13.122363377404328,2006
János Bán,2,0,,2011
János Derzsi,2,0,,2011
Jérémie Elkaïm,5,0,,2016
Jérémie Renier,16,2,16.355526645313766,2017
Jérôme Commandeur,1,1,8.149601735736155,2012
Jón Gnarr,2,0,,2009
József Madaras,4,0,,1987
Jô Shishido,10,0,,1987
Jördis Triebel,4,1,15.068273526459642,2016
Jörn Donner,4,0,,1998
Jørgen Langhelle,3,0,,2014
Jørgen Leth,2,0,,2010
Júlia Lemmertz,2,0,,2009
Júlio Adrião,2,0,,2016
Jürgen Prochnow,14,5,16.04282841726276,2016
Jürgen Vogel,12,3,16.680640678577863,2014
Jūrōta Kosugi,1,1,14.195308395323748,2004
K Callan,2,0,,2006
K. Krishna,1,1,11.849547690342566,1998
K. T. Stevens,3,0,,1958
K.C. Clyde,2,0,,2009
KaDee Strickland,3,1,18.078090401833425,2007
Kaaren Verne,2,0,,1941
Kaarina Hazard,2,0,,2009
Kabir Bedi,4,1,16.59928646959462,2016
Kacey Clarke,2,0,,2013
Kacey Mottet Klein,3,0,,2016
Kad Merad,19,2,15.721542147117173,2014
Kadeem Hardison,6,1,15.73749753048022,2014
Kae Araki,3,0,,1997
Kaela Dobkin,2,0,,2007
Kaho,4,1,12.755594806631764,2015
Kai Lehtinen,6,0,,2011
Kailin See,2,0,,2009
Kais Nashif,1,1,10.411268546115894,2013
Kaitlin Doubleday,3,0,,2015
Kaitlyn Dever,1,1,14.28551418721001,2013
Kaitlyn Maher,2,0,,2012
Kaitlyn Wong,2,0,,2013
Kaiwi Lyman,2,0,,2017
Kajal Agarwal,7,1,17.035745458870107,2012
Kajol,10,5,17.473341414934342,2015
Kal Penn,9,5,17.059732689925266,2016
Kal Weber,2,0,,2008
Kalabhavan Mani,2,2,14.480372562780023,2015
Kaley Cuoco,10,2,18.612613668582597,2016
Kali Hawk,2,1,16.867849935081292,2016
Kalieaswari Srinivasan,1,1,12.42276342240367,2015
Kalki Koechlin,8,1,17.64415195445337,2016
Kam Heskin,3,0,,2008
Kam Kong,3,0,,1978
Kam Wu-seong,3,0,,2005
Kamal Haasan,12,3,16.535549947116326,2015
Kamala Lopez,2,0,,1994
Kameron Knox,1,1,12.506954713445898,2009
Kamil Larin,2,2,16.498050147380233,2011
Kamil Tkacz,2,0,,2013
Kamran Adl,1,1,11.56794381272364,2002
Kamran Dehghan,1,1,11.657934486880205,2008
Kana Hanazawa,7,0,,2017
Kanako Higuchi,4,0,,2008
Kanata Hongo,3,0,,2015
Kandyse McClure,3,0,,2012
Kane Hodder,16,6,14.900141679959605,2016
Kane Kosugi,3,0,,2014
Kaneto Shiozawa,3,0,,1990
Kang Dong-won,9,1,17.72753356339242,2016
Kang Ha-Neul,3,0,,2017
Kang Hye-jung,4,1,16.522226869831663,2009
Kang Ji-hwan,2,0,,2009
Kang Seong-jin,2,0,,2006
Kang Shin-il,4,0,,2012
Kang So-ra,2,1,17.686711568872166,2011
Kang Sung-yeon,2,1,14.058583787326905,2007
Kangana Ranaut,9,1,12.43718436649356,2017
Kanichi Kurita,2,0,,2008
Kaniehtiio Horn,2,0,,2013
Kaniha,2,1,13.122363377404328,2012
Kanji Tsuda,2,0,,2006
Kanu Bannerjee,2,2,12.618692968445684,1956
Kanye West,3,0,,2015
Kaori Mizuhashi,1,1,16.376442626144733,2013
Kaori Momoi,5,0,,2016
Kaoru Futaba,2,0,,1936
Kaoru Kobayashi,6,0,,2014
Kaoru Yachigusa,3,0,,1987
Kappei Yamaguchi,7,1,16.715439224999,2010
Kara Hayward,2,0,,2015
Kara Hui,9,1,8.970177815492379,2016
Kara Killmer,1,1,14.027466965887918,2015
Karan Johar,1,1,14.22097566607244,2015
Karanvir Sharma,1,1,14.05326287966442,2014
Kareem Abdul-Jabbar,4,1,18.239800615800817,2015
Kareena Kapoor,29,7,16.71685117361242,2016
Karel Fiala,2,0,,2009
Karel Roden,7,0,,2016
Karelle Tremblay,2,0,,2015
Karen Abercrombie,2,1,18.031926975323938,2016
Karen Allen,16,7,16.491132018260025,2016
Karen Austin,2,1,17.021896832087407,1988
Karen Black,25,4,15.64769987557911,2011
Karen Carlson,2,1,16.758422055334684,1988
Karen Caspersen,2,0,,1916
Karen Dotrice,2,0,,1967
Karen Duffy,2,0,,1995
Karen Gillan,4,1,17.600387364816033,2013
Karen Kopins,2,1,16.11809565095832,1990
Karen Lancaume,1,1,13.754638905638314,2000
Karen Lynn Gorney,1,1,19.28404815471958,1977
Karen M. Waldron,2,0,,1989
Karen Miyama,2,1,15.724862229826437,2012
Karen Mok,8,0,,2014
Karen Morley,7,1,13.304684934198283,1935
Karen Sharpe,3,0,,1964
Karen Sillas,4,0,,1996
Karen Steele,5,0,,1960
Karen Trumbo,1,1,13.591959423599375,1992
Karen Valentine,2,0,,1979
Karen Young,5,1,12.730244806703562,2005
Karen-Lise Mynster,3,0,,1999
Karena Lam,3,0,,2006
Kari Heiskanen,4,0,,2011
Kari Hietalahti,3,2,14.91681409082482,2014
Kari Keegan,1,1,16.58422083123494,1993
Kari Ketonen,3,1,16.64872390202049,2012
Kari Matchett,4,0,,2015
Kari Väänänen,10,0,,2015
Kari Wahlgren,2,0,,2012
Kari Wuhrer,11,1,13.675472327425055,2015
Kari-Pekka Toivonen,2,0,,2011
Karidja Touré,1,1,11.0147692443049,2014
Karin Bertling,1,1,8.575462099540212,2009
Karin Booth,3,0,,1955
Karin Dor,4,1,18.53029528141515,1967
Karin Himboldt,2,0,,1944
Karin Schubert,4,0,,1977
Karin Viard,15,1,16.82978000159836,2015
Karina,2,0,,2011
Karina Smulders,1,1,14.7543104472538,2008
Karina Testa,3,0,,2010
Karine Vanasse,4,0,,2013
Karine de Mirbeck,1,1,11.57588148461256,2015
Karisma Kapoor,11,2,14.77848824305661,2002
Karl Dane,2,0,,1929
Karl Davies,4,1,13.973845898444582,2014
Karl Geary,4,0,,2003
Karl Glusman,2,2,13.264288535663614,2016
Karl Hardman,1,1,17.216707939626428,1968
Karl Lagerfeld,3,0,,2016
Karl Malden,29,5,15.97240050461665,1982
Karl Markovics,5,1,16.02378497148708,2016
Karl Swenson,1,1,16.914807620824185,1963
Karl Urban,13,9,18.022012837649843,2016
Karl-Heinz Vosgerau,2,0,,2010
Karla Souza,3,0,,2017
Karlheinz Böhm,8,1,11.338060041995572,1975
Karlheinz Stockhausen,2,0,,2005
Karolina Gruszka,6,1,10.318638930233714,2016
Karoline Eichhorn,2,0,,2015
Karoline Herfurth,15,1,18.23468754291467,2015
Karra Elejalde,11,1,13.22347126343721,2016
Karren Karagulian,1,1,13.462192829409066,2015
Karrueche Tran,2,0,,2016
Karuna Bannerjee,3,2,12.618692968445684,1962
Karunakaran,1,1,14.151982794585487,2015
Karyn Parsons,1,1,16.432906390798355,2000
Kasia Smutniak,9,3,16.441656412467427,2016
Kasumi Arimura,4,1,13.237627688179089,2016
Kat Dennings,7,4,15.816447426738012,2015
Kat Graham,2,0,,2017
Kata Dobó,3,0,,2006
Katariina Kaitue,2,0,,2011
Katarina Radivojević,2,0,,2008
Katarzyna Figura,5,0,,2002
Kate Angus,1,1,10.24994548006426,2015
Kate Ashfield,9,2,13.801889756929508,2015
Kate Beahan,3,2,16.88626185376637,2015
Kate Beckinsale,32,19,17.18026091503962,2016
Kate Bosworth,19,13,15.270600163106339,2016
Kate Bruce,2,0,,1916
Kate Burton,6,0,,2016
Kate Capshaw,8,5,15.869037101111033,1999
Kate Connor,2,0,,2014
Kate Dickie,4,2,15.725597690358075,2017
Kate Dollenmayer,1,1,11.250274159310356,2002
Kate Fahy,2,0,,2010
Kate Hodge,1,1,15.567413191756163,1990
Kate Hudson,22,18,16.76590525931925,2016
Kate Jackson,4,0,,2006
Kate Lyn Sheil,4,1,11.19987088218331,2017
Kate Lynch,2,0,,1985
Kate Maberly,3,0,,2012
Kate Magowan,2,1,11.700400387004978,2008
Kate Manx,2,0,,1962
Kate Mara,13,8,15.266491809024725,2017
Kate McKinnon,3,2,18.43665516432167,2017
Kate McNeil,2,2,15.834213892887515,1988
Kate Melton,2,0,,2010
Kate Micucci,2,0,,2016
Kate Moran,2,0,,2013
Kate Nauta,2,1,18.2601320957045,2009
Kate Nelligan,7,1,16.70588231586044,1996
Kate Price,2,0,,1922
Kate Reid,3,1,16.359446675633944,1985
Kate Siegel,2,0,,2016
Kate Upton,1,1,19.097602973991503,2014
Kate Vernon,2,0,,1998
Kate Walsh,4,1,17.84211919055978,2015
Kate Winslet,33,24,17.48537891775172,2020
Kate Yeung,2,1,12.445089546000672,2006
Kate del Castillo,4,2,15.521163752811479,2013
Katee Sackhoff,8,2,18.002150638888033,2017
Katerina Geronikolou,2,0,,2016
Katey Sagal,7,1,15.635937007931048,2016
Kath Soucie,3,0,,2012
Katharina Schüttler,9,1,11.900328430259984,2015
Katharina Thalbach,5,0,,2012
Katharine Alexander,2,0,,1939
Katharine Hepburn,37,5,16.15467672753155,1994
Katharine Isabelle,16,0,,2016
Katharine McPhee,2,0,,2014
Katharine Ross,12,3,17.846748539937618,1991
Katharine Towne,2,1,16.249123913364723,2006
Kathe Burkhart,1,1,11.668269717919893,1997
Katherine Borowitz,2,0,,2004
Katherine Heigl,22,10,18.14163988039541,2017
Katherine Helmond,4,0,,2007
Katherine McNamara,2,0,,2014
Katherine Waterston,7,3,16.82891385534337,2017
Katheryn Winnick,7,0,,2011
Kathleen Barr,11,1,16.615315413353443,2015
Kathleen Beller,2,1,17.481720617027225,1982
Kathleen Byron,4,0,,1961
Kathleen Chalfant,2,0,,2002
Kathleen Crowley,3,0,,1959
Kathleen Harrison,2,0,,1951
Kathleen Howard,2,0,,1935
Kathleen Kinmont,2,0,,1992
Kathleen Lloyd,3,0,,1978
Kathleen Madigan,2,0,,2016
Kathleen Munroe,2,0,,2016
Kathleen Quinlan,11,4,17.195422571159128,2006
Kathleen Robertson,4,1,10.729919220241946,2013
Kathleen Rose Perkins,2,0,,2015
Kathleen Ryan,3,0,,1953
Kathleen Turner,24,11,16.92083116017503,2013
Kathleen Wilhoite,3,0,,2012
Kathrin Resetarits,2,0,,2006
Kathrine Narducci,3,0,,2010
Kathryn Beaumont,2,2,19.225354301828467,1953
Kathryn Erbe,4,2,17.250998506212106,1999
Kathryn Grant,5,0,,1958
Kathryn Grayson,12,1,16.213405830762646,1956
Kathryn Hahn,7,6,16.24677048365285,2016
Kathryn Harrold,7,1,16.60110551869471,1986
Kathryn Hays,2,0,,1967
Kathryn McCormick,2,1,18.7605098115355,2014
Kathryn McGuire,2,0,,1924
Kathryn Morris,2,1,16.867095095493525,2004
Kathryn Mullen,2,1,17.51871198623026,1986
Kathryn Newton,2,1,18.77708159433089,2016
Kathryn Prescott,2,0,,2015
Kathryn Walker,2,1,17.213910931644005,1983
Kathy Baker,15,2,15.35937619193064,2012
Kathy Bates,29,14,17.06650958266381,2016
Kathy Burke,4,0,,2011
Kathy Griffin,5,0,,2011
Kathy Najimy,6,3,18.20562380078521,2011
Kati Outinen,13,0,,2011
Katia Christine,2,0,,1977
Katia Winter,3,0,,2013
Katie Aselton,2,0,,2010
Katie Boland,1,1,8.474911799159631,2013
Katie Cassidy,6,3,17.192398300882036,2014
Katie Chang,1,1,16.7675903766886,2013
Katie Couric,3,0,,2016
Katie Crown,3,1,19.02159902169455,2016
Katie Featherston,4,4,18.99840525831814,2012
Katie Findlay,4,0,,2016
Katie Holmes,16,8,15.879596486853144,2016
Katie Jarvis,1,1,14.673261593054514,2009
Katie Leclerc,2,0,,2015
Katie Lowes,2,0,,2014
Katie Lyons,1,1,13.998163726435664,2007
Katie Maguire,2,0,,2013
Katie Sagona,1,1,19.34025206879214,1998
Katie Walder,2,0,,2014
Katja Flint,2,1,14.960612907273177,2005
Katja Küttner,2,0,,2010
Katja Riemann,9,1,17.05472815887949,2015
Katja Schuurman,2,0,,2004
Katrin Cartlidge,8,2,14.348750964672037,2000
Katrin Sass,2,1,18.189818479872024,2010
Katrin Schaake,2,0,,1972
Katrina Bowden,6,3,15.862988162111792,2017
Katrina Elam,1,1,11.803884661779373,2010
Katrina Kaif,15,6,17.0243842522452,2016
Katrina Law,3,0,,2015
Katsuhiko Sasaki,3,0,,1991
Katsuhisa Namase,2,0,,2011
Katsuo Nakamura,5,0,,2004
Katsuyuki Konishi,2,0,,2009
Katt Shea,2,0,,1985
Katt Williams,7,1,17.47404974081928,2014
Katy Jurado,7,1,15.27412558066379,1974
Katy Mixon,1,1,14.94669135464448,2011
Katy Perry,2,1,17.303709638791453,2015
Katya Berger,2,0,,1983
Kavan Smith,2,0,,2016
Kay Francis,23,0,,1945
Kay Johnson,5,0,,1932
Kay Kay Menon,8,1,12.310432660854415,2016
Kay Kendall,3,0,,1958
Kay Kyser,3,0,,1943
Kay Lenz,6,0,,1997
Kay Medford,3,1,17.771039428308303,1969
Kay Panabaker,7,1,10.542574456246127,2011
Kay Walsh,5,0,,1966
Kaya Brüel,3,0,,2007
Kaya Scodelario,6,3,16.91559829047692,2015
Kaycee Moore,1,1,12.80001256250955,1978
Kayla Ewell,2,0,,2014
Kayla Jackson,1,1,13.184071647156314,2010
Kayla Raparelli,1,1,13.184071647156314,2010
Kayo Matsuo,2,0,,1980
Kayoko Honoo,3,0,,1961
Kayoko Kishimoto,5,0,,2007
Kayvan Novak,1,1,15.267124385204808,2010
Kazato Tomizawa,2,0,,2010
Kazue Fukiishi,2,0,,2005
Kazuhiko Inoue,3,0,,2011
Kazuhiko Kato,2,0,,1998
Kazuki Kitamura,5,0,,2015
Kazuko Sugiyama,3,0,,1984
Kazuko Yoshiyuki,4,0,,2013
Kazumi Evans,2,0,,2015
Kazunari Ninomiya,5,1,18.04486998691887,2013
Kazuo Hasegawa,4,0,,1963
Kazuo Kitamura,2,0,,1989
Kazuo Kumakura,2,0,,1973
Kazuya Kamenashi,2,0,,2015
Kazuya Nakai,5,3,15.772994669760509,2016
Kazuya Takahashi,3,0,,2008
Keanu Reeves,46,27,17.68105285664643,2017
Keefe Brasselle,2,0,,1949
Keegan Connor Tracy,6,1,15.023352965708424,2016
Keegan-Michael Key,4,2,16.07014398566168,2016
Keeley Hawes,6,0,,2016
Keenan Kampa,1,1,10.886445787656298,2016
Keenan Tracey,2,0,,2013
Keenan Wynn,19,1,14.978661367769956,1979
Keenen Ivory Wayans,4,2,16.74154548861445,1997
Keerthi Suresh,1,1,16.64872390202049,2017
Kei Kobayashi,1,1,18.377661984142456,2001
Kei Satô,5,0,,1983
Kei Tomiyama,6,0,,1993
Keiji Fujiwara,2,0,,2013
Keiji Sada,7,0,,1962
Keiju Kobayashi,4,1,15.226497531674536,1984
Keiko Awaji,2,0,,1953
Keiko Kishi,5,0,,1983
Keiko Takeshita,2,0,,2011
Keiko Toda,2,0,,2000
Keiko Yokozawa,2,0,,1987
Keir Dullea,8,1,18.04525975719258,2014
Keir Gilchrist,5,2,16.09377854553769,2016
Keir O'Donnell,3,2,13.683168502020356,2013
Keira Knightley,26,20,17.40442260816838,2014
Keisha Castle-Hughes,5,1,17.538791438795542,2015
Keisuke Horibe,2,0,,2000
Keisuke Koide,6,1,17.600563455526867,2013
Keith Allen,6,0,,2015
Keith Barletta,2,0,,2014
Keith Carradine,26,4,14.67775612478519,2016
Keith Cavill,1,1,14.37524691006012,2005
Keith Coogan,4,3,15.056165995620129,1989
Keith Cooke,2,0,,1995
Keith Coulouris,3,0,,2007
Keith David,21,4,17.555437775356182,2016
Keith Ferguson,2,0,,2011
Keith Gordon,2,2,17.599356478729547,1986
Keith Larsen,4,0,,1966
Keith Michell,6,0,,1983
Keith Poulson,2,0,,2016
Keith Primeau,1,1,9.550804629866931,2012
Keith Richards,9,0,,2016
Keith Robinson,4,0,,2015
Keith Van Hoven,2,0,,1991
Keith Vitali,2,1,16.393302252322158,1991
Keith Warren,1,1,12.433439267117254,2001
Keizô Kawasaki,4,0,,1960
Keke Palmer,7,1,16.75723137258213,2015
Kel Mitchell,4,0,,2011
Kelan Pannell,1,1,16.665424780379883,2008
Kellan Lutz,11,4,13.531756551909753,2017
Kelli Berglund,2,0,,2016
Kelli Garner,7,0,,2016
Kelli Maroney,3,1,16.48405192974506,1986
Kelli Williams,3,1,11.72406930688888,2000
Kellie Martin,6,0,,2016
Kellita Smith,2,0,,2005
Kelly Adams,2,0,,2009
Kelly Benson,2,1,13.219999939989682,1996
Kelly Bishop,2,1,17.534696083588205,1997
Kelly Blatz,4,1,11.104295353518909,2015
Kelly Brook,7,1,9.128696382935672,2012
Kelly Carlson,2,1,16.91405245641896,2006
Kelly Chen,4,0,,2008
Kelly Clarkson,1,1,15.409259235492016,2003
Kelly Hu,8,2,18.38651981673922,2014
Kelly Johnson,1,1,14.151982794585487,1981
Kelly LeBrock,4,2,17.57586171528225,2015
Kelly Lin,7,0,,2010
Kelly Lynch,16,4,15.52362305051953,2016
Kelly Macdonald,13,5,16.002570159907975,2016
Kelly McGillis,16,5,15.219760173240712,2013
Kelly Overton,5,1,13.781953774435433,2011
Kelly Paterniti,1,1,13.815510557964274,2012
Kelly Preston,16,9,16.522984810074234,2010
Kelly Reilly,12,4,16.447444481942526,2014
Kelly Reno,2,2,16.77285157987079,1983
Kelly Rowan,5,2,16.004547125773417,2000
Kelly Rutherford,5,0,,2015
Kelly Sheridan,20,2,15.967108455156765,2015
Kelly Stables,4,0,,2014
Kelly Wolf,1,1,16.265039653527463,1990
Kelsey Grammer,15,3,18.531250503856025,2016
Kelsy Abbott,1,1,9.991177865663117,2013
Kemal Sunal,24,1,13.456260873653072,1987
Ken Berry,3,0,,1978
Ken Bevel,2,2,17.341432468680154,2011
Ken Carpenter,1,1,16.3440321782813,1992
Ken Clark,7,0,,1966
Ken Davitian,2,2,18.818110605928084,2008
Ken Duken,7,0,,2016
Ken Foree,6,3,15.812557516633321,2016
Ken Howard,6,0,,1986
Ken Jacobs,2,0,,2012
Ken Jeong,3,3,18.326694971002656,2016
Ken Kirzinger,1,1,18.55964958930051,2003
Ken Leung,2,1,19.314263035863068,2007
Ken Lo,3,0,,2015
Ken Marino,2,1,9.883947890661512,2013
Ken Marshall,1,1,16.62004963787152,1983
Ken Maynard,3,0,,1943
Ken Medlock,1,1,17.349280243305483,2005
Ken Mitsuishi,2,0,,2012
Ken Ogata,6,1,13.127864219989648,2006
Ken Olandt,2,1,15.962253207572408,1999
Ken Pogue,2,1,15.299232854859492,1991
Ken Sagoes,1,1,18.099097119824904,1988
Ken Sansom,2,1,17.634420693733023,2000
Ken Stott,2,0,,2015
Ken Swofford,2,0,,1988
Ken Takakura,6,2,15.974564518672132,2005
Ken Tanaka,1,1,15.226497531674536,1984
Ken Uehara,7,0,,1954
Ken Utsui,3,0,,1965
Ken Wahl,8,1,16.951004773893423,1996
Ken Watanabe,7,3,19.357059726666478,2016
Ken Wright,1,1,13.541073712262516,1987
Ken'ichirô Matsuda,2,1,11.524883679664894,2015
Kenan Ece,3,0,,2015
Kenan Thompson,6,2,17.31573174304957,2008
Kenan İmirzalıoğlu,3,1,16.134088382751997,2012
Kengo Kora,5,1,17.001294103607492,2013
Kenichi Matsuyama,11,2,17.440971760077215,2015
Kenichi Suzumura,6,0,,2011
Kenichirou Matsuda,4,0,,2014
Kenji Mizuhashi,3,0,,2007
Kenji Nojima,5,0,,2016
Kenji Sahara,6,0,,1966
Kenji Sawada,3,0,,2001
Kenji Utsumi,2,1,16.70588231586044,1991
Kenjirou Tsuda,1,1,13.830733104843514,2016
Kenne Duncan,3,0,,1960
Kenneth Anger,3,0,,1974
Kenneth Branagh,27,6,18.30764781716743,2011
Kenneth Colley,2,0,,1990
Kenneth Connor,5,0,,1976
Kenneth Cranham,6,2,14.307600973403767,2011
Kenneth Harlan,2,0,,1922
Kenneth Mars,7,1,16.678542693306042,2003
Kenneth McMillan,2,0,,1987
Kenneth More,14,0,,1979
Kenneth Tobey,3,0,,1967
Kenneth Welsh,8,0,,2014
Kenneth Williams,14,0,,1975
Kenny Anderson,3,0,,2012
Kenny Baker,3,0,,2004
Kenny Bee,5,0,,1992
Kenny Doughty,2,0,,2011
Kenny Morrison,1,1,16.60567313887491,1990
Kenny Rogers,4,1,16.82247891958966,1993
Kenny Wormald,7,1,17.967232561889823,2016
Kensho Ono,2,0,,2014
Kent Cheng,4,2,12.534247487093424,1994
Kent McCord,1,1,10.90056533037994,1993
Kent Osborne,2,0,,2011
Kent Smith,7,1,15.201804919084164,1958
Kent Taylor,6,0,,1972
Kenta Kiritani,2,0,,2010
Kentarō Itō,2,0,,2011
Kentucker Audley,6,1,9.12923877053914,2015
Kerbie Zamora,1,1,13.489296921508044,2011
Keri Russell,12,8,15.646541322815924,2013
Kerr Smith,5,3,16.72665589864876,2014
Kerri Green,3,2,16.470770772160943,1993
Kerrie Keane,2,0,,1988
Kerris Dorsey,2,0,,2012
Kerry Bishé,7,0,,2017
Kerry Fox,6,0,,2014
Kerry Shale,1,1,16.951004773893423,2012
Kerry Washington,10,5,17.787037873320674,2016
Kerstin Granlund,3,0,,1996
Kerwin Mathews,8,0,,1963
Keshia Knight Pulliam,2,1,18.32095251492548,2009
Kestie Morassi,2,1,17.139202078102624,2008
Ketaki Mategaonkar,3,0,,2014
Kett Turton,2,0,,2004
Kevin Alejandro,2,0,,2015
Kevin Anderson,6,1,18.980290846157335,2013
Kevin Azais,2,1,10.068917241659864,2015
Kevin Bacon,43,25,15.816002721512362,2016
Kevin Bernhardt,1,1,16.3440321782813,1992
Kevin Bishop,5,1,17.35145416487623,2016
Kevin Booth,2,1,11.410615846145658,2010
Kevin Breznahan,1,1,16.442459374525633,2010
Kevin Conroy,16,3,15.340178948810332,2016
Kevin Conway,6,0,,2007
Kevin Corrigan,10,2,11.95732609487029,2015
Kevin Costner,42,32,17.65029985536846,2016
Kevin Dillon,6,1,15.925474393888807,1997
Kevin Downes,2,0,,2015
Kevin Duhaney,2,0,,2001
Kevin Durand,5,1,18.033821341232706,2014
Kevin Eastman,2,0,,2014
Kevin Eldon,2,0,,2008
Kevin Farley,2,1,15.761420707019589,2008
Kevin Gage,6,1,13.355411317922346,2016
Kevin Guthrie,2,0,,2015
Kevin Harrington,2,0,,2002
Kevin Hart,19,10,18.40387127884622,2017
Kevin Heffernan,5,2,16.079073877780743,2012
Kevin Hooks,2,0,,1975
Kevin Howarth,2,0,,2012
Kevin James,11,9,18.754828321818696,2017
Kevin Janssens,4,1,14.94138159477307,2015
Kevin Kline,36,17,16.5150707005377,2015
Kevin McCarthy,10,1,16.93288507750037,1991
Kevin McKidd,7,1,18.253464694355404,2013
Kevin McNally,2,0,,2008
Kevin Michael Richardson,5,0,,2015
Kevin Nealon,4,2,17.43024396682741,2012
Kevin P. Scott,1,1,11.75391679292806,1996
Kevin Peter Hall,1,1,17.860670443206995,1990
Kevin Pollak,12,2,18.67177781346612,2016
Kevin Richardson,1,1,12.519959601148688,2012
Kevin Smith,15,2,16.966788506629946,2015
Kevin Sorbo,25,1,17.20964975581452,2016
Kevin Spacey,34,19,17.348351362191075,2017
Kevin Spirtas,2,0,,1994
Kevin Tighe,1,1,18.17538931664488,1989
Kevin Van Hentenryck,3,0,,1992
Kevin Weisman,2,0,,2014
Kevin Wu,2,0,,2014
Kevin Zegers,19,6,16.429504002848812,2013
Kevin de Paula,1,1,10.215081445034222,2016
Keye Luke,10,0,,1949
Khaled Abol Naga,3,0,,2014
Khalid Abdalla,2,1,18.10974433309784,2013
Khalifa Natour,2,0,,2015
Khalil Kain,1,1,16.81855999565854,1992
Khan Chittenden,2,0,,2013
Khary Payton,3,0,,2012
Khatra Ould Abder Kader,1,1,8.910045761473558,2002
Khleo Thomas,1,1,12.80833185389638,2004
Khristine Hvam,2,0,,2011
Khrystyne Haje,2,0,,1995
Khulan Chuluun,1,1,17.09369286569711,2007
Ki Hong Lee,1,1,19.668631756392095,2014
Kiana Tom,1,1,16.18274913423749,1999
Kiara Glasco,2,0,,2017
Kichiemon Nakamura,3,0,,2014
Kiefer Sutherland,42,15,16.683574084044523,2015
Kiele Sanchez,4,0,,2011
Kiely Williams,3,0,,2011
Kieran Culkin,8,2,16.529559655428834,2016
Kieran O'Brien,2,1,14.269526436510112,2009
Kiernan Shipka,4,1,9.902487052202543,2015
Kieron Moore,4,0,,1965
Kiersey Clemons,2,1,16.70514765717593,2015
Kierston Wareing,4,1,14.673261593054514,2012
Kiichi Nakai,8,1,15.137886205826,2014
Kika Markham,2,0,,1980
Kiko Mascarenhas,1,1,14.330093115607973,2012
Kiko Mizuhara,5,1,16.685467624624668,2016
Kikujirô Honda,2,0,,2005
Kikuko Inoue,3,0,,2000
Kim Ah-joong,3,0,,2013
Kim Basinger,29,15,16.51355683672607,2014
Kim Bo-Kyeong,2,0,,2007
Kim Bodnia,8,1,12.100395413056203,2014
Kim Campbell,1,1,12.809081747879002,2014
Kim Cattrall,20,8,16.215819502628023,2010
Kim Chiu,2,0,,2014
Kim Coates,10,2,11.438965399931917,2016
Kim Dae-myung,1,1,11.590654729465731,2015
Kim Darby,7,3,16.421392228278894,1987
Kim De Angelo,1,1,11.732012800954504,1998
Kim Delaney,6,1,13.804449610604848,2011
Kim Dong-wook,3,0,,2012
Kim Eung-Soo,2,0,,2012
Kim Go-eun,6,0,,2016
Kim Greist,4,2,16.922103584439583,2000
Kim Gyu-ri,4,0,,2011
Kim Ha-neul,6,0,,2016
Kim Hae-sook,3,1,16.222026384965332,2017
Kim Hunter,11,4,16.576973562540086,1971
Kim Hyang-gi,2,0,,2014
Kim Hye-ja,1,1,16.655332195543014,2009
Kim Hye-na,4,0,,2011
Kim Hye-soo,8,2,16.470967580259313,2015
Kim Hyun-soo,1,1,17.26549810379586,2011
Kim In-mun,3,0,,2003
Kim Jae-hong,1,1,7.757906208351747,2013
Kim Jae-joong,1,1,14.048166324370976,2012
Kim Jin-kyu,2,0,,1961
Kim Johnston Ulrich,2,0,,1995
Kim Joo-hyuk,4,1,17.842646370492925,2017
Kim Kang-woo,9,2,14.954016710224465,2015
Kim Ki-duk,3,1,15.687676361053542,2011
Kim Kkobbi,3,0,,2012
Kim Kold,2,0,,2012
Kim Mi-Sook,2,0,,2007
Kim Min-hee,5,1,14.5002242766434,2016
Kim Min-joon,2,0,,2013
Kim Min-jung,1,1,15.201804919084164,2006
Kim Miyori,1,1,17.280857728967586,1997
Kim Mu-yeol,3,1,17.7073308560749,2015
Kim Myers,2,1,17.216681705948996,2014
Kim Myung-gon,2,1,18.53540854825005,2014
Kim Myung-min,4,1,16.222026384965332,2015
Kim Nam-gil,4,0,,2016
Kim Novak,17,1,17.14771506813948,1979
Kim Ok-bin,4,0,,2013
Kim Poirier,3,0,,2013
Kim Rae-won,4,0,,2015
Kim Richards,5,2,16.711803901963428,1985
Kim Roe-Ha,2,0,,2014
Kim Rossi Stuart,6,1,15.394745724869848,2009
Kim Sae-ron,6,1,17.57810017297267,2014
Kim Sang-Joong,2,0,,2013
Kim Sang-ho,2,1,16.220963472433798,2015
Kim Sang-kyung,7,0,,2015
Kim Seung-woo,3,1,16.85849180866887,2010
Kim Shaw,2,0,,2015
Kim Stanley,3,1,15.424948470398377,1982
Kim Staunton,1,1,18.36871105243879,2002
Kim Sun-a,2,0,,2010
Kim Sung-kyun,2,0,,2016
Kim Sung-min,1,1,9.598455841749232,2006
Kim Tae-Ri,1,1,14.5002242766434,2016
Kim Tae-hoon,1,1,17.57810017297267,2010
Kim Tae-woo,5,0,,2011
Kim Woo-bin,3,0,,2016
Kim Yeo-jin,2,0,,2002
Kim Yeong-cheol,3,0,,2014
Kim Yoon-seok,9,1,18.240593078164903,2015
Kim Young-Ho,2,0,,2008
Kim Young-ae,3,0,,2016
Kim Young-min,3,1,15.687676361053542,2014
Kim Yu-seok,1,1,9.955842782870056,2000
Kim van Kooten,8,0,,2013
Kimberley Nixon,4,1,16.905294765517784,2012
Kimberly Beck,2,1,17.31143855757783,1984
Kimberly Elise,6,3,16.908056136260356,2016
Kimberly Foster,2,0,,1993
Kimberly J. Brown,6,1,14.063288964103348,2006
Kimberly Peirce,1,1,12.6187748360025,2006
Kimberly Russell,1,1,17.022622782198866,1990
Kimberly Williams-Paisley,7,1,18.307800693993475,2010
Kin Sugai,2,0,,1984
King Donovan,2,0,,1956
Kinga Preis,3,1,11.529359680433648,2015
Kinuyo Tanaka,21,0,,1974
Kinya Kitaoji,3,0,,2012
Kip Pardue,12,2,15.839417211638668,2017
Kippei Shiina,4,0,,2009
Kiran Rathod,2,1,13.122363377404328,2003
Kirby Bliss Blanton,2,0,,2016
Kirby Dick,1,1,11.668269717919893,1997
Kirby Heyborne,2,1,14.329967580214296,2003
Kirby Morrow,3,0,,2014
Kirill Lavrov,5,0,,1972
Kirill Pletnev,2,1,14.351323580135322,2009
Kirin Kiki,4,1,11.732205562749716,2016
Kirk Alyn,2,0,,1950
Kirk B.R. Woller,2,0,,2007
Kirk Barker,2,0,,2015
Kirk Calloway,2,0,,1976
Kirk Cameron,7,2,17.339333243430403,2014
Kirk Douglas,57,9,16.431761973026457,2010
Kirk Geiger,1,1,13.89221786320847,2001
Kirk Hammett,2,0,,2004
Kirk Harris,2,0,,2008
Kirk Jones,2,0,,2009
Kirk Morris,4,0,,1970
Kirron Kher,3,0,,2004
Kirsten Dunst,29,21,17.63703500332447,2017
Kirsten Olesen,2,0,,1988
Kirsten Prout,5,0,,2015
Kirsten Storms,3,0,,2004
Kirsti Wallasvaara,6,0,,1975
Kirstie Alley,18,6,17.119745744411578,2002
Kirsty Mitchell,2,0,,2011
Kishore,2,2,14.94639210720117,2016
Kit Harington,5,4,16.244067754795644,2015
Kitana Kiki Rodriguez,1,1,13.462192829409066,2015
Kitten Natividad,2,0,,1979
Kitty Bruce,1,1,9.96880701865677,1998
Kitty Carlisle,2,0,,1934
Kitty Courbois,2,0,,1985
Kiwako Taichi,2,0,,1972
Kiyohiko Shibukawa,2,0,,2006
Kiyoshi Atsumi,3,0,,1975
Kiyoshi Kobayashi,5,0,,2008
Kiều Chinh,1,1,13.367659733359671,2006
Kjell Bergqvist,8,0,,2013
Kjersti Holmen,2,0,,2011
Klara Kristin,1,1,12.425541453236963,2015
Klara Landrat,2,0,,2013
Klara Luchko,2,0,,1982
Klara Rumyanova,5,0,,1981
Klas-Gösta Olsson,2,0,,1991
Klaus Büchner,4,0,,2003
Klaus J. Behrendt,2,0,,2008
Klaus Kinski,34,0,,1999
Klaus Löwitsch,4,0,,1979
Klaus Maria Brandauer,15,4,16.641036490580813,2013
Klaus Nomi,2,0,,2004
Klaus Tange,1,1,8.879333174786028,2013
Klaus Wennemann,1,1,18.258161814454592,1981
Klavdiya Korshunova,2,0,,2010
Klára Issová,2,0,,2011
Klára Melíšková,2,0,,2016
Ko Ah-sung,3,0,,2015
Ko Chang-seok,2,0,,2014
Ko So-Young,2,0,,2006
Ko Zandvliet,2,0,,2014
Kobe Bryant,3,0,,2015
Kodi Smit-McPhee,7,4,16.241436740686044,2015
Koen De Bouw,10,0,,2016
Koen De Graeve,4,1,14.94138159477307,2015
Kofi Ghanaba,1,1,14.805757450469365,1993
Kohl Sudduth,6,0,,2012
Koichi Sato,6,1,14.8180736604968,2013
Koji Tsuruta,4,0,,1971
Koji Yakusho,22,3,13.762401527770933,2015
Kojiro Hongo,5,0,,1969
Kokoro Kikuchi,2,0,,2015
Koltai Róbert,4,0,,2001
Komaki Kurihara,2,0,,1974
Kong Yeung,2,0,,1976
Konkona Sen Sharma,9,2,15.68195872772963,2015
Konstantin Khabenskiy,12,7,16.02810063448546,2017
Konstantin Kryukov,3,2,15.740243817345215,2017
Konstantin Lavronenko,5,0,,2016
Konstantin Raykin,3,0,,2010
Konstantin Yushkevich,2,0,,2011
Kora Karvouni,2,0,,2016
Koreya Senda,2,0,,1962
Kostas Smoriginas,2,0,,2007
Kostas Voutsas,2,0,,1967
Kostja Ullmann,6,0,,2017
Kotono Mitsuishi,9,3,15.554317402869733,2009
Kou Shibasaki,9,1,18.832541853961715,2014
Kouichi Yamadera,11,3,15.863418472861222,2013
Kouki Okada,1,1,18.377661984142456,2001
Koyuki,4,0,,2009
Krešimir Mikić,4,0,,2013
Kris Kristofferson,36,12,17.180993756466574,2016
Kris Lemche,7,1,18.583812328738556,2013
Kris Marshall,1,1,11.727221996559642,2017
Krisha Fairchild,1,1,11.854946563855178,2016
Krista Allen,5,0,,2015
Krista Bridges,3,0,,2015
Krista Kosonen,6,0,,2015
Krista Madison,2,0,,2015
Kristanna Loken,7,2,14.176309003851152,2014
Kristen Bell,21,11,17.70291639452858,2016
Kristen Cloke,2,1,16.884068063455274,2006
Kristen Connolly,4,2,14.171739102542709,2014
Kristen Dalton,3,0,,2013
Kristen Hager,2,0,,2015
Kristen Johnston,1,1,17.900953535040465,2000
Kristen Kerr,2,0,,2008
Kristen Miller,3,1,17.745519286214893,2005
Kristen Schaal,2,0,,2013
Kristen Stewart,28,25,16.315190678972225,2016
Kristen Wiig,22,14,18.128401241459958,2017
Kristen Wilson,3,1,18.986587240964575,2006
Krister Henriksson,4,0,,2003
Kristian Halken,2,0,,2009
Kristiina Halkola,2,0,,1967
Kristin Bauer van Straten,2,0,,2014
Kristin Booth,14,1,13.041105598497303,2016
Kristin Cavallari,2,0,,2009
Kristin Chenoweth,5,1,10.714417768752456,2016
Kristin Davis,5,3,18.359491287834576,2010
Kristin Kreuk,5,1,16.362155013670886,2012
Kristin Minter,2,2,13.915218097765102,2001
Kristin Scott Thomas,33,12,16.1582840791154,2014
Kristin Slaysman,2,0,,2012
Kristina Anapau,3,0,,2014
Kristina Asmus,3,1,15.397486827579955,2014
Kristina Klebe,7,0,,2016
Kristina Orbakayte,5,0,,2011
Kristina Pesic,2,0,,2014
Kristina Söderbaum,4,0,,1945
Kristine DeBell,3,0,,1982
Kristine Van Pellicom,2,0,,2009
Kristoffer Joner,11,1,16.3785460081501,2015
Kristopher Turner,3,0,,2015
Kristy McNichol,6,0,,1989
Kristy Swanson,25,8,16.897697536740864,2014
Kristy Yang,2,0,,1999
Kristyan Ferrer,2,1,15.445095352157676,2016
Kriti Sanon,2,1,16.11809565095832,2014
Krysten Ritter,8,3,15.339390900365146,2015
Krystyna Janda,11,0,,2009
Kryštof Hádek,3,1,15.498245585324783,2015
Krzysztof Globisz,2,0,,2007
Krzysztof Kowalewski,4,0,,1986
Krzysztof Majchrzak,3,0,,2003
Krzysztof Pieczyński,2,0,,2006
Ksenija Marinković,3,0,,2016
Kseniya Rappoport,9,1,15.27412558066379,2016
Ku Feng,7,0,,1979
Ku Kuan-Chung,2,0,,1983
Kuei Ya-Lei,2,1,15.751869380839182,1993
Kullervo Kalske,2,0,,1951
Kumail Nanjiani,3,1,17.778610330339596,2017
Kumi Mizuno,4,0,,1966
Kumiko Akiyoshi,2,0,,2001
Kumiko Asou,10,1,14.240919459874746,2015
Kunaal Roy Kapur,1,1,16.707824872319776,2011
Kunal Kapoor,1,1,15.150511624696614,2007
Kunal Khemu,4,1,15.702580206996654,2009
Kunal Nayyar,1,1,12.314940503266564,2014
Kunie Tanaka,3,0,,2001
Kuniko Miyake,4,0,,1959
Kuno Becker,9,1,17.1337202023851,2013
Kuntaa Nikkil,1,1,12.611537753638338,2006
Kuranosuke Sasaki,2,0,,2014
Kurt Braunohler,2,0,,2017
Kurt Cobain,5,0,,2015
Kurt Fuller,2,2,16.473851640701717,2011
Kurt McKinney,1,1,15.35498448467545,1986
Kurt Raab,3,0,,1977
Kurt Ravn,2,0,,2013
Kurt Russell,45,26,17.276541556278847,2016
Kurt Thomas,1,1,15.56133009724345,1985
Kurtwood Smith,6,4,15.235538478058553,1996
Kwak Do-won,4,1,15.8087673808784,2016
Kwon Sang-Woo,3,0,,2015
Kwon Yea-young,1,1,16.985335120579904,2005
Kyan Khojandi,2,0,,2016
Kyla Pratt,4,1,17.137957546554553,2009
Kyle Catlett,1,1,16.066253679759384,2013
Kyle Chandler,3,2,17.822264244386957,2016
Kyle Davis,2,0,,2013
Kyle Gallner,9,3,18.947896725467462,2016
Kyle Gass,1,1,16.411182715090124,2006
Kyle Howard,2,0,,1997
Kyle Kinane,3,0,,2016
Kyle MacLachlan,12,6,16.074096274735528,2005
Kyle McCulloch,2,0,,1992
Kyle Richards,1,1,15.424948470398377,1980
Kyle Schmid,3,0,,2015
Kylie Minogue,5,1,13.370940729975349,2012
Kylie Rogers,2,1,18.117998177881702,2016
Kym Whitley,2,1,18.040849200722036,2008
Kyoko Baertsoen,1,1,16.429371390918046,2001
Kyoko Fukada,5,1,16.743319602045986,2015
Kyoko Kishida,3,0,,2006
Kyoko Koizumi,6,0,,2012
Kyra Sedgwick,16,5,17.273221829195553,2015
Kyra Zagorsky,2,0,,2015
Kyrre Hellum,3,0,,2011
Kyôko Enami,2,0,,1977
Kyôko Kagawa,7,0,,1993
Kyōka Suzuki,3,0,,2004
Károly Eperjes,2,0,,1992
Kåre Hedebrant,2,1,16.19374110486672,2011
Kô Nishimura,7,0,,1974
Kôji Kikkawa,2,1,17.937794488875618,2012
Kôji Mitsui,2,0,,1965
Kôji Seto,2,0,,2012
Kôji Wada,3,0,,1968
Kôta Kusano,2,0,,2009
Kōichi Hashimoto,2,0,,1989
L. Scott Caldwell,1,1,17.540742457026436,2006
L.Q. Jones,3,0,,1999
LL Cool J,9,5,16.58591102652158,2009
LaMonta Caldwell,2,1,14.168214628409851,2014
Labros Konstadaras,2,0,,1965
Lacey Chabert,24,0,,2017
Lachlan Buchanan,2,0,,2015
Lachlan Nieboer,2,0,,2016
Lady Reed,2,0,,1976
Laetitia Casta,5,1,16.305254406287418,2014
Laia Costa,2,2,14.578155641268705,2017
Laia Marull,3,0,,2007
Laila,2,1,13.122363377404328,2003
Laila Boonyasak,3,0,,2008
Laila Goody,3,0,,2012
Laila Robins,3,2,17.262819821318104,2004
Lainie Kazan,6,1,19.725613313623455,2009
Laird Cregar,5,0,,1945
Laird Hamilton,1,1,14.967979519423094,2004
Laith Nakli,1,1,14.404967493853528,2017
Lake Bell,8,4,17.28167683314395,2017
Lakis Lazopoulos,2,0,,2004
Lakshmi Menon,2,0,,2015
Lala Sloatman,2,0,,1993
Lalainia Lindbjerg,2,0,,2006
Lalita Panyopas,2,0,,2007
Lam Ching-Ying,4,0,,1991
Lam Suet,4,0,,2015
Lambert Wilson,25,7,15.830651618371096,2016
Lamberto Maggiorani,1,1,12.7986035940556,1948
Lana Antonova,1,1,10.231675569569644,2007
Lana Clarkson,3,0,,2008
Lana Cooper,2,0,,2016
Lana Del Rey,2,0,,2013
Lana Turner,19,0,,1969
Lana Wood,3,0,,2010
Lance Armstrong,1,1,12.856557597711038,2013
Lance Guest,4,2,17.469015190947374,2014
Lance Henriksen,40,8,15.815028978625,2016
Lance Reddick,2,0,,2011
Lando Buzzanca,3,0,,1972
Landon Liboiron,2,0,,2012
Lane Garrison,2,1,10.99782404634145,2014
Lane Hughes,3,1,11.516369527372785,2012
Lane Smith,6,5,15.663341872800189,1998
Lang Lang,2,0,,2011
Lar Park Lincoln,2,1,16.768857167186667,1988
Lara Belmont,2,1,16.38829796366695,2002
Lara Daans,2,0,,2016
Lara Dutta,3,1,16.11809565095832,2016
Lara Flynn Boyle,12,3,15.285320337698117,2013
Lara Harris,3,1,14.082393061338518,1999
Lara Jean Chorostecki,2,0,,2016
Lara Phillips,2,0,,2005
Lara Pulver,1,1,18.21111106192535,2016
Lara Wendel,2,0,,1988
Laraine Day,15,0,,1960
Laraine Newman,4,2,14.249206088901463,2011
Larbi Batma,2,0,,1981
Larenz Tate,8,4,16.90697247232599,2016
Larisa Belogurova,2,0,,1991
Larisa Guzeeva,2,0,,1992
Larisa Kadochnikova,2,0,,1965
Larisa Oleynik,2,0,,2014
Larisa Udovichenko,2,0,,1983
Lark Voorhies,1,1,16.451721196740053,1997
Larry B. Scott,3,1,16.935318604087552,1994
Larry Bagby,2,0,,2006
Larry Bird,2,0,,2012
Larry Bishop,1,1,12.177091726282084,2008
Larry Cedar,2,0,,2016
Larry Cohen,3,0,,2009
Larry David,4,1,17.373649435786188,2013
Larry Day,2,0,,2013
Larry Drake,6,1,15.944150870798529,2001
Larry Fessenden,5,0,,2015
Larry Fine,6,0,,1962
Larry Flynt,2,0,,2014
Larry Hagman,4,0,,1998
Larry King,3,0,,2015
Larry Kramer,4,0,,2015
Larry Lamb,2,0,,2017
Larry Linville,2,0,,1992
Larry Miller,5,1,18.630195402392783,2015
Larry Parks,4,0,,1962
Larry Pine,3,0,,2013
Larry Poindexter,2,0,,1995
Larry Roberts,1,1,18.35454094144782,1955
Larry Simms,5,0,,1946
Larry the Cable Guy,12,2,16.727964710266363,2016
Lars Bom,3,0,,2004
Lars Brygmann,3,0,,2008
Lars Eidinger,6,1,14.08186301286344,2016
Lars Ekborg,4,0,,1965
Lars Hanson,6,1,13.396960210307457,1928
Lars Mikkelsen,7,0,,2016
Lars Rudolph,3,1,10.144903148637786,2013
Lars Simonsen,2,0,,1997
Lars Söderdahl,2,0,,1977
Lars Ulrich,5,0,,2015
Lars von Trier,3,0,,2007
Lasse Åberg,6,2,15.699822114335356,2011
Lau Ching-Wan,22,1,11.675290882685672,2016
Lau Kar-Wing,3,0,,1979
Lau Siu-Ming,2,0,,2007
Lau Wing,3,0,,1982
Laura Albert,2,0,,2016
Laura Allen,3,0,,2014
Laura Antonelli,9,0,,1982
Laura Bailey,6,0,,2014
Laura Bayley,2,0,,1900
Laura Benanti,2,0,,2013
Laura Berlin,2,0,,2013
Laura Birn,10,0,,2016
Laura Breckenridge,2,0,,2011
Laura Bro,2,0,,2015
Laura Carmichael,2,0,,2016
Laura Caro,1,1,8.419359831067474,2012
Laura Chiatti,4,1,16.186056496756578,2015
Laura Christensen,5,0,,2009
Laura Dern,22,12,15.770147036056658,2016
Laura Devon,2,0,,1967
Laura Drasbæk,2,0,,2005
Laura Fraser,10,1,11.518350721615294,2016
Laura Gemser,13,0,,1983
Laura Greenwood,2,0,,2009
Laura Haddock,1,1,20.220643380017183,2017
Laura Harring,10,1,16.817092637987923,2014
Laura Harrington,1,1,15.8215292965546,1986
Laura Harris,3,0,,2011
Laura La Plante,5,0,,1935
Laura Leighton,2,0,,2009
Laura Linney,25,15,17.337084720470532,2017
Laura Malmivaara,7,1,14.695798497619505,2016
Laura Mennell,2,0,,2015
Laura Morante,14,0,,2015
Laura Planting,1,1,14.515232576826836,1980
Laura Poitras,1,1,14.91517862243825,2014
Laura Premika,1,1,11.991405567196791,1981
Laura Prepon,6,1,15.03478972002858,2017
Laura Ramsey,5,2,17.390526536577617,2013
Laura Regan,3,0,,2008
Laura San Giacomo,7,1,12.307251932019778,2012
Laura Silverman,2,0,,2010
Laura Smet,3,0,,2008
Laura Soveral,2,0,,2012
Laura Trotter,3,0,,1985
Laura Vandervoort,3,0,,2014
Laura Vasiliu,1,1,13.985913873839602,2007
Laura Verlinden,3,0,,2012
Laura del Sol,2,0,,1986
Laure Marsac,2,0,,1998
Laureen Chew,2,0,,1985
Lauren Ambrose,11,1,18.42154829751892,2014
Lauren Ashley Carter,4,0,,2015
Lauren Bacall,27,7,15.553085060008243,2011
Lauren Bittner,1,1,19.141947915462115,2011
Lauren Cohan,3,2,16.799458814539936,2016
Lauren German,6,2,13.693601060287211,2011
Lauren Graham,9,4,17.980304869988853,2016
Lauren Holly,20,4,17.236362274624284,2016
Lauren Hutton,14,3,16.57853489620391,1990
Lauren Lee Smith,4,0,,2013
Lauren London,2,2,17.168069262780477,2011
Lauren Mae Shafer,2,0,,2016
Lauren Maltby,2,0,,2004
Lauren McKnight,3,0,,2012
Lauren Miller,1,1,14.03381120130751,2012
Lauren Stanley,1,1,15.596422909345884,1988
Lauren Tom,4,2,16.25480307998344,2004
Lauren Vélez,3,1,14.390448361997482,2016
Lauren Walsh,2,0,,2011
Lauren Young,1,1,13.489296921508044,2011
Laurence Arné,2,0,,2016
Laurence Breuls,2,0,,2006
Laurence Côte,2,0,,1996
Laurence Fishburne,33,15,17.443452054762833,2017
Laurence Harvey,19,2,17.131667343962974,1973
Laurence Leboeuf,3,0,,2015
Laurence Luckinbill,2,0,,1988
Laurence Naismith,3,0,,1972
Laurence Olivier,32,5,16.78210648585619,1984
Laurence R. Harvey,3,0,,2015
Laurene Landon,6,0,,1988
Laurent Lafitte,7,2,15.852538257046636,2016
Laurent Lucas,9,1,15.155355662850528,2014
Laurent Stocker,4,0,,2015
Laurent Terzieff,11,0,,1985
Lauri Nurkse,2,0,,2003
Lauri Tilkanen,6,0,,2017
Laurie Holden,4,3,17.897228952082635,2007
Laurie Main,1,1,16.300417207752275,1983
Laurie Metcalf,4,2,18.042780685931305,2007
Laurie Simmons,1,1,12.939636938656736,2010
Lauryn Hill,2,0,,2015
Laverne Andrews,2,0,,1975
Lavinia Wilson,3,0,,2004
Law Kar-Ying,2,1,12.179317908221352,1994
Lawrence Chenault,2,0,,1925
Lawrence Chou,3,0,,2010
Lawrence Dane,5,0,,1995
Lawrence Gray,3,0,,1930
Lawrence Hilton-Jacobs,4,0,,2014
Lawrence Ko,2,0,,2013
Lawrence Krauss,3,0,,2017
Lawrence Makoare,1,1,8.564076777315087,2014
Lawrence Michael Levine,3,1,9.991177865663117,2016
Lawrence Ng,1,1,12.889177065965498,1991
Lawrence Pressman,2,0,,1975
Lawrence Tierney,7,0,,1982
Laxmikant Berde,3,0,,1993
Layke Anderson,2,0,,2009
Layla Alizada,2,0,,2015
Layla Walet Mohamed,1,1,13.888830719876983,2014
Laz Alonso,3,1,16.048084368209473,2010
Lazar Ristovski,6,0,,2016
LeAnn Rimes,3,0,,2011
LeBron James,1,1,13.695632955233023,2008
LeRoy Mason,2,0,,1943
LeVar Burton,4,0,,2012
Lea Coco,2,0,,2013
Lea Joutseno,2,0,,1944
Lea Massari,11,0,,1974
Lea Michele,2,2,16.74203382007712,2013
Lea Padovani,4,0,,1962
Lea Salonga,1,1,19.53359117196869,1998
Lea Thompson,18,11,16.421498250122873,2016
Leah Gibson,2,0,,2016
Leah Pipes,4,0,,2012
Leandra Leal,6,0,,2013
Leandro Amato,2,0,,2014
Leandro Firmino,1,1,17.2378746687922,2002
Leandro Hassum,4,1,14.330093115607973,2014
Leatrice Joy,2,0,,1922
Leda Gloria,3,0,,1965
Lee Bane,3,0,,2015
Lee Beom-soo,4,0,,2016
Lee Bo-young,3,0,,2009
Lee Boardman,2,0,,2011
Lee Bowman,7,0,,1950
Lee Byung-hun,12,1,17.942644943009366,2016
Lee Canalito,1,1,15.787578169538182,1978
Lee Chun-hee,2,0,,2015
Lee Curreri,2,1,16.86964517413569,1986
Lee Da-wit,2,1,12.76539982039228,2012
Lee Eol,2,0,,2004
Lee Eun-ju,3,0,,2004
Lee Eun-woo,1,1,7.757906208351747,2013
Lee Evans,5,1,18.622946984945404,2009
Lee Fulkerson,1,1,13.40716179612028,2011
Lee Grant,10,2,17.155027816163447,1996
Lee Ha-Na,2,0,,2015
Lee Horsley,1,1,17.481720617027225,1982
Lee Hyun-woo,3,0,,2015
Lee J. Cobb,32,4,16.412516204871217,1976
Lee Je-hoon,4,0,,2016
Lee Ji-ah,1,1,20.030118656386467,2016
Lee Jin-wook,3,0,,2016
Lee Jong-hyuk,3,0,,2010
Lee Joon,2,0,,2016
Lee Jung-Jin,4,1,15.102904050465655,2012
Lee Jung-hyun,2,0,,2015
Lee Jung-jae,10,1,18.240593078164903,2016
Lee Kang-Sheng,12,0,,2014
Lee Kwang-Soo,2,0,,2015
Lee Kyoung-young,5,0,,2015
Lee Majors,11,1,16.508966512576144,2011
Lee Marvin,27,8,16.438459924785317,1986
Lee Meriwether,3,0,,2015
Lee Mi-yeon,6,1,15.8087673808784,2016
Lee Min-ho,3,0,,2016
Lee Min-jung,2,0,,2012
Lee Min-ki,4,0,,2014
Lee Montgomery,3,0,,1985
Lee Na-young,4,0,,2012
Lee Pace,7,3,13.905952173047323,2017
Lee Purcell,2,0,,1978
Lee Remick,20,2,16.15012367365325,1980
Lee Richardson,1,1,17.47658652761462,1989
Lee Ross,3,1,8.360539381370861,2015
Lee Si-young,3,0,,2014
Lee Sun-kyun,9,0,,2015
Lee Sung-jae,5,0,,2006
Lee Sung-min,6,1,17.72753356339242,2016
Lee Tergesen,4,1,11.224149461060218,2015
Lee Thompson Young,2,0,,2004
Lee Tockar,3,0,,2009
Lee Tracy,4,0,,1942
Lee Van Cleef,24,4,16.65541711707438,1988
Lee Williams,3,0,,2014
Lee Yeon-hee,2,0,,2015
Lee Yo-won,2,0,,2013
Lee Young-ae,3,1,16.985335120579904,2005
Lee Young-eun,1,1,16.52096198517691,2007
Leea Klemola,3,0,,2013
Leehom Wang,7,1,16.692061693972754,2016
Leela Samson,1,1,12.753824043397834,2017
Leelee Sobieski,16,4,16.358054006631296,2012
Leif Andrée,3,0,,2012
Leif Erickson,7,1,14.914122846632385,1975
Leif Garrett,4,0,,1988
Leif Green,1,1,15.189845691748989,1983
Leigh Lawson,4,0,,2004
Leigh McCloskey,2,0,,1986
Leigh Taylor-Young,4,1,15.096444403426338,1990
Leigh Whannell,2,0,,2008
Leigh-Allyn Baker,2,0,,2015
Leighton Meester,6,4,12.398799444436817,2014
Leila Hatami,3,0,,2011
Leila Hyams,4,0,,1932
Leilani Sarelle,2,0,,2015
Lela Rochon,3,2,15.953013726461872,1998
Leland Orser,2,1,16.10788489819831,2014
Leland Palmer,1,1,17.44844581372137,1979
Leleti Khumalo,2,0,,2004
Lelia Goldoni,2,0,,1981
Lella Costa,2,0,,1996
Lello Arena,2,0,,1995
Lembit Ulfsak,2,0,,2013
Len Birman,3,0,,1979
Len Cariou,4,0,,2008
Lena Dunham,3,1,12.939636938656736,2016
Lena Endre,11,3,18.023860045206376,2013
Lena Headey,16,8,15.235010782853005,2015
Lena Horne,5,1,14.28964564098946,1994
Lena Nyman,6,0,,1996
Lena Olin,14,6,16.442826128570548,2012
Lena Stolze,4,0,,2009
Lena Wisborg,2,0,,1972
Lene Maria Christensen,2,1,12.100395413056203,2011
Lene Nystrøm,2,0,,2011
Leni Riefenstahl,7,1,13.016351538570497,2002
Lennart Björklund,2,0,,1991
Lennart Jähkel,2,0,,2015
Lennie Loftin,1,1,16.828206186795683,2007
Lenny Juliano,1,1,11.583868433780792,1988
Lenny Von Dohlen,3,0,,1996
Lenora Crichlow,2,0,,2014
Lenore Zann,2,0,,1986
Leo Carrillo,8,0,,1941
Leo Fitzpatrick,3,1,15.818640007894771,2013
Leo Genn,12,2,16.687012151869013,1970
Leo Gorcey,31,0,,1966
Leo Gregory,6,0,,2012
Leo Howard,1,1,9.256651274839433,2010
Leo Jokela,2,0,,1969
Leo McKern,9,2,17.525346378332827,1980
Leo Minaya,2,0,,2012
Leo Morimoto,2,0,,1996
Leo Rossi,5,1,11.873748792455272,2006
Leo White,2,0,,1918
Leon Ames,3,0,,1951
Leon Dai,4,0,,2016
Leon Isaac Kennedy,5,0,,1986
Leon Lai,7,0,,2010
Leon Lučev,5,0,,2014
Leon Niemczyk,4,0,,1984
Leon Robinson,4,1,18.85806045973639,2000
Leon Russell,3,0,,2012
Leonard Cohen,2,0,,2006
Leonard Frey,3,1,18.23801108657843,1981
Leonard Maltin,2,0,,2006
Leonard Mann,10,1,12.830753601614568,2012
Leonard Nimoy,19,8,18.418436307822986,2016
Leonard Pietraszak,2,0,,1984
Leonard Roberts,3,0,,2014
Leonard Whiting,1,1,17.476536119152478,1968
Leonardo Cimino,2,1,17.247097788039188,1984
Leonardo DiCaprio,26,21,18.54368733468203,2016
Leonardo Lima Carvalho,1,1,10.215081445034222,2016
Leonardo Pieraccioni,2,0,,2013
Leonardo Sbaraglia,13,2,15.645881493575052,2017
Leonardo Villar,2,0,,2007
Leonid Barats,7,4,15.938267278830512,2016
Leonid Bichevin,3,1,13.54903535515689,2012
Leonid Bronevoy,5,0,,1982
Leonid Bykov,3,0,,1976
Leonid Filatov,4,0,,1989
Leonid Gromov,3,2,13.443072479673322,2007
Leonid Kulagin,2,0,,1969
Leonid Kuravlyov,7,0,,1984
Leonid Mozgovoy,4,1,15.721153915488484,2006
Leonid Yarmolnik,4,1,14.0860513037159,2016
Leonor Baldaque,2,0,,2009
Leonor Silveira,5,0,,2010
Leonor Varela,6,2,12.611687081337354,2010
Leonor Watling,10,2,15.178218981845673,2013
Leonora Ruffo,2,0,,1961
Leopoldo Trieste,2,0,,1971
Les Claypool,2,0,,2015
Les Tremayne,6,1,14.50865773852422,1983
Lesley Ann Warren,9,1,14.976503416066116,1999
Lesley Manville,5,1,16.712762040634665,2015
Lesley Sharp,2,0,,2010
Lesley-Ann Brandt,4,1,9.741615472609585,2015
Lesley-Anne Down,8,4,15.326581597566957,2001
Leslie Banks,8,0,,1942
Leslie Bibb,9,1,17.801349199963116,2014
Leslie Browne,2,0,,1987
Leslie Caron,15,1,15.319587954740548,2016
Leslie Cheung,19,3,14.150102288195455,2000
Leslie Danon,2,0,,2002
Leslie Easterbrook,5,2,11.911383936956252,2016
Leslie Hope,10,1,15.05925353984489,2003
Leslie Howard,17,0,,1942
Leslie Jordan,3,1,15.95956557890975,2013
Leslie Mann,13,9,18.657696945048002,2016
Leslie Nielsen,28,9,16.43859860537232,2009
Leslie Phillips,6,0,,2006
Leslie Uggams,2,0,,1975
Lester Matthews,2,0,,1935
Leszek Teleszynski,2,0,,1972
Leticia Brédice,2,0,,2005
Leticia Dolera,6,1,16.133772130343328,2015
Letizia Ciampa,1,1,15.45488312432892,2005
Letty Aronson,1,1,12.961696848799203,1997
Letícia Sabatella,2,0,,2013
Leung Kar-Yan,5,0,,1995
Lev Danilkin,1,1,13.095890030246862,2012
Lev Durov,9,0,,1984
Levente Molnár,1,1,14.390461304930682,2015
Levi Eshkol,3,0,,2007
Levi Miller,2,1,18.670569979350415,2016
Levon Helm,4,2,15.352542685970437,2010
Levy Easterly,1,1,16.865150640083012,2012
Lew Ayres,19,0,,1953
Lewis Black,8,0,,2016
Lewis Collins,3,0,,1988
Lewis Lovhaug,3,0,,2012
Lewis MacDougall,1,1,17.658242818974305,2016
Lewis Macleod,1,1,16.951004773893423,2012
Lewis McGibbon,1,1,15.70017717050067,2005
Lewis Stone,25,0,,1946
Lewis Van Bergen,2,0,,1993
Lex Barker,11,0,,1967
Lexa Doig,1,1,16.645884462861165,2001
Lexi Ainsworth,2,0,,2015
Lexi Atkins,3,1,9.612265889785814,2016
Lexi Giovagnoli,5,0,,2016
Lexi Randall,2,0,,1993
Leïla Bekhti,7,0,,2015
Li Bao-Tian,3,0,,2014
Li Bingbing,5,3,14.485629237165803,2015
Li Tian-Lu,2,0,,1993
Li Xiaoran,2,0,,2014
Li Yi-Min,2,0,,1979
Li Yu-Chun,1,1,8.573573524852344,2012
Lia Bugnar,1,1,12.747282944003375,2016
Lia Medvedeva,1,1,14.363631966473962,2004
Liam Aiken,8,0,,2014
Liam Boyle,2,0,,2012
Liam Cunningham,10,4,15.213431626443887,2016
Liam Gallagher,2,1,12.32955496492666,2016
Liam Hemsworth,12,9,17.567940651372368,2016
Liam James,2,1,16.959604731500193,2017
Liam McIntyre,2,1,17.930955140797877,2017
Liam Neeson,49,33,17.478581091036574,2017
Liana Liberato,8,4,15.838542333016754,2017
Liane Balaban,4,0,,2013
Liane Curtis,1,1,15.154003678268804,1988
Lianella Carell,1,1,12.7986035940556,1948
Libero De Rienzo,3,0,,2015
Liberto Rabal,1,1,14.244404390862115,1997
Libuše Šafránková,7,1,15.568226658312623,1996
Licia Maglietta,2,0,,2004
Lidiya Fedoseyeva-Shukshina,2,0,,1989
Liev Schreiber,23,8,15.864320436635879,2017
Ligia Branice,2,0,,1978
Liisa Kuoppamäki,3,0,,2008
Lil Dagover,3,0,,1936
Lila Kedrova,5,1,16.38045991542581,1982
Lili Damita,2,0,,1932
Lili Horváth,1,1,12.550931048328067,2014
Lili Mirojnick,2,0,,2015
Lili Monori,2,0,,2010
Lili Reinhart,2,0,,2016
Lili Taylor,20,2,16.99438357435801,2017
Lilia Aragón,1,1,14.29304823486409,2012
Lilia Prado,3,0,,1961
Lilia Skala,3,2,15.978897952338997,1983
Liliana Komorowska,2,0,,2001
Liliana Popovich,1,1,16.83016247105625,2015
Lilith Stangenberg,2,0,,2016
Liliya Gritsenko,2,0,,1986
Lillete Dubey,2,0,,2012
Lilli Carati,2,0,,1978
Lilli Palmer,12,1,14.375126345899696,1969
Lillian Gish,17,1,16.213405830762646,1987
Lillian Randolph,2,0,,1945
Lillo Brancato,3,1,16.665517277105177,2001
Lily Cole,1,1,8.252706676567644,2011
Lily Collins,6,5,16.43581808457999,2017
Lily Franky,4,1,16.81019032783053,2014
Lily James,6,4,18.34249291801875,2017
Lily Li Li-Li,3,0,,1985
Lily Pons,2,0,,1936
Lily Rabe,5,1,15.534433886943066,2016
Lily Tomlin,11,1,15.77383645450844,2015
Lily-Rose Depp,2,0,,2016
Lilyan Tashman,2,0,,1931
Lim Eun-Kyeong,2,0,,2004
Lim Giong,3,0,,1996
Lim Kay Tong,2,0,,2008
Lima Duarte,3,1,14.54344846143663,2013
Lin Gengxin,3,1,18.146243898250606,2016
Lin Shaye,8,1,18.462818841628792,2016
Lin Zijie,1,1,18.82614585206053,2015
Lin-Manuel Miranda,2,0,,2016
Lina Boudreau,1,1,14.205981141303514,2003
Lina Canalejas,2,0,,1974
Lina Leandersson,1,1,16.19374110486672,2008
Lina Polito,3,0,,1975
Lina Romay,2,0,,1975
Lina Sastri,2,0,,2009
Linas Phillips,3,0,,2016
Lincoln Tate,3,0,,1973
Linda Arvidson,2,0,,1911
Linda Bassett,3,2,16.161411053248887,2017
Linda Bergström,2,0,,1987
Linda Blair,15,3,17.0953328579541,1995
Linda Cardellini,5,2,17.500430228771506,2015
Linda Carol,1,1,14.735965806189991,1986
Linda Darnell,20,0,,1957
Linda Fiorentino,15,4,17.38156120337876,2002
Linda Gray,2,0,,2015
Linda Hamilton,18,9,16.76409117329828,2016
Linda Hayden,3,0,,2010
Linda Haynes,2,0,,1977
Linda Henry,1,1,14.22097566607244,1996
Linda Hunt,4,2,15.71597987479397,1997
Linda Kerridge,2,0,,1986
Linda Kozlowski,6,3,18.797969742528142,2001
Linda Larkin,3,1,20.038186461944836,1996
Linda Lawson,2,0,,1964
Linda Miller,2,0,,1976
Linda Molin,2,0,,2012
Linda Ronstadt,1,1,13.450943121512775,1983
Linda de Mol,3,1,16.70588231586044,2014
Linden Ashby,10,1,18.621136216255675,2016
Lindsay Burdge,6,0,,2015
Lindsay Crouse,9,3,15.23038510146094,1999
Lindsay Duncan,10,3,16.648371337513556,2017
Lindsay Ellis,3,0,,2012
Lindsay Karamoh,1,1,11.0147692443049,2014
Lindsay Lohan,16,7,16.69678789722443,2013
Lindsay Price,2,0,,2009
Lindsay Pulsipher,2,0,,2013
Lindsay Shaw,3,0,,2011
Lindsay Wagner,5,0,,2005
Lindsey Haun,3,1,15.406923390328627,2013
Lindsey McKeon,2,0,,2016
Lindsey Shaw,3,0,,2016
Lindy Booth,5,1,16.122851722896275,2013
Line Noro,2,0,,1946
Ling Yun,2,0,,1978
Linh Đan Phạm,4,1,15.081671655053414,2009
Linn Gloppestad,2,0,,1993
Linnea Quigley,9,0,,2014
Lino Banfi,11,1,16.189836330427344,2009
Lino Capolicchio,5,0,,1978
Lino Ventura,25,1,13.51678910853047,1983
Linus Roache,4,1,15.245087563720272,2007
Lio,3,0,,2010
Lionel Abelanski,3,0,,2009
Lionel Atwill,13,0,,1942
Lionel Barrymore,51,5,14.954161445275247,1956
Lionel Jeffries,6,0,,1968
Lionel Stander,7,0,,1977
Lior Ashkenazi,7,2,11.037198454332643,2017
Liron Levo,2,0,,2007
Lisa Ann,2,0,,2017
Lisa Ann Russell,1,1,10.811766273800105,1994
Lisa Blount,4,2,14.64913620286091,2007
Lisa Bonet,3,1,16.659584243848204,2014
Lisa Brenner,2,0,,2016
Lisa Cameron,2,0,,2014
Lisa Chiao Chiao,2,0,,1969
Lisa Clark,1,1,13.504430201583936,2015
Lisa Dean Ryan,2,0,,2000
Lisa Edelstein,2,0,,2002
Lisa Eichhorn,7,0,,1996
Lisa Eilbacher,2,1,15.786195824917105,1983
Lisa Ganjhu,1,1,17.168045497300216,2004
Lisa Gastoni,8,0,,2005
Lisa Gay Hamilton,2,0,,2007
Lisa Gaye,2,0,,1991
Lisa Haas,2,0,,2013
Lisa Harrow,1,1,19.47847103810022,1997
Lisa Hartman,3,1,16.16973888411016,2012
Lisa Houle,2,1,10.373491181781864,2014
Lisa Jane Persky,1,1,15.60727002719233,1981
Lisa Kreuzer,4,0,,1979
Lisa Kudrow,11,8,16.44070727995787,2007
Lisa Lampanelli,5,0,,2015
Lisa Langlois,2,0,,1983
Lisa Livingstone,2,0,,2017
Lisa Loven Kongsli,1,1,14.12262533635859,2014
Lisa Marie,2,0,,2015
Lisa Orgolini,1,1,15.73202396878782,1986
Lisa Owen,2,0,,2013
Lisa Pelikan,3,2,16.10939483396389,1991
Lisa Ray,5,1,16.159466646749795,2010
Lisa Smit,2,0,,2014
Lisa Vidal,2,0,,2007
Lisa Whelchel,2,0,,2001
Lisa Wilcox,1,1,16.914176559908437,1989
Lisa Zane,5,1,17.367195719217882,2001
LisaGay Hamilton,3,0,,2013
LisaRaye McCoy,2,0,,2003
Lisanne Falk,2,1,14.516531657700217,1998
Lisbeth Movin,2,0,,1945
Lise Bellynck,2,0,,2008
Lise Delamare,2,0,,1989
Liselotte Pulver,4,1,15.201804919084164,1966
Lita Milan,2,0,,1958
Little Richard,2,0,,1973
Liu Peiqi,2,0,,2002
Liu Shishi,2,0,,2014
Liu Ye,9,2,17.196680627672094,2013
Liu Yifei,5,1,15.538277155705378,2014
Liv Alsterlund,2,0,,1980
Liv LeMoyne,1,1,12.10398454744639,2013
Liv Lisa Fries,2,0,,2014
Liv Tyler,16,9,15.512044789347398,2014
Liv Ullmann,25,1,11.739263907180955,2012
Liya Akhedzhakova,3,0,,2000
Liya Kebede,1,1,16.498678890234945,2009
Liz Renay,2,0,,2002
Liza Minnelli,11,3,17.29603851229609,1988
Lizabeth Scott,17,0,,1957
Lizzie Brocheré,5,0,,2015
Lizzie Curry Martinez,2,0,,2000
Lizzy Caplan,10,4,17.3909322860924,2014
Liù Bosisio,3,0,,1986
Lloyd Battista,2,0,,1976
Lloyd Bochner,4,0,,1986
Lloyd Bridges,16,3,17.772598617766846,1993
Lloyd Haynes,1,1,16.722411617811648,1978
Lloyd Hughes,4,0,,1929
Lloyd Kaufman,8,0,,2018
Lloyd Nolan,16,0,,1957
Lloyd Owen,1,1,17.0566535784268,2011
Lluís Homar,5,0,,2012
Lo Lieh,18,0,,1982
Lo Meng,3,0,,1996
Loan Chabanol,1,1,18.10088407399499,2015
Lochlyn Munro,11,0,,2015
Loek Peters,2,0,,2014
Loes Luca,3,1,14.27868403976785,2005
Logan Bartholomew,3,0,,2006
Logan Huffman,3,0,,2016
Logan Lerman,11,9,17.987909540138958,2016
Logan Marshall-Green,4,2,11.046309835468051,2017
Logan Miller,6,2,16.317442315422745,2017
Lois Alexander,1,1,15.89495209964411,1916
Lois Chiles,3,3,15.476933765468909,1996
Lois Moran,3,0,,1930
Lois Nettleton,2,0,,1975
Lois Smith,3,0,,2011
Lois Wilson,5,0,,1933
Lola Albright,5,0,,1968
Lola Créton,3,1,11.352216660912338,2012
Lola Dueñas,7,2,17.86603675325579,2015
Lola Glaudini,2,0,,2014
Lola Kirke,4,1,14.731973674979256,2017
Lola Lane,4,0,,1939
Loles León,2,0,,2003
Lolita Davidovich,15,6,16.46739883587502,2015
Lombardo Boyar,2,0,,2013
Lon Chaney,19,2,13.598874475188811,2002
Lon Chaney Jr.,25,0,,1971
Lon McCallister,2,0,,1949
Lonette McKee,3,1,17.640517793665868,1985
Long Nguyen,1,1,13.367659733359671,2006
Loni Anderson,3,0,,2012
Loon,1,1,10.647993025371216,2005
Loredana Nusciak,3,1,9.757131416174785,1967
Lorella De Luca,3,0,,1966
Loren Avedon,2,1,11.591311416365306,1990
Loren Dean,2,0,,1999
Lorena Velázquez,2,0,,1962
Lorenza Indovina,2,0,,2011
Lorenza Izzo,5,2,15.699997201528165,2016
Lorenzo Balducci,2,0,,2007
Lorenzo Lamas,9,0,,2017
Lorenzo Music,2,0,,1987
Lorenzo Quinteros,2,0,,1989
Loreto Peralta,1,1,18.411309026270303,2013
Loretta Devine,9,5,17.09909408134389,2016
Loretta Swit,3,0,,1985
Loretta Young,36,0,,1951
Lori Alan,2,0,,2016
Lori Cardille,1,1,17.341871082580436,1985
Lori Hallier,4,0,,2003
Lori Heuring,7,1,15.467528534608071,2009
Lori Lethin,3,0,,1987
Lori Loughlin,10,3,13.676352420016729,2013
Lori Nelson,4,0,,1957
Lori Petty,7,3,17.082336010689236,2017
Lori Singer,4,0,,2017
Lorie Pester,2,0,,2010
Lorna Gray,3,0,,1946
Lorna Heilbron,2,0,,1974
Lorna Luft,2,2,16.352333263999547,1984
Lorna Raver,2,1,18.324289792324517,2014
Lorne Greene,2,0,,1977
Lorraine Bracco,10,3,15.493043163867108,2011
Lorraine Gary,2,2,18.40789939469471,1987
Lorraine Nicholson,2,1,17.66754977369921,2016
Lorraine Pilkington,2,1,15.201804919084164,2006
Loryn Locklin,1,1,15.723443026695078,1992
Lorànt Deutsch,8,0,,2012
Lothaire Bluteau,8,0,,2007
Lotte Eisner,2,0,,1986
Lou Adler,2,0,,2016
Lou Castel,11,0,,2007
Lou Costello,28,0,,1959
Lou Diamond Phillips,28,6,17.390879310074222,2017
Lou Dobbs,1,1,14.360083481509736,1982
Lou Doillon,3,0,,2006
Lou Ferrigno,12,1,16.1835269609413,2016
Lou Jacobi,3,1,16.706786906594843,1990
Lou Reed,1,1,14.058456736574664,1995
Lou Romano,2,1,20.251216625723725,2007
Lou Roy-Lecollinet,1,1,12.503001831338617,2015
Lou Taylor Pucci,10,6,14.255606433656924,2014
Lou de Laâge,6,0,,2016
Louane Emera,2,1,15.86963429165982,2017
Louie Psihoyos,2,0,,2015
Louis C.K.,12,2,17.202884110977152,2017
Louis Calhern,13,1,15.89495209964411,1955
Louis Ferreira,5,1,14.802639550879526,2008
Louis Franck,1,1,11.296645803177343,2015
Louis Garrel,16,3,13.284986928715725,2017
"Louis Gossett, Jr.",29,5,16.792749440334966,2012
Louis Hayward,10,0,,1954
Louis Herthum,2,0,,2008
Louis Hofmann,3,0,,2016
Louis Jourdan,14,2,15.609390524320958,1992
Louis Jouvet,8,1,11.937938265920762,1949
Louis Koo,27,1,18.300304216852552,2016
Louis Malle,3,0,,1986
Louis Mandylor,5,0,,2016
Louis Theroux,19,0,,2016
Louis Tripp,2,0,,1990
Louis Wolheim,3,0,,1928
Louis de Funès,33,0,,1982
Louis-Do de Lencquesaing,5,0,,2015
Louisa Krause,7,0,,2017
Louise Allbritton,2,0,,1948
Louise Bourgoin,7,1,17.344807942253745,2016
Louise Brooks,4,0,,1930
Louise Campbell,3,0,,1938
Louise Delamere,2,1,18.03207369686298,2014
Louise Fazenda,4,0,,1930
Louise Fletcher,13,5,16.602853103030153,2011
Louise Griffiths,2,0,,2015
Louise Grinberg,1,1,12.21407553679877,2011
Louise Harris,1,1,9.042158378735948,2011
Louise Kamsteeg,2,0,,1989
Louise Lasser,6,2,14.73070872035936,2003
Louise Lombard,3,0,,2004
Louise Monot,2,0,,2013
Louise Portal,2,0,,2005
Lowell Gilmore,2,0,,1951
Lowell Sherman,6,0,,1932
Lu Feng,5,0,,1981
Lu Leonard,2,0,,1990
Lu Yi-Ching,5,0,,2014
Lu Zhong,2,0,,2014
Luana Anders,3,0,,1972
Luana Patten,2,0,,1957
Luana Piovani,2,0,,2009
Luana Walters,2,0,,1947
Lubna Azabal,9,2,14.83087189474865,2013
Luc Merenda,14,0,,1980
Luc Picard,4,1,13.234437704904842,2006
Luc Thuillier,2,0,,1991
Luca Angeletti,2,0,,2010
Luca Argentero,9,0,,2015
Luca Barbareschi,4,0,,2013
Luca Bercovici,1,1,15.761420707019589,1982
Luca Bizzarri,2,0,,2014
Luca Marinelli,4,0,,2015
Luca Ragazzi,2,0,,2011
Luca Zingaretti,6,1,15.681648415161352,2015
Lucas Belvaux,2,0,,2006
Lucas Black,5,2,18.405818076450167,2011
Lucas Bryant,3,0,,2016
Lucas Fleischer,2,0,,2006
Lucas Grabeel,4,0,,2014
Lucas Gregorowicz,2,0,,2016
Lucas Pittaway,1,1,9.042158378735948,2011
Lucas Till,8,2,17.804748613922747,2016
Lucha Villa,2,0,,1978
Luci Christian,2,0,,2014
Lucia Bosé,9,0,,1999
Luciana Littizzetto,2,0,,2013
Luciana Paluzzi,7,0,,1975
Luciano Catenacci,2,0,,1978
Luciano Pigozzi,3,1,13.31577982431498,1983
Luciano Rossi,2,0,,1969
Luciano Salce,2,0,,1976
Lucie Mannheim,3,0,,1944
Lucien Jean-Baptiste,4,0,,2017
Lucien Laviscount,2,1,17.09894479127229,2017
Lucile Browne,3,0,,1935
Lucile Watson,6,0,,1950
Lucille Ball,21,0,,1968
Lucille Bliss,1,1,19.389910791776988,1950
Lucille Bremer,2,0,,1948
Lucille La Verne,2,1,19.035463523527223,1937
Lucinda Dickey,4,0,,1988
Lucinda Jenney,3,0,,1996
Lucius Brooks,2,0,,1939
Lucy Boynton,5,2,13.164934433765954,2017
Lucy Cohu,4,0,,2017
Lucy Deakins,1,1,15.9139795491166,1989
Lucy Fry,3,0,,2016
Lucy Gutteridge,1,1,16.833901181276378,1984
Lucy Hale,4,0,,2012
Lucy Liu,14,8,17.875548912112205,2012
Lucy Punch,2,0,,2014
Lucy Russell,3,2,12.466942956238231,2016
Lucyna Winnicka,2,0,,1961
Lucía Jiménez,2,0,,2007
Ludacris,2,0,,2016
Ludger Pistor,3,0,,2014
Ludivine Sagnier,17,3,13.809319317210395,2015
Ludmila Mikaël,6,0,,2010
Ludwig Trepte,2,0,,2009
Luděk Munzar,4,0,,1982
Luenell,2,1,19.38222298251676,2011
Luigi Ciardo,1,1,9.54559758504085,2013
Luigi Diberti,2,0,,1993
Luigi Lo Cascio,10,1,14.40656078055291,2015
Luigi Maria Burruano,3,1,14.40656078055291,2003
Luigi Pistilli,8,0,,1977
Luis Alberti,3,0,,2015
Luis Buñuel,2,0,,2000
Luis Callejo,2,0,,2016
Luis Escobar,1,1,14.29927161828731,1978
Luis Fernando Peña,2,1,11.5857948132031,2008
Luis Gerardo Méndez,2,0,,2014
Luis Gnecco,4,1,13.752678313641464,2017
Luis Guzmán,10,4,17.5954979652051,2014
Luis Iriondo,1,1,14.103822182206734,1983
Luis Luque,2,0,,2009
Luis Machín,2,0,,2011
Luis Miranda,2,0,,2012
Luis Peña,3,0,,1963
Luis Silva,1,1,10.314570186095,2016
Luis Tosar,17,4,14.731070812971826,2016
Luis Trenker,2,0,,1936
Luis Varela,2,0,,2004
Luis Ziembrowski,2,0,,2011
Luise Rainer,4,0,,1938
Luiz Carlos Vasconcelos,3,0,,2003
Luka Petrušić,2,0,,2004
Lukas Haas,16,3,14.177142428756488,2014
Lukas Schwarz,1,1,13.979495013054624,2014
Luke Arnold,3,0,,2014
Luke Askew,5,1,16.601618297594996,1991
Luke Benward,4,1,16.382208846692002,2014
Luke Bracey,3,2,18.004862438293493,2016
Luke Edwards,3,1,16.47429348109636,2016
Luke Evans,4,4,17.143664042611746,2017
Luke Ford,3,0,,2013
Luke Ganalon,1,1,14.256230834528752,2013
Luke Goss,15,2,16.370944994908385,2016
Luke Grimes,4,0,,2017
Luke Hemsworth,2,0,,2017
Luke Kirby,5,2,11.37853915876649,2016
Luke Kleintank,3,0,,2015
Luke Mably,6,0,,2016
Luke MacFarlane,2,0,,2016
Luke Perry,18,1,7.554858521040676,2016
Luke Treadaway,9,1,11.32301115604912,2016
Luke Wilson,28,13,16.204511891167716,2016
Luke de Lacey,2,0,,2011
Luke de Woolfson,2,0,,2001
Lulu Wilson,1,1,18.218634887834515,2016
Lumi Cavazos,4,2,15.063522741995644,2007
Luminița Gheorghiu,3,0,,2013
Luna Mijovic,3,0,,2011
Luoyong Wang,2,0,,2005
Lupe Ontiveros,2,0,,2002
Lupe Vélez,3,0,,1932
Lupita Nyong'o,2,2,17.600386473525393,2016
Lurene Tuttle,2,0,,1952
Lurie Poston,2,0,,2008
Luther Adler,2,0,,1954
Luís Miguel Cintra,4,0,,1995
Lya Lys,1,1,8.979668554241181,1930
Lyanka Gryu,2,0,,2010
Lydia Hyslop,2,0,,2013
Lyle Alzado,2,0,,1992
Lyle Bettger,5,0,,1956
Lyle Talbot,12,0,,1959
Lynda Boyd,2,0,,2008
Lynda Day George,3,1,13.99645283064975,1982
Lynda Steadman,2,0,,1998
Lyndsey Marshal,3,0,,2017
Lyndsy Fonseca,6,1,13.120309269167768,2015
Lynette Curran,4,1,13.400808419543612,2004
Lynn Bari,3,0,,1946
Lynn Carlin,4,0,,1982
Lynn Collins,7,2,14.795802784400433,2015
Lynn Fontanne,2,0,,1960
Lynn Hung,2,2,17.88612172981803,2015
Lynn Redgrave,9,2,14.047630245138604,2009
Lynn Whitfield,7,1,17.86261542342091,2013
Lynn-Holly Johnson,5,2,15.797343677254268,1988
Lynne Frederick,5,0,,1979
Lynne Overman,2,0,,1940
Lynne Roberts,3,0,,1940
Lynsey Bartilson,2,0,,2008
Lysette Anthony,8,1,16.62004963787152,2002
Lyubov Aksyonova,3,1,15.380255242313453,2017
Lyubov Orlova,3,0,,1938
Lyubov Polishchuk,2,0,,1983
Lyubov Sokolova,2,0,,1966
Lyubov Tolkalina,2,2,14.624220798358845,2009
Lyudmila Artemeva,1,1,16.333207030575267,2012
Lyudmila Gurchenko,10,0,,2000
Lyudmila Kasatkina,3,0,,1973
Lyudmila Saveleva,5,0,,1970
Lyudmila Shagalova,2,0,,1987
László Gyémánt,1,1,11.105844051343766,2013
László Szabó,2,0,,1994
Lázaro Ramos,5,0,,2007
Lærke Winther Andersen,3,0,,2013
Léa Drucker,6,0,,2014
Léa Seydoux,13,4,17.7516186893437,2015
Léo Legrand,2,0,,2010
Lília Cabral,2,0,,2011
Lúcio Mauro Filho,2,0,,2013
M. Emmet Walsh,8,3,16.194950208742277,2011
M.Y. Basrun,1,1,12.715026518663368,2014
Ma Dong-seok,7,1,14.57152361156558,2016
Ma Jing-Wu,2,0,,1994
Maata Ould Mohamed Abeid,1,1,8.910045761473558,2002
Maaya Sakamoto,19,2,14.72141916330673,2017
Mabel Normand,8,1,15.89495209964411,1923
Mabel Rivera,3,0,,2014
Mac Davis,2,2,16.37007853823647,1983
MacLeod Andrews,2,0,,2016
Macarena García,2,1,12.541598005433656,2015
Macarena Gómez,4,0,,2014
Macaulay Culkin,12,6,17.571416843444563,2016
Maccio Capatonda,4,1,15.328833967212706,2017
Macdonald Carey,10,0,,1963
Macha Méril,4,0,,1985
Machiko Kyô,9,1,11.478002702380962,1966
Machiko Ono,3,0,,2014
Maciej Kozłowski,2,0,,2009
Maciej Stuhr,4,0,,2012
Mack Swain,4,1,14.73180128983843,1925
Mackenzie Astin,7,0,,2012
Mackenzie Brooke Smith,1,1,11.71627438895626,2011
Mackenzie Crook,4,1,18.47247844760417,2017
Mackenzie Davis,4,1,11.169843431693362,2016
Mackenzie Firgens,2,0,,2012
Mackenzie Foy,3,0,,2014
Mackenzie Gray,1,1,15.891567252507048,2013
Mackenzie Phillips,2,0,,2002
Macon Blair,2,1,12.462202129468848,2014
Maddie Blaustein,1,1,17.148556249961114,2001
Madeleine Carroll,11,0,,1948
Madeleine Martin,2,0,,2015
Madeleine Ozeray,2,0,,1939
Madeleine Renaud,4,0,,1952
Madeleine Robinson,3,0,,1962
Madeleine Stowe,18,9,17.169519441231603,2009
Madeline Carroll,5,4,15.411646570490735,2012
Madeline Kahn,11,3,17.007347478197016,1999
Madeline Zima,3,0,,2013
Madge Bellamy,3,0,,1932
Madge Evans,9,0,,1936
Madge Sinclair,3,0,,1978
Madhabi Mukherjee,4,0,,1965
Madhavan,9,4,15.166477024098294,2016
Madhoo,3,0,,1992
Madhur Jaffrey,2,0,,1999
Madhuri Dixit,15,3,16.15718476667711,2014
Madina Nalwanga,1,1,16.154153772231926,2016
Madison Davenport,3,1,18.263396033176583,2016
Madison Eginton,1,1,18.90366974711035,1999
Madison Pettis,5,2,15.334169165225147,2016
Madison Wolfe,1,1,19.58436268768145,2016
Madlen Dzhabrailova,1,1,13.74000761328865,2008
Madolyn Smith Osborne,3,1,16.213484282230702,1991
Madonna,11,9,16.948871696274225,2002
Madonna Sebastian,3,1,16.213405830762646,2017
Mads Brügger,2,0,,2011
Mads Mikkelsen,22,7,15.071988434937094,2015
Mads Ousdal,2,0,,2011
Mads Sjøgård Pettersen,3,0,,2016
Mae Busch,2,1,13.46453363514018,1929
Mae Clarke,8,1,16.300417207752275,1936
Mae Marsh,4,1,16.213405830762646,1916
Mae Murray,3,1,13.815510557964274,1931
Mae Questel,6,0,,1989
Mae West,8,2,14.733398735286688,1978
Mae Whitman,14,4,17.884134168342896,2016
Maeve Dermody,3,0,,2014
Maeve Jinkings,4,1,12.563502304599782,2016
Maeve Quinlan,4,1,13.011970219218428,2012
Magali Alvarado,1,1,16.000728791188738,1988
Magali Noël,2,0,,1978
Magaly Solier,6,1,13.343148950872571,2015
Magda Apanowicz,3,0,,2012
Magda Konopka,2,0,,1968
Magda Schneider,5,0,,1957
Magda Szubanski,2,1,17.31451645054645,2013
Magda Vášáryová ,2,0,,1969
Magdalena Berus,2,0,,2013
Magdalena Cielecka,4,0,,2016
Magdalena Mielcarz,2,1,16.63783494962344,2009
Magdalena Montezuma,2,0,,1980
Maggie Castle,3,0,,2010
Maggie Cheung,20,5,15.999962345997579,2004
Maggie Elizabeth Jones,2,0,,2016
Maggie Grace,11,8,16.92120939267493,2017
Maggie Gyllenhaal,11,8,16.0644487618965,2014
Maggie Lawson,2,0,,2002
Maggie Q,4,0,,2010
Maggie Riley,1,1,17.529082624668582,2005
Maggie Rose Fleck,2,0,,2004
Maggie Siff,2,0,,2016
Maggie Smith,30,12,17.531002619767133,2015
Magic Johnson,3,0,,2015
Magne-Håvard Brekke,2,0,,2015
Magnus Krepper,5,0,,2016
Magnus Roosmann,2,0,,2004
Mahershala Ali,2,1,17.035823349900593,2016
Mahesh Babu,9,0,,2015
Mahesh Kothare,2,0,,1993
Mahesh Manjrekar,4,2,17.30415122877965,2011
Mahie Gill,4,0,,2016
Mahima Chaudhry,5,1,14.50865773852422,2003
Mahnaz Afshar,4,0,,2013
Maho Nonami,2,0,,2003
Mai Zetterling,8,1,16.547313287639888,1990
Maia Brewton,1,1,17.35265027775144,1987
Maia Mitchell,2,0,,2015
Maia Morgenstern,5,1,20.232078480565026,2005
Maia Sethna,1,1,13.17869077938288,1998
Maiara Walsh,5,0,,2016
Maika Monroe,3,2,15.589397431121562,2017
Maiko Kawakami,1,1,7.580699752224563,1989
Maimouna Hélène Diarra,2,2,11.946919944181507,2006
Mairi Hronopoulou,3,0,,1984
Maisie Williams,5,0,,2017
Maj-Britt Nilsson,3,0,,1952
Maja Komorowska,3,0,,1979
Maja Ostaszewska,4,1,16.5049427138758,2016
Majandra Delfino,2,0,,2002
Majel Barrett,2,0,,2011
Majid Niroumand,2,0,,1989
Majken Algren Nielsen,2,0,,2003
Major Ravi,1,1,14.73180128983843,2016
Makarand Anaspure,4,0,,2013
Maki Horikita,6,1,17.313639803789584,2010
Maki Sakai,2,0,,2014
Makiko Esumi,2,0,,2001
Makiko Watanabe,3,0,,2014
Mako,6,2,17.417359351323324,2007
Mako Midori,2,0,,1974
Makoto Ashikawa,3,1,7.580699752224563,2005
Makoto Satô,3,0,,1982
Makoto Shinkai,2,0,,2002
Makoto Togashi,2,0,,2013
Makram Khoury,3,0,,2015
Makrand Deshpande,2,0,,2002
Maksim Konovalov,2,0,,2008
Maksim Matveev,3,1,15.17069911084566,2014
Maksim Sukhanov,3,1,11.198214720130528,2011
Maksim Ushakov,1,1,14.60806089429916,2006
Mal Arnold,1,1,15.201804919084164,1963
Mala Powers,6,0,,1972
Malachi Kirby,2,0,,2014
Malaika Shenoy,1,1,15.747031969567487,2010
Malala Yousafzai,1,1,14.78738697870566,2015
Malcolm David Kelley,1,1,16.96686040635734,2002
Malcolm McDowell,52,12,14.727922681479988,2017
Malcolm McGregor,2,0,,1933
Malcolm McLaren,2,0,,2012
Malcolm-Jamal Warner,2,0,,1999
Malena Doria,2,0,,1991
Malgorzata Braunek,2,0,,1974
Malik Yoba,2,0,,2016
Malik Zidi,4,0,,2015
Malin Buska,3,0,,2015
Malin Crépin,2,0,,2012
Malin Åkerman,17,7,16.14365814866674,2017
Malina Weissman,1,1,17.87274921591424,2016
Malinda Williams,1,1,12.048435896418084,1999
Malisa Longo,4,0,,1978
Malla Malmivaara,2,0,,2011
Mallika Sherawat,3,0,,2010
Malou Airaudo,1,1,16.498231053575523,2011
Maly Delschaft,2,0,,1925
Mamaengaroa Kerr-Bell,1,1,14.604479605576111,1994
Mame Ndoumbé Diop,2,0,,2001
Mami Koyama,3,2,11.879635807978016,2001
Mamie Gummer,4,1,17.536986138723954,2015
Mamie Van Doren,7,0,,2010
Mammootty,3,1,13.122363377404328,2014
Mamoru Miyano,7,0,,2015
Mamrie Hart,2,0,,2016
Manami Konishi,4,0,,2011
Mandy Moore,17,8,16.604883428161436,2017
Mandy Patinkin,11,3,17.253644570651037,2016
Mandy-Rae Cruikshank,1,1,13.966016317418363,2009
Mani Haghighi,2,0,,2014
Mania Akbari,1,1,11.56794381272364,2002
Manie Malone,1,1,10.689213914389166,2010
Manish Dayal,1,1,18.302806940426706,2014
Manisha Koirala,13,2,16.6435064633742,2005
Manjari Phadnis,1,1,16.222455666282563,2008
Manjinder Virk,1,1,9.964958874624228,2010
Mannara Chopra,1,1,14.05326287966442,2014
Manny Pérez,1,1,11.957745892556453,2002
Manoj Bajpayee,9,2,15.966189923767487,2016
Manolo Cardona,4,0,,2012
Manolo Reyes 'Pozí',1,1,13.74120825923806,2004
Manorama,1,1,16.454567887579532,2009
Manos Katrakis,2,0,,1984
Mansai Nomura,2,0,,2012
Mantan Moreland,13,0,,1949
Manu Bennett,2,0,,2017
Manu Payet,5,0,,2014
Manuel Blanc,2,0,,1996
Manuel Broekman,2,0,,2013
Manuel Lozano,1,1,15.60727002719233,1999
Manuel Luna,3,0,,1947
Manuel Manquiña,2,0,,2015
Manuel Morón,2,0,,2008
Manuel Vignau,2,0,,2013
Manuela Martelli,1,1,9.54559758504085,2013
Manuela Velasco,3,3,15.372650415431167,2014
Manuela Vellés,2,0,,2010
Manuela de Freitas,3,0,,1989
Mao Daichi,2,1,17.679099671750393,2013
Mao Inoue,3,1,18.252262092327403,2014
Mapi Galán,2,0,,2005
Mara Corday,5,0,,1957
Mara Wilson,4,2,16.631511812677658,2000
Marat Basharov,7,2,14.293284296307263,2011
Marc Anthony,5,1,18.6853017984141,2013
Marc Barbé,6,0,,2016
Marc Blucas,6,0,,2016
Marc Chapiteau,1,1,11.01369897704759,2001
Marc Devigne,1,1,12.239850689579102,2005
Marc Donato,3,0,,2011
Marc Duret,1,1,15.424948470398377,1990
Marc Hosemann,2,1,14.827211464643089,2012
Marc Lawrence,4,0,,1983
Marc Maron,2,0,,2015
Marc Michel,2,0,,1965
Marc Pitman,2,0,,2003
Marc Porel,3,0,,1978
Marc Price,2,1,15.73202396878782,1992
Marc Senter,2,0,,2010
Marc Singer,13,2,15.067034899799106,2013
Marc Susini,1,1,9.761635928295886,2016
Marc Warren,3,0,,2006
Marc Wootton,3,0,,2014
Marc Worden,2,2,15.622319042770972,2010
Marc van Uchelen,1,1,12.224801166769156,1986
Marc-André Grondin,8,1,11.99423988536183,2017
Marcel Bozzuffi,9,1,15.754270202990746,1980
Marcel Dalio,2,0,,1958
Marcel Hensema,3,0,,2012
Marcel Iureș,2,0,,2005
Marcel Lévesque,2,0,,1936
Marcel Marceau,2,0,,1994
Marcel Musters,2,0,,2007
Marcel Ophüls,2,0,,2015
Marcel Sabourin,2,0,,1996
Marceline Day,6,0,,2002
Marceline Hugot,2,1,9.352881058758292,2013
Marcella Michelangeli,3,0,,1977
Marcellite Garner,6,0,,2013
Marcello Airoldi,2,0,,2017
Marcello Mastroianni,59,2,16.513558134770705,2000
Marcello Pagliero,2,0,,1948
Marcello Thedford,1,1,15.761420707019589,2006
Marcia Gay Harden,24,12,15.76701880483782,2015
Marcia Henderson,2,0,,1962
Marcia McBroom,1,1,17.50439001207821,1970
Marcia Strassman,3,3,16.67143411779213,1992
Marcin Dorociński,9,0,,2016
Marcin Kowalczyk,2,0,,2014
Marco D'Amore,2,1,14.346138809026444,2014
Marco Giallini,11,0,,2017
Marco Hofschneider,3,0,,2014
Marco Leonardi,7,2,16.59542359278303,2016
Marco Marzocca,2,0,,2014
Marco Messeri,5,0,,2015
Marco Paolini,2,0,,2013
Marco Pérez,2,0,,2014
Marcos Hernández,1,1,12.443225605217448,2005
Marcos Palmeira,3,0,,2012
Marcus Patrick,2,0,,2010
Marcélia Cartaxo,3,0,,2015
Mare Winningham,11,2,16.015291668289958,2005
Marek Daniel,3,0,,2009
Marek Kondrat,7,0,,2006
Marek Walczewski,2,0,,1980
Maren Kroymann,2,0,,2008
Marg Helgenberger,4,2,16.678362378253063,2008
Marga López,4,0,,1971
Margaret Avery,5,2,18.196423533953798,2008
Margaret Cho,6,0,,2015
Margaret Colin,5,3,16.38781991447868,2002
Margaret Field,2,0,,1952
Margaret Johnston,3,0,,1966
Margaret Langrick,2,1,17.72750582300766,1987
Margaret Lee,3,0,,1967
Margaret Leighton,6,0,,1971
Margaret Lindsay,13,0,,1940
Margaret Livingston,2,0,,1931
Margaret Lockwood,15,0,,1976
Margaret O'Brien,9,0,,1960
Margaret Rutherford,10,0,,1965
Margaret Sullavan,9,0,,1950
Margaret Welsh,2,0,,1996
Margaret Whiting,1,1,16.588099280204055,1977
Margaret Whitton,2,2,16.373859456001192,1993
Margarete Schön,2,0,,1924
Margarete Tiesel,2,1,10.096872681686062,2016
Margaretha Krook,4,0,,2002
Margarethe von Trotta,3,0,,1976
Margarita Levieva,3,2,16.703725872843126,2014
Margarita Papageorgiou,2,0,,1956
Margarita Terekhova,4,0,,1980
Margaux Hemingway,5,1,16.64250921905574,2013
Marge Champion,1,1,10.278837036739668,2012
Margherita Buy,17,1,12.279968809539849,2016
Margi Clarke,2,0,,1990
Margit Carstensen,10,0,,2013
Margo,2,0,,1943
Margo Harshman,2,0,,2006
Margo Lion,2,0,,1935
Margo Martindale,4,1,13.83235292565939,2016
Margo Stilley,1,1,14.269526436510112,2004
Margot Kidder,15,3,18.190167894932927,2011
Margot Robbie,6,6,17.903865500456124,2016
Margrét Vilhjálmsdóttir,2,0,,2008
Marguerite Chapman,5,0,,1960
Marguerite Churchill,2,0,,1936
Marguerite Moreau,5,1,17.632763657613797,2012
Marguerite Moreno,2,0,,1937
Margus Lepa,2,0,,1990
Mari Blanchard,4,0,,1955
Mari Morrow,2,1,12.048435896418084,2005
Mari Natsuki,1,1,19.43200923671,2001
Mari Perankoski,2,0,,2014
Mari Rantasila,2,0,,2015
Mari Shiraki,2,0,,1960
Maria Alba,2,0,,1935
Maria Bamford,6,0,,2017
Maria Bello,22,10,16.60698203545765,2016
Maria Bonnevie,9,0,,2010
Maria Celeste Arraras,1,1,11.03735436608764,2002
Maria Dizzia,3,0,,2016
Maria Doyle Kennedy,4,1,16.427381815329365,2016
Maria Dragus,1,1,12.747282944003375,2016
Maria Ehrich,2,0,,2014
Maria Fiore,2,0,,1975
Maria Flor,2,0,,2007
Maria Ford,3,0,,1994
Maria Grazia Cucinotta,4,0,,2015
Maria Heiskanen,6,1,14.29485666008762,2013
Maria Hofstätter,3,1,8.780787468338929,2012
Maria Isabel Lopez,2,1,10.11013580132114,2012
Maria Järvenhelmi,3,1,14.29485666008762,2006
Maria Kallimani,3,0,,2016
Maria Kawamura,5,0,,2006
Maria Kraakman,2,0,,2015
Maria Lundqvist,3,0,,2006
Maria Luísa Mendonça,2,0,,2011
Maria Mashkova,2,0,,2009
Maria Molins,2,0,,2014
Maria Montez,2,0,,1944
Maria Olsen,2,0,,2017
Maria Onetto,2,0,,2010
Maria Pacôme,2,0,,2011
Maria Paula,2,0,,2012
Maria Perschy,4,0,,1975
Maria Persson,3,0,,1970
Maria Pitillo,2,1,19.753084477375083,1998
Maria Poezhaeva,1,1,14.390061684958324,2015
Maria Popistasu,3,1,9.9362451167743,2010
Maria Rohm,2,0,,1970
Maria Schell,8,0,,1970
Maria Schneider,4,1,17.403021517689922,1989
Maria Schrader,4,0,,2003
Maria Thayer,2,0,,2015
Maria Yuen Chi-Wai,2,0,,1987
Maria de Medeiros,13,2,15.217847386741479,2011
Mariah Carey,3,1,15.47785699959155,2015
Marian Carr,2,0,,1956
Marian Marsh,7,0,,1935
Marian Nixon,2,0,,1933
Marian Álvarez,2,1,16.310257053954384,2016
Mariana Cordero,3,0,,2015
Mariana Karr,1,1,13.296227604930046,1978
Mariana Lima,2,0,,2013
Mariana Ximenes,3,0,,2015
Mariangela Giordano,2,0,,1991
Mariangela Melato,13,0,,1986
Marianna Hill,6,1,16.569171270318538,1980
Marianna Palka,3,0,,2015
Marianne Basler,4,0,,2006
Marianne Denicourt,3,0,,2016
Marianne Faithfull,2,0,,2007
Marianne Farley,2,0,,2012
Marianne Hagan,2,1,16.531306284884742,2011
Marianne Jean-Baptiste,4,1,16.41205488077024,2010
Marianne Koch,1,1,16.489659207390805,1964
Marianne Krencsey,3,0,,1962
Marianne Sägebrecht,4,1,15.09291122465026,1992
Maribel Verdú,13,5,14.479495248590368,2016
Maricel Álvarez,1,1,17.04028041882585,2010
Mariclare Costello,2,0,,2000
Marie Avgeropoulos,3,1,13.294100785858577,2016
Marie Bell,2,0,,1937
Marie Bunel,3,0,,2009
Marie Bäumer,2,0,,2015
Marie Denarnaud,2,0,,2015
Marie Dressler,7,0,,1933
Marie Dubois,3,0,,1967
Marie Gillain,9,0,,2008
Marie Göranzon,2,0,,2002
Marie Laforêt,2,0,,1984
Marie Liljedahl,2,0,,1970
Marie McDonald,2,0,,1958
Marie Prevost,6,0,,1933
Marie Richardson,5,0,,2012
Marie Rivière,4,0,,2015
Marie Trintignant,2,0,,1992
Marie Versini,2,0,,1966
Marie Vinck,4,0,,2010
Marie Wilson,4,0,,1952
Marie Windsor,7,0,,1963
Marie Zielcke,3,0,,2004
Marie-Anne Chazel,8,0,,2006
Marie-Christine Adam,1,1,14.526594901432963,2006
Marie-Christine Barrault,6,1,14.707387688320848,2009
Marie-France Pisier,10,0,,1988
Marie-José Nat,3,0,,1972
Marie-Josée Croze,13,2,15.924408151756802,2015
Marie-Laure Dougnac,1,1,14.400062552512017,1991
Mariel Hemingway,15,5,15.931815910246431,2013
Marieta Severo,3,0,,2007
Mariette Hartley,3,0,,1979
Marija Karan,2,0,,2006
Marija Škaričić,3,0,,2014
Marijana Jankovic,2,0,,2011
Marijn De Valck,1,1,15.826580106800687,2013
Marika Dominczyk,2,1,14.17269467225378,2009
Marika Green,3,0,,2004
Mariko Kaga,4,0,,1981
Mariko Okada,12,0,,1970
Marilou Berry,5,0,,2013
Marilu Henner,4,1,16.374198662319216,2016
Marilyn Burns,2,1,17.244938999967257,2013
Marilyn Chris,1,1,9.346181594887597,2006
Marilyn Hassett,2,0,,1978
Marilyn Jones,2,0,,1982
Marilyn Manning,2,1,8.09376775793108,1963
Marilyn Maxwell,7,0,,1963
Marilyn Monroe,13,3,16.303202605509167,1961
Marilyn Norry,2,0,,2014
Marilyne Canto,2,0,,2011
Marin Ireland,5,0,,2014
Marina Abramović,2,0,,2012
Marina Aleksandrova,3,0,,2013
Marina Berti,2,0,,1946
Marina Comas,1,1,15.142759814797872,2010
Marina Foïs,13,2,16.64411164932,2015
Marina Inoue,2,0,,2008
Marina Kalogirou,2,0,,2012
Marina Ladynina,3,0,,1947
Marina Malfatti,3,0,,1974
Marina Neyolova,6,0,,2002
Marina Orsini,2,0,,2006
Marina Pierro,3,0,,1982
Marina Vlady,5,0,,1991
Marina Zudina,2,1,13.815510557964274,1995
Marina de Van,3,0,,2002
Marine Delterme,2,0,,2012
Marine Vacth,3,0,,2017
Marino Masé,4,0,,1980
Mario Adorf,19,0,,1999
Mario Andretti,3,0,,2017
Mario Batali,2,0,,2016
Mario Brega,7,0,,1986
Mario Carotenuto,3,0,,1974
Mario Casas,13,0,,2017
Mario Lanza,3,0,,1952
Mario López,5,0,,2007
Mario Machado,1,1,16.185400031079034,1993
Mario Maurer,2,0,,2010
Mario Merola,2,0,,1979
Mario Pisu,2,0,,1975
Mario Theis,1,1,13.065517855784972,2014
Mario Van Peebles,14,4,15.452328564512634,2012
Marion Bailey,1,1,15.502927511714963,2014
Marion Burns,3,0,,1935
Marion Cotillard,28,14,16.398713763838984,2017
Marion Darlington,2,0,,1934
Marion Davies,17,0,,1937
Marion Edward,1,1,11.512925464970229,1981
Marisa Berenson,2,1,16.811242831518264,1981
Marisa Coughlan,2,0,,2003
Marisa Mell,8,0,,1977
Marisa Merlini,5,0,,1962
Marisa Paredes,11,4,15.908796863218928,2012
Marisa Tomei,26,12,16.472973977458537,2014
Mariska Hargitay,3,0,,2013
Marisol Nichols,2,0,,2008
Marissa Ribisi,2,1,8.747828608488742,2001
Marius Goring,3,0,,1957
Marius Jampolskis,2,0,,2012
Marius Weyers,1,1,17.909855120186375,1980
Mariusz Bonaszewski,2,0,,2010
Mariusz Dmochowski,2,0,,1985
Mariya Aronova,1,1,15.836761653441917,2015
Mariya Babanova,2,0,,1957
Mariya Fomina,1,1,12.67730988856144,2014
Mariya Ise,3,0,,2013
Mariya Kozhevnikova,1,1,15.836761653441917,2015
Mariya Kuznetsova,3,1,15.721153915488484,2005
Mariya Mironova,5,0,,2016
Mariya Pirogova,1,1,14.566393957624776,2013
Mariya Poroshina,1,1,17.475545917122556,2006
Mariya Semkina,1,1,16.111903317977415,2012
Mariya Shalayeva,2,1,12.517728779793613,2008
Mariya Vinogradova,5,0,,1984
Marián Labuda,3,0,,1995
Marja Packalén,2,0,,2009
Marjaana Maijala,2,0,,2005
Marjatta Raita,14,0,,2004
Marjean Holden,1,1,7.996317231796746,1993
Marjoe Gortner,5,0,,1989
Marjorie Lord,2,0,,1948
Marjorie Main,7,0,,1954
Marjorie Rambeau,4,0,,1955
Marjorie Reynolds,6,0,,1946
Marjorie Riordan,2,0,,1951
Marjorie Weaver,4,0,,1940
Marjorie Yates,2,0,,1992
Mark Addy,5,3,18.634149419050235,2002
Mark Blum,1,1,19.60914441907387,1986
Mark Boone Junior,5,0,,2016
Mark Borchardt,5,0,,2011
Mark Burns,2,0,,1972
Mark Chao,5,2,18.33263322271732,2015
Mark Cirillo,3,0,,2016
Mark Cousins,2,0,,2013
Mark Dacascos,14,2,14.835300964566027,2007
Mark Damon,5,1,14.187074114396758,1973
Mark Danvers,2,1,10.614400974640018,1999
Mark Daugherty,1,1,14.50865773852422,2016
Mark DeCarlo,1,1,18.209172143326143,2001
Mark Duplass,11,3,16.05284488778143,2016
Mark Dymond,2,0,,2007
Mark Famiglietti,2,0,,2015
Mark Feuerstein,5,0,,2015
Mark Forest,7,0,,1965
Mark Frazer,2,0,,2015
Mark Frechette,2,1,13.815510557964274,1970
Mark Fredrichs,1,1,19.08004257298168,2007
Mark Gregory,2,0,,1988
Mark Hamill,27,7,17.681566632609588,2017
Mark Hapka,4,0,,2015
Mark Harmon,12,4,17.136398604954433,2011
Mark Heap,2,0,,2003
Mark Herlehy,1,1,11.250274159310356,2002
Mark Herrier,2,2,17.992199469568302,1983
Mark Hildreth,2,1,15.761420707019589,2010
Mark Holton,2,1,17.52763430807157,2003
Mark Ivanir,5,1,14.261827100159346,2012
Mark Keyloun,2,0,,1984
Mark Landvik,2,0,,2016
Mark Lee,2,1,16.278512372364226,2003
Mark Leonard Winter,2,0,,2014
Mark Lester,4,0,,1972
Mark Lung,3,0,,1979
Mark Margolis,2,1,14.985249617513476,2016
Mark Morales,1,1,16.152346051779062,1987
Mark Mothersbaugh,2,0,,1993
Mark Patton,2,1,17.216681705948996,2016
Mark Polish,2,0,,2011
Mark Priolo,1,1,9.52325149847374,1998
Mark Redfield,3,0,,2004
Mark Reeder,2,0,,2015
Mark Rendall,3,0,,2009
Mark Rolston,4,0,,2008
Mark Ronson,1,1,15.945305802753994,2015
Mark Ruffalo,26,20,16.9222899024252,2016
Mark Rylance,7,2,18.97561715540371,2016
Mark Salzman,2,0,,2007
Mark Stevens,5,0,,1956
Mark Strong,21,12,16.31282481632817,2016
Mark Wahlberg,36,31,18.451248046526935,2017
Mark Waschke,3,0,,2015
Mark Webber,11,3,10.86467515384926,2015
Mark Womack,2,0,,2011
Mark-Paul Gosselaar,8,1,11.51949384584826,2016
Markie Post,2,0,,2007
Markku Peltola,6,0,,2013
Marko Mandić,2,0,,2015
Markus Knüfken,2,0,,1999
Markus Krojer,2,0,,2009
Markéta Irglová,2,1,16.846152003707182,2011
Marla English,2,0,,1956
Marla Gibbs,2,0,,2014
Marla Landi,2,0,,1959
Marla Sokoloff,9,2,16.25489958078346,2011
Marla Sucharetza,1,1,9.352881058758292,1999
Marlee Matlin,5,3,15.078781135479177,2006
Marlene Dietrich,28,2,14.514543336935494,1993
Marley Shelton,10,3,15.392996859487774,2009
Marlon Brando,38,14,16.95553240404717,2015
Marlon Wayans,11,7,18.06239305090319,2016
Marlyn Mason,2,0,,1973
Marlène Jobert,9,0,,1979
Marnie Alton,2,0,,2005
Marnie McPhail,2,0,,2007
Marny Eng,1,1,19.212193509082635,2003
Maro Kodou,3,0,,2012
Marquard Bohm,3,0,,1976
Marrese Crump,1,1,15.010179111682245,2013
Mars,2,0,,1979
Marsha Hunt,11,0,,1971
Marsha Mason,9,3,17.485531542454485,1991
Marshall Allman,3,0,,2013
Marshall Bell,4,1,15.786411950973362,2016
Marshall Manesh,1,1,12.88664104388326,2014
Marshall R. Teague,2,0,,2003
Marshall Thompson,7,0,,1972
Marta Etura ,6,1,14.685601108765296,2017
Marta Lubos,2,0,,2014
Marta Mazurek,1,1,11.529359680433648,2015
Martha Carbonell,1,1,17.231530868518067,2007
Martha Higareda,7,0,,2017
Martha Hyer,9,0,,1969
Martha MacIsaac,2,0,,2012
Martha Plimpton,10,2,14.094347433056402,2011
Martha Raye,8,0,,1970
Martha Scott,8,0,,1983
Marthe Keller,9,2,15.87340301962729,2016
Martijn Lakemeier,4,1,13.180722847465184,2016
Martin Balsam,25,5,16.53535556003604,1980
Martin Clunes,6,1,17.086237837419635,2014
Martin Compston,10,2,13.804939980800611,2013
Martin Copping,2,0,,2013
Martin Cummins,4,0,,2014
Martin Donovan,12,2,16.876543351826342,2011
Martin Dubreuil,2,0,,2015
Martin Escudero,1,1,13.489296921508044,2011
Martin Freeman,21,7,17.90955963529435,2017
Martin Gabel,3,0,,1957
Martin Gore,3,0,,2009
Martin Henderson,6,4,17.20706247302859,2016
Martin Hewitt,4,2,16.28532539358464,1986
Martin Kemp,5,0,,2015
Martin Kiefer,2,0,,2006
Martin Klebba,2,0,,2009
Martin Kove,7,2,18.01964859901291,2016
Martin LaSalle,2,0,,2004
Martin Landau,23,8,15.94576413860942,2015
Martin Lawrence,24,16,18.179148134657744,2018
Martin McCann,4,0,,2016
Martin Milner,3,0,,1974
Martin Mull,3,0,,1994
Martin Potter,2,0,,1970
Martin Scorsese,16,0,,2016
Martin Shaw,2,0,,1975
Martin Sheen,42,8,16.780419379986153,2016
Martin Short,14,9,16.781870931166036,2012
Martin Speer,1,1,17.034386382832476,1977
Martin Starr,9,2,13.594861321031688,2016
Martin Vidnovic,1,1,16.300417207752275,1999
Martin Wallström,4,0,,2013
Martina García,3,0,,2011
Martina Gedeck,11,1,18.064005800013632,2016
Martina Gusman,3,0,,2012
Martina Haag,2,0,,2015
Martina Stella,2,0,,2002
Martine Beswick,4,0,,1974
Martine Brochard,2,0,,1981
Martine Carol,5,0,,1961
Martiño Rivas,2,0,,2014
Marton Csokas,11,3,17.619896735888506,2017
Martti Suosalo,9,0,,2013
Marty Feldman,5,1,18.273031104826,1980
Maruschka Detmers,4,0,,2015
Mary Ann Mobley,4,0,,1968
Mary Astor,23,1,13.815510557964274,1944
Mary Badham,2,1,10.184447079227082,2011
Mary Beth Evans,2,0,,1984
Mary Beth Hughes,7,0,,1948
Mary Beth Hurt,7,2,16.54096404481647,1995
Mary Boland,3,0,,1935
Mary Brian,8,0,,1936
Mary Carey,3,0,,2012
Mary Carlisle,3,0,,1943
Mary Carr,2,1,13.997832114758229,1928
Mary Carrillo,2,0,,1984
Mary Costa,2,1,17.7473361906886,1972
Mary Crosby,3,1,12.747774649752127,1990
Mary Elizabeth Mastrantonio,11,6,16.027404510000043,2004
Mary Elizabeth Winstead,11,7,16.38857957526269,2016
Mary Gibbs,1,1,20.148463766938043,2001
Mary Grace,1,1,11.430630222243398,2013
Mary Gross,1,1,15.07613851618278,1988
Mary J. Blige,3,0,,2015
Mary Jane Bostic,1,1,12.409013489526863,2006
Mary Kate Wiles,4,0,,2015
Mary Kay Bergman,4,0,,2000
Mary Kay Place,5,3,15.53434331025307,2008
Mary Louise Miller,1,1,13.781827603084228,1926
Mary Louise Weller,2,1,15.711680041266613,1982
Mary Maguire,2,0,,1938
Mary Martin,3,0,,1960
Mary McCormack,11,5,16.833004973826952,2017
Mary McDonnell,5,2,17.100126940939553,1998
Mary Mouser,2,0,,2013
Mary Murphy,5,0,,1956
Mary Nolan,1,1,13.733215315237445,1928
Mary Page Keller,3,0,,2003
Mary Peach,3,0,,1966
Mary Philbin,3,0,,1928
Mary Pickford,19,2,13.812358459408024,1933
Mary Steenburgen,26,10,15.960442531459629,2015
Mary Stein,2,2,15.153039745683394,1998
Mary Stuart Masterson,12,6,15.347769911450825,1999
Mary Tanner Bailey,1,1,12.368455065710975,1986
Mary Tsoni,1,1,11.610024952099902,2009
Mary Tyler Moore,6,0,,2000
Mary Ure,2,1,16.860032995687696,1968
Mary Vivian Pearce,5,2,13.09997346921703,1998
Mary Woronov,8,0,,2009
Mary-Kate Olsen,15,1,17.58055376787424,2013
Mary-Louise Parker,17,5,17.278471123871903,2014
Maryam d'Abo,3,1,19.068756795400887,2006
Maryana Spivak,2,0,,2017
María Alfonsa Rosso,2,1,12.154779351142624,2014
María Asquerino,2,0,,2000
María Casares,4,0,,1995
María Conchita Alonso,10,6,15.996265031018131,2017
María Esteve,2,0,,2004
María Félix,3,0,,1956
María Kosty,3,0,,1975
María León,3,0,,2016
María Luisa San José,1,1,13.355192670115558,1978
María Pujalte,2,0,,2003
María Rojo,2,0,,1995
María Valverde,11,1,15.45488312432892,2016
Marília Pêra,4,1,15.537689125706764,2007
Masa Niemi,4,0,,1960
Masaaki Uchino,2,0,,2014
Masachika Ichimura,2,0,,2014
Masaharu Fukuyama,3,1,16.81019032783053,2016
Masahiko Tsugawa,8,0,,1996
Masahiro Motoki,7,1,18.063039433231623,2015
Masahiro Takashima,2,0,,1993
Masakazu Morita,4,0,,2008
Masaki Kouda,2,0,,1986
Masaki Okada,8,0,,2012
Masaki Suda,3,0,,2016
Masako Motai,2,0,,2006
Masako Natsume,2,0,,1983
Masako Nozawa,21,2,17.836733931492738,2015
Masami Kikuchi,4,0,,1999
Masami Nagasawa,1,1,19.688468191854717,2016
Masamichi Sato,1,1,10.535849160827809,2001
Masane Tsukayama,2,0,,2004
Masanobu Ando,7,0,,2011
Masao Hayama,3,0,,1937
Masaomi Kondo,2,0,,2015
Masaru Miyazaki,2,0,,2006
Masashi Nagadoi,1,1,11.430630222243398,2013
Masataka Kubota,2,0,,2017
Masato Aizawa,1,1,13.127864219989648,1985
Masato Hagiwara,4,1,11.502875129116727,2004
Masato Sakai,5,0,,2013
Masatoshi Nagase,10,1,11.732205562749716,2015
Masatō Ibu,3,0,,2014
Masaya Kato,2,0,,2004
Masaya Onosaka,3,1,10.535849160827809,2010
Masayo Banri,3,0,,1963
Masayuki Mori,9,1,11.478002702380962,1960
Masey McLain,1,1,14.50865773852422,2016
Mason Adams,3,0,,1994
Mason Cook,2,1,18.264778814916298,2012
Mason Gamble,3,2,16.245408393796048,2002
Massimo Boldi,8,0,,1999
Massimo Dapporto,2,0,,1991
Massimo Ghini,4,1,15.2624295409006,2013
Massimo Girotti,11,1,16.5582891532581,2003
Massimo Ranieri,3,0,,1976
Massimo Serato,4,0,,1977
Massimo Troisi,5,0,,1994
Massimo Vanni,2,0,,1984
Master P,3,1,15.612920532973586,2000
Masti Ali,1,1,12.611537753638338,2006
Masuhiro Yamamoto,1,1,14.751803112980074,2011
Masuimi Max,2,0,,2013
Masumi Harukawa,3,0,,1987
Masumi Miyazaki,2,0,,2005
Mateo Arias,2,0,,2016
Mateo Morales,1,1,12.971635831961542,2010
Mateusz Kościukiewicz,3,0,,2013
Matheus Nachtergaele,4,0,,2015
Mathew Baynton,2,0,,2015
Mathew Botuchis,2,0,,2006
Mathew Horne,2,0,,2015
Mathias Wieman,2,0,,1954
Mathieu Amalric,26,7,14.867184253307242,2017
Mathieu Carrière,4,0,,1977
Mathieu Demy,5,1,9.542230699092284,2013
Mathieu Kassovitz,10,1,18.974117216324657,2014
Mathieu Schaller,1,1,11.57588148461256,2015
Mathilda May,2,0,,1988
Mathilda von Essen,2,0,,2014
Mathilde Seigner,9,1,15.155355662850528,2016
Mati Diop,2,0,,2012
Matias Varela,3,0,,2013
Matilda Anna Ingrid Lutz,1,1,18.23532526948101,2017
Matleena Kuusniemi,2,0,,2008
Mats Åhlfeldt,1,1,13.769886426619468,1981
Matt Adler,2,1,15.158956915259054,1990
Matt Angel,2,0,,2015
Matt Battaglia,2,0,,1999
Matt Bennett,1,1,13.242288117972572,2010
Matt Berninger,1,1,11.831088244675596,2013
Matt Besser,3,0,,2016
Matt Bomer,5,2,16.754685817482112,2015
Matt Bush,3,1,15.954838566738427,2012
Matt Clark,2,1,14.89582308946095,1996
Matt Craven,5,2,16.91162288906941,2005
Matt Czuchry,3,1,14.17269467225378,2010
Matt Dallas,4,0,,2012
Matt Damon,40,37,18.236286195029564,2016
Matt Day,2,0,,1996
Matt Dillon,38,16,16.26960448927225,2014
Matt Foyer,2,0,,2011
Matt Frewer,14,3,16.28528110448367,2016
Matt Gillanders,1,1,17.346363945129387,2012
Matt Groening,2,0,,2015
Matt Hannon,2,0,,2015
Matt Johnson,2,0,,2016
Matt Keeslar,9,1,10.729919220241946,2009
Matt King,2,1,14.631190365880238,2009
Matt Knudsen,1,1,9.741615472609585,2011
Matt Lanter,6,3,17.568624953269104,2016
Matt Lattanzi,3,1,16.93288507750037,1990
Matt LeBlanc,5,2,14.386293240015036,2014
Matt Letscher,3,0,,2015
Matt Long,2,1,16.42705536527841,2009
Matt Lucas,3,0,,2016
Matt Malloy,3,0,,1997
Matt McCoy,6,1,18.293264137856436,2006
Matt McGrath,1,1,14.372183734949344,2000
Matt McKenzie,2,0,,2003
Matt Mercer,2,0,,2015
Matt Mitler,2,1,14.827380887891852,1986
Matt Moore,2,1,13.46453363514018,1932
Matt Mulhern,1,1,17.760674253686478,1988
Matt O'Leary,8,1,10.920202637237164,2017
Matt Olsen,2,0,,2017
Matt Passmore,2,0,,2016
Matt Prokop,2,0,,2011
Matt Ross,3,0,,2013
Matt Ryan,2,0,,2017
Matt Shively,3,1,18.77708159433089,2016
Matt Smith,4,0,,2013
Matt Stone,8,2,16.755415492463584,2011
Matt Walsh,3,1,18.894441020653854,2014
Matthew A. Brown,1,1,13.655583560623962,2001
Matthew Barney,2,0,,2005
Matthew Barry,2,1,16.543971175477644,2006
Matthew Broderick,36,19,17.242413168256245,2016
Matthew Crawford,1,1,12.167331817213745,2014
Matthew Daddario,2,0,,2016
Matthew Davis,9,3,16.18191164507652,2010
Matthew Dyktynski,2,0,,2003
Matthew Fox,6,4,17.451189169020033,2015
Matthew Goode,12,7,16.918997160197584,2017
Matthew Gray Gubler,4,1,15.335248026561668,2016
Matthew Harrison,2,0,,2017
Matthew Kennedy,2,0,,2011
Matthew Kevin Anderson,2,0,,2016
Matthew Knight,3,0,,2010
Matthew Laborteaux,1,1,16.011482239643303,1986
Matthew Lawrence,3,1,16.608182076582544,2002
Matthew Le Nevez,1,1,11.870599909242044,2005
Matthew Lederman,1,1,13.40716179612028,2011
Matthew Lillard,30,9,16.37934518141868,2015
Matthew Macfadyen,10,1,18.612523059148433,2015
Matthew Marsden,2,2,18.311574151731847,2008
Matthew McConaughey,34,29,17.357392905142007,2017
Matthew McNulty,3,0,,2012
Matthew Mercer,4,0,,2017
Matthew Modine,36,9,15.793977477744013,2017
Matthew Montgomery,5,0,,2010
Matthew Perry,10,5,17.627208089764373,2009
Matthew Reese,2,0,,2015
Matthew Rhys,5,0,,2013
Matthew Settle,6,1,15.467528534608071,2016
Matthew Sunderland,2,0,,2013
Matthew-Lee Erlbach,1,1,14.390400527964683,2011
Matthias Fuchs,2,0,,1984
Matthias Habich,2,1,12.214630918811729,2017
Matthias Koeberlin,2,0,,2002
Matthias Schoenaerts,14,6,15.563182043341543,2015
Matthias Schweighöfer,16,3,14.442160219692765,2016
Matthijs van de Sande Bakhuyzen,2,0,,2015
Matti Onnismaa,3,0,,2011
Matti Oravisto,2,0,,1963
Matti Pellonpää,10,0,,1994
Matti Ranin,4,0,,1969
Matvey Lykov,1,1,14.390061684958324,2015
Maud Adams,5,2,18.132998671500584,1983
Maud Wyler,2,0,,2013
Maude Barlow,2,1,15.319587954740548,2010
Maude George,1,1,12.89971970113177,1922
Maura Tierney,6,3,18.404049373068514,2008
Maureen Lipman,2,0,,1992
Maureen McCormick,3,0,,2015
Maureen O'Connell,1,1,14.490622578337398,1988
Maureen O'Hara,33,2,16.253054796755787,1995
Maureen O'Sullivan,18,1,14.16827787707199,1958
Maureen Stapleton,6,0,,1992
Maurice Barthélemy,2,1,16.45844329704164,2012
Maurice Biraud,4,0,,1972
Maurice Bénichou,5,0,,2011
Maurice Chevalier,13,0,,1964
Maurice Compte,3,0,,2016
Maurice Denham,5,0,,1979
Maurice Evans,3,1,16.759934694915305,1973
Maurice LaMarche,2,0,,2008
Maurice Pialat,2,0,,1987
Maurice Poli,2,0,,1969
Maurice Risch,3,0,,1982
Maurice Ronet,12,2,12.73749142986671,1981
Mauricio Dayub,2,0,,1999
Mauricio Vaca,2,0,,2017
Mauricio do Valle,2,0,,1969
Maurizio Arena,2,0,,1957
Maurizio Casagrande,3,0,,2012
Maurizio Merli,14,0,,1980
Maurizio Micheli,4,0,,1988
Maurizio Nichetti,4,0,,1993
Maury Chaykin,7,1,17.22332284614436,2005
Mavis Fan,2,0,,2013
Max Adrian,2,0,,1971
"Max Baer, Jr.",2,0,,1975
Max Baldry,1,1,19.252442878913403,2007
Max Beesley,5,1,15.47785699959155,2001
Max Boublil,2,0,,2014
Max Burkholder,1,1,18.30783256558341,2013
Max Casella,3,0,,2015
Max Charles,4,1,19.42466153246101,2015
Max Cullen,4,0,,2010
Max Elliott Slade,2,0,,1994
Max Enderfors,1,1,17.14771506813948,2004
Max Ernst,1,1,8.979668554241181,1930
Max Felder,2,0,,2010
Max Gail,3,0,,2015
Max Greenfield,2,1,16.485858822654365,2015
Max Irons,2,2,13.904944203839968,2017
Max Julien,2,0,,1974
Max Kasch,1,1,15.406923390328627,2007
Max Linder,3,0,,1922
Max Lloyd-Jones,3,0,,2016
Max Martini,4,2,18.21247434723787,2016
Max Mauff,3,0,,2016
Max Minghella,7,2,16.610457425518085,2016
Max Mok Siu-Chung,3,2,17.180556464926298,1993
Max Perlich,4,1,9.741615472609585,2011
Max Pomeranc,1,1,15.798769201632007,1993
Max Records,4,2,17.89537688993277,2016
Max Riemelt,5,3,14.705210472240523,2017
Max Ryan,2,0,,2015
Max Showalter,2,0,,1956
Max Thayer,3,1,11.591311416365306,1988
Max Thieriot,6,4,16.81630859555646,2012
Max Tidof,2,0,,2012
Max Wall,2,0,,1988
Max von Sydow,45,11,17.106706531085468,2015
Max von Thun,2,0,,2014
Max von der Groeben,1,1,18.23468754291467,2015
Maxim Gaudette,3,1,15.776145759340071,2015
Maxim Lagashkin,1,1,14.98333729356968,2006
Maxim Mehmet,2,0,,2013
Maxim Roy,2,0,,2001
Maximilian Artajo,2,0,,2004
Maximilian Brückner,3,0,,2013
Maximilian Schell,22,1,17.394628185959007,2006
Maximilian Simonischek,2,0,,2012
Maximiliano Hernández,2,0,,2012
Maxine Peake,6,0,,2014
Maxwell Caulfield,5,1,16.53492764388894,2007
Maxwell Reed,2,0,,1953
May Britt,2,0,,1977
May Chin,1,1,15.751869380839182,1993
May Clark,2,0,,1905
May McAvoy,3,1,16.012735135300492,1927
May Robson,3,0,,1935
Maya Bulgakova,2,0,,1980
Maya Deren,5,0,,2002
Maya Rudolph,4,3,16.369853149138205,2016
Maya Sansa,5,1,16.191334402592176,2015
Maya Stange,2,0,,2002
Mayim Bialik,2,0,,2015
Mayu Matsuoka,2,0,,2015
Mayu Suzuki,1,1,16.121827678272997,1999
Mayuko Fukuda,2,1,17.224385061634344,2008
Mayumi Iizuka,1,1,18.91320793998656,1998
Mayumi Tanaka,14,2,17.89705016480832,2016
Maz Jobrani,3,1,12.34613454291433,2016
Mazhar Alanson,2,0,,2006
Maï Anh Le,2,1,17.94541609980515,2004
Maïwenn,3,0,,2013
Małgorzata Foremniak,1,1,15.99322311910615,2001
Małgorzata Kożuchowska,4,0,,2005
McKell David,2,0,,2015
Mckenna Grace,1,1,17.43881215101397,2017
Me Me Lai,4,0,,1984
Meagan Good,10,5,17.79910748716531,2012
Meaghan Rath,2,0,,2013
Meat Loaf,6,1,18.429182035355772,2014
Medaline Tan,1,1,13.253391639810731,1998
Medi Sadoun,2,1,11.547365538283769,2016
Meegan Warner,2,0,,2016
Meena,4,3,14.181714654186976,2013
Meena Kumari,3,0,,1972
Meenakshi Sheshadri,2,0,,1996
Meg Foster,11,5,15.572640903734847,2016
Meg Ryan,27,18,17.566443124428993,2015
Meg Tilly,13,4,14.853091140277671,2016
Megan Cavanagh,1,1,18.209172143326143,2001
Megan Charpentier,2,1,18.80252077128858,2014
Megan Edwards,2,0,,2002
Megan Faccio,1,1,14.929321099195835,2010
Megan Follows,5,0,,2012
Megan Fox,8,6,18.944248147081385,2016
Megan Gallagher,2,0,,2005
Megan Mullally,3,0,,2014
Megan Park,3,0,,2011
Megan Ward,5,1,15.34569182036723,1996
Meghan Heffern,3,0,,2016
Meghan Markle,4,0,,2016
Meghan Ory,3,0,,2015
Megs Jenkins,2,0,,1961
Megumi Han,4,0,,2015
Megumi Hayashibara,12,4,15.20168251405496,2012
Megumi Kagurazaka,2,0,,2011
Megumi Kobayashi,3,0,,1998
Megumi Odaka,2,0,,1994
Megumi Ogata,5,4,16.145226713889443,2012
Megumi Okina,2,0,,2008
Megumi Seki,2,0,,2010
Mehcad Brooks,2,0,,2016
Mehdi Nebbou,4,1,16.26823830938804,2013
Mehmet Günsür,2,0,,2014
Mehmet Kurtulus,2,0,,2000
Mei Fang,3,0,,2005
Mei Kurokawa,2,0,,2010
Meika Seri,2,0,,1975
Meiko Kaji,7,0,,1986
Meisa Kuroki,7,1,16.23252141282813,2014
Meital Barda,2,0,,2011
Meital Dohan,2,0,,2010
Meiyang Chang,1,1,15.955576721460544,2010
Mekenna Melvin,2,0,,2013
Mekhi Phifer,13,7,16.036270501791684,2013
Mel Blanc,33,1,18.249892422972085,1990
Mel Brooks,11,4,17.090379708264667,2016
Mel Ferrer,18,1,16.34123920227253,1980
Mel Gibson,43,33,17.40242590528776,2016
Mel Harris,6,3,13.845879025359261,2003
Mel Raido,2,0,,2016
Mel Smith,3,1,13.730212984301694,1992
Mel Welles,2,0,,1989
Melanie Brown,4,1,18.420680743952367,2013
Melanie Griffith,26,12,15.568101010645172,2015
Melanie Gutteridge,2,1,16.38829796366695,2002
Melanie Kinnaman,1,1,16.903385180859935,1985
Melanie Kohn,2,0,,1975
Melanie Lenz,1,1,8.81001204797317,2013
Melanie Lynskey,12,2,12.634617944197384,2017
Melanie Merkosky,1,1,10.596634733096073,2014
Melanie Papalia,3,0,,2014
Melanie Stone,4,0,,2016
Melanie Winiger,2,0,,2007
Melia Kreiling,2,0,,2015
Melina Mercouri,8,1,15.89495209964411,1977
Melinda Armstrong,2,0,,1992
Melinda Clarke,1,1,10.90056533037994,1993
Melinda Dillon,5,2,17.251409005576292,1989
Melinda Y. Cohen,2,0,,2013
Melis Birkan,2,0,,2008
Melissa Benoist,1,1,16.38751191460321,2014
Melissa De Sousa,2,0,,2003
Melissa George,13,5,16.405392969470256,2014
Melissa Gilbert,3,0,,2005
Melissa Joan Hart,7,2,16.953000855911746,2016
Melissa Leo,15,3,13.999297300175968,2017
Melissa Lyons,2,1,15.318901496960088,2008
Melissa McCarthy,9,7,18.687239496024496,2016
Melissa Moore,3,0,,1993
Melissa Rauch,1,1,13.330703496596836,2016
Melissa Roxburgh,2,0,,2015
Melissa Sagemiller,3,0,,2003
Melle Mel,2,0,,2013
Melody Anderson,3,3,15.231779511725586,1986
Melody C. Roscher,1,1,14.929321099195835,2010
Melody Kay,2,0,,1994
Melody Klaver,1,1,13.180722847465184,2008
Melonie Diaz,5,3,13.78214182812065,2014
Melora Hardin,5,0,,2010
Melora Walters,5,1,18.380492486078616,2016
Melvil Poupaud,11,2,12.896562624737324,2016
Melvin Van Peebles,2,1,16.536805985816503,2008
Melvyn Douglas,32,4,16.070091925751438,1981
Melvyn Hayes,2,0,,1963
Memphis Bleek,2,1,14.560698803261822,2002
Mena Suvari,13,2,13.913878178592427,2015
Meng Fei,2,0,,1978
Menna Shalabi,2,0,,2010
Merab Ninidze,5,2,12.04329037835874,2017
Meral Zeren,2,0,,1975
Mercedes Cabral,1,1,10.11013580132114,2012
Mercedes McCambridge,4,0,,1961
Mercedes Morán,5,2,15.193483737723357,2016
Mercedes Ruehl,7,1,17.550688765736478,2001
Mercedes Sampietro,2,0,,2004
Meredith Baxter,3,0,,2003
Meredith Braun,1,1,17.12171963134924,1992
Meredith Edwards,2,0,,1953
Meredith Hagner,3,0,,2016
Meredith Monroe,6,0,,2013
Meredith Salenger,3,2,15.11229310080613,1988
Meret Becker,2,0,,2013
Meri Nenonen,2,0,,2012
Merian C. Cooper,2,0,,2005
Merle Oberon,19,0,,1954
Merna Kennedy,2,0,,1929
Meron Getnet,1,1,10.813096007646362,2014
Merry Anders,2,0,,1964
Mert Fırat,3,0,,2013
Merv Griffin,2,0,,1984
Mervyn Johns,3,0,,1951
Meryl Streep,54,32,17.912309648173206,2016
Meshach Taylor,2,1,15.137913122108769,1992
Method Man,4,2,16.883072865604056,2011
Metin Akpinar,2,0,,1974
Mhairi Anderson,2,0,,2010
Mia Blake,2,0,,2007
Mia Farrow,32,10,16.665986189848716,2011
Mia George,2,1,14.151982794585487,2015
Mia Goth,2,1,17.09490020321654,2017
Mia Kirshner,11,2,16.43605457337643,2016
Mia Sara,8,3,17.686483775522017,2011
Mia Wasikowska,14,10,16.13267178472434,2016
Micaela Ramazzotti,5,0,,2016
Micah Sloat,1,1,19.08004257298168,2007
Michael A. Goorjian,2,1,12.60886752508246,1999
Michael Alig,2,0,,2011
Michael Aloni,2,0,,2012
Michael Anderson Jr.,1,1,16.554628648600016,1965
Michael Andrew,2,0,,2011
Michael Angarano,14,7,14.139663035691612,2015
Michael Ansara,5,0,,1999
Michael B. Jordan,6,6,17.993377501851484,2015
Michael Badalucco,4,0,,2004
Michael Bailey Smith,3,0,,2015
Michael Beach,7,0,,2013
Michael Beasley,2,1,10.330975044678786,2012
Michael Beck,4,3,16.25682284328211,1982
Michael Berryman,2,0,,2011
Michael Biehn,24,8,15.243633413814178,2017
Michael Boatman,1,1,16.44303044364272,1987
Michael Bonsignore,1,1,17.529082624668582,2005
Michael Bowen,4,1,17.30354703788804,2013
Michael Brandon,2,0,,2004
Michael Bryant,2,0,,1972
Michael Burns,3,0,,1972
Michael Buscemi,2,0,,2007
Michael C. Hall,6,3,13.26435189449686,2016
Michael C. Williams,1,1,19.328939304129257,1999
Michael Caine,86,28,17.341766985408366,2017
Michael Callan,5,0,,1979
Michael Carbonaro,1,1,13.521578327236275,2006
Michael Carr,5,0,,2001
Michael Caton,2,1,13.666765740100052,2015
Michael Cera,12,7,17.77829356841952,2017
Michael Chambers,2,0,,1984
Michael Chan Wai-Man,6,0,,2010
Michael Chekhov,1,1,15.761420707019589,1945
Michael Chernus,2,0,,2017
Michael Chiklis,2,1,17.22096430178485,2014
Michael Clark,1,1,14.375298331109391,1991
Michael Clarke Duncan,9,2,19.195034256110667,2013
Michael Coles,1,1,13.20757914324874,1973
Michael Constantine,3,0,,1975
Michael Copon,3,0,,2013
Michael Craig,10,1,16.454567887579532,1982
Michael Crawford,7,2,16.50908072935419,1993
Michael Dante,3,0,,1965
Michael Davis,2,0,,2001
Michael DeLorenzo,3,0,,2012
Michael Denison,2,0,,1952
Michael Des Barres,3,1,17.37085861945369,1999
Michael Diamond,2,0,,2013
Michael Dobson,2,0,,2004
Michael Doneger,2,0,,2015
Michael Dorman,2,0,,2009
Michael Douglas,41,29,17.594380659093545,2017
Michael Dudikoff,16,1,16.16685667184595,2015
Michael Ealy,8,7,17.514685260933582,2015
Michael Eklund,7,0,,2016
Michael Elgart,1,1,14.453746855916222,1988
Michael Elphick,3,0,,1990
Michael Emil,2,0,,1988
Michael Fassbender,25,22,17.00717919611798,2017
Michael Findlay,2,0,,1968
Michael Flynn,2,1,14.329967580214296,2010
Michael Forest,2,0,,1961
Michael Fuith,2,0,,2011
Michael Gambon,22,2,17.501212654170523,2017
Michael Gladis,2,0,,2014
Michael Godere,2,0,,2014
Michael Goodliffe,2,0,,1962
Michael Gothard,2,0,,1972
Michael Gottli,2,0,,1990
Michael Gough,7,0,,1993
Michael Graham Cox,1,1,15.12755755260012,1978
Michael Greene,3,0,,1999
Michael Greer,2,0,,1973
Michael Gregorio,1,1,16.571122550046773,2015
Michael Gross,9,0,,2015
Michael Gwisdek,8,0,,2015
Michael Halsey,2,0,,1998
Michael Harris,4,1,11.54034606054622,1997
Michael Herbig,6,0,,2012
Michael Hordern,8,0,,1983
Michael Hui,3,0,,2016
Michael Ian Black,3,0,,2016
Michael Imperioli,6,0,,2015
Michael Ironside,29,5,14.930040497502848,2016
Michael J. Fox,33,15,17.94296474130829,2016
Michael J. Pagan,2,0,,2006
Michael J. Pollard,7,2,16.583192469479894,1992
Michael Jackson,12,1,16.862366128957152,2016
Michael Jai White,18,2,15.445511367822071,2017
Michael Jayston,3,0,,1979
Michael Jeter,4,2,18.247978576194722,2004
Michael Jordan,3,2,18.105255161698153,2012
Michael Karl Richards,2,0,,2015
Michael Keaton,35,18,17.665453006238327,2016
Michael Kelly,3,0,,2007
Michael Kenneth Williams,3,1,14.845668401596464,2015
Michael Kitchen,3,1,15.012283807580877,1997
Michael König,2,0,,1971
Michael Landes,4,1,18.320046873420186,2011
Michael Landon,1,1,14.50865773852422,1957
Michael Learned,2,0,,2009
Michael Legge,2,1,10.425253116340452,2003
Michael Lerner,9,0,,2004
Michael Lonsdale,15,3,15.250426064150602,2014
Michael Madsen,34,6,15.90068163490965,2016
Michael Maloney,3,0,,1995
Michael Mangiamele,1,1,7.741967899820685,1998
Michael Massee,2,2,15.799995700899222,2006
Michael McCleery,2,0,,2001
Michael McElhatton,4,0,,2016
Michael McGlone,2,1,16.06496688364679,1998
Michael McKean,9,5,15.123976020078043,2008
Michael McLafferty,2,0,,2010
Michael McMillian,3,0,,2013
Michael Michele,2,1,16.038778596601386,2005
Michael Moore,12,6,16.47966036554046,2016
Michael Moriarty,15,3,15.53046536030915,2001
Michael Moshonov,2,0,,2009
Michael Mosley,1,1,17.76058530674994,2015
Michael Mullins,1,1,16.699384025409348,1976
Michael Murphy,15,3,17.039601187156478,2006
Michael Nouri,8,1,18.347262412403424,2013
Michael Nyqvist,21,6,16.100162093501034,2016
Michael O'Keefe,10,3,14.091945925518973,2012
Michael O'Shea,3,0,,1951
Michael Oliver,2,0,,1991
Michael Ontkean,10,2,16.626287810148245,2003
Michael Ostrowski,4,0,,2013
Michael Palin,8,1,15.79529473450696,2010
Michael Parks,13,5,14.013680693014132,2014
Michael Paré,24,3,15.066080883324892,2016
Michael Pas,2,1,11.694571793849116,2011
Michael Pataki,3,0,,1978
Michael Patrick Carter,1,1,16.713501052771985,1994
Michael Peterson,2,0,,2012
Michael Peña,12,6,17.336343611766644,2017
Michael Pitt,12,6,15.134639995284127,2017
Michael Pollan,4,0,,2014
Michael Preston,2,1,17.01829082146888,1983
Michael Rainey Jr.,2,2,15.189372441666247,2013
Michael Rapaport,19,5,14.680966523995986,2016
Michael Redgrave,23,0,,1970
Michael Reilly Burke,3,1,18.55170900635877,2009
Michael Rennie,12,0,,1968
Michael Richards,3,0,,1997
Michael Riley,7,0,,2005
Michael Risley,2,0,,2008
Michael Rispoli,3,1,16.897434380874373,2011
Michael Rooker,12,3,17.4349564296029,2011
Michael Rosenbaum,3,0,,2014
Michael Ruppert,3,0,,2009
Michael Sarrazin,13,0,,1998
Michael Saucedo,1,1,13.18562733663285,1997
Michael Schoeffling,3,1,16.980395854176802,1991
Michael Scholes,1,1,17.232299753092274,1978
Michael Seater,2,0,,2014
Michael Segerström,2,0,,2011
Michael Shanks,5,0,,2013
Michael Shannon,22,13,15.237209856614433,2016
Michael Sharrett,1,1,16.011482239643303,1986
Michael Sheen,22,11,15.68145478548135,2017
Michael Showalter,3,1,12.595428696705152,2009
Michael Shulman,2,0,,2008
Michael Smiley,3,0,,2016
Michael Sopkiw,4,0,,1985
Michael St. Michaels,2,0,,2016
Michael Stadvec,2,0,,1998
Michael Stahl-David,2,0,,2015
Michael Stephenson,2,0,,2009
Michael Stuhlbarg,2,1,17.263284035506977,2017
Michael T. Weiss,6,1,15.805664224306392,2002
Michael Thys,1,1,17.909855120186375,1980
Michael Treanor,2,0,,1995
Michael Trucco,2,0,,2009
Michael Tucker,4,1,17.635646537904222,1994
Michael V. Gazzo,2,0,,1989
Michael Vartan,9,3,18.293798038379382,2016
Michael Welch,7,0,,2015
Michael Welz,1,1,12.247574408955186,2010
Michael Weston,4,0,,2015
Michael Wilding,10,0,,1961
Michael Wincott,3,2,16.2329599571203,2006
Michael Winslow,6,3,16.733348585297918,2016
Michael Wong,2,0,,1995
Michael Woods,3,0,,2012
Michael Worth,5,0,,2011
Michael Wright,3,0,,1994
Michael York,30,6,15.99428997303913,2014
Michaela McManus,2,0,,2016
Michaela Watkins,3,1,14.902017201423709,2016
Michal Bat-Adam,2,0,,1977
Michal Zebrowski,8,0,,2013
Michalina Olszańska,2,1,11.529359680433648,2016
Michaël Abiteboul,4,0,,2015
Michaël Cohen,2,0,,2010
Michaël Youn,4,1,12.63370359940466,2013
Michel Auclair,2,0,,1952
Michel Aumont,2,0,,2010
Michel Barrette,1,1,14.518117354937342,2005
Michel Beaudry,1,1,16.354850151611576,2006
Michel Blanc,17,1,14.375298331109391,2017
Michel Boujenah,3,1,14.534552555007084,1998
Michel Bouquet,11,2,12.675223016221747,2012
Michel Constantin,6,0,,1984
Michel Côté,3,0,,2014
Michel Duchaussoy,6,0,,2005
Michel Fau,1,1,13.116994993381986,2015
Michel Galabru,9,0,,1986
Michel Gondry,4,0,,2015
Michel Goyette,1,1,13.234437704904842,1999
Michel Houellebecq,2,0,,2016
Michel Joelsas,3,0,,2017
Michel Piccoli,36,2,13.27430128518035,2012
Michel Ray,3,0,,2014
Michel Robin,2,0,,1989
Michel Serrault,19,2,16.29325206098661,2002
Michel Simon,12,0,,1967
Michel Subor,4,0,,2005
Michela Cescon,3,1,9.147613542067878,2007
Michela Miti,2,0,,1982
Michela Quattrociocche,2,0,,2010
Michelan Sisti,1,1,18.172219384653864,1991
Michele Carey,2,0,,1971
Michele Greene,2,0,,2003
Michele Hicks,2,0,,2015
Michele Knotz,2,0,,2011
Michele Lamar Richards,2,2,17.63881829278535,1995
Michele Lee,4,0,,1985
Michele Mariana,1,1,13.652891623466166,1985
Michele Placido,14,0,,2015
Michele Riondino,4,0,,2016
Michele Scarabelli,4,0,,2016
Michele Valley,2,0,,1990
Micheline Cheirel,2,0,,1946
Micheline Dax,2,0,,1972
Micheline Francey,2,0,,1943
Micheline Presle,8,0,,1996
Michelle Bauer,6,0,,2014
Michelle Borth,2,0,,2009
Michelle Chen,2,0,,2012
Michelle Dockery,3,0,,2012
Michelle Forbes,4,0,,2007
Michelle Gomez,2,0,,2012
Michelle Harrison,5,0,,2014
Michelle Hunziker,2,0,,2007
Michelle Hurst,1,1,13.341990352806942,2006
Michelle Jenner,5,1,15.932571772200236,2016
Michelle Johnson,4,3,14.310587090683242,2004
Michelle Krusiec,3,0,,2016
Michelle Lombardo,2,0,,2014
Michelle Meyrink,2,1,16.38045991542581,1985
Michelle Monaghan,19,13,17.17402985152912,2017
Michelle Morgan,2,1,15.495380465849498,2010
Michelle Mylett,2,0,,2014
Michelle Nicastro,3,1,16.09499671279399,1998
Michelle Nolden,4,1,18.43290365884596,2012
Michelle Pfeiffer,33,23,17.51298153567347,2017
Michelle Phillips,4,1,14.50865773852422,1984
Michelle Reis,5,1,14.903287017174357,2000
Michelle Rodriguez,17,10,17.295002638955076,2016
Michelle Ryan,3,0,,2015
Michelle Trachtenberg,7,4,16.27670897032116,2016
Michelle Williams,17,8,16.19946915041957,2016
Michelle Ye Xuan,2,0,,2010
Michelle Yeoh,15,5,17.774316603600674,2016
Michie Tomizawa,3,0,,1994
Michiel Huisman,7,3,14.248623223702337,2017
Michiko Hada,4,0,,2004
Michiko Kuwano,2,0,,1937
Michiko Neya,2,0,,2001
Michitaro Mizushima,2,0,,1960
Michiyo Aratama,6,0,,1966
Michiyo Kogure,2,0,,1952
Michiyo Murase,2,0,,2015
Michiyo Ohkusu,5,0,,2003
Michèle Caucheteux,1,1,14.205981141303514,2003
Michèle Girardon,3,0,,1964
Michèle Laroque,4,0,,2009
Michèle Mercier,6,0,,1970
Michèle Morgan,13,0,,1990
Mick Fleetwood,2,0,,2013
Mick Foley,3,1,13.122363377404328,2015
Mick Ford,2,0,,1981
Mick Jagger,16,0,,2016
Mick Jones,2,0,,2007
Mick Molloy,2,0,,2003
Mick Øgendahl,2,0,,2011
Mickey Curtis,3,0,,1998
Mickey Hargitay,4,0,,1973
Mickey Munday,1,1,12.0015054797889,2006
Mickey Rooney,46,3,17.56978514032183,2006
Mickey Rourke,36,15,15.474825212868128,2016
Mickey Shaughnessy,2,0,,1957
Mickey Sumner,1,1,15.21911080466214,2013
Mie Hama,2,0,,1967
Mie Kitahara,3,0,,1958
Mieczysław Voit,2,0,,1975
Mieko Takamine,4,0,,1954
"Miguel A. Núñez, Jr.",2,0,,2007
Miguel Angel Sano,1,1,10.707482665306587,2012
Miguel Bosé,2,1,14.352037261256632,1991
Miguel Ferrer,5,1,11.4246296270501,2013
Miguel Inclán,3,0,,1951
Miguel Ligero,2,0,,1939
Miguel Varoni,2,0,,2015
Miguel Ángel Ferriz,2,0,,1979
Miguel Ángel Fuentes,2,0,,1982
Miguel Ángel Silvestre,3,0,,2013
Miguel Ángel Solá,3,0,,2001
Mihai Comanoiu,1,1,11.56263901221407,2015
Miina Tominaga,2,0,,1993
Mika Boorem,4,0,,2006
Mika Shinohara,2,0,,2002
Mikael Gabriel,2,0,,2016
Mikael Persbrandt,17,0,,2015
Mikael Tornving,4,0,,2012
Mikako Ichikawa,4,0,,2012
Mikako Tabe,4,0,,2012
Mike Bailey,2,0,,2014
Mike Birbiglia,6,1,15.301122286649315,2017
Mike Bonanno,4,0,,2014
Mike Connors,3,0,,1985
Mike Dopud,4,0,,2016
Mike Downey,1,1,14.635580215295429,2002
Mike Epps,15,4,15.350241630575738,2016
Mike Erwin,2,0,,2010
Mike Farrell,2,0,,1983
Mike Genovese,1,1,16.82836348317793,1985
Mike Kellin,3,0,,1981
Mike Maas,1,1,9.52325149847374,1998
Mike MacDonald,2,0,,1990
Mike McLaughlin,2,0,,2014
Mike Mizanin,4,0,,2017
Mike Myers,15,11,18.980611193200897,2010
Mike Nawrocki,11,0,,2008
Mike Nichols,2,0,,2016
Mike Norris,3,0,,2003
Mike Nussbaum,2,1,14.765483230734764,1998
Mike Pagano,1,1,12.906207852857744,1999
Mike Patton,2,0,,2006
Mike Smith,8,1,15.159290607986984,2014
Mike Starr,3,0,,2009
Mike Stoklasa,2,0,,2016
Mike Sui,1,1,18.146243898250606,2014
Mike Tyson,4,0,,2015
Mike Vitar,1,1,17.294180763359748,1993
Mike Vogel,11,3,16.431243583451145,2017
Mike White,2,1,18.69286546793074,2003
Mikhail Baryshnikov,5,2,15.88958377907472,1991
Mikhail Boyarskiy,9,2,16.390204095091978,2016
Mikhail Dementyev,2,0,,2007
Mikhail Derzhavin,3,0,,1990
Mikhail Efremov,6,2,14.962496359549569,2013
Mikhail Galustyan,8,4,16.2556416964162,2015
Mikhail Gluzskiy,2,0,,1972
Mikhail Gorbachev,2,0,,2016
Mikhail Kokshenov,2,0,,1983
Mikhail Kononov,2,0,,1972
Mikhail Kozakov,4,0,,1988
Mikhail Mamayev,2,0,,1992
Mikhail Metyolkin,3,0,,1971
Mikhail Okunev,1,1,14.60806089429916,2006
Mikhail Pugovkin,6,0,,1982
Mikhail Skryabin,1,1,12.120732598363158,2010
Mikhail Ulyanov,3,0,,1999
Mikhail Zharov,3,0,,1974
Miki Esparbé,3,0,,2016
Miki Imai,2,0,,2006
Miki Lee,1,1,16.75015010015565,1997
Miki Mizuno,5,1,11.732205562749716,2015
Miki Nakatani,8,2,16.360526232578827,2013
Mikijiro Hira,4,0,,1968
Mikiko Tsubouchi,3,0,,1965
Mikkel Boe Følsgaard,2,0,,2016
Mikko Kouki,2,0,,2013
Mikko Leppilampi,8,0,,2012
Mikko Neuvonen,2,0,,2014
Mikko Niskanen,2,0,,1978
Mikko Nousiainen,6,0,,2017
Miklós B. Székely,3,0,,2016
Miklós Benedek,2,0,,2014
Miko Hughes,3,1,16.71087986284934,2011
Mila Dekker,2,0,,2007
Mila Kunis,19,12,17.89879173692407,2016
Milan Marić,1,1,11.918390573078392,1998
Milan Peschel,3,0,,2013
Mildred Davis,8,0,,1923
Mildred Dunnock,3,0,,1966
Milena Dravić,4,0,,1985
Milena Vukotic,11,0,,1999
Miles Bakshi,1,1,20.02774565905408,2017
Miles Davis,1,1,12.611537753638338,1991
Miles Fisher,1,1,18.877394217772135,2011
Miles Heizer,1,1,10.004960521466762,2007
Miles Mander,2,0,,1940
Miles O'Keeffe,4,0,,1987
Miles Teller,9,8,16.1963671337082,2016
Miley Cyrus,8,3,18.939814460433173,2016
Milhem Cortaz,2,0,,2013
Mili Avital,5,0,,2007
Milla Jovovich,27,14,17.532128348171092,2016
Mille Dinesen,3,0,,2015
Mille Lehfeldt,2,0,,2010
Millicent Martin,2,0,,1966
Millie Perkins,6,1,14.707387688320848,1991
Millie White,1,1,13.320433603666372,1991
Millán Salcedo,1,1,15.030593614234144,1991
Milo Cawthorne,2,0,,2015
Milo Parker,2,1,17.194980362803133,2015
Milo Ventimiglia,14,5,12.44815833277897,2017
Miloš Biković,3,0,,2015
Miloš Kopecký,2,0,,1964
Miloš Timotijević,2,0,,2015
Milton Berle,10,2,17.013975385572348,2000
Milton Gonçalves,2,0,,2003
Milton Sills,2,0,,1924
Milton Velasquez,1,1,13.359920945851105,2005
Milutin Milošević,2,0,,2009
Mimi Branescu,4,1,9.9362451167743,2016
Mimi Michaels,2,0,,2011
Mimi Rogers,19,5,15.928014401590582,2014
Mimis Fotopoulos,3,0,,1955
Mimmo Palmara,4,0,,1965
Mimmo Poli,2,0,,1979
Mimosa Willamo,3,0,,2016
Mimsy Farmer,14,0,,1987
Min Tanaka,2,0,,2009
Mina Azarian,2,0,,2007
Mina Tander,4,0,,2012
Minako Kotobuki,2,0,,2012
Minami Takayama,5,1,16.715439224999,1999
Minase Yashiro,2,0,,2009
Mindy Cohn,12,0,,2015
Mindy Robinson,2,0,,2017
Ming-Na Wen,7,4,18.379000810107094,2014
Mink Stole,3,0,,2009
Minka Kelly,4,1,17.51663372596845,2015
Minka Kuustonen,2,0,,2016
Minna Gombell,2,0,,1950
Minna Haapkylä,7,1,14.695798497619505,2015
Minnie Driver,18,6,17.240397160036135,2017
Minori Terada,2,0,,1986
Minoru Chiaki,3,0,,1958
Minttu Mustakallio,4,0,,2015
Miou-Miou,17,1,16.0693611852377,2006
Mira Banjac,3,0,,1998
Mira Barkhammar,1,1,12.10398454744639,2013
Mira Furlan,4,0,,1998
Mira Grosin,1,1,12.10398454744639,2013
Mira Sorvino,28,7,15.302423143714593,2016
Mirai Shida,3,2,18.690897727517267,2013
Miranda Campa,2,0,,1971
Miranda Cosgrove,5,0,,2015
Miranda July,2,0,,2011
Miranda Otto,8,1,20.19857685773933,2013
Miranda Raison,2,0,,2016
Miranda Richardson,25,8,17.003910536595995,2017
Mircea Albulescu,2,0,,1993
Mircea Diaconu,4,0,,2002
Mircea Monroe,8,0,,2014
Mirco Nontschew,2,0,,2006
Mirei Kiritani,2,0,,2015
Mireille Balin,2,0,,1940
Mireille Darc,5,0,,1970
Mireille Dargent,2,0,,1973
Mireille Enos,3,2,18.385049159517536,2014
Mireille Perrier,3,0,,1998
Mirella Pascual,3,0,,2014
Mirella Rossi,2,0,,1980
Mirhadi Tayebi,1,1,10.534706136473906,1996
Miriam  Hopkins,18,0,,1964
Miriam Colón,1,1,14.256230834528752,2013
Miriam Flynn,4,0,,2003
Miriam Freeland,1,1,15.404745763080856,2013
Miriam Karlin,1,1,13.917653703432924,2008
Miriam Margolyes,5,2,18.266731743393144,1998
Miriam McDonald,2,0,,2008
Miriam Stein,2,0,,2010
Miriam Yeung,5,0,,2015
Mirjam Weichselbraun,2,0,,2012
Mirjami Kuosmanen,2,0,,1952
Mirjana Joković,2,0,,1995
Mirjana Karanović,6,0,,2017
Miroslav Donutil,3,0,,2010
Miroslav Krobot,2,0,,2011
Miroslava,2,0,,1955
Mirosław Baka,2,0,,2013
Mirrah Foulkes,2,0,,2008
Misa Shimizu,5,0,,2009
Misael Saavedra,2,0,,2006
Misako Renbutsu,2,0,,2014
Misako Watanabe,3,0,,1964
Mischa Auer,3,0,,1943
Mischa Barton,20,2,13.326950279843613,2015
Misha Collins,3,0,,2010
Miss DuPont,1,1,12.89971970113177,1922
Missi Pyle,6,0,,2017
Missy Crider,2,0,,1999
Missy Peregrym,2,0,,2015
Mitch Eakins,2,0,,2008
Mitch Mitchell,6,0,,2015
Mitch Pileggi,2,2,17.84024342251591,1998
Mitchel Musso,2,1,18.75840224277765,2006
Mitchell Anderson,3,0,,1998
Mitchell Cox,1,1,10.811766273800105,1994
Mitchell Lichtenstein,2,0,,1996
Mitchell Ryan,2,1,17.498573126756646,1973
Mithun Chakraborty,8,2,16.652859004844828,2013
Mitsuhiro Oikawa,2,0,,2008
Mitsuki Tanimura,4,1,11.29933612646083,2010
Mitsuki Yayoi,2,0,,1995
Mitsuko Baisho,2,0,,2001
Mitsuko Kusabue,2,0,,1967
Mitsuko Mito,2,0,,1949
Mitsuko Yoshikawa,5,0,,1947
Mitsuo Iwata,2,1,13.22342245512822,1988
Mitsuru Fukikoshi,3,0,,2010
Mitsutaka Itakura,1,1,15.150511624696614,2006
Mitya Borisov,1,1,13.095890030246862,2012
Mitzi Gaynor,5,1,17.421008403139158,1963
Miwa Takada,3,0,,1967
Miyu Irino,5,2,18.11169345298841,2016
Miyuki Sawashiro,2,0,,2014
Miyuki Tanigawa,2,0,,1987
Mizuki Yamamoto,3,0,,2016
Mišel Matičević,3,0,,2013
Mo'Nique,5,1,17.677018050664806,2015
Moazzam Begg,1,1,12.523292888942716,2007
Moby,4,0,,2016
Moe Dunford,2,0,,2017
Moe Howard,7,0,,1962
Mohamed Fellag,3,1,15.699836294394135,2011
Mohamed Mahmoud Ould,1,1,8.910045761473558,2002
Mohamed Majd,2,0,,2012
Mohammad Amir Naji,3,2,12.684042264593327,2008
Mohammad Reza Forutan,3,0,,2013
Mohan Agashe,2,0,,2008
Mohanlal,14,4,14.57741520503183,2015
Mohnish Behl,3,1,17.107636844572067,1996
Mohsen Makhmalbaf,2,1,10.534706136473906,1996
Moica,1,1,12.327675044789334,2011
Moira Kelly,9,2,16.304256210697364,1998
Moira Lister,2,0,,1953
Moira Shearer,5,1,11.338060041995572,1962
Moisés Arias,6,1,15.171086141831664,2016
Molly Blixt Egelind,1,1,16.119787618773152,2012
Molly C. Quinn,2,0,,2013
Molly Hagan,3,1,16.03990500216445,2002
Molly McCarthy,2,0,,1984
Molly Parker,15,2,13.399396207212634,2013
Molly Ringwald,16,6,16.83243889214827,2016
Molly Shannon,8,1,11.440354772135391,2016
Molnár Piroska,3,1,11.105844051343766,2014
Mona Freeman,5,0,,1955
Mona Lisa,2,0,,1977
Mona Maris,2,0,,1940
Mona Washbourne,2,0,,1965
Mone Kamishiraishi,1,1,19.688468191854717,2016
Monet Mazur,3,1,17.655955861250067,2006
Moni Moshonov,4,1,15.319587954740548,2013
Monia Chokri,1,1,11.050651881786404,2010
Monic Hendrickx,3,0,,2014
Monica Bellucci,21,5,18.6631984879128,2016
Monica Bleibtreu,3,0,,2009
Monica Broeke,2,0,,1983
Monica Calhoun,2,0,,2004
Monica Davis,2,0,,2017
Monica Engesser,2,0,,2017
Monica Guerritore,1,1,16.375509219389816,2011
Monica Keena,8,1,10.180891990576775,2012
Monica Nordquist,2,0,,1980
Monica Potter,7,4,16.663407043047464,2004
Monica Scattini,1,1,17.18945081648809,2012
Monica Vitti,13,0,,1982
Monique Gabrielle,4,0,,1992
Monique Parent,2,0,,2012
Monique van de Ven,10,1,12.224801166769156,2013
Monte Blue,2,0,,1928
Monte Markham,4,0,,2016
Montgomery Clift,16,3,16.388983178115463,1966
Monty Woolley,5,0,,1946
Moon Bloodgood,3,2,17.925281131026885,2009
Moon Chae-won,3,1,17.7073308560749,2016
Moon Geun-Young,5,0,,2015
Moon Jeong-hee,5,0,,2016
Moon So-ri,6,0,,2014
Moon Sung-keun,4,0,,2010
Moore Marriott,2,0,,1939
Moran Rosenblatt,2,0,,2015
Morena Baccarin,3,1,20.478787533456888,2016
Morey Amsterdam,4,0,,1976
Morgan Alling,2,0,,2012
Morgan Fairchild,6,0,,2015
Morgan Freeman,56,42,17.13118205421514,2017
Morgan Paull,2,0,,1984
Morgan Peter Brown,2,0,,2015
Morgan Saylor,2,1,12.207281914070158,2016
Morgan Spurlock,4,2,15.254331043891662,2011
Moritz Bleibtreu,23,2,16.248862472748048,2017
Morjana Alaoui,4,0,,2014
Morris Ankrum,3,0,,1957
Morris Chestnut,1,1,17.23841682076114,2016
Morris Day,2,1,18.0407807018827,1990
Morten Grunwald,5,0,,2014
Morwenna Banks,2,1,15.318901496960088,2011
Moses Gunn,6,2,16.214298339501745,1981
Moses Jacob Storm,1,1,17.956771943446345,2015
Moshe Kasher,2,0,,2014
Moushumi Chatterjee,2,0,,2002
Mpho Koaho,1,1,11.16434623356714,2001
Mr. T,2,0,,1984
Mrunmayee Deshpande,1,1,15.29711509888849,2015
Mucsi Zoltán,3,0,,2010
Muhammad Ali,7,2,11.839332274120093,2014
Muhammad Ali Jr.,1,1,8.882530508433623,2014
Muhammet Uzuner,1,1,11.84028487707477,2011
Mukesh,2,1,13.458835614025542,1991
Mukta Barve,2,0,,2010
Mumtaz Sorcar,1,1,14.557447902693651,2016
Muneeba Yaseen,1,1,13.377214876202816,2015
Munetaka Aoki,2,0,,2014
Mungo McKay,2,0,,2009
Munro Chambers,2,0,,2016
Murat Cemcir,2,0,,2015
Murat Ünalmış,2,0,,2009
Muriel Dubois,2,0,,2010
Muriel Pavlow,5,0,,1961
Murilo Benício,5,0,,2004
Murray Bartlett,2,0,,2016
Murray Hamilton,4,1,19.05133534633869,1978
Murvyn Vye,2,0,,1960
Musetta Vander,3,0,,2012
Musidora,2,0,,1916
Mustafa Nadarević,5,0,,2012
Muzaffer Özdemir,2,0,,2002
MyAnna Buring,2,1,12.053853432552662,2011
Mya Taylor,1,1,13.462192829409066,2015
Mykelti Williamson,5,1,18.591164847063084,2016
Myleene Klass,1,1,17.216707939626428,2008
Mylène Demongeot,13,0,,2014
Mylène Jampanoï,4,0,,2010
Myriam Boyer,3,0,,2016
Myriem Roussel,2,0,,1985
Myrna Fahey,1,1,14.187074114396758,1960
Myrna Loy,39,2,15.573575774987104,1980
Myron Healey,4,0,,1977
Mystro Clark,2,0,,2007
Mädchen Amick,5,2,16.237639496213617,2014
Märta Torén,3,0,,1952
Mélanie Bernier,3,0,,2015
Mélanie Doutey,6,0,,2012
Mélanie Laurent,16,5,15.223965685588155,2016
Mélanie Thierry,12,4,14.493537189794168,2016
Mélissa Désormeaux-Poulin,3,1,15.776145759340071,2013
Mélusine Mayance,2,0,,2013
Mía Maestro,7,1,17.84617798794684,2015
Mónica López,3,0,,2004
Mónica Randall,3,0,,1978
Müjde Ar,2,1,13.456260873653072,1977
Münir Özkul,5,1,12.276531109178736,1978
N!xau,2,1,17.909855120186375,1991
N'Bushe Wright,3,1,16.012735135300492,2003
N.N. Pillai,1,1,13.458835614025542,1991
Na Moon-hee,2,0,,2006
Nabil Saleh,1,1,8.780787468338929,2012
Nacho Vigalondo,2,0,,2016
Nade Dieu,2,0,,2004
Nadeshda Brennicke,5,0,,2013
Nadezhda Krupskaya,2,0,,1934
Nadezhda Markina,2,1,12.400816722322686,2016
Nadezhda Rumyantseva,3,0,,1976
Nadia Cameron-Blakey,2,0,,2009
Nadia Dajani,2,1,13.44228512137362,2000
Nadia Farès,3,0,,2007
Nadia Hilker,1,1,10.819178104338253,2014
Nadia Kaci,3,0,,2016
Nadia Litz,2,0,,2014
Nadia Windell,1,1,13.114050924496471,1978
Nadine Labaki,4,0,,2014
Nadine Velazquez,2,0,,2016
Nadir Sarıbacak,2,0,,2015
Nadja Tiller,3,0,,2005
Nadja Uhl,7,0,,2013
Naga Chaitanya Akkineni,2,0,,2014
Nagarjuna Akkineni,4,0,,2014
Nagma,1,1,16.523560759066484,1995
Nahuel Pérez Biscayart,2,0,,2014
Najarra Townsend,3,0,,2013
Najwa Nimri,6,1,14.781825359100434,2011
Nakia Burrise,3,3,16.625243985659353,2012
Nam Sang-mi,3,0,,2005
Namrata Shirodkar,2,0,,2000
Nan Grey,3,0,,1940
Nan Martin,2,0,,1978
Nan Yu,4,1,18.197537192638155,2015
Nana Eikura,5,0,,2015
Nana Komatsu,2,0,,2015
Nana Patekar,13,1,15.780253957058392,2016
Nanako Matsushima,4,3,15.105557140888743,2014
Nanami Sakuraba,2,1,11.29933612646083,2010
Nancho Novo,2,0,,1996
Nancy Allen,14,7,16.53948428614782,2012
Nancy Brilli,3,0,,2011
Nancy Carroll,2,0,,1932
Nancy Cartwright,3,1,20.082841745030876,2007
Nancy Everhard,2,1,15.912696851161728,1990
Nancy Fish,1,1,19.677957529828916,1994
Nancy Gates,4,0,,1960
Nancy Guild,4,0,,1951
Nancy Jo Boone,1,1,17.529082624668582,2005
Nancy Kelly,3,0,,1939
Nancy Kovack,2,0,,1963
Nancy Kwan,5,0,,1973
Nancy McKeon,5,0,,2006
Nancy Morgan,3,0,,1991
Nancy Olson,4,0,,1961
Nancy Reagan,6,0,,2017
Nancy Sinatra,3,0,,1968
Nancy Travis,10,3,16.660929641243456,2009
Nancy Yen Nan-See,2,0,,1980
Nanda,2,0,,1969
Nandita Das,3,2,13.152057733097168,2007
Nando Paone,4,1,17.998852674807573,2014
Nandoo,2,1,15.5202586502027,2016
Nanette Newman,3,0,,1975
Nani,2,1,16.783357628028728,2016
Nanni Moretti,10,0,,2015
Nao Nagasawa,2,0,,2013
Nao Omori,4,0,,2013
Naohito Fujiki,2,0,,2005
Naoki Tanaka,2,0,,2007
Naomi Campbell,2,1,13.992033669553642,1995
Naomi Chance,2,0,,1952
Naomi Kawase,2,0,,2003
Naomi Klein,3,0,,2015
Naomi Nishida,3,1,16.121827678272997,2014
Naomi Scott,1,1,18.77370972945491,2017
Naomi Watts,40,25,16.45096958847459,2017
Naomie Harris,9,4,17.81565333339591,2016
Naoto Takenaka,8,0,,2011
Napoleon,2,0,,2004
Narciso Busquets,2,0,,1987
Nargis,4,0,,1957
Nargis Fakhri,3,2,16.240704703774583,2016
Nas,4,0,,2015
Naseeruddin Shah,36,2,13.984563508696194,2015
Nassar,4,1,17.24949776244942,2014
Nastassja Kinski,31,6,14.341542385273678,2003
Nat 'King' Cole,3,1,16.844032670470288,1965
Nat Wolff,6,3,15.415866826953307,2017
Natacha Lindinger,2,1,15.56531718517166,2009
Natacha Régnier,8,0,,2016
Natalia Akerman,3,0,,2015
Natalia Avelon,2,0,,2008
Natalia Oreiro,4,0,,2016
Natalia Tena,4,0,,2015
Natalia Verbeke,7,1,16.317939704846452,2010
Natalia Wörner,3,0,,2015
Natalia de Molina,3,0,,2016
Natalie Brown,4,1,10.338867386592495,2017
Natalie Cole,1,1,15.087133692972422,1997
Natalie Dessay,1,1,16.689592295464298,2005
Natalie Dormer,2,1,17.50577502750139,2016
Natalie Gavin,2,1,9.964958874624228,2015
Natalie Hall,2,0,,2016
Natalie Imbruglia,1,1,18.89432161291461,2003
Natalie Knepp,3,0,,2015
Natalie Martinez,2,2,17.46166978428719,2015
Natalie Mendoza,2,0,,2009
Natalie Portman,30,24,17.60066751265794,2016
Natalie Press,5,0,,2012
Natalie Trundy,1,1,15.995317095946575,1973
Natalie Wood,25,4,16.99900348912985,2015
Natalie Zea,2,0,,2017
Nataliya Vdovina,2,0,,2006
Natalya Andreychenko,2,0,,1983
Natalya Arinbasarova,2,0,,1969
Natalya Baranova,1,1,8.780787468338929,2012
Natalya Bondarchuk,2,0,,1975
Natalya Buzko,2,0,,2009
Natalya Fateeva,2,0,,1975
Natalya Gundareva,4,0,,1990
Natalya Guseva,2,0,,1987
Natalya Moteva,1,1,14.0860513037159,2013
Natalya Negoda,2,0,,1988
Natalya Rudakova,1,1,18.50667079873665,2008
Natalya Varley,2,0,,1967
Natar Ungalaaq,1,1,15.147032157312047,2002
Natascha McElhone,11,6,15.60661820762752,2016
Natasha Calis,4,1,18.263396033176583,2015
Natasha Gregson Wagner,4,2,12.57347337148704,1998
Natasha Henstridge,18,4,17.382796674745137,2016
Natasha Hovey,2,0,,1985
Natasha Lyonne,15,2,12.279015958734572,2017
Natasha Richardson,15,5,15.443635423838069,2010
Natasha Wightman,2,1,16.11809565095832,2005
Natasha Yarovenko,2,0,,2011
Natassia Malthe,6,0,,2011
Nataša Janjić,3,0,,2015
Nataša Tapušković,3,0,,2010
Nate Parker,4,3,16.76714708248841,2016
Nathalia Dill,2,0,,2012
Nathalia Ramos,3,0,,2016
Nathalie Baye,21,2,10.580493135110213,2016
Nathalie Boltt,2,1,19.166513401613635,2010
Nathalie Delon,3,1,10.583574822507286,2008
Nathalie Kelley,3,1,18.881065080795658,2011
Nathalie Lissenko,2,0,,1924
Nathalie Poza,2,0,,2012
Nathalie Richard,2,0,,1996
Nathalie Roussel,4,0,,2007
Nathan Baesel,2,1,11.143830858171714,2008
Nathan Bexton,1,1,10.216618049441497,1997
Nathan Cavaleri,1,1,14.391219580890574,1997
Nathan Fillion,13,2,17.195197676953452,2015
Nathan Gamble,2,1,17.774885226748825,2014
Nathan Lane,11,4,17.293665952691686,2017
Nathan Meister,1,1,15.414436816032635,2006
Nathan Phillips,6,0,,2014
Nathan Rice,2,0,,2013
Nathan Stevens,2,0,,2015
Nathan Wetherington,2,0,,2008
Nathan Zellner,3,0,,2011
Nathaniel Arcand,2,0,,2004
Nathaniel Brown,1,1,13.533477831200075,2009
Nathaniel Parker,5,2,14.31410594108779,2014
Naturi Naughton,3,1,17.57790872315172,2010
Natália Lage,2,0,,2010
Naunton Wayne,2,0,,1953
Naveen Andrews,7,1,16.895872127771682,2013
Navi Rawat,2,1,13.397830652031807,2005
Navid Negahban,2,0,,2015
Navin Nischol,2,0,,1981
Nawazuddin Siddiqui,11,7,15.841451017054634,2016
Nayanthara,8,1,16.860032995687696,2015
Nazareno Casero,3,0,,2011
Nazriya Nazim,2,2,14.1494252442521,2014
Ne-Yo,1,1,18.139790527871376,2007
Neal McDonough,15,5,16.52262068826019,2016
Nebojša Glogovac,6,0,,2016
Necla Nazır,2,0,,1975
Ned Beatty,35,8,17.76379883995334,2011
Nedumudi Venu,2,0,,2013
Neel Sethi,1,1,20.68924420909636,2016
Neeltje de Vree,1,1,14.27868403976785,2005
Neeraj Kabi,2,0,,2015
Neetu Chandra,3,0,,2009
Neetu Singh,2,0,,2010
Negar Javaherian,2,0,,2014
Neha Dhupia,3,0,,2010
Nehemiah Persoff,3,1,18.25275903392023,1986
Neil Bhoopalam,2,0,,2015
Neil Breen,3,0,,2016
Neil Dickson,1,1,11.627432027735706,1986
Neil Dudgeon,1,1,15.7427109080832,2007
Neil Hamilton,15,0,,1965
Neil Innes,2,0,,2002
Neil Maskell,8,2,11.87712690977882,2016
Neil Morrissey,2,0,,1998
Neil Newbon,3,0,,2017
Neil Nitin Mukesh,2,1,18.02020317735524,2015
Neil Patrick Harris,12,6,17.660551560456728,2013
Neil Ryan Sese,2,0,,2016
Neil Young,6,0,,2012
Neil deGrasse Tyson,3,0,,2017
Neill Barry,2,0,,1985
Nejat İşler,3,0,,2011
Nell Cattrysse,1,1,15.515713427218031,2012
Nell O'Day,2,0,,1942
Nellie,1,1,14.582251078277402,2016
Nello Mascia,2,0,,2007
Nelly,1,1,11.16434623356714,2001
Nelly Frijda,4,0,,1995
Nelly Tagar,2,0,,2016
Nelsan Ellis,1,1,17.278480075345893,2014
Nelson Eddy,11,0,,1946
Nelson Xavier,2,0,,2010
Nene Otsuka,4,0,,2011
Nenji Kobayashi,1,1,15.808711380167136,2002
Nergis Öztürk,2,0,,2012
Neri Marcorè,5,1,14.916120849295057,2012
Nestor Carbonell,1,1,15.293982014081935,2005
Nestor Serrano,2,1,18.21332153684937,2012
Netta Garti,3,0,,2007
Neve Campbell,21,9,16.554484672874313,2013
Neville Brand,8,0,,1976
Ng Man-Tat,9,1,17.571505522425007,2001
Ni Dahong,1,1,18.197537192638155,2015
Ni Ni,2,1,18.372660340441165,2013
Nia Ann,2,0,,2011
Nia Long,14,8,17.121275296113645,2011
Nia Peeples,7,1,15.158956915259054,2015
Nia Vardalos,7,4,17.776646342465988,2016
Nic Rhind,2,0,,2017
Nichola Burley,5,1,16.713852138947402,2013
Nicholas Aaron,1,1,16.44637743722783,2003
Nicholas Art,2,1,17.681240358224564,2009
Nicholas Braun,4,2,13.650427653959115,2016
Nicholas Brendon,4,1,11.5387588900012,2013
Nicholas Campbell,4,1,13.587816669551248,1998
Nicholas Clay,4,2,16.497682573054384,1982
Nicholas D'Agosto,5,2,17.80800903786009,2011
Nicholas Galitzine,3,1,10.886445787656298,2017
Nicholas Gonzalez,2,0,,2013
Nicholas Hope,4,1,13.815510557964274,2012
Nicholas Hoult,12,7,16.898922224675417,2017
Nicholas Kadi,1,1,17.827569975128434,1981
Nicholas Lea,2,0,,2012
Nicholas Ofczarek,2,0,,2011
Nicholas Saputra,4,0,,2014
Nicholas Tse,11,3,14.994788509675471,2014
Nicholas Tucci,3,1,16.479051419080527,2013
Nicholas Turturro,4,0,,2009
Nichole Hiltz,2,0,,2008
Nicholle Tom,1,1,18.588252945139217,1993
Nick Adams,5,0,,1965
Nick Apollo Forte,1,1,16.176411444775596,1984
Nick Brimble,2,0,,2013
Nick Broomfield,6,0,,2003
Nick Cannon,8,1,17.86883319248637,2017
Nick Carter,3,0,,2016
Nick Cassavetes,4,1,15.068273526459642,1994
Nick Cave,5,0,,2016
Nick Cheung,16,1,18.300304216852552,2016
Nick Chinlund,7,1,17.251760072463004,2016
Nick Damici,5,1,10.411659658836555,2016
Nick Eversman,3,0,,2016
Nick Fenske,1,1,9.52325149847374,1998
Nick Frost,7,5,17.33152557149547,2014
Nick Giannopoulos,3,0,,2010
Nick Jonas,4,1,10.044118682275874,2016
Nick Kroll,5,1,11.597340140112587,2017
Nick Mancuso,9,1,16.479711896533075,2009
Nick Moran,3,1,15.17586358341355,2005
Nick Nevern,3,1,10.819178104338253,2014
Nick Nolte,50,22,17.017174885879317,2015
Nick Offerman,7,2,16.013442806981935,2017
Nick Pickard,1,1,14.648419680899378,1987
Nick Prueher,1,1,12.090515879894662,2009
Nick Robinson,5,2,14.418668642534595,2017
Nick Searcy,2,0,,2007
Nick Stahl,24,5,15.781215501953199,2011
Nick Swardson,5,1,17.912213719835453,2015
Nick Upton,2,0,,1993
Nick Zano,3,1,19.04215542495529,2009
Nick Zedd,4,0,,1987
Nicke Lignell,3,0,,2012
Nicki Aycox,6,0,,2014
Nickolas Grace,1,1,12.7098736543592,1988
Nicky Guadagni,1,1,13.125992783136,1997
Nicky Katt,3,3,15.396698908858392,2007
Nicky Whelan,2,0,,2017
Nicky Wu,2,0,,1995
Nico,4,0,,1995
Nico Evers-Swindell,1,1,16.523560759066484,2011
Nico Mirallegro,2,0,,2014
Nicol Williamson,6,1,16.225855376209704,1985
Nicola Fiore,2,0,,2016
Nicola Peltz,2,1,19.579142210328413,2014
Nicola Posener,3,0,,2014
Nicola Stapleton,2,0,,1995
Nicolai Cleve Broch,6,1,15.129595720042358,2013
Nicolaj Kopernikus,5,0,,2014
Nicolas Bedos,2,1,8.940629184845639,2017
Nicolas Bro,11,0,,2017
Nicolas Cage,71,47,17.42460998159521,2017
Nicolas Duvauchelle,10,0,,2016
Nicolas Marié,3,0,,2013
Nicolas Maury,2,0,,2013
Nicolas Vaporidis,5,0,,2013
Nicolas Wright,4,0,,2011
Nicole Ari Parker,3,1,16.462343578388385,2011
Nicole Beharie,4,0,,2012
Nicole Berger,3,0,,1960
Nicole Calfan,3,1,17.52725124139242,2012
Nicole Courcel,2,0,,1963
Nicole Eggert,6,0,,2006
Nicole Gale Anderson,2,0,,2011
Nicole Garcia,7,0,,2009
Nicole Grimaudo,3,1,15.92210692240807,2010
Nicole Hansen,1,1,13.01206625227174,1994
Nicole Kidman,50,33,16.897767227304556,2017
Nicole Maurey,3,0,,1962
Nicole Miller,1,1,9.305650551780507,2010
Nicole Muñoz,2,0,,2016
Nicole Oliver,3,0,,2012
Nicole Picard,1,1,14.827380887891852,1986
Nicole Stéphane,2,0,,1950
Nicole Vicius,2,1,9.824390231177423,2011
Nicole de Boer,4,1,13.125992783136,2008
Nicoletta Braschi,8,2,18.39395585221414,2005
Nicoletta Machiavelli,4,0,,1976
Nicolette Krebitz,5,0,,2011
Nicollette Sheridan,5,1,16.151286393402298,2016
Nicolás Saavedra,2,0,,2007
Niels Arestrup,10,2,15.933413750883904,2014
Niels Olsen,2,1,15.502892916721963,2005
Niels Schneider,3,1,11.050651881786404,2013
Niels-Bruno Schmidt,3,0,,2013
Nieve de Medina,1,1,11.89411154161822,2002
Nieves Navarro,7,0,,1977
Nigel Barber,5,0,,2016
Nigel Bennett,3,0,,2012
Nigel Bruce,16,0,,1952
Nigel Davenport,10,0,,1977
Nigel Green,7,0,,1971
Nigel Havers,2,1,14.699656951978522,1989
Nigel Hawthorne,9,2,16.023925224728167,2001
Nigel Lindsay,2,2,15.682508664422805,2013
Nigel Patrick,8,0,,1972
Nigel Terry,4,2,15.863395048969263,1993
Nikita Efremov,4,2,16.390204095091978,2016
Nikita Hopkins,2,1,17.634420693733023,2005
Nikita Mikhalkov,13,2,15.306372067936252,2010
Nikita Tarasov,2,0,,2015
Nikitin Dheer,1,1,17.942644943009366,2013
Nikki Blonsky,2,0,,2013
Nikki DeLoach,7,0,,2015
Nikki Hsieh,1,1,13.357501900541276,2015
Nikki Reed,12,1,15.341793574888326,2016
Nikki SooHoo,2,0,,2016
Niklas Ulfvarson,1,1,17.14771506813948,2004
Niklaus Lange,2,0,,2006
Nikohl Boosheri,2,0,,2013
Nikola Kojo,3,0,,2011
Nikola Rakočević,3,0,,2015
Nikola Ristanovski,2,0,,2015
Nikola Đuričko,3,0,,2009
Nikolai Bogolyubov,3,0,,1952
Nikolai Cherkasov,5,0,,1958
Nikolai Gubenko,2,0,,2013
Nikolai Karachentsov,6,0,,1998
Nikolai Kinski,1,1,16.861284117470245,2014
Nikolai Kryukov,2,0,,1967
Nikolai Nademsky,2,0,,1929
Nikolai Okhlopkov,2,0,,1938
Nikolai Rybnikov,4,0,,1961
Nikolaj Coster-Waldau,13,3,18.067449351263367,2017
Nikolaj Lie Kaas,20,1,15.590462908875947,2016
Nikolay Burlyaev,2,0,,1983
Nikolay Grinko,6,0,,1980
Nikolay Kryuchkov,4,0,,1956
Nikolay Stotskiy,2,0,,1994
Nikos Kalogeropoulos,2,0,,1984
Nilbio Torres,1,1,14.093146082434169,2015
Nils Aréhn,2,0,,1920
Nils Asther,6,0,,1962
Nils Brandt,2,0,,1982
Nils Verkooijen,4,0,,2014
Nimrat Kaur,2,2,16.27008800072525,2016
Nina Arianda,1,1,12.24003436206258,2014
Nina Dobrev,5,1,18.732723210401396,2015
Nina Foch,11,0,,1992
Nina Grebeshkova,2,0,,1982
Nina Hoss,11,2,15.103701703274567,2017
Nina Kunzendorf,1,1,14.973797056165798,2014
Nina Li Chi,2,1,15.938935132813262,1992
Nina Mae McKinney,2,0,,1935
Nina Ruslanova,6,0,,1998
Nina Usatova,2,1,14.351323580135322,2009
Ninel Myshkova,2,0,,1956
Ninetto Davoli,7,0,,1981
Ninja,1,1,18.46373590390153,2015
Nino Benvenuti,2,0,,1975
Nino Castelnuovo,4,0,,1975
Nino Manfredi,25,0,,2003
Nipsey Russell,1,1,16.862366128957152,1978
Nita Naldi,2,0,,1925
Nithya Menen,3,2,15.98415592838052,2016
Nitza Shaul,2,0,,1975
Nivin Pauly,4,4,14.811014402276319,2016
Noah Beery,7,0,,1934
"Noah Beery, Jr.",2,0,,1982
Noah Crawford,1,1,15.150511624696614,2008
Noah Emmerich,5,2,18.686620491421206,2004
Noah Fleiss,3,1,14.239576918411858,2004
Noah Hathaway,3,2,16.165213784589447,2012
Noah Huntley,2,1,18.23097057849132,2008
Noah Reid,2,0,,2011
Noah Ringer,1,1,19.579142210328413,2010
Noah Schnapp,1,1,19.32178925901524,2015
Noah Segan,6,0,,2015
Noah Silver,2,0,,2014
Noah Taylor,10,3,16.160032549626962,2014
Noah Wiseman,1,1,15.714100112503523,2014
Noah Wyle,7,0,,2015
Noam Chomsky,15,1,10.707616917521952,2015
Noam Jenkins,2,0,,2013
Noboru Andô,2,0,,1972
Nobu Kanaoka,2,0,,1992
Nobuko Miyamoto,9,1,17.001294103607492,2013
Nobuko Otowa,7,0,,1986
Nobuo Kaneko,5,1,10.919442607523228,1968
Noe Hernandez,2,0,,2016
Noel Clarke,13,2,12.990522654619445,2015
Noel Gallagher,3,1,12.32955496492666,2016
Noel Madison,2,0,,1943
Noel Neill,2,0,,1950
Noel Redding,2,0,,2013
Noel Willman,2,0,,1966
Noelle Parker,1,1,17.15490732034596,1988
Nolan Bushnell,2,1,13.111314563439445,2015
Nolan Gould,2,0,,2015
Nolan North,4,0,,2016
Non,2,1,16.770660027139765,2016
Nona Gaye,2,1,19.538689466320093,2005
Nonna Grishaeva,5,0,,2014
Nonna Mordyukova,3,0,,1977
Nonso Anozie,2,0,,2016
Noomi Rapace,14,8,17.220025207842955,2017
Nora Arnezeder,3,1,10.344351978996151,2014
Nora Dunn,1,1,16.66577655783713,2001
Nora Gregor,2,0,,1939
Nora Miao,4,1,18.258161814454592,1978
Nora Navas,2,1,15.142759814797872,2015
Nora Tschirner,10,2,17.957649576754573,2013
Nora Zehetner,4,1,15.181411887533688,2016
Nora von Waldstätten,5,0,,2016
Nora-Jane Noone,4,1,16.85798332511883,2016
Norah Baring,2,0,,1930
Norah Jones,1,1,16.896811994016357,2007
Norbert Weisser,6,0,,1996
Noreaga,1,1,14.341248045185235,2005
Norihei Miki,2,0,,1998
Noriko Hidaka,2,0,,2006
Noriko Kijima,2,0,,2010
Noriko Sakai,2,0,,2004
Norio Wakamoto,2,0,,2006
Norito Yashima,2,0,,2011
Norm Macdonald,5,0,,2017
Norma Aleandro,6,1,11.739263907180955,2009
Norma Bengell,5,0,,1967
Norma Crane,1,1,18.23801108657843,1971
Norma Shearer,18,2,14.405786344008746,2002
Norma Talmadge,4,0,,1929
Norman Fell,2,0,,1981
Norman Foster,5,0,,1933
Norman Kerry,5,0,,1927
Norman Lloyd,2,0,,1978
Norman Mailer,6,0,,2014
Norman Reedus,15,2,13.251828781531227,2015
Norman Wisdom,5,0,,1968
Norman Wooland,2,0,,1966
Norwood Fisher,2,0,,2011
Noura Azzagagh,1,1,8.912473274466036,2013
Noureen DeWulf,3,0,,2013
Nozomi Sasaki,4,0,,2014
Nozomu Sasaki,2,1,13.22342245512822,1999
Noé Blancafort,2,0,,2015
Noémie Lvovsky,5,0,,2016
Noël Coward,3,0,,1969
Noël Roquevert,2,0,,1960
Noëlle Adam,3,0,,1970
Nuno Lopes,4,0,,2016
Nurgaiv Rys,1,1,14.96676368267771,2016
Nushrat Bharucha,3,0,,2014
Nyree Dawn Porter,2,0,,1971
Néstor Cantillana,2,1,14.666185281753563,2012
Néstor Guzzini,3,0,,2014
Núria Gago,2,0,,2015
O'Shea Jackson Jr.,2,1,19.121969645568825,2017
O.C. Ukeje,2,0,,2015
O.E. Hasse,2,0,,1972
O.J. Simpson,2,0,,2016
O.P. Heggie,4,0,,1934
Oakes Fegley,1,1,18.783205907934256,2016
Oanh Nguyen,1,1,17.94541609980515,2004
Obba Babatundé,3,2,17.682592277802193,2001
Octavia Spencer,6,5,17.053810915232276,2017
Oded Fehr,3,2,18.746941105087053,2008
Odete Lara,3,0,,1969
Odette Annable,4,3,17.803065115447506,2011
Odette Joyeux,2,0,,1946
Odeya Rush,3,1,18.87913536439003,2017
Ofer Shechter,2,0,,2016
Ogie Banks,3,0,,2013
Oh Dal-su,9,1,15.286722647587206,2016
Oh Jung-se,3,0,,2014
Oh Man-seok,3,1,14.058583787326905,2011
Oh Yun-Hong,1,1,14.50865773852422,2005
Ohad Knoller,3,1,11.66312836254939,2012
Oiva Lohtander,2,0,,2003
Oja Kodar,2,0,,1995
Oka Antara,3,1,14.781432623934744,2014
Oksana Akinshina,9,1,16.637507289182356,2016
Oksana Fandera,3,1,14.053576612823544,2012
Ola Rapace,4,1,15.3841431424059,2016
Olaf Lubaszenko,3,0,,2002
Olavi Uusivirta,4,0,,2016
Oldřich Kaiser,3,0,,2006
Oleg Anofriev,3,0,,1974
Oleg Basilashvili,6,0,,2005
Oleg Borisov,4,0,,1982
Oleg Dal,4,0,,1979
Oleg Efremov,5,0,,1981
Oleg Kulikovich,2,2,15.562069226871156,2010
Oleg Menshikov,11,1,14.777349251363589,2017
Oleg Strizhenov,4,0,,1983
Oleg Tabakov,7,0,,1986
Oleg Taktarov,2,0,,2008
Oleg Vidov,3,0,,1967
Oleg Yankovskiy,15,0,,2009
Olek Krupa,1,1,18.18600235899821,1997
Olesya Rulin,2,0,,2013
Olesya Sudzilovskaya,2,0,,2013
Olga Aksyonova,2,0,,2014
Olga Baclanova,3,0,,1932
Olga Georges-Picot,5,0,,1974
Olga Gromova,2,0,,1982
Olga Karlatos,5,0,,1984
Olga Krasko,2,0,,2005
Olga Kurylenko,13,9,16.34490353843527,2016
Olga Schoberová,2,0,,1968
Olga Shuvalova,2,1,12.369177403396996,2010
Olga Sutulova,1,1,12.517728779793613,2008
Olga Tudorache,2,1,11.087543323021706,1994
Olimpia Di Nardo,2,0,,1984
Oliver Cooper,1,1,18.420680743952367,2012
Oliver Cotton,1,1,14.241595606336183,1999
Oliver Hardy,30,0,,1957
Oliver Hudson,2,0,,2016
Oliver James,2,1,16.514689122213696,2009
Oliver Kalkofe,2,0,,2008
Oliver Korittke,2,0,,2011
Oliver Masucci,1,1,17.05472815887949,2015
Oliver Milburn,2,0,,1998
Oliver O'Grady,1,1,12.212427411168182,2006
Oliver Platt,12,8,16.789292409449285,2016
Oliver Reed,33,2,17.39324991589429,1998
Oliver Sacks,2,0,,2014
Oliver Stokowski,2,0,,2010
Oliver Stone,4,0,,2017
Oliver Tobias,3,0,,2013
Oliver Wnuk,3,0,,2014
Olivera Katarina,2,0,,1970
Olivia Bonamy,3,0,,2007
Olivia Colman,6,1,10.013283218359012,2015
Olivia Cooke,4,3,16.15293234907735,2015
Olivia DeJonge,3,1,18.40505999281051,2016
Olivia Galudo,1,1,8.566935283311052,2008
Olivia Hamnett,1,1,14.045033716242523,1977
Olivia Holt,2,0,,2016
Olivia Hussey,5,1,17.476536119152478,2005
Olivia Munn,4,2,18.599269297013386,2016
Olivia Newton-John,8,5,16.800056138880592,2011
Olivia Pascal,2,0,,1977
Olivia Taylor Dudley,2,2,15.553466370951146,2015
Olivia Thirlby,9,2,17.757071132297305,2016
Olivia Wilde,16,11,15.955694670154708,2015
Olivia Williams,16,6,16.676271756471923,2014
Olivia d'Abo,11,1,13.48490706651988,2015
Olivia de Havilland,29,3,16.608822438334112,1964
Olivier Baroux,3,0,,2012
Olivier Barthelemy,3,0,,2012
Olivier De Funès,2,0,,1971
Olivier De Schutter,1,1,10.679849328089071,2015
Olivier Gourmet,20,3,14.585564426032397,2017
Olivier Gruner,8,0,,2016
Olivier Martinez,9,4,16.0136564578508,2015
Olivier Rabourdin,3,1,17.539372598392003,2013
Olivier Sitruk,2,0,,2002
Olivier Tuinier,3,0,,1995
Olle Sarri,2,0,,2009
Olly Alexander,2,0,,2014
Olympia Dukakis,10,1,19.505870012288337,2015
Om Puri,21,6,16.180355344013915,2016
Omar Chaparro,3,0,,2016
Omar Epps,11,9,16.848867311346496,2016
Omar Gooding,3,1,17.19588085375171,2016
Omar Metwally,2,1,17.024282308161332,2009
Omar Sharif,31,4,17.766716104248314,2005
Omar Sy,12,7,16.38198321626576,2017
Omari Hardwick,2,0,,2016
Omarion,2,0,,2007
Ombretta Colli,2,0,,1967
Omero Antonutti,6,0,,1988
Omid Djalili,4,1,17.90484257836283,2015
Omillio Sparks,1,1,14.560698803261822,2002
Omkar Das Manikpuri,1,1,15.747031969567487,2010
Ona Grauer,3,0,,2014
Onni Tommila,1,1,15.83041357850654,2014
Onslow Stevens,3,0,,1949
Onur Tukel,2,0,,2014
Oona Chaplin,4,0,,2016
Oona Laurence,2,0,,2016
Oona-Devi Liebich,2,0,,2007
Opeyemi Fagbohungbe,1,1,16.02133141452585,2015
Ophelia Lovibond,4,2,14.785047358830084,2017
Oprah Winfrey,4,1,10.068069352852072,2017
Orane Demazis,4,0,,1936
Oren Skoog,1,1,12.483480872303508,2009
Orestes Villasan Rodríguez,1,1,11.7360210151324,2000
Orestis Makris,2,0,,1957
Orfeas Avgoustidis,2,0,,2009
Orgyen Tobgyal,2,0,,2008
Orlando Bloom,17,9,17.965734450123993,2017
Orlando Brown,3,0,,2012
Orlando Jones,8,4,17.35556408423601,2013
Orly Silbersatz Banai,2,1,11.66312836254939,2012
Ornella Muti,23,1,16.97517619023924,2002
Orny Adams,1,1,14.825019464743828,2002
Orso Maria Guerrini,2,0,,2000
Orsolya Tóth,5,0,,2013
Orsolya Török-Illyés,2,0,,2016
Orson Bean,3,0,,1982
Orson Welles,39,4,14.95390671145584,2014
Orto Ignatiussen,2,0,,2013
Osama Bin Laden,2,0,,2010
Osamu Mukai,2,0,,2015
Osamu Saka,2,0,,2007
Osamu Takizawa,4,0,,1959
Oscar Dietz,2,0,,2014
Oscar Isaac,14,6,16.652497793071227,2017
Oscar James,2,0,,2007
Oscar Levant,5,1,15.319587954740548,1953
Oscar Martínez,3,0,,2016
Oscar Nunez,2,0,,2013
Oshri Cohen,4,0,,2009
Oskar Homolka,6,0,,1966
Oskar Werner,6,0,,1976
Osmar Prado,1,1,14.914122846632385,2002
Osric Chau,2,0,,2016
Ossi Oswalda,2,0,,1919
Ossie Davis,11,4,18.045487623095823,2002
Ota Jirák,2,0,,2006
Othon Bastos,2,0,,2001
Ottavia Piccolo,5,0,,1987
Ottaviano Dell'Acqua,2,0,,1984
Otto Jespersen,1,1,15.24094822539546,2010
Otto Kruger,8,0,,1950
Otto Sander,6,2,14.29200623255165,2012
Otto Tausig,2,0,,2007
Otto Waalkes,5,0,,2015
Ouassini Embarek,3,1,13.754638905638314,2004
Ousmane Sembene,2,0,,1977
Outi Mäenpää,4,0,,2012
Ovanes Torosian,3,0,,2014
Ove Sprogøe,5,0,,1976
Ovidiu Iuliu Moldovan,3,0,,1981
Ovono Candela,1,1,12.90935578327801,2008
Owen Asztalos,1,1,17.50738911028387,2017
Owen Benjamin,2,0,,2015
Owen Conway,2,0,,2017
Owen Hart,2,0,,2015
Owen Moore,5,1,14.603967918328545,1933
Owen Williams,2,0,,2016
Owen Wilson,35,31,17.680572313815983,2017
Oyafunmike Ogunlano,1,1,14.805757450469365,1993
Oz Zehavi,2,0,,2017
Ozzy Osbourne,3,0,,2011
P.J. Soles,2,1,18.064005800013632,1979
PJ DeBoy,1,1,15.460129689616847,2006
Paavo Pentikäinen,2,0,,1988
Pablo Cedrón,2,0,,2010
Pablo Cruz Guerrero,1,1,12.0435537160324,2010
Pablo Derqui,3,1,16.37156842610973,2016
Pablo Echarri,5,0,,2016
Pablo Francisco,2,0,,2011
Pablo Rago,4,2,17.16721517413953,2015
Pablo Schreiber,3,0,,2015
Pablo Verón,2,0,,2015
Pachara Chirathivat,2,0,,2012
Paco León,2,0,,2016
Paco de Lucía,2,0,,2010
Paddy Considine,18,3,14.512123097487896,2016
Paget Brewster,5,0,,2015
Paige O'Hara,2,1,19.74868516217705,1997
Paige Turco,2,2,17.862699780450754,1993
Paloma Kwiatkowski,2,0,,2016
Pam Dawber,1,1,16.189150488464772,1992
Pam Ferris,2,0,,2012
Pam Grier,16,4,16.24342318542029,2001
Pamela Adlon,7,2,14.565009307705916,2011
Pamela Anderson,6,2,17.180511596897542,2008
Pamela Brown,3,0,,1971
Pamela Duncan,2,0,,1957
Pamela Flores,2,0,,2016
Pamela Franklin,9,0,,1976
Pamela Gidley,5,2,12.000279732256809,2001
Pamela Jean Bryant,2,0,,1981
Pamela Reed,6,2,18.127996004971997,1990
Pamela Springsteen,2,0,,1989
Pamela Stephenson,3,0,,1987
Pamela Sue Martin,5,0,,1990
Pamela Tiffin,4,0,,1973
Pamela Tola,10,0,,2016
Pamelyn Chee,2,0,,2016
Pamelyn Ferdin,3,0,,1978
Pan Shulan,1,1,18.252880244427285,2016
Pankaj Kapur,5,0,,2013
Paola Corazzi,2,0,,1977
Paola Cortellesi,8,0,,2017
Paola Mendoza,2,0,,2009
Paola Pitagora,2,0,,1969
Paola Senatore,2,0,,1979
Paola Tedesco,3,0,,1977
Paolo Bonacelli,6,0,,1999
Paolo Briguglia,3,1,14.40656078055291,2015
Paolo Calabresi,2,0,,2014
Paolo Gozlino,2,0,,1969
Paolo Malco,3,0,,1982
Paolo Ruffini,2,0,,2012
Paolo Sassanelli,2,0,,2012
Paolo Stoppa,3,0,,1981
Paolo Villaggio,38,0,,2008
Paprika Steen,8,0,,2014
Parambrata Chatterjee,2,1,16.588099280204055,2012
Paresh Rawal,24,3,14.845858042417047,2015
Parineeti Chopra,4,0,,2014
Paris Hilton,6,1,18.04622175429584,2012
Paris Warner,1,1,13.504430201583936,2015
Parivash Nazarieh,2,0,,2000
Park Bo-young,5,0,,2015
Park Cheol-min,2,0,,2011
Park Hae-il,9,2,18.002863465478065,2014
Park Han-byul,2,0,,2008
Park Hee-soon,7,1,15.687312734865866,2013
Park In-hwan,2,0,,2014
Park Ji-ah ,3,0,,2008
Park Ji-yeon,1,1,9.598455841749232,2006
Park Joong-hoon,5,2,15.747270291122273,2011
Park Jung-Min,2,0,,2014
Park Ki-Woong,2,0,,2013
Park Myung-shin,3,1,12.76539982039228,2010
Park Sang-wook,2,0,,2010
Park Shin-hye,3,0,,2016
Park Si-yeon,1,1,15.182614454378228,2009
Park So-dam,2,0,,2015
Park Sung-woong,4,0,,2015
Park Won-sang,3,1,15.254081380005069,2010
Park Yong-Soo,1,1,15.163072926487535,2008
Park Yong-woo,4,0,,2011
Park Yu-hwan,1,1,20.030118656386467,2016
Parker Posey,23,5,14.77824903008666,2017
Parker Stevenson,3,0,,1998
Parminder Nagra,1,1,18.153828757708137,2002
Parris Mosteller,1,1,16.46641549808121,2011
Parry Shen,3,1,10.870547441461856,2010
Parvathy Thiruvothu,1,1,15.590462908875947,2015
Parvin Dabas,2,0,,2007
Parviz Parastui,3,0,,2005
Pascal Bongard,1,1,13.550647474046317,2005
Pascal Elbé,6,0,,2014
Pascal Elso,2,0,,2008
Pascal Greggory,13,0,,2010
Pascal Légitimus,3,0,,2016
Pascale Arbillot,3,0,,2011
Pascale Bussières,7,0,,2007
Pascale Hutton,2,0,,2014
Pascale Ogier,2,0,,1984
Pat Anderson,4,0,,2013
Pat Ast,1,1,14.735965806189991,1986
Pat Barrington,2,0,,1966
Pat Boone,7,3,12.001438354509679,2009
Pat Buchanan,2,0,,2011
Pat Carroll,2,0,,1973
Pat Crowley,3,0,,1972
Pat Finn,2,0,,2015
Pat Healy,8,2,11.971683792232138,2017
Pat Hingle,10,3,16.98023627759468,2001
Pat Mills,2,0,,2014
Pat Morita,11,5,16.87541829655904,2006
Pat O’Brien,24,0,,1951
Pat Priest,2,0,,1971
Pat Shortt,2,0,,2013
Patric Knowles,9,1,14.82200755772458,1955
Patrice Chéreau,3,1,13.035839881381422,2003
Patrice Wymore,2,0,,1953
Patricia Arquette,24,9,15.741875507268677,2015
Patricia Aulitzky,2,0,,2008
Patricia Callahan,1,1,12.167331817213745,2014
Patricia Charbonneau,2,1,14.690979295318174,1988
Patricia Clarkson,30,7,16.34246517433097,2014
Patricia Conde,1,1,14.725030419140715,2014
Patricia Ellis,6,0,,1938
Patricia Gozzi,2,0,,1965
Patricia Heaton,4,1,16.160168734540182,2014
Patricia Kalember,2,0,,2003
Patricia Manterola,2,0,,2001
Patricia Medina,8,0,,1956
Patricia Morison,4,0,,1947
Patricia Neal,13,2,16.092449003764543,1971
Patricia Owens,2,1,14.914122846632385,1958
Patricia Pillar,2,0,,2006
Patricia Quinn,3,0,,1971
Patricia Reyes Spíndola,3,0,,2015
Patricia Richardson,3,0,,2013
Patricia Roc,3,0,,1945
Patricia Tallman,2,1,15.579427153569512,2009
Patricia Velásquez,2,0,,2014
Patricio Guzmán,2,0,,2015
Patrick Allen,3,0,,1970
Patrick Bauchau,15,1,14.060338102949464,2010
Patrick Bergin,16,4,15.710163842840517,2015
Patrick Bouchitey,5,0,,2004
Patrick Breen,2,0,,2011
Patrick Bruel,11,0,,2017
Patrick Casey,1,1,12.483480872303508,2009
Patrick Cassidy,2,0,,1997
Patrick Chesnais,8,0,,2014
Patrick Dell'Isola,2,0,,2001
Patrick Dempsey,16,9,16.856313621774618,2016
Patrick Dewaere,8,0,,1981
Patrick Duffy,2,0,,2006
Patrick Fabian,3,1,18.031159208912687,2010
Patrick Fontana,2,1,15.424948470398377,2000
Patrick Fugit,4,0,,2015
Patrick Goyette,2,0,,2013
Patrick Houser,2,1,16.86279109339884,1984
Patrick Huard,7,1,16.354850151611576,2017
Patrick J. Adams,5,0,,2014
Patrick John Flueger,3,0,,2014
Patrick Kilpatrick,4,0,,2016
Patrick Labyorteaux,2,0,,2011
Patrick Macnee,6,1,16.705098286367402,1992
Patrick Magee,7,1,17.096008154388645,1981
Patrick Malahide,3,0,,2005
Patrick McGaw,2,0,,2001
Patrick McGoohan,9,1,17.576710673657836,1985
Patrick Mille,2,0,,2010
Patrick Moore,2,0,,2011
Patrick Muldoon,14,0,,2016
Patrick O'Bryan,2,1,14.899319482171585,1992
Patrick Probst,1,1,9.256651274839433,2010
Patrick Renna,4,0,,2015
Patrick Stewart,31,14,17.79122065913398,2017
Patrick Swayze,25,11,17.070616426215246,2006
Patrick Tam,3,0,,2015
Patrick Timsit,10,0,,2016
Patrick Tse Yin,1,1,17.571505522425007,2001
Patrick Warburton,10,1,15.954857639453628,2015
Patrick Wayne,4,1,16.588099280204055,1977
Patrick Wilson,25,11,17.1353736788453,2016
Patrick Wright,2,0,,1972
Patrick Wymark,4,0,,1971
Patrick d'Assumçao,2,1,9.761635928295886,2016
Patrika Darbo,2,0,,2012
Patrizia Gori,3,0,,1978
Patsha Bay,1,1,10.689213914389166,2010
Patsy Garrett,2,0,,1977
Patsy Kelly,4,0,,1938
Patsy Kensit,8,0,,2003
Patsy Ruth Miller,2,0,,1930
Patti Astor,2,0,,1983
Patti D'Arbanville,4,0,,1985
Patti Hansen,2,0,,1984
Patti LuPone,4,0,,2011
Patti Smith,3,0,,2016
Patton Oswalt,22,4,17.152467791119744,2016
Patty Andrews,2,0,,1975
Patty Duke,12,2,16.229667426615425,2000
Patty McCormack,2,0,,1995
Patty Mullen,1,1,12.231096910434909,1990
Patty Shepard,3,1,17.42054038602754,1974
Paul A. Partain,1,1,17.244938999967257,1974
Paul Ahmarani,3,0,,2012
Paul Anderson,3,1,14.301539468721632,2014
Paul Anka,1,1,17.729531566055094,1962
Paul Arthurs,1,1,12.32955496492666,2016
Paul Bartel,5,0,,2014
Paul Benjamin,2,0,,1978
Paul Bernard,2,0,,1947
Paul Bettany,14,8,18.22976112887029,2014
Paul Biensfeldt,2,0,,1922
Paul Birch,2,0,,1958
Paul Boensch III,1,1,14.522862373316178,1981
Paul Brannigan,3,2,15.632256336253343,2014
Paul Brennan,1,1,13.340616590483108,2011
Paul Burke,2,0,,1968
Paul Calderon,2,0,,2000
Paul Campbell,7,1,10.614400974640018,2015
Paul Capsis,1,1,12.844412469876426,1998
Paul Carafotes,2,0,,1989
Paul Carpenter,2,0,,1956
Paul Chun Pui,2,0,,1993
Paul Clemens,2,0,,2008
Paul Cook,2,0,,2000
Paul Copley,2,0,,1975
Paul Crauchet,2,0,,1978
Paul Dahlke,4,0,,1973
Paul Dano,12,9,15.311342597006323,2017
Paul Dawson,1,1,15.460129689616847,2006
Paul Dillon,2,0,,2007
Paul Dobson,2,0,,2011
Paul Dooley,2,0,,1982
Paul Douglas,13,0,,1959
Paul Eenhoorn,2,0,,2014
Paul Fenech,1,1,15.880866106215484,2003
Paul Fix,3,1,13.815510557964274,1970
Paul Frankeur,4,0,,1972
Paul Freeman,7,1,19.78146746112154,2012
Paul Frees,7,0,,1979
Paul Giamatti,27,15,17.729041245625783,2016
Paul Gleason,3,0,,1994
Paul Gordon,2,0,,2010
Paul Greene,4,0,,2016
Paul Gross,5,2,15.580763704503216,2015
Paul Guers,3,0,,1963
Paul Hamy,3,1,10.58877895713049,2016
Paul Henreid,11,1,16.163307993779867,1952
Paul Hilton,2,0,,2017
Paul Hipp,1,1,12.698992921027328,2000
Paul Hogan,7,4,18.302286269096918,2009
Paul Holmes,2,0,,2011
Paul Hubschmid,6,1,15.424948470398377,1966
Paul Hörbiger,2,0,,1933
Paul Iacono,2,0,,2014
Paul Jabara,1,1,13.75302113598832,1981
Paul Johansson,6,1,15.347500310639232,2014
Paul Kaye,2,2,11.239678338447503,2004
Paul Kelleher,2,0,,2012
Paul Kelly,10,1,20.538140352819724,1957
Paul Klinger,2,0,,1954
Paul Koslo,3,0,,1993
Paul Kratka,1,1,17.418016622440454,1982
Paul L. Smith,2,0,,1990
Paul Langton,2,0,,1955
Paul Le Mat,11,2,16.44092009424171,2001
Paul Logan,4,0,,2010
Paul Lukas,12,1,17.15483253590834,1954
Paul Mark Elliott,1,1,14.376290239740976,2007
Paul Massie,3,0,,1960
Paul Mazursky,2,0,,1979
Paul McCartney,12,1,16.32508282810844,2016
Paul McGann,8,1,17.553180176247643,2011
Paul McGillion,5,0,,2015
Paul McVey,2,0,,1942
Paul Mercurio,2,2,16.539407989410726,1994
Paul Meurisse,5,1,13.51678910853047,1969
Paul Michael Lévesque,2,0,,2011
Paul Mooney,2,0,,2002
Paul Muni,15,1,13.304684934198283,1959
Paul Müller,2,0,,1971
Paul Nakad,1,1,15.880866106215484,2003
Paul Naschy,4,0,,1981
Paul Newman,56,20,17.137433308954407,2015
Paul Nicholas,2,0,,1975
Paul Nicholls,2,0,,2015
Paul O'Brien,2,0,,2015
Paul Popowich,2,0,,2014
Paul Preiss,2,0,,2008
Paul Rae,1,1,16.716789174793295,2007
Paul Reiser,4,0,,2005
Paul Reubens,10,5,16.18866824240566,2016
Paul Rhys,6,0,,2005
Paul Robeson,9,0,,1942
Paul Rodríguez,6,1,14.015861929720764,2006
Paul Roebling,2,0,,1985
Paul Rudd,26,16,17.865816711017935,2016
Paul Rust,1,1,16.546313344679415,2009
Paul Sand,2,0,,1980
Paul Scherrer,1,1,15.75870072550718,1993
Paul Schneider,7,2,15.772964825818159,2015
Paul Scofield,10,2,16.446285379142186,1997
Paul Simon,3,0,,2012
Paul Sorvino,16,2,13.534767310215415,2016
Paul Soter,1,1,15.42527941562996,2004
Paul Sparks,2,0,,2013
Paul Spence,2,0,,2010
Paul Stanley,2,0,,2016
Paul Stewart,2,0,,1955
Paul Walker,20,16,17.764351737262803,2015
Paul Watson,4,0,,2015
Paul Wegener,4,0,,1928
Paul Wesley,6,0,,2014
Paul Williams,6,1,15.552276914453843,2016
Paul Winfield,8,0,,2000
Paul de Leeuw,3,0,,2002
Paula Beer,3,1,13.68821567780553,2016
Paula E. Sheppard,2,0,,1982
Paula Garcés,4,2,17.23234488228944,2014
Paula Jai Parker,1,1,15.837469294959844,1997
Paula Kalenberg,2,0,,2013
Paula Kelly,2,0,,1996
Paula Marshall,3,0,,1998
Paula Patton,12,9,17.923661046679317,2016
Paula Prentiss,11,0,,2016
Paula Raymond,6,1,15.424948470398377,1961
Paula Rhodes,2,0,,2014
Paula Stone,3,0,,1937
Paula Vesala,4,0,,2016
Paula Wessely,2,0,,1957
Paulette Dubost,2,0,,1965
Paulette Goddard,17,1,15.955576721460544,1953
Paulie Redding,2,0,,2014
Paulin Jaccoud,1,1,12.58546410452254,2016
Paulina Andreeva,1,1,13.054861536635544,2014
Paulina Gaitán,5,1,15.445095352157676,2012
Paulina García,2,1,14.561214609262825,2016
Paulina Porizkova,3,1,10.691944912900398,2001
Pauline Brunner,1,1,15.908504844894942,2012
Pauline Collins,4,1,16.502263643578942,1997
Pauline McLynn,2,0,,2005
Pauline Étienne,3,0,,2014
Paulo Araujo,1,1,13.03513088506141,2007
Paulo Autran,3,0,,2006
Paulo Costanzo,3,1,11.729575982087772,2013
Paulo César Peréio,3,0,,1990
Paulo Gracindo,2,0,,1968
Paulo Gustavo,4,0,,2016
Paulo José,4,0,,2011
Paulus Manker,2,0,,2006
Pauly Shore,10,4,17.190317544828403,2009
Pavel Derevyanko,9,1,16.08902722846097,2016
Pavel Liška,6,0,,2010
Pavel Luspekayev,2,0,,1970
Pavel Priluchniy,1,1,14.566393957624776,2013
Pavel Priluchnyy,3,2,14.885498603899308,2010
Pavel Trávníček,3,0,,1982
Pavle Vuisić,2,0,,1982
Pawan Kalyan,5,1,16.588099280204055,2013
Pawel Delag,2,0,,2003
Paz Vega,13,3,15.292370845843429,2016
Paz de la Huerta,6,2,14.825786741079199,2015
Pearl Bailey,2,1,17.210018951475632,1981
Pedro Armendáriz,11,2,16.521671396902477,1963
Pedro Armendáriz Jr.,4,0,,1999
Pedro Cardoso,2,1,12.646660337328704,2007
Pegah Ahangarani,3,0,,2008
Peggie Castle,3,0,,1957
Peggy Ashcroft,5,3,14.017924530062208,1988
Peggy Cummins,7,0,,1957
Peggy Dow,3,0,,1951
Peggy Lee,1,1,18.35454094144782,1955
Peggy Lipton,2,0,,2000
Peggy Moran,2,0,,1941
Peggy Webber,2,0,,1958
Pekka Strang,2,0,,2017
Pell James,2,1,13.924807017622124,2008
Pelle Heikkilä,2,0,,2015
Penelope Ann Miller,18,9,16.41391611949653,2013
Penn Badgley,3,1,18.13236253587588,2012
Penn Jillette,2,0,,2015
Penny Downie,2,0,,2009
Penny Singleton,6,0,,1990
Pentti Siimes,4,0,,1994
Penélope Cruz,30,18,16.26594942579531,2015
Pep Tosar,2,0,,1998
Pepper LaBeija,1,1,15.145134033441852,1990
Peppino De Filippo,7,0,,1961
Pepón Nieto,3,0,,2015
Per Christian Ellefsen,3,0,,2010
Per Löfberg,2,0,,2013
Per Oscarsson,5,0,,1983
Per Ragnar,2,1,16.19374110486672,2008
Percy Kilbride,2,0,,1950
Percy Marmont,3,0,,1937
Perdita Weeks,2,1,17.506886892276796,2014
Perla Haney-Jardine,2,0,,2012
Pernell Roberts,4,0,,1970
Pernilla August,10,0,,2015
Pernille Vallentin,2,0,,2009
Perrey Reeves,1,1,16.83887040119806,1991
Perry King,7,1,15.201804919084164,2005
Perry Lang,2,0,,1986
Persis Khambatta,2,0,,1983
Pertti Koivula,4,0,,1998
Pertti Sveholm,5,0,,2011
Peta Wilson,4,2,14.968741911823976,2009
Petar Strugar,2,0,,2014
Petchtai Wongkamlao,3,2,16.063820218618247,2013
Pete Postlethwaite,14,5,17.773081763334012,2011
Pete Townshend,8,0,,2015
Peter Andersson,3,0,,2014
Peter Baldwin,4,0,,1965
Peter Bart,1,1,13.390282951754743,2005
Peter Behn,1,1,19.404432534687334,1942
Peter Benson,3,0,,2016
Peter Berg,6,3,15.28762241424809,2011
Peter Billingsley,4,2,15.687144517705374,1993
Peter Bogdanovich,10,0,,2018
Peter Boyle,22,7,16.409049110006077,1992
Peter Breck,4,0,,1963
Peter Breitmayer,2,0,,2015
Peter Brown,5,0,,2011
Peter Capaldi,8,2,17.502533529731775,2015
Peter Carsten,3,0,,1971
Peter Cook,6,0,,1978
Peter Coyote,27,2,17.086904225493008,2015
Peter Cullen,4,1,15.581891875507052,2013
Peter Cushing,52,2,15.020740162262559,1984
Peter Dalle,2,0,,2010
Peter Dante,2,1,15.693168938399074,2010
Peter Davison,2,0,,2007
Peter Dinklage,9,3,17.822681479325706,2016
Peter Dobson,2,0,,2007
Peter Donat,2,0,,1984
Peter Dyneley,2,0,,1968
Peter Egan,2,0,,1994
Peter Ellenstein,1,1,16.86279109339884,1984
Peter Faber,2,0,,1990
Peter Facinelli,11,2,14.188624436520454,2014
Peter Falk,32,7,15.144085921627594,2006
Peter Feeney,1,1,15.414436816032635,2006
Peter Ferdinando,3,1,10.399585250897506,2014
Peter Finch,18,2,16.672757056473586,1976
Peter Firth,5,2,15.220240051434468,2015
Peter Fitz,2,1,10.144903148637786,2000
Peter Fonda,24,2,13.588966573053197,2013
Peter Franzén,15,0,,2016
Peter Gallagher,19,4,16.333579343249866,2011
Peter Gantzler,3,0,,2008
Peter Gorissen,2,0,,2006
Peter Graves,9,0,,1979
Peter Greene,6,1,15.960074590862956,2015
Peter Haber,9,0,,2015
Peter Horton,5,1,16.454567887579532,2003
Peter Hudson,2,0,,2013
Peter J. Lucas,2,0,,2007
Peter Jackson,4,0,,2011
Peter Jacobson,2,0,,2006
Peter Jason,2,0,,2013
Peter Jones,2,0,,2013
Peter Kazungu,1,1,10.096872681686062,2012
Peter Keleghan,2,0,,2005
Peter Krause,2,1,14.527256209742836,2006
Peter Kubelka,2,0,,2012
Peter Lanzani,1,1,16.83016247105625,2015
Peter Lawford,15,0,,1970
Peter Lee Lawrence,4,0,,1973
Peter Liapis,2,1,17.37085861945369,1994
Peter Lohmeyer,2,0,,2003
Peter Lorre,27,2,14.037611743506728,1963
Peter MacNeill,2,0,,2013
Peter MacNicol,5,3,17.674037631515777,1998
Peter Magnusson,2,0,,2014
Peter Mark Richman,3,0,,1966
Peter Marquardt,1,1,14.528911244551464,1992
Peter McDonald,4,0,,2013
Peter McEnery,5,0,,1975
Peter Michael Dillon,2,0,,2013
Peter Mullan,16,4,12.893792767960674,2017
Peter Musevski,2,0,,2009
Peter Mygind,2,0,,2013
Peter Newman,1,1,14.490622578337398,1988
Peter O'Brien,3,0,,2016
Peter O'Toole,32,8,16.58610519608768,2008
Peter Ostrum,1,1,15.201804919084164,1971
Peter Outerbridge,4,0,,2000
Peter Paul,3,0,,1994
Peter Paul Muller,2,0,,2011
Peter Phelps,2,0,,1996
Peter Plaugborg,2,0,,2015
Peter Riegert,7,1,16.604367175040583,2011
Peter Sallis,6,1,19.07536165309628,2008
Peter Sarsgaard,19,13,17.100597347886143,2016
Peter Sellers,38,9,16.887475347810014,1982
Peter Simonischek,2,1,14.144938038458784,2016
Peter Stebbings,2,0,,2008
Peter Steele,2,0,,2006
Peter Stormare,24,4,15.351288909523433,2017
Peter Strauss,5,1,16.61887093887081,2014
Peter Sunde,2,1,10.453456963419743,2013
Peter Tuinman,2,0,,2000
Peter Ustinov,27,5,15.795697987546262,1998
Peter Vack,2,0,,2015
Peter Vaughan,5,2,14.435310042088481,2003
Peter Watkins,2,0,,1965
Peter Weller,20,4,16.890676174418672,2013
Peter Wingfield,2,0,,2010
Peter Woodthorpe,2,0,,1972
Peter Woodward,2,0,,2010
Peter Wyngarde,2,0,,1962
Peter Zizzo,1,1,13.82344102849015,2009
Peter van Eyck,4,0,,1960
Peter van den Begin,6,0,,2016
Peter van den Eede,2,0,,2013
Peter-Henry Arnatsiaq,1,1,15.147032157312047,2002
Petr Kostka,3,0,,1977
Petr Čepek,3,0,,1994
Petra Schmidt-Schaller,2,0,,2014
Petronella Barker,2,0,,2006
Petros Lagoutis,2,0,,2008
Petteri Summanen,4,1,14.695798497619505,2008
Petula Clark,2,0,,1969
Peyton List,5,0,,2016
Pfeifer Brown,1,1,17.568875641192022,2015
Phellipe Haagensen,1,1,17.2378746687922,2002
Phil Austin,2,0,,2013
Phil Collins,2,0,,2010
Phil Daniels,3,0,,1984
Phil Davis,8,1,13.99141322435594,2015
Phil Fondacaro,2,0,,2005
Phil Harris,6,4,17.19716330239256,1973
Phil Hartman,7,3,17.490368441992064,1997
Phil Jackson,1,1,16.872739167399217,2000
Phil LaMarr,3,0,,2011
Phil Proctor,2,0,,1976
Phil Silvers,7,0,,1979
Phil Vischer,10,0,,2008
Philip Baker Hall,5,3,14.99602985188883,2003
Philip Bosco,3,0,,2011
Philip Carey,9,0,,1964
Philip Casnoff,3,0,,1986
Philip Dorn,5,0,,1944
Philip Johnson,2,0,,2009
Philip Kwok Chun-Fung,5,0,,1983
Philip Michael Thomas,3,0,,2003
Philip Seymour Hoffman,28,20,16.72653483975796,2014
Philippe Caubère,3,0,,1990
Philippe Clay,2,0,,1999
Philippe Duquesne,2,0,,2013
Philippe Garrel,2,0,,1989
Philippe Labro,1,1,16.82203834965447,2001
Philippe Lacheau,3,1,12.312367724347776,2017
Philippe Laudenbach,4,0,,2016
Philippe Leroy,10,0,,1977
Philippe Léotard,2,0,,1982
Philippe Nahon,8,0,,2012
Philippe Noiret,31,1,16.299616970981557,2003
Philippe Petit,2,1,14.900016484767482,2008
Philippe Reinhardt,2,1,18.03692112801471,2016
Philippe Torreton,7,1,15.988712784145845,2016
Philippe Volter,1,1,14.50863523827109,1991
Phillip Glasser,3,3,15.650574622293078,1994
Phillip Ko Fei,3,0,,1983
Phillip Pine,2,0,,1958
Phillip Reed,2,0,,1953
Phillip Rhee,3,1,15.687312734865866,2015
Phillip Sacramento,3,0,,2011
Phillip Terry,2,1,16.213405830762646,1960
Phillips Holmes,7,0,,1936
Phoebe Cates,10,6,16.139519934575084,1994
Phoebe Fox,1,1,17.092705214238563,2014
Phoebe Tonkin,4,1,16.619170045649067,2016
Phuong Duong,1,1,9.239899174217728,1997
Phylicia Rashād,3,1,13.449046427330812,2012
Phyllida Law,3,1,18.633605670505816,2002
Phyllis Brooks,3,0,,1939
Phyllis Calvert,4,0,,1952
Phyllis Coates,2,0,,1957
Phyllis Davis,2,0,,1973
Phyllis Diller,4,0,,1967
Phyllis Haver,2,0,,1927
Phyllis Kirk,3,1,16.985196138641705,1954
Phyllis Smith,2,1,20.569661377580257,2015
Phyllis Thaxter,4,0,,1952
Pia Degermark,2,0,,1969
Pia Zadora,2,0,,1983
Pia Zemljič,2,0,,2015
Pier Angeli,6,2,15.003056449854672,1970
Pier Giorgio Bellocchio,2,0,,2013
Pier Paolo Capponi,5,0,,1977
Pier Paolo Pasolini,3,0,,2006
Pier-Gabriel Lajoie,1,1,8.474911799159631,2013
Piera Degli Esposti,2,0,,2016
Pierce Brosnan,45,23,17.671718858935602,2017
Pierfrancesco Favino,12,1,15.394745724869848,2016
Piero Lulli,3,0,,1970
Piero Mazzarella,2,0,,1983
Pierpaolo Zizzi,1,1,14.916120849295057,2009
Pierre Arditi,10,1,16.523560759066484,2013
Pierre Batcheff,2,0,,1929
Pierre Blanchar,4,0,,1946
Pierre Bokma,4,0,,2016
Pierre Boulanger,1,1,16.264481778804917,2003
Pierre Brasseur,7,0,,1969
Pierre Brice,10,0,,1967
Pierre Clémenti,7,0,,1982
Pierre Coffin,3,0,,2016
Pierre Dux,3,0,,1988
Pierre Fresnay,10,0,,1947
Pierre Larquey,2,0,,1946
Pierre Mondy,5,0,,1986
Pierre Niney,8,2,15.274749897637887,2016
Pierre Png,1,1,13.253391639810731,1998
Pierre Renoir,2,0,,1938
Pierre Richard,16,0,,2006
Pierre Vaneck,6,0,,2008
Pierre Vernier,2,0,,2004
Pierre Étaix,4,0,,1971
Pierre-François Martin-Laval,2,0,,2013
Pierre-Marie Escourrou,2,0,,1987
Pierson Fode,2,0,,2015
Pietro Germi,2,0,,1961
Pietro Martellanza,3,0,,1972
Pietro Sermonti,2,1,14.037652007342016,2013
Pietro Sibille,2,0,,2010
Pigmalion Dadakaridis,2,0,,2017
Pihla Penttinen,2,0,,2013
Pihla Viitala,5,0,,2010
Pilar Castro,2,1,15.029724541931875,2009
Pilar López de Ayala,7,0,,2016
Pilou Asbæk,8,2,16.43648081064476,2017
Pink,2,1,18.82885196057716,2011
Pinto Colvig,21,0,,1949
Pio Marmaï,5,0,,2015
Piolo Pascual,1,1,13.052129736481245,2013
Piotr Adamczyk,6,0,,2017
Piotr Fronczewski,5,0,,2002
Piotr Garlicki,2,0,,2011
Piotr Głowacki,2,0,,2015
Piotr Stramowski,2,0,,2016
Piper Laurie,11,4,16.014957250088532,2010
Piper Perabo,16,8,16.27305316063747,2017
Pippa Black,2,0,,2014
Pippa Scott,2,1,16.213405830762646,1974
Pippo Franco,3,0,,1982
Pirkka-Pekka Petelius,8,0,,2015
Pirkko Hämäläinen,2,0,,1982
Pit Bukowski,2,0,,2015
Plinio Fernando,6,0,,1990
Pola Chapelle,2,0,,1972
Pola Negri,4,0,,1943
Polina Agureyeva,1,1,14.60806089429916,2006
Polina Filonenko,1,1,12.369177403396996,2008
Polly Adams,1,1,18.150001251601957,2006
Polly Ann Young,2,0,,1941
Polly Bergen,9,1,15.927702768474786,1990
Polly Cole,2,0,,2011
Polly Draper,3,0,,2007
Polly Shannon,3,0,,2005
Polly Walker,7,0,,1999
Pollyanna McIntosh,4,0,,2015
Pom Klementieff,2,0,,2015
Pongsatorn Sripinta,2,0,,2015
Pooja Chopra,2,0,,2013
Pooja Hegde,1,1,16.59928646959462,2016
Pooja Kumar,1,1,17.7473361906886,2013
Pooja Umashankar,1,1,15.83041357850654,2009
Poonam Dhillon,2,0,,1988
Pope Benedict XVI,1,1,12.212427411168182,2006
Poppy Montgomery,3,0,,2011
Porter Hall,2,0,,1945
Portia Doubleday,3,2,15.11798916220583,2015
Portia de Rossi,5,1,16.775351422077776,2015
Poul Bundgaard,4,0,,1976
Powers Boothe,17,5,16.85857847690565,2007
Prabhas,5,2,18.83713530541992,2017
Prabhu Deva,1,1,12.310432660854415,2013
Prabhu Ganesan,2,1,16.70588231586044,2009
Pradeep Ram Singh Rawat,2,0,,2015
Prakash Raj,12,6,15.549679826239478,2015
Pran,2,0,,1978
Pranitha Subhash,2,0,,2015
Prateik Babbar,2,0,,2015
Predrag 'Miki' Manojlović,12,0,,2010
Preeti Jhangiani,2,0,,2006
Preity Zinta,13,4,16.65523381257285,2006
Presley Chweneyagae,2,1,16.106020134497072,2013
Preston Foster,15,1,13.764217263576723,1964
Primo Reggiani,1,1,15.45488312432892,2005
Prince,4,2,17.08393930532628,1990
Priscilla Alden,2,0,,1987
Priscilla Bonner,2,0,,1926
Priscilla C. Shirer,1,1,18.031926975323938,2015
Priscilla Lane,11,0,,1947
Priscilla Presley,4,4,17.761152463191934,1994
Prithviraj Kapoor,2,0,,1960
Prithviraj Sukumaran,3,0,,2013
Priya Anand,2,2,15.2306503326603,2012
Priya Bapat,3,0,,2015
Priyamani,2,1,11.77528972943772,2012
Priyanka Chopra,34,12,16.267930379460953,2016
Priyanka Kothari,2,0,,2009
Priyanshu Chatterjee,2,1,14.21226584546817,2004
Pruitt Taylor Vince,3,1,14.781276933298956,2007
Puneet Issar,2,0,,1986
Pupella Maggio,2,0,,1973
Puppa Armbruster,2,0,,1973
Pyotr Fyodorov,7,4,15.262895399757276,2016
Pyotr Glebov,2,0,,1981
Pyotr Mamonov,5,1,12.883639074123096,2011
Pyotr Zaychenko,3,0,,2011
Pádraic Delaney,1,1,16.946167790178425,2006
Pär Sundberg,3,0,,1970
Pål Sverre Hagen,5,1,15.129595720042358,2016
Péter Scherer,2,0,,2015
Q'orianka Kilcher,2,2,15.395253976871178,2010
Qiao Zhenyu,1,1,8.517193191416238,2015
Qin Hao,4,0,,2016
Queen Latifah,16,10,17.76259800339364,2017
Quentin Dolmaire,1,1,12.503001831338617,2015
Quentin Tarantino,5,1,17.067303268550376,2004
Quim Gutiérrez,9,1,13.653296287935444,2015
Quincy Jones,4,1,18.324990762032343,2016
Quinn Cummings,1,1,18.440483371248543,1977
Quinn K. Redeker,2,0,,1970
Quinton Aaron,1,1,19.549525746890865,2009
Quvenzhané Wallis,2,2,17.78858519088884,2014
R. G. Armstrong,2,1,16.454567887579532,1984
R. Kelly,3,0,,2012
R. Lee Ermey,5,2,14.485633602027981,2003
R.A. Mihailoff,2,1,15.567413191756163,2016
R.D. Robb,1,1,9.114930187171524,1997
R.H. Thomson,3,0,,2001
RJ Cyler,2,1,18.77370972945491,2017
RJ Mitte,2,0,,2016
RZA,4,1,18.04812071170273,2015
Raad Rawi,1,1,15.560914172685436,2011
Raashi Khanna,1,1,15.687312734865866,2013
Rabah Nait Oufella,1,1,15.226497531674536,2016
Rachael Blake,7,0,,2014
Rachael Crawford,3,0,,1999
Rachael Harris,5,4,16.332339443468904,2014
Rachael Leigh Cook,23,4,16.004660009623652,2016
Rachael Lillis,5,4,17.68907493096795,2002
Rachael Stirling,3,0,,2011
Rachael Taylor,8,2,14.927369718008336,2016
Rachel Bilson,3,2,13.119907209972066,2011
Rachel Blanchard,2,0,,2012
Rachel Boston,4,0,,2015
Rachel Dratch,3,1,13.647314366800249,2016
Rachel G. Fox,2,0,,2013
Rachel Griffiths,13,5,14.231499238339234,2016
Rachel Hendrix ,1,1,15.49369941929108,2011
Rachel House,1,1,20.281708882631616,2016
Rachel Hunter,5,0,,2012
Rachel Hurd-Wood,2,2,17.619248399748827,2010
Rachel Korine,4,0,,2016
Rachel Lemieux,2,0,,1995
Rachel McAdams,21,18,17.89399014826208,2016
Rachel McDowall,1,1,16.713852138947402,2010
Rachel Melvin,2,2,14.281307830092798,2014
Rachel Miner,3,0,,2011
Rachel Nichols,9,3,16.932283030135043,2016
Rachel Riley,2,0,,2016
Rachel Roberts,6,1,16.789816059012004,2002
Rachel Shelley,2,1,15.907374619642669,2003
Rachel Ticotin,4,2,17.516916234545118,1995
Rachel True,1,1,10.216618049441497,1997
Rachel Ward,11,4,15.997581505949025,2016
Rachel Weisz,32,21,16.99561866716739,2017
Rachele Brooke Smith,2,0,,2016
Rachelle Lefevre,6,1,16.523560759066484,2016
Rachida Brakni,4,0,,2009
Rade Marković,2,0,,1972
Rade Serbedzija,9,2,16.06642714973433,2010
Radha Mitchell,25,11,15.534607278262508,2016
Radha Ravi,1,1,16.300417207752275,2013
Radhika Apte,6,1,18.119575651168443,2016
Radu Banzaru,1,1,10.4195394952737,2015
Rae Dawn Chong,13,3,15.545439976509149,1995
Raf Mauro,1,1,16.64250921905574,1982
Raf Vallone,11,0,,1978
Rafael Ferro,4,0,,2016
Rafael Morais,2,0,,2011
Rafael Spregelburd,4,0,,2015
Rafe Spall,8,2,16.515851302040844,2016
Raffaëla Anderson,2,1,13.754638905638314,2001
Raffey Cassidy,2,1,19.15858292023376,2015
Rafi Gavron,2,0,,2016
Rafi Naabzada,1,1,11.528237633071834,2009
Rafinha Bastos,2,0,,2017
Raghuvaran,6,4,14.918710131299433,2000
Rahart Adams,2,0,,2016
Rahul Bose,3,0,,2007
Rahul Dev,2,0,,2006
Rahul Khanna,2,1,16.213405830762646,2009
Rahul Rai,1,1,10.552186379610337,2011
Raimondo Vianello,4,0,,1968
Raimu,5,0,,1940
Raimund Harmstorf,3,0,,1979
Rain,4,3,16.247510389636215,2014
Rain Tolk,2,0,,2012
Rainer Werner Fassbinder,6,0,,1982
Raini Rodriguez,1,1,18.493905573393192,2015
Rainie Yang,2,0,,2010
Rainn Wilson,7,5,12.82115624490898,2017
Raisa Ryazanova,2,0,,1980
Raizô Ichikawa,12,0,,1964
Raj Babbar,4,0,,2011
Raj Kapoor,2,0,,1970
Rajat Barmecha,2,0,,2011
Rajat Kapoor,4,0,,2013
Rajeev Khandelwal,2,0,,2013
Rajendran,1,1,15.83041357850654,2009
Rajesh Khanna,5,0,,1982
Rajesh Tailang,2,0,,2015
Rajinikanth,6,4,17.336432722593752,2016
Rajit Kapoor,3,0,,2005
Rajkummar Rao,5,0,,2015
Rajpal Yadav,3,1,16.11809565095832,2013
Ralf Moeller,2,0,,2010
Ralph Bates,4,0,,1975
Ralph Bellamy,21,1,19.953237612050508,1990
Ralph Brown,4,1,12.976814925428114,2012
Ralph Byrd,4,0,,1948
Ralph Cotterill,2,0,,1993
Ralph Fiennes,35,21,17.251805858423577,2015
Ralph Forbes,6,0,,1933
Ralph Graves,5,0,,1931
Ralph Ineson,2,1,17.51493286537508,2017
Ralph Lewis,3,0,,1919
Ralph Macchio,11,6,17.539190070780748,2014
Ralph Meeker,6,0,,1976
Ralph Morgan,2,0,,1942
Ralph Richardson,22,2,17.05173387278388,1984
Ralph Waite,2,1,17.303173759493497,1996
Ralphie May,2,0,,2015
Ram Charan,2,0,,2013
Ram Dass ,2,0,,2013
Ram Kapoor,1,1,12.589632918250288,2010
Ramaz Chkhikvadze,3,0,,1988
Ramaz Giorgobiani,2,0,,1984
Rami Malek,2,2,15.435834165856061,2017
Ramiro Rodriguez,1,1,17.6378289410531,2015
Ramon Bieri,2,1,16.050477940646527,1979
Ramon Novarro,8,3,14.64229900919583,1932
Ramon Tikaram,1,1,15.228713367578814,1996
Ramona Badescu,2,0,,1995
Ramsey Nasr,2,0,,2012
Ramy Zada,2,0,,1990
Ramya Krishnan,2,0,,1999
Ramzy Bedia,8,1,11.547365538283769,2016
Ramón Madaula,1,1,15.144477932213052,1994
Ramón Rodríguez,2,1,19.12608626313261,2017
Rana Daggubati,3,3,17.289110988924133,2017
Ranbir Kapoor,13,8,16.05760537017693,2016
Randal Douc,1,1,10.862147880776792,2014
Randall Batinkoff,6,1,16.678542693306042,2016
Randall William Cook,1,1,11.926378583800576,1989
Randeep Hooda,9,3,17.67089818074849,2016
Randolph Scott,50,1,14.151982794585487,1962
Randy Couture,2,0,,2013
Randy Harrison,2,0,,2014
Randy Norton,1,1,13.542234879951565,1983
Randy Orton,2,0,,2015
Randy Quaid,28,9,15.877453258020587,2009
Randy Travis,7,0,,2011
Randy Wayne,5,0,,2013
Rani Mukerji,26,5,15.859652026417725,2014
Ranveer Singh,6,3,16.79874476337574,2015
Ranvir Shorey,6,0,,2016
Raoul Bova,15,2,17.758268956154932,2015
Raoul Max Trujillo,1,1,18.60446198488888,2006
Raphael Barker,2,0,,2014
Raphael Sbarge,3,1,14.377397479208613,1997
Raphaël Coleman,1,1,16.556350581889475,2008
Raphaël Personnaz,9,2,11.182790135125785,2016
Raphaëlle Agogué,2,1,12.63370359940466,2012
Raquel Castro,1,1,17.401758602354068,2004
Raquel Torres,2,0,,1930
Raquel Welch,17,2,15.60727002719233,1993
Raquela Rios,1,1,8.566935283311052,2008
Rashida Jones,5,2,16.63929178384199,2014
Rasika Dugal,2,0,,2014
Rasim Öztekin,3,0,,2014
Rasmane Ouedraogo,2,0,,2008
Raul Lovecchio,2,0,,1973
Raushanah Simmons,2,0,,2014
Raveena Tandon,7,1,10.1285891855565,2002
Raven-Symoné,7,2,18.513718220843305,2010
Ravi Ramos Lacerda,2,0,,2003
Ravi Teja,2,0,,2009
Rawiri Paratene,1,1,17.538791438795542,2003
Rawle D. Lewis,1,1,18.85806045973639,1993
Ray Allen,1,1,16.886714477018124,1998
Ray Anderson,1,1,15.319587954740548,2003
Ray Baker,2,0,,2003
Ray Barrett,5,0,,1998
Ray Bolger,5,1,17.334638134824687,1985
Ray Bradbury,2,1,10.617319324288903,2011
Ray Brooks,4,0,,1974
Ray Chang,2,1,12.445089546000672,2006
Ray Danton,5,0,,1975
Ray Harryhausen,2,0,,2011
Ray Holland,2,0,,1980
Ray Kurzweil,1,1,10.617319324288903,2011
Ray Liotta,37,15,15.6161127604946,2014
Ray Lovelock,11,0,,1984
Ray MacDonald,2,0,,2009
Ray Manzarek,2,0,,2012
Ray McAnally,3,1,16.661467242010506,1988
Ray McKinnon,3,0,,2012
Ray Milland,44,4,15.494356404547945,1977
Ray Park,4,1,11.913960775999008,2014
Ray Rogers,1,1,12.505521467454455,1990
Ray Romano,11,7,17.8927185271363,2016
Ray Sharkey,4,0,,1989
Ray Stevenson,4,3,16.071940796298886,2015
Ray Walston,9,1,15.514988057727424,1992
Ray Winstone,20,4,17.078432988635505,2017
Ray Wise,18,3,15.925250393794103,2015
Raymond A. Mendez,1,1,13.632470743284872,1997
Raymond Andrew Bailey,2,0,,2005
Raymond Bond,2,0,,1951
Raymond Burr,34,0,,1993
Raymond Bussières,4,0,,1980
Raymond Cruz,3,0,,2015
Raymond Hatton,4,0,,1938
Raymond Huntley,2,0,,1952
Raymond J. Barry,5,1,18.896925469476972,2014
Raymond Laine,2,0,,1972
Raymond Lovell,2,0,,1946
Raymond Massey,21,1,15.424948470398377,1958
Raymond Ochoa,1,1,19.62042305334018,2015
Raymond Pellegrin,4,0,,1978
Raymond St. Jacques,3,0,,1991
Raymond Thiry,4,0,,2013
Raymond Walburn,4,0,,1947
Raza Murad,2,0,,1995
Razaaq Adoti,2,0,,2012
Raúl Arévalo,10,3,15.58435681883365,2016
Raúl Castillo,2,0,,2010
Raúl Juliá,13,6,18.056009010049205,1994
Raúl Méndez,2,0,,2014
Reb Brown,8,0,,1994
Reba McEntire,2,0,,2006
Rebecca Balding,2,0,,1981
Rebecca Da Costa,2,1,10.943304794693733,2014
Rebecca De Mornay,18,8,16.17566898464633,2016
Rebecca Ferguson,6,4,18.86058314974033,2017
Rebecca Ferratti,2,0,,1988
Rebecca Gayheart,3,2,16.51944241107621,1999
Rebecca Gibney,3,0,,2007
Rebecca Hall,15,11,16.059128613712502,2017
Rebecca Night,2,0,,2015
Rebecca Pan,1,1,16.369239742510526,2000
Rebecca Pauly,2,0,,1987
Rebecca Romijn,7,2,16.92985987372864,2015
Rebecca Staab,2,0,,2015
Rebeccah Bush,1,1,14.375101202726468,1987
Rebecka Hemse,3,0,,2007
Rebecka Liljeberg,2,0,,2002
Rebekah Kochan,3,0,,2009
Rebekah Staton,2,0,,2015
Rebekah Turner,1,1,16.38045991542581,2016
Rebel Wilson,5,4,18.717171542267025,2017
Red Buttons,9,1,18.25300877207257,1979
Red Madrell,1,1,12.013700752882718,2006
Red Skelton,17,1,15.745871876629955,1976
Reda Kateb,6,0,,2017
Redd Foxx,2,1,17.924166718949078,1989
Redman,1,1,17.25449926630882,2001
Reece Shearsmith,2,0,,2008
Reece Thompson,3,1,11.150002471127731,2010
Reed Diamond,2,0,,2001
Reed Hadley,2,0,,2002
Reem Abdullah,1,1,14.11394486737933,2012
Reem Kherici,2,0,,2017
Reese Witherspoon,30,19,17.79126786195794,2016
Reg E. Cathey,2,0,,2011
Reg Park,2,0,,1961
Reg Rogers,2,0,,2005
Reggie Bannister,4,1,15.801032964388549,2016
Reggie Watts,4,0,,2016
Regina Advento,1,1,16.498231053575523,2011
Regina Carrol,2,0,,1971
Regina Casé,2,1,14.54344846143663,2015
Regina Hall,6,3,17.98152362167921,2017
Regina King,8,3,18.138362496998855,2014
Regina Linnanheimo,3,0,,1953
Regina Orioli,2,0,,2001
Regina Torné,1,1,16.8912302145845,1992
Regina Wan,2,0,,2017
Reginald Denny,6,0,,1935
Reginald Gardiner,1,1,16.213405830762646,1940
Reginald Owen,6,0,,1938
Reginaldo Faria,3,0,,2004
Regis Toomey,2,0,,1942
Regula Grauwiller,2,0,,2009
Rei Dan,2,0,,2013
Rei Sakuma,3,1,16.715439224999,1997
Reidar Sørensen,2,0,,2004
Reika Hashimoto,2,0,,2004
Reika Kirishima,2,1,16.685467624624668,2010
Reiko Aylesworth,2,1,17.548336703643894,2007
Reiko Ike,2,0,,1973
Reiko Kasahara,2,0,,1971
Reiko Kataoka,2,0,,2001
Reiley McClendon,5,0,,2014
Reina Triendl,2,0,,2015
Reine Brynolfsson,2,0,,2001
Reiner Schöne,3,0,,2010
Reinhold Aman,1,1,9.89298256789098,2005
Reinhold Messner,2,0,,1986
Reinhold Schünzel,2,0,,1931
Reino Nordin,2,0,,2005
Reinout Scholten van Aschat,3,0,,2016
Reizl Bozyk,1,1,16.604367175040583,1988
Rekha,2,0,,2003
Remo Girone,3,0,,2014
Remya Nambeesan,2,1,14.845129975145433,2016
Ren Osugi,4,0,,2015
Ren Quan,1,1,17.3647531618787,2007
Rena Owen,2,1,14.604479605576111,1998
Rena Sofer,2,0,,2010
Rena Tanaka,4,0,,2013
Renana Raz,1,1,14.389488993215531,2012
Renata Litvinova,8,3,12.99298872226911,2016
Renato Baldini,4,0,,1967
Renato Cestiè,2,0,,1972
Renato Pozzetto,24,0,,1995
Renato Rossini,5,0,,1984
Renato Salvatori,12,0,,1981
Renato Scarpa,2,0,,1981
Renaud Verley,2,0,,1973
Rene Assa,2,1,12.456998665056831,1992
Rene Auberjonois,5,0,,2007
Rene Bitorajac,2,0,,2012
Rene Russo,13,10,18.046681190610652,2015
Renee Faia,2,0,,2003
Renee Leblanc,1,1,13.965665264514186,2003
Renee O'Connor,5,0,,2010
Renee Olstead,3,1,17.956771943446345,2015
Reni Santoni,4,3,17.046756805232974,1986
Renji Ishibashi,4,0,,2004
Renji Panicker,1,1,14.22097566607244,2014
Renos Haralambidis,3,0,,2003
Rentarô Mikuni,14,0,,1991
Renzo Montagnani,4,0,,1988
Renzo Palmer,3,0,,1976
René Lefèvre,2,0,,1936
René Liu,5,0,,2011
René Navarre,5,0,,1914
René van 't Hof,2,0,,2013
Renée Adorée,7,1,16.90655301132259,1928
Renée Estevez,2,0,,1989
Renée Le Calm,2,0,,2005
Renée Soutendijk,8,0,,1994
Renée Zellweger,26,20,17.584834441114474,2016
Resse Hartwig,1,1,17.628817590453263,2014
Ressel Orla,2,0,,1920
Revathi,5,0,,2014
Rex Harrison,20,3,17.394694713357293,1968
Rex Ingram,2,0,,1939
Rex Lease,2,0,,1936
Rex Reason,2,0,,1956
Rex Weyler,2,0,,2015
Reynaldo Gianecchini,2,0,,2009
Reza Kianian,2,0,,2000
Reza Rahadian,2,0,,2014
Rhea Perlman,7,2,13.956902349482561,2015
Rhett Giles,4,0,,2010
Rhiannon Leigh Wryn,1,1,17.122303885832572,2007
Rhona Mitra,11,5,14.241887107154886,2016
Rhonda Britton,1,1,15.718568080732908,1989
Rhonda Fleming,14,1,16.279363798554442,1980
Rhydian Vaughan,2,0,,2015
Rhys Darby,3,1,19.23600563608574,2011
Rhys Ifans,16,7,15.604340040015913,2015
Rhys Wakefield,4,1,10.897812823215624,2013
Rhys Williams,2,0,,1945
Ria Kataja,2,0,,2013
Riann Steele,2,0,,2011
Rib Hillis,4,0,,2015
Rica Matsumoto,4,2,18.25710973811329,2015
Ricardo Cortez,19,0,,1948
Ricardo Darín,23,4,16.162106514113315,2017
Ricardo Montalban,15,3,17.026915515227007,1988
Ricardo Pereira,2,0,,2015
Ricardo Trêpa,3,0,,2009
Riccardo Cucciolla,2,0,,1974
Riccardo Garrone,5,0,,1973
Riccardo Scamarcio,14,2,15.80187766878471,2016
Ricci Harnett,2,0,,2010
Richa Chadda,3,2,16.253871996219267,2015
Richard Anconina,8,3,17.431789634015423,2012
Richard Anderson,3,0,,1979
Richard Arlen,8,0,,1943
Richard Armitage,5,4,20.24941394607902,2017
Richard Attenborough,21,4,16.688188520103193,2003
Richard B. Shull,3,0,,1986
Richard Barthelmess,12,0,,1939
Richard Basehart,19,1,16.1573163641116,1980
Richard Belzer,3,0,,2013
Richard Benjamin,11,4,16.530927500960985,2003
Richard Bennett,2,0,,1934
Richard Berry,15,0,,2011
Richard Beymer,3,1,17.59187011669788,1989
Richard Birrinbirrin,1,1,12.611537753638338,2006
Richard Bohringer,9,2,15.036999259070019,2013
Richard Boone,12,1,16.300417207752275,1977
Richard Bradford,2,1,15.293982014081935,2005
Richard Brake,2,0,,2009
Richard Briers,4,1,15.12755755260012,1995
Richard Bright,1,1,15.44315924313081,1983
Richard Brooker,1,1,16.00051465739006,1983
Richard Burgi,3,0,,2016
Richard Burton,34,7,16.953901209327537,2000
Richard Cabral,1,1,18.27406262965333,2014
Richard Carlson,23,2,14.165820155663596,1969
Richard Chamberlain,13,2,13.213006497924082,1988
Richard Condie,2,0,,2009
Richard Conte,24,0,,1975
Richard Coyle,5,0,,2015
Richard Crane,4,0,,1956
Richard Crenna,25,8,17.53352347445191,2001
Richard Cromwell,4,0,,1937
Richard Dawkins,7,1,15.856730886823913,2016
Richard Dawson,1,1,17.456304855582456,1987
Richard DeManincor,1,1,17.19650523230891,1981
Richard Dean Anderson,3,0,,2009
Richard Denning,8,1,14.077874822431763,1957
Richard Derr,3,0,,1959
Richard Dillane,2,0,,2012
Richard Dillard,2,0,,2011
Richard Dix,14,0,,1946
Richard Dormer,2,0,,2015
Richard Dreyfuss,35,12,17.82010508153836,2015
Richard Dutcher,1,1,13.655583560623962,2001
Richard Dysart,4,0,,1976
Richard E. Grant,15,3,13.961923344777652,2016
Richard Edson,2,0,,1998
Richard Egan,15,1,16.012735135300492,1973
Richard Erdman,2,1,16.461685355348397,1985
Richard Farnsworth,7,3,16.663505487467194,1999
Richard Gabai,4,0,,1995
Richard Ganoung,2,1,14.518954544001588,1998
Richard Garland,2,0,,1957
Richard Gere,45,28,17.338117016641693,2017
Richard Gilliland,2,0,,1997
Richard Glover,2,1,10.399585250897506,2016
Richard Greene,12,0,,1969
Richard Grieco,7,2,16.345839059681822,2014
Richard Griffiths,4,1,15.60727002719233,2005
Richard Harmon,4,0,,2014
Richard Harris,35,9,15.201513260123189,2002
Richard Harrison,9,0,,1979
Richard Hatch,3,0,,2017
Richard Hawking,1,1,16.44637743722783,2003
Richard Hell,2,0,,1982
Richard Jaeckel,9,1,16.213405830762646,1990
Richard Jenkins,14,8,14.242409162734337,2016
Richard Johnson,11,0,,2014
Richard Jordan,9,4,16.276497886530258,1989
Richard Joseph Paul,2,0,,1996
Richard Karn,2,0,,2008
Richard Keats,1,1,10.811766273800105,1994
Richard Kiel,2,1,8.09376775793108,1979
Richard Kiley,4,0,,1974
Richard Kind,5,2,18.916472706543615,2015
Richard Kuklinski,2,0,,2004
Richard Lane,2,0,,1945
Richard Lewis,4,0,,2007
Richard Libertini,1,1,17.458346073576802,1979
Richard Linklater,3,0,,2013
Richard Long,4,0,,1959
Richard Lund,2,0,,1919
Richard Lynch,10,3,15.4700236653269,2009
Richard Madden,4,2,18.29806913521869,2017
Richard Masur,5,1,12.456998665056831,1995
Richard Moll,6,0,,2013
Richard Mulligan,3,1,15.612228380881056,1986
Richard Ney,2,1,14.038654109278484,1962
Richard Ng,6,0,,2015
Richard Nixon,4,0,,2014
Richard Norton,10,2,16.15574009869955,1997
Richard Panebianco,2,1,14.048280427249107,1991
Richard Pasco,3,0,,1979
Richard Perry,1,1,10.247077256926206,2010
Richard Petrocelli,1,1,13.195613839143922,2010
Richard Portnow,3,0,,2010
Richard Pryor,27,7,17.60653058528826,2014
Richard Riehle,7,0,,2012
Richard Rober,2,0,,1951
Richard Romanus,3,1,16.012735135300492,2003
Richard Roundtree,14,5,15.357853530271333,2006
Richard Roxburgh,10,2,19.011709301882203,2016
Richard Ruccolo,2,1,13.866154241400311,2012
Richard Sammel,3,0,,2012
Richard Schiff,3,1,16.45801707514424,2017
Richard Speight Jr.,2,0,,2006
Richard Spore,1,1,19.12871653700606,1998
Richard T. Jones,3,2,15.978898050057694,2014
Richard Thomas,8,1,16.213405830762646,2006
Richard Tillman,3,1,12.436291110516343,2010
Richard Todd,17,0,,1970
Richard Travis,3,0,,1958
Richard Tucker,2,0,,1931
Richard Tyson,10,3,14.4276401458937,2015
Richard Ulfsäter,8,0,,2013
Richard Warwick,1,1,13.122363377404328,1968
Richard Webb,3,0,,1972
Richard Webber,1,1,17.90484257836283,2015
Richard White,2,1,19.74868516217705,1991
Richard Whorf,4,0,,1944
Richard Widmark,41,2,16.000234484197783,1987
Richard Wilson,2,0,,2006
Richard Winsor,1,1,16.713852138947402,2010
Richard Wyler,3,0,,1966
Richard Yniguez,2,0,,1976
Richie Havens,1,1,17.356617986975532,1970
Richie Ren,9,0,,2016
Richmond Arquette,3,0,,2013
Richy Müller,3,0,,2004
Rick Aviles,2,1,19.392285910581556,1995
Rick Baker,2,0,,2009
Rick D. Wasserman,1,1,15.761420707019589,2010
Rick Danko,2,1,12.682157745091777,2003
Rick Dean,2,0,,1996
Rick Ducommun,2,0,,1993
Rick Fox,2,0,,2015
Rick Gianasi,2,0,,1991
Rick Gomez,2,0,,2012
Rick Gonzalez,2,1,14.94911508107509,2011
Rick Hill,3,1,16.00051465739006,1991
Rick Kavanian,3,0,,2009
Rick Malambri,3,1,18.88624835485145,2014
Rick Moranis,14,9,17.047449828678694,1997
Rick Ravanello,2,0,,2015
Rick Roberts,5,0,,2015
Rick Rossovich,4,1,17.505661303644537,2000
Rick Springfield,2,0,,2012
Rick Washburn,2,0,,1992
Rick Yune,2,0,,2008
Rick Zumwalt,1,1,16.591691570197266,1987
Rickey D'Shon Collins,1,1,17.610119584626165,2001
Ricki Lake,3,2,15.998677176442953,1996
Rickie Lee Jones,1,1,14.997740081142885,1987
Ricky Davao,2,1,15.201804919084164,2001
Ricky Fataar,2,0,,2002
Ricky Gervais,13,4,17.598313872899666,2016
Ricky Hui,2,0,,1988
Ricky Jay,2,0,,2015
Ricky Memphis,4,0,,2014
Ricky Nelson,2,1,15.573368475516649,1960
Ricky Schroder,9,2,13.968737568825762,2004
Ricky Tomlinson,3,0,,2014
Rico Rodriguez,2,0,,2015
Rider Strong,6,1,17.234986333974124,2009
Rie Kugimiya,2,1,15.817190538177064,2014
Rie Miyazawa,8,2,16.294912577940096,2016
Rie Yokoyama,2,0,,1972
Rifka Lodeizen,8,0,,2016
Rihanna,2,2,19.627642517605608,2015
Riina Hein,2,0,,1976
Riisa Naka,4,1,15.150511624696614,2011
Rik Mayall,2,1,16.445839477020453,1999
Riki Takeuchi,4,0,,2005
Rikiya Yasuoka,2,0,,1970
Riko Narumi,3,1,9.453757028129948,2015
Riku Nieminen,3,0,,2016
Riley Griffiths,1,1,19.37656130161858,2011
Riley Keough,4,3,10.581105316059835,2017
Riley Smith,8,0,,2016
Rima Te Wiata,2,0,,2016
Rimi Sen,2,1,12.782579262563846,2007
Rin Takanashi,3,0,,2014
Rin-Tin-Tin,2,0,,1994
Rina Zelyonaya,5,0,,1981
Rinal Mukhametov,2,0,,2017
Ringo Starr,11,0,,2016
Rinko Kikuchi,9,1,16.685467624624668,2015
Rip Torn,29,3,17.305225916487647,2014
Rishi Kapoor,7,1,16.91451703233401,2013
Risto Salmi,2,0,,2011
Risto Tuorila,4,0,,2010
Rita Blanco,3,0,,2013
Rita Calderoni,3,0,,1974
Rita Cortese,2,0,,2011
Rita Hayworth,26,0,,1972
Rita Johnson,5,0,,1948
Rita Macedo,4,0,,1979
Rita Maiden,2,0,,1976
Rita Moreno,7,1,16.874217630679652,1976
Rita Pavone,2,0,,1967
Rita Taggart,2,1,14.36876156214008,1989
Rita Tushingham,11,0,,2007
Rita Wilson,5,1,14.539218950806262,2016
Ritch Brinkley,1,1,15.11364533770555,1994
Ritesh Deshmukh,14,2,16.722956058366364,2016
Ritika Singh,1,1,14.557447902693651,2016
Ritu Varma,1,1,15.5202586502027,2016
Ritva Vepsä,3,0,,1970
Ritza Brown,2,0,,1984
River Phoenix,11,5,16.172296324491704,2012
Riyoko Ikeda,1,1,10.337799235201873,1983
Riz Ahmed,10,4,13.988556797586277,2017
Rob Brown,4,4,17.45346710291379,2008
Rob Brydon,8,2,13.719125324549264,2017
Rob Corddry,8,4,17.77238979662201,2015
Rob Devaney,1,1,13.56974044580418,2007
Rob Dyrdek,2,0,,2013
Rob Estes,2,0,,2002
Rob Huebel,3,0,,2015
Rob Lowe,28,6,16.584642563938942,2017
Rob Mayes,3,0,,2013
Rob Morrow,10,2,13.180721160619441,2015
Rob Paulsen,7,1,17.380769260693206,2013
Rob Reiner,4,2,17.258950959903252,2016
Rob Riggle,4,2,16.300049679036633,2016
Rob Schneider,16,7,17.38683678524753,2016
Rob Van Dam,2,0,,2016
Robb Wells,10,2,14.34252714830306,2014
Robbie Amell,5,1,17.58892953237908,2016
Robbie Coltrane,11,0,,2009
Robbie Kay,2,0,,2015
Robbie Robertson,3,2,14.098599220893043,1999
Robby Benson,9,1,19.74868516217705,2000
Robby Kiger,1,1,15.14258290690078,1987
Robby Krieger,2,0,,2012
Robert Adamson,2,0,,2017
Robert Alda,5,0,,1975
Robert Altman,3,0,,2005
Robert Amaya ,1,1,15.49369941929108,2011
Robert Ames,3,0,,1931
Robert Armstrong,13,1,16.11809565095832,1949
Robert Arnoux,3,0,,1949
Robert Arthur,2,1,14.077874822431763,1953
Robert August,2,0,,2003
Robert Ayres,2,0,,1958
Robert Baker,1,1,8.882114044208821,2006
Robert Beatty,4,0,,1952
Robert Beltran,1,1,16.48405192974506,1984
Robert Benchley,5,0,,1943
Robert Blake,6,1,16.381040592953823,1974
Robert Blanche,1,1,16.11809565095832,2004
Robert Bray,2,0,,1961
Robert Burton,2,0,,1975
Robert Capelli Jr.,1,1,9.346181594887597,2006
Robert Capron,2,2,18.151533523911773,2012
Robert Carlyle,25,7,16.818434718488614,2015
Robert Carradine,20,6,15.628526124282873,2014
Robert Clarke,6,0,,1960
Robert Clotworthy,2,0,,2008
Robert Conrad,4,0,,1982
Robert Coote,3,0,,1978
Robert Costanzo,1,1,16.378506932672803,1993
Robert Crumb,2,1,14.970722122702458,2012
Robert Culp,15,1,17.216707939626428,2001
Robert Cummings,16,1,14.914122846632385,1963
Robert Daniel Sloan,1,1,17.783573914655506,2015
Robert Davi,8,1,18.8664366014951,2015
Robert De Niro,84,58,17.237950676405713,2017
Robert Dix,2,0,,1970
Robert Donat,11,0,,1951
Robert Douglas,2,0,,1950
Robert Downey Jr.,44,28,17.9226012883649,2016
Robert Downey Sr.,2,0,,2012
Robert Dryer,2,0,,1988
Robert Duvall,53,21,17.101392931980293,2015
Robert Easton,2,0,,1981
Robert Englund,25,9,16.68882960783196,2014
Robert Evans,2,1,14.176282298559906,2005
Robert F. Lyons,4,1,16.40327459319198,1988
Robert Flemyng,3,0,,1968
Robert Fontaine,2,0,,1971
Robert Forster,26,5,16.92856616605835,2017
Robert Foxworth,4,1,17.80449460452855,1980
Robert Francis,2,0,,1955
Robert Frank,2,0,,2011
Robert Fuller,2,0,,1966
Robert Ginty,4,0,,1992
Robert Glaudini,1,1,15.761420707019589,1982
Robert Gonera,3,0,,2012
Robert Goulet,2,0,,1964
Robert Guillaume,2,1,16.640068136972946,1990
Robert Gustafsson,8,0,,2016
Robert Gwisdek,2,0,,2012
Robert Hansen,3,0,,2013
Robert Hardy,3,0,,1994
Robert Harron,4,0,,1919
Robert Hays,9,2,17.67835394422995,1998
Robert Helpmann,2,0,,1978
Robert Hill,1,1,9.210340371976184,2009
Robert Hirsch,2,0,,1973
Robert Hobbs,3,0,,2017
Robert Hoffman,1,1,18.83157575011218,2008
Robert Hoffmann,5,0,,1974
Robert Hossein,7,0,,1981
Robert Hunger-Bühler,2,0,,2010
Robert Hunter,2,0,,2015
Robert Hutton,4,0,,1967
Robert Iannucci,1,1,13.31577982431498,1983
Robert Jacks,1,1,12.132953415179363,1994
Robert Jan Van Pelt,1,1,13.13812057808336,1999
Robert Jayne,2,0,,1994
Robert John Burke,8,1,16.185400031079034,2001
Robert Joy,3,1,15.66130593218278,1987
Robert Keith,5,0,,1961
Robert Kennedy Jr,2,0,,2014
Robert Kent,4,0,,1939
Robert Kerman,3,0,,1981
Robert Klein,4,1,18.172219384653864,2011
Robert Knepper,4,0,,2016
Robert Knott,2,0,,1999
Robert Kotecki,1,1,16.286843669336097,1997
Robert Lamoureux,2,0,,1973
Robert Lansing,2,0,,1977
Robert Leroy,1,1,11.660137844650617,2013
Robert Liensol,2,0,,2005
Robert Lindsay,4,0,,2005
Robert Logan,3,0,,1983
Robert Loggia,24,8,16.0861183847732,2013
Robert Longstreet,4,1,11.87476604401313,2011
Robert Lowery,8,0,,1962
Robert MacNaughton,1,1,20.491290053548575,1982
Robert Maillet,2,0,,2013
Robert Mammone,1,1,15.972243873119304,2007
Robert Manuel,1,1,13.039472952162638,1955
Robert Mitchum,58,4,14.934669563846033,1990
Robert Montgomery,24,0,,1948
Robert Morley,13,1,16.190416312537945,1978
Robert Morse,5,0,,1979
Robert Newton,10,0,,1954
Robert Oliveri,1,1,17.887310420844543,1992
Robert Paige,3,0,,1948
Robert Paterson,1,1,16.76794276912247,2010
Robert Patrick,20,6,17.42181731730165,2017
Robert Pattinson,18,11,18.18255240590063,2017
Robert Picardo,2,0,,2014
Robert Plant,2,0,,2012
Robert Powell,9,0,,1986
Robert Preston,14,2,16.52516623209517,1982
Robert Prichard,2,0,,1989
Robert Prosky,3,2,16.885435770129597,1995
Robert Quarry,5,0,,1974
Robert Redford,43,25,17.32662251552331,2017
Robert Ri'chard,3,1,18.155018525207108,2005
Robert Ridgely,2,0,,1982
Robert Rusler,3,1,15.382234270118756,1991
Robert Ryan,45,2,14.257223246716972,1973
Robert Sean Leonard,8,4,16.43601532644375,2001
Robert Shaw,17,3,18.217222302062453,1978
Robert Shayne,3,0,,1955
Robert Sheehan,4,0,,2015
Robert Smigel,3,0,,2016
Robert Stack,13,1,17.144137246791594,1988
Robert Stadlober,6,0,,2008
Robert Stephens,5,1,14.22097566607244,1972
Robert Taylor,47,2,15.867410418460702,2014
Robert Towne,2,0,,1961
Robert Townsend,4,0,,2000
Robert Urich,7,0,,1995
Robert Vaughn,20,4,16.272312469346115,2012
Robert Viharo,2,0,,1980
Robert Wagner,24,5,16.25485334943762,2007
Robert Walker,8,1,15.761420707019589,1951
"Robert Walker, Jr.",3,0,,1972
Robert Webb,1,1,14.376290239740976,2007
Robert Webber,3,0,,1979
Robert Wilcox,2,0,,1939
Robert Wisdom,2,0,,2001
Robert Więckiewicz,12,1,15.534112244491237,2015
Robert Woods,2,0,,1975
Robert Woolsey,5,0,,1934
Robert Wuhl,5,3,14.61807445683202,2007
Robert Young,28,0,,1954
Robert Z'Dar,4,0,,1997
Robert de Hoog,3,0,,2015
Roberta Collins,2,0,,1974
Roberta Petzoldt,2,0,,2015
Roberta Vasquez,2,0,,1993
Roberto Aguire,2,1,11.745226954069205,2015
Roberto Benigni,16,6,16.63311440836412,2012
Roberto Carnaghi,2,0,,1998
Roberto Citran,3,0,,2011
Roberto Farías,2,1,10.873527560404474,2015
Roberto Herlitzka,4,0,,2012
Roberto Sosa,2,0,,1991
Roberto Álamo,2,1,15.424948470398377,2017
Roberts Blossom,4,1,17.576710673657836,1999
Robi Draco Rosa,1,1,16.000728791188738,1988
Robin Askwith,5,0,,1977
Robin Atkin Downes,2,0,,2012
Robin Dunne,9,0,,2015
Robin Evans,2,0,,1987
Robin Gammell,2,0,,1995
Robin Givens,5,2,17.11137485805821,2014
Robin Hawdon,2,0,,1970
Robin Hill,2,1,9.210340371976184,2013
Robin Houston,1,1,8.570544366913232,1986
Robin Mattson,3,0,,1974
Robin McLeavy,3,0,,2015
Robin Riker,2,0,,1999
Robin Shou,3,2,18.18791733511228,1997
Robin Stille,2,0,,1988
Robin Sydney,4,0,,2013
Robin Thomas,2,1,17.473757671050056,2002
Robin Tunney,15,4,16.21851990846686,2015
Robin Walsh,1,1,17.216707939626428,2008
Robin Weigert,2,0,,2016
Robin Williams,53,34,17.481659771505207,2014
Robin Wright,18,9,17.027900276585235,2017
Robin de Jesus,2,1,14.30295741566543,2012
Robinson Stévenin,3,0,,2009
Robyn Fairchild,1,1,11.854946563855178,2016
Robyn Lively,6,1,10.234336867263504,2010
Roc LaFortune,2,0,,2010
Rocco Papaleo,7,0,,2014
Rochelle Davis,1,1,18.358805340234277,1994
Rochelle Hudson,9,0,,1940
Rock Hudson,35,2,16.158885644454532,1978
Rocky McKenzie,1,1,15.761420707019589,2009
Rod Cameron,2,0,,1966
Rod La Rocque,4,0,,1937
Rod Paradot,1,1,10.17137499765973,2015
Rod Steiger,40,4,16.636226153010412,2002
Rod Taylor,16,3,16.972718661585315,1998
Roddy McDowall,23,8,15.95610042896832,1998
Roddy Piper,10,1,16.38114644893851,2014
Rodger Bumpass,3,2,19.15775984473813,2015
Rodion Nahapetov,2,0,,1983
Rodney Carrington,1,1,13.409112514807507,2008
Rodney Dangerfield,11,2,17.91487121638423,2002
Rodney Harvey,2,1,16.000728791188738,1988
Rodney Rowland,2,0,,2014
Rodney Scott,2,0,,2006
Rodolfo Acosta,2,0,,1951
Rodrigo Pandolfo,3,0,,2016
Rodrigo Pimentel,1,1,12.288578471082884,2002
Rodrigo Santoro,13,4,17.478698865145564,2016
Rodrigo de la Serna,4,1,16.63428916180525,2015
Roger Allam,3,0,,2017
Roger Avary,1,1,9.454227284428292,2005
Roger B. Smith,1,1,15.718568080732908,1989
Roger Bart,1,1,19.347761458034203,1997
Roger Browne,4,0,,1977
Roger Carel,10,0,,2014
Roger Coggio,2,0,,1968
Roger Corman,6,0,,2015
Roger Craig Smith,4,0,,2016
Roger Cross,3,0,,2015
Roger Daltrey,14,1,17.34924164722872,2015
Roger Duchesne,2,0,,1956
Roger E. Mosley,3,0,,1998
Roger Ebert,2,0,,2014
Roger Glover,2,0,,2002
Roger Guenveur Smith,2,0,,2006
Roger Hanin,3,0,,1982
Roger Jacquet,2,0,,1963
Roger Kabler,3,0,,1998
"Roger Lay, Jr.",1,1,7.697575346802343,2006
Roger Livesey,5,0,,1960
Roger Lloyd Pack,2,0,,2006
Roger Miremont,1,1,11.562572404859642,2002
Roger Moore,25,9,18.715776859917547,2011
Roger Perry,2,0,,1971
Roger Pigaut,2,0,,1954
Roger Planchon,2,0,,1979
Roger Pryor,2,0,,1941
Roger Príncep,2,1,17.599700191882537,2010
Roger Rees,5,2,16.629972755769217,2004
Roger Waters,2,0,,2014
Rogério Samora,2,0,,2015
Rohan Chand,1,1,15.86963429165982,2013
Rohini Hattangadi,2,0,,2013
Rolan Bykov,13,0,,1990
Roland Bertin,2,0,,1990
Roland Culver,6,0,,1972
Roland Giraud,4,1,14.534552555007084,2013
Roland Harrah III,1,1,15.639075656177994,1988
Roland Lesaffre,2,0,,1960
Roland Møller,3,0,,2015
Roland Winters,4,0,,1950
Roland Wybenga,2,0,,1989
Roland Young,18,0,,1950
Rolando Boyce,2,0,,2012
Rolf Kanies,2,0,,2015
Rolf Kristian Larsen,3,0,,2012
Rolf Lassgård,8,1,15.03092525348132,2015
Rolf Søder,2,0,,1959
Roma Downey,4,1,18.03207369686298,2014
Roma Gąsiorowska,2,0,,2011
Romain Duris,20,4,16.701470693207924,2016
Roman Baskin,2,0,,2016
Roman Knizka,1,1,13.912165288001136,2007
Roman Kłosowski,2,0,,1989
Roman Madyanov,6,1,14.627572133951716,2016
Roman Polanski,6,0,,2013
Roman Wilhelmi,3,0,,1984
Roman Yunusov,3,0,,2015
Romane Bohringer,14,2,15.699577876790187,2013
Romano Orzari,3,0,,2009
Romany Malco,4,3,14.312594061632511,2016
Romeo Travis,1,1,13.695632955233023,2008
Romina Paula,3,0,,2014
Romola Garai,14,5,14.854713329197946,2013
Romy Schneider,26,0,,2009
Ron Asheton,2,0,,2016
Ron Ben-Yishai,1,1,16.224781697711506,2008
Ron Crawford,1,1,18.497125318409203,2006
Ron Eldard,10,2,14.823299633404515,2008
Ron Ely,2,0,,1975
Ron Fazio,2,0,,1989
Ron Haydock,2,0,,1971
Ron Howard,10,3,17.06268896107592,2016
Ron James,2,0,,1993
Ron Jeremy,4,0,,2012
Ron Lea,3,0,,2015
Ron Leibman,5,1,16.91686331338195,1979
Ron Livingston,17,6,14.052004141724089,2017
Ron Moody,6,1,17.437258184559862,1979
Ron O'Neal,3,0,,1979
Ron Palillo,3,0,,1991
Ron Perlman,30,7,17.311601276818433,2015
Ron Randell,3,0,,1952
Ron Rifkin,4,1,17.772935135620784,2002
Ron Silver,12,6,16.005142012052165,2001
Ron Thompson,1,1,15.60727002719233,1981
Ron White,4,1,13.312745692153625,2007
Rona Hartner,2,0,,1999
Ronald Bronstein,1,1,9.939240722241946,2009
Ronald Colman,21,0,,1957
Ronald Fraser,2,0,,1974
Ronald Howard,2,0,,1964
Ronald Jacobson,1,1,15.866832549931576,2006
Ronald Lewis,2,0,,1961
Ronald Mlodzik,2,0,,1970
Ronald Reagan,21,1,17.649420659116586,2017
Ronald Squire,2,0,,1954
Ronald Zehrfeld,7,3,14.038493661006362,2015
Rondo Hatton,2,0,,1946
Ronee Blakley,1,1,17.05436597486163,1984
Ronit Elkabetz,5,0,,2014
Ronit Roy,3,0,,2017
Ronn Moss,2,0,,1987
Ronnie Barker,3,0,,2003
Ronnie Gene Blevins,1,1,14.676486023417032,2014
Ronnie James Dio,1,1,16.411182715090124,2006
Ronny Cox,14,2,17.59041271233645,2013
Rony Clanton,2,0,,1974
Rooney Mara,14,12,16.100409728956624,2017
Rory Calhoun,11,0,,1989
Rory Cochrane,5,2,15.212178000797376,2006
Rory Culkin,7,2,16.56931014456944,2016
Rory Kinnear,6,0,,2017
Rory Scovel,3,0,,2017
Rosa Maria Sardà,2,0,,2002
Rosalba Neri,8,0,,1973
Rosalie Thomass,4,0,,2016
Rosalind Allen,2,0,,1996
Rosalind Cash,4,0,,1976
Rosalind Chao,2,0,,2007
Rosalind Russell,21,1,14.635290389457586,1971
Rosamund John,2,0,,1947
Rosamund Kwan,7,2,17.180556464926298,2001
Rosamund Pike,14,10,17.42836699596869,2016
Rosana Pastor,2,0,,2001
Rosanna Arquette,23,5,15.356709266630565,2016
Rosanna DeSoto,1,1,16.454204964588094,1988
Rosanna Schiaffino,9,0,,1974
Rosanna Yanni,2,0,,1973
Rosanne Cash,1,1,10.184447079227082,2011
Rosanne Katon,3,0,,2007
Rosario Dawson,26,17,16.52649826505712,2017
Rosario Flores,2,2,15.563513008976317,2002
Roschdy Zem,13,1,16.949425309805175,2012
Roscoe 'Fatty' Arbuckle,9,0,,1920
Roscoe Ates,2,0,,1933
Roscoe Karns,3,0,,1935
Roscoe Lee Browne,5,1,15.83041357850654,2000
Rose Byrne,27,16,17.427989954875674,2017
Rose Hobart,4,0,,1997
Rose Leslie,3,3,14.64556074661447,2016
Rose McGowan,8,2,15.241005503759302,2011
Rose McIver,3,0,,2015
Roseanne Barr,3,1,18.45943462700358,2012
Roseanne Supernault,2,0,,2016
Rosel Zech,3,0,,1998
Roselyn Sánchez,5,3,16.602366703021595,2012
Rosemarie DeWitt,8,4,14.214471267380253,2017
Rosemarie Stevenson,1,1,10.809748150372926,1998
Rosemary Clooney,2,1,14.077874822431763,1954
Rosemary DeCamp,2,0,,1949
Rosemary Dexter,3,0,,1973
Rosemary Forsyth,5,0,,1974
Rosemary Harris,4,0,,2015
Rosemary Lane,6,0,,1941
Rosey Grier,2,0,,2013
Roshan Seth,4,1,14.712228996013458,2011
Rosie Day,2,0,,2014
Rosie Fellner,2,0,,2014
Rosie O'Donnell,7,2,16.432290683391148,2014
Rosie Perez,15,3,17.74340428621802,2016
Rosita Arenas,2,0,,1958
Ross Hagen,4,0,,1994
Ross Lynch,2,0,,2015
Ross Martin,3,0,,1980
Ross McElwee,3,0,,2011
Ross Noble,1,1,11.461632170582678,2012
Ross Partridge,3,0,,2016
Ross Patterson,2,0,,2014
Rossana Podestà,3,0,,1963
Rossano Brazzi,13,3,16.286504930086846,1985
Rossif Sutherland,5,0,,2016
Rostislav Khait,4,3,15.817388508624177,2016
Rostislav Plyatt,3,0,,1983
Rosy Varte,3,0,,1975
Rowan Atkinson,15,5,18.623304585976808,2017
Rowan Blanchard,2,1,18.264778814916298,2015
Roxana Blanco,2,0,,2012
Roxane Duran,2,1,12.21407553679877,2015
Roxane Mesquida,5,1,9.599133945796376,2012
Roxanne Hart,5,1,15.590462908875947,1987
Roxanne McKee,2,0,,2014
Roy Abramsohn,2,0,,2013
Roy Assaf,2,0,,2015
Roy Billing,2,0,,2009
Roy Brooks,3,0,,1921
Roy Chiao,2,1,16.284128514352506,1988
Roy D'Arcy,3,1,13.815510557964274,1936
Roy Dotrice,3,1,17.03859818074617,1992
Roy Dupuis,5,2,15.04417883349316,2015
Roy Kinnear,3,0,,1992
Roy Rogers,6,0,,1952
Roy Scheider,25,12,16.301283528542182,2002
Roy Stewart,1,1,13.781827603084228,1926
Roy Thinnes,3,0,,1977
Roya Taymourian,2,0,,2005
Royal Dano,5,2,16.208767312698182,1990
Roz Kelly,2,0,,1981
Ruba Blal,2,0,,2016
Ruby Barnhill,1,1,19.02688339437929,2016
Ruby Dee,16,2,17.365299701467457,2011
Ruby Keeler,4,0,,1938
Ruby Lin,4,0,,2017
Ruby Wong,3,0,,2003
Rubén Blades,9,1,16.797450655218608,2005
Rubén Ochandiano,2,0,,2015
Rudolf Hrušínský,4,0,,1990
Rudolf Klein-Rogge,3,0,,1933
Rudolf Lucieer,2,0,,1992
Rudolf Martin,4,0,,2013
Rudolf Nureyev,2,0,,1983
Rudolph Christians,1,1,12.89971970113177,1922
Rudolph Valentino,9,0,,1926
Rudy Ray Moore,5,0,,1979
Rudy Vallee,5,0,,1967
Rudy Youngblood,1,1,18.60446198488888,2006
Rufus,2,1,18.974117216324657,2001
Rufus Sewell,14,4,17.26450285674031,2015
Rufus Thomas,2,0,,2002
Ruggero Raimondi,3,0,,1984
Rukhsar,2,0,,2009
Rumer Willis,4,1,17.118952505957523,2015
Rumi Hiiragi,1,1,19.43200923671,2001
Rune Bergman,1,1,8.575462099540212,2009
Rupert Davies,4,0,,1974
Rupert Evans,5,2,18.19558993603063,2016
Rupert Everett,18,3,15.925965754088223,2016
Rupert Frazer,2,0,,1988
Rupert Friend,8,5,13.86302793978201,2015
Rupert Graves,10,0,,2016
Rupert Grint,16,10,19.106148521137207,2015
Rupert Penry-Jones,8,0,,2015
Ruriko Asaoka,5,0,,1975
Russ Bender,2,0,,1964
Russ Grieve,1,1,17.034386382832476,1977
Russ Tamblyn,9,2,16.508409293548127,1982
Russell Brand,12,5,18.480300641093553,2016
Russell Crowe,34,25,17.643214531033095,2017
Russell Dykstra,2,0,,2003
Russell Ferrier,2,0,,2008
Russell Harvard,2,0,,2013
Russell Howard,3,0,,2011
Russell Means,3,2,17.691743993502392,2007
Russell Peters,6,0,,2017
Russell Schweickart,1,1,13.554317207709095,1989
Russell Tovey,4,0,,2016
Russell Wade,2,0,,1947
Russell Wong,4,0,,2016
Russi Taylor,3,0,,1999
Ruta Gedmintas,2,1,11.32301115604912,2016
Ruta Lee,2,0,,1972
Rutanya Alda,2,1,16.344020690345506,1989
Rutger Hauer,46,14,14.517906588640477,2015
Ruth Amarante,1,1,16.498231053575523,2011
Ruth Chatterton,5,0,,1936
Ruth Donnelly,3,0,,1938
Ruth Díaz,2,0,,2016
Ruth Gemmell,2,0,,2010
Ruth Gordon,6,1,17.32392950246117,1971
Ruth Hall,2,0,,1933
Ruth Hussey,6,0,,1960
Ruth Negga,4,2,11.922395333004616,2016
Ruth Roman,15,1,15.761420707019589,1973
Ruth Sheen,4,2,15.352087632495302,2010
Ruth Vega Fernandez,5,0,,2016
Ruth Warrick,3,0,,1946
Ruth Weyher,2,0,,1926
Ruth Wilson,5,1,15.34921147980662,2017
Rutina Wesley,2,1,9.533075832485352,2014
Ruud Feltkamp,2,0,,2009
Ruy Guerra,2,0,,2015
Rya Kihlstedt,2,1,18.18600235899821,2015
Ryan Alosio,2,0,,2003
Ryan Bollman,1,1,15.75870072550718,1993
Ryan Carnes,3,0,,2009
Ryan Cartwright,1,1,15.503898088559495,2007
Ryan Corr,2,1,16.080439888630465,2015
Ryan Donowho,3,0,,2012
Ryan Doom,3,0,,2015
Ryan Dunn,4,1,18.579599504110607,2011
Ryan Eggold,4,1,16.60899695722418,2015
Ryan Gosling,22,19,16.91207577082709,2017
Ryan Guzman,5,4,17.461642531007683,2016
Ryan Hurst,1,1,18.73334818857527,2000
Ryan Kelley,2,0,,2009
Ryan Kennedy,3,0,,2009
Ryan Kwanten,10,1,16.916386638696505,2016
Ryan Malgarini,2,0,,2015
Ryan McPartlin,4,1,10.340289815953332,2015
Ryan Merriman,8,1,18.583812328738556,2010
Ryan Newman,1,1,18.75840224277765,2006
Ryan O'Neal,19,6,16.022093551003596,2002
Ryan Phillippe,20,11,16.412577088575926,2017
Ryan Pinkston,3,0,,2008
Ryan Potter,2,1,20.295716829207908,2015
Ryan Rajendra Black,1,1,12.627581691918015,1995
Ryan Reynolds,29,23,17.32911874155526,2017
Ryan Robbins,4,2,13.02317363964368,2012
Ryan Shoos,1,1,17.568875641192022,2015
Ryan Simpkins,3,0,,2015
Ryan Todd,2,0,,1994
Ryo Ishibashi,4,0,,2011
Ryo Iwamatsu,3,0,,2013
Ryo Kase,14,1,12.003129926531726,2014
Ryo Katsuji,3,0,,2010
Ryo Nishikido,2,0,,2014
Ryohei Kimura,3,0,,2010
Ryohei Suzuki,4,0,,2015
Ryoko Hirosue,4,2,17.32556935671784,2012
Ryoo Seung-bum,7,1,17.706620603905534,2013
Ryou Horikawa,7,1,17.93889906499248,2015
Ryu Deok-hwan,4,2,16.01098790033781,2007
Ryu Seung-ryong,12,1,18.53540854825005,2016
Ryuhei Matsuda,4,0,,2011
Ryuji Aigase,2,0,,2011
Ryunosuke Kamiki,5,2,19.242320750747517,2016
Ryuta Sato,2,0,,2012
Ryô Ikebe,4,0,,1977
Ryôhei Uchida,2,0,,1968
Ryôichi Takayanagi,2,0,,1983
Ryûdô Uzaki,2,0,,2003
Ryûnosuke Ohbayashi,2,0,,1993
Ryûzô Shimada,2,0,,1963
Ryō,2,0,,2002
Ryūsei Nakao,5,0,,2011
Rémy Girard,6,2,14.78343536995611,2016
Rúaidhrí Conroy,2,1,14.635580215295429,2004
Rüdiger Vogler,6,0,,2014
Răzvan Vasilescu,5,0,,2012
S. Epatha Merkerson,2,0,,2014
S.Z. Sakall,3,0,,1950
Saadet Isil Aksoy,3,0,,2009
Sab Shimono,2,1,17.553180176247643,1993
Saber Abbar,2,0,,2013
Sabine Azéma,15,0,,2015
Sabine Timoteo,8,0,,2016
Sabrina Bryan,2,0,,2008
Sabrina Ferilli,3,2,15.601361802297346,2013
Sabrina Garciarena,1,1,14.515100439682197,2009
Sabrina Impacciatore,3,0,,2013
Sabrina Lloyd,3,2,12.527981158703113,2005
Sabrina Ouazani,4,1,17.03875968598651,2013
Sabrina Seyvecou,2,1,11.562572404859642,2010
Sabrina Siani,3,0,,1983
Sabu,5,0,,1944
Sabu Kawahara,2,0,,2010
Saburo Date,3,0,,1964
Sacha Baron Cohen,8,6,18.96824310847559,2016
Sacha Bourdo,2,1,11.063539816803926,2015
Sacha Guitry,2,0,,1938
Sacha Horler,2,0,,2001
Sachihiro Ohsawa,2,0,,1965
Sachiko Hidari,4,0,,1972
Sachin Khedekar,7,1,13.16158409055761,2013
Sadao Abe,5,0,,2015
Sadha,2,1,15.955576721460544,2015
Sadie Frost,4,0,,1998
Sady Rebbot,2,1,10.107122033462112,1963
Saeed Jaffrey,5,1,12.755052067344035,1997
Saffron Burrows,12,3,17.557156222365496,2008
Sage Correa,1,1,17.0152915513897,2017
Sage Ranaldo,1,1,9.939240722241946,2009
Sai Pallavi,1,1,16.213405830762646,2015
Sai Tamhankar,2,0,,2015
Saif Ali Khan,24,4,15.998791500348972,2017
Saija Lentonen,2,0,,2007
Sakari Kuosmanen,5,0,,2017
Sakda Kaewbuadee,3,0,,2010
Saki Fukuda,2,0,,2009
Saki Takaoka,2,0,,2006
Sakiko Tamagawa,4,0,,2010
Sakke Järvenpää,2,0,,1994
Sakshi Tanwar,1,1,19.552082855443462,2016
Sakura Tange,3,0,,2000
Sal Dupree,1,1,13.184071647156314,2010
Sal Landi,2,0,,2016
Sal Mineo,2,0,,1956
Saleh Bakri,3,1,13.532892972653524,2014
Salil Acharya,2,0,,2014
Salim Kechiouche,2,1,16.134529276201512,2013
Salimata Traoré,1,1,12.276554408068543,2004
Salli Richardson-Whitfield,2,0,,2010
Sally Dryer,2,0,,1966
Sally Eilers,6,0,,1938
Sally Field,27,14,17.815449714460673,2015
Sally Forrest,7,0,,1951
Sally Gray,3,0,,1949
Sally Hawkins,13,4,16.323652040349117,2017
Sally Kellerman,12,0,,2000
Sally Kirkland,7,0,,2015
Sally Mansfield,2,0,,1956
Sally Yeh,2,0,,1989
Salma Hayek,29,12,16.82229627660561,2017
Salman Khan,38,9,17.235779022205957,2017
Salvador Allende,3,0,,2004
Salvatore Ficarra,4,0,,2017
Salvo Randone,7,0,,1977
Sam Anderson,1,1,17.41101227640042,2014
Sam Behrens,2,0,,1996
Sam Bottoms,4,0,,1995
Sam Claflin,8,6,16.141542427655327,2017
Sam Dalton,2,0,,1901
Sam De Grasse,3,0,,1919
Sam Dunn,2,0,,2008
Sam Elliott,22,7,16.90097723045074,2017
Sam Hazeldine,2,0,,2015
Sam Hennings,4,3,14.54728559292428,2006
Sam Huntington,5,2,14.555924066498573,2013
Sam J. Jones,3,1,17.115337969657887,1995
Sam Jaeger,3,0,,2015
Sam Jaffe,2,0,,1951
Sam Keeley,3,0,,2015
Sam Kinison,2,0,,1991
Sam Lee,3,0,,2007
Sam Lloyd,1,1,10.340289815953332,2009
Sam Louwyck,2,0,,2014
Sam Neill,47,17,16.947532623543452,2016
Sam Page,5,0,,2016
Sam Peckinpah,2,0,,2004
Sam Reid,2,1,13.815510557964274,2017
Sam Riley,5,4,14.978362351627947,2016
Sam Robards,3,1,19.279031094211803,2009
Sam Rockwell,28,18,15.044066068820914,2016
Sam Shepard,26,6,15.417785290398676,2015
Sam Smith,2,0,,2004
Sam Trammell,3,0,,2015
Sam Wanamaker,5,0,,1988
Sam Waterston,16,3,16.032901355709587,2016
Sam Worthington,20,11,17.804354280372305,2020
Samaire Armstrong,6,3,16.795849476858546,2013
Samantha Akkineni,4,2,16.653459193547604,2016
Samantha Barks,2,1,13.230753100377449,2017
Samantha Berg,1,1,14.539823016682352,2013
Samantha Eggar,18,2,15.30835152681452,1983
Samantha Ferris,4,0,,2010
Samantha Isler,2,1,15.587022420907685,2016
Samantha King,1,1,10.126631103850338,2011
Samantha Mathis,9,4,16.1719409689889,2012
Samantha Mills,2,0,,2014
Samantha Morton,20,5,16.257750104211635,2014
Samantha Mumba,2,0,,2016
Samantha Whittaker,1,1,16.523560759066484,2011
Samantha Womack,2,0,,1998
Sameera Reddy,4,1,16.454567887579532,2008
Sami Bouajila,10,0,,2017
Sami Frey,8,2,14.579515450634833,2006
Sami Hedberg,2,0,,2016
Samir Guesmi,3,0,,2016
Samir Khader,1,1,14.765820421268009,2004
Sammi Cheng,5,0,,2015
Sammi Davis,2,0,,1990
Sammi Hanratty,5,0,,2017
Sammo Hung,39,3,16.405849343007166,2017
"Sammy Davis, Jr.",9,1,16.025399272197873,1989
Samuel Anderson,1,1,16.410910925953846,2006
Samuel Berkowitz,2,0,,1996
Samuel Davis,3,0,,2016
Samuel E. Wright,2,0,,2008
Samuel Fröler,7,0,,2012
Samuel Fuller,5,0,,2013
Samuel Jones III,1,1,11.16434623356714,2001
Samuel L. Jackson,67,41,17.510997110824555,2017
Samuel Le Bihan,8,2,16.76229591315377,2012
Samuel West,5,0,,2008
Samuel Witwer,2,0,,2015
Samuli Edelmann,10,0,,2013
Samuli Vauramo,2,0,,2008
Samy Naceri,7,4,16.342129539110935,2007
Samy Seghir,2,0,,2010
Sanaa Lathan,12,7,17.029338721308374,2016
Sanchita Shetty,2,1,16.300417207752275,2013
Sancho Gracia,3,0,,2006
Sandahl Bergman,3,1,15.754055507547353,1988
Sandali Sinha,1,1,14.21226584546817,2001
Sandeep Kulkarni,2,0,,2006
Sandhya Mridul,2,0,,2015
Sandor Elès,2,0,,1971
Sandra Alberti,1,1,13.296227604930046,1978
Sandra Bernhard,6,1,14.013319890903134,2011
Sandra Bullock,31,24,18.27784038280787,2015
Sandra Dee,11,0,,1970
Sandra Echeverría,3,1,11.856422966528196,2014
Sandra Hüller,3,1,14.144938038458784,2016
Sandra Julien,2,0,,1971
Sandra McCoy,2,0,,2007
Sandra Milo,6,0,,1984
Sandra Ng Kwun-Yu,4,0,,2011
Sandra Oh,7,3,15.731951150590627,2017
Sandra Rodríguez,1,1,13.341990352806942,2006
Sandrine Bisson,2,0,,2014
Sandrine Bonnaire,19,1,13.870886606556798,2011
Sandrine Holt,5,1,12.628296537453291,2015
Sandrine Kiberlain,22,0,,2016
Sandro do Nascimento,1,1,12.288578471082884,2002
Sandy Baron,2,1,15.382234270118756,1986
Sandy Dennis,10,2,14.27023832649554,1989
Sandy Duncan,4,0,,1978
Sandy Oian-Thomas,1,1,13.390787704085026,2017
Sandy Ratcliff,2,0,,1979
Sandy Winton,1,1,12.821190714770047,2000
Sanjay Dutt,29,3,16.31841066621695,2012
Sanjay Mishra,5,1,15.424948470398377,2015
Sanjeev Kumar,4,0,,1983
Sanne Langelaar,2,0,,2017
Santeri Kinnunen,3,0,,2011
Santiago Cabrera,2,0,,2010
Santiago Segura,13,4,15.394159297691537,2014
Santisuk Promsiri,3,0,,2012
Santo,4,0,,1976
Santosh Dutta,2,0,,1979
Santosh Juvekar,2,0,,2011
Santtu Karvonen,2,0,,2014
Sanya Malhotra,1,1,19.552082855443462,2016
Saoirse Ronan,11,7,15.539297772892684,2015
Saori Hayami,2,2,15.706369448852058,2016
Sara Berner,2,0,,1945
Sara Botsford,5,0,,2016
Sara Canning,5,0,,2015
Sara De Roo,2,0,,2012
Sara Forestier,5,1,10.17137499765973,2015
Sara Foster,2,0,,2010
Sara García,3,0,,1969
Sara Kestelman,2,0,,1975
Sara Lazzaro,1,1,15.68583487413669,2016
Sara Malakul Lane,6,0,,2016
Sara Montiel,3,0,,1957
Sara Paxton,14,5,15.56944273344926,2014
Sara Rue,6,0,,2011
Sara Shane,2,0,,1959
Sara Takatsuki,1,1,13.237627688179089,2014
Sara Walker,1,1,13.89550587989974,1987
Sara Ziff,1,1,9.305650551780507,2010
Sarah Adler,2,0,,2007
Sarah Berry,1,1,15.594361063899417,1987
Sarah Boberg,3,0,,2008
Sarah Bolger,6,2,12.621839479136193,2016
Sarah Burns,2,0,,2015
Sarah Butler,7,1,13.25830760679564,2017
Sarah Carter,5,0,,2014
Sarah Chalke,6,0,,2016
Sarah Cohen-Hadria,1,1,17.216707939626428,2013
Sarah Douglas,5,2,12.922481986346114,1997
Sarah Drew,2,1,16.160168734540182,2014
Sarah Felberbaum,2,0,,2013
Sarah Gadon,10,5,14.087028085764251,2016
Sarah Greene,2,0,,2014
Sarah Hagan,2,0,,2015
Sarah Hellman,1,1,9.643744848773588,2007
Sarah Hunley,1,1,13.89221786320847,2001
Sarah Hyland,10,1,10.04020137585195,2017
Sarah Jane Morris,1,1,18.940472200250664,2008
Sarah Jessica Parker,20,10,17.484099950784575,2016
Sarah Jones,2,0,,2009
Sarah Lancaster,3,0,,2015
Sarah Lassez,2,0,,2009
Sarah Lieving,4,0,,2013
Sarah Lind,2,0,,2015
Sarah Manninen,2,1,10.719957949128071,2012
Sarah Megan Thomas,2,1,14.288922746466016,2016
Sarah Michelle Gellar,14,11,17.45607173932045,2009
Sarah Miles,12,1,17.215039882525733,1992
Sarah Natochenny,3,2,17.64318757985305,2013
Sarah Overman,1,1,12.433439267117254,2001
Sarah Patterson,2,0,,1987
Sarah Paulson,6,1,16.826043114987968,2016
Sarah Peirse,2,1,14.930368501802272,2001
Sarah Polley,11,6,15.988300524386991,2009
Sarah Roemer,6,2,17.661392104399923,2011
Sarah Rowland Doroff,1,1,17.51903228881508,1989
Sarah Shahi,7,2,16.650327665005594,2017
Sarah Silverman,13,2,14.636743903929158,2017
Sarah Snook,3,1,14.914122846632385,2015
Sarah Strange,2,0,,2016
Sarah Thompson,4,0,,2009
Sarah Wayne Callies,8,4,16.359664036740742,2016
Sarah Wynter,3,0,,2002
Sarah-Jane Dias,2,0,,2015
Sarah-Jane Potts,3,1,16.001047994844107,2005
Sarala,1,1,16.159466646749795,2005
Sareh Bayat,2,0,,2016
Sarita Choudhury,4,2,15.241139398444105,2016
Saro Urzì,2,0,,1968
Sarunyu Wongkrachang,4,2,15.33574470737858,2010
Sasa Handa,2,0,,2008
Sascha Alexander Geršak,2,0,,2014
Sasha Alexander,2,0,,2011
Sasha Andreev ,2,0,,2016
Sasha Grey,4,1,13.82344102849015,2014
Sasha Lane,1,1,14.37588605724594,2016
Sasha Mitchell,7,1,14.03922354711798,2017
Sasha Pieterse,4,0,,2017
Saskia Burmeister,2,0,,2012
Saskia Reeves,5,1,11.819623090350523,2016
Saskia Rosendahl,2,0,,2013
Sasson Gabai,3,1,15.319587954740548,2013
Sathish Ninasam,1,1,12.0435537160324,2013
Sathyaraj,1,1,19.25358986688747,2017
Satindra Bhattacharya,2,0,,1965
Satish Kaushik,2,0,,2009
Satish Shah,2,0,,2010
Satomi Hanamura,2,0,,2013
Satomi Ishihara,4,1,18.15931597981796,2016
Satomi Kobayashi,4,0,,2007
Satoshi Tsumabuki,9,0,,2016
Saturnin Fabre,2,1,11.944292210601049,1942
Satya Bhabha,1,1,13.692325457393896,2012
Saul Rubinek,6,1,17.941794048843516,2016
Saul Stein,2,1,17.81678824562358,2004
Saul Williams,2,0,,2013
Saumya Tandon,1,1,15.341566861459324,2007
Savely Kramarov,2,0,,1971
Sawa Suzuki,3,1,16.10131087137548,2015
Saxon Sharbino,3,1,18.37398731709214,2017
Sayaka Yamaguchi,2,0,,1997
Sayani Gupta,3,1,17.191444694256138,2016
Sayed Badreya,3,1,19.00501441523899,2012
Sayuri Yoshinaga,2,0,,1983
Saïd Taghmaoui,4,0,,2012
Scarlett Johansson,31,22,17.305083314347282,2017
Scatman Crothers,3,1,17.83504638717249,1975
Schuyler Fisk,2,0,,2002
Scilla Gabel,2,0,,1962
Scoot McNairy,10,6,14.198408000164074,2017
Scot Williams,3,0,,2014
Scott Adkins,16,1,14.15362929550147,2016
Scott Adsit,3,1,20.295716829207908,2014
Scott Bailey,2,0,,2016
Scott Baio,6,3,15.053442155873801,2004
Scott Bairstow,6,0,,2006
Scott Bakula,6,3,15.852939119387116,2009
Scott Brady,9,0,,1969
Scott Caan,11,5,15.138470300928905,2013
Scott Coffey,3,0,,2005
Scott Cohen,4,1,18.440483371248543,2015
Scott Crow,2,0,,2013
Scott Eastwood,6,1,17.95885607166241,2017
Scott Elrod,1,1,14.866688762570554,2013
Scott Foley,2,0,,2014
Scott Glenn,26,7,17.6886768820677,2015
Scott Grimes,4,2,15.075871879705844,2014
Scott H. Reiniger,1,1,17.822843743196746,1978
Scott Haze,2,0,,2014
Scott Innes,4,0,,2001
Scott MacDonald,2,1,18.38908685171922,2005
Scott McAfee,2,0,,1995
Scott McCloud,2,0,,2014
Scott Mechlowicz,7,2,15.080773524122751,2014
Scott Michael Foster,2,0,,2014
Scott Mosier,3,0,,2006
Scott Neal,1,1,14.22097566607244,1996
Scott Patterson,3,2,18.65148836043791,2008
Scott Paulin,2,0,,1992
Scott Plank,2,0,,1997
Scott Porter,2,2,17.654145435805038,2008
Scott Prendergast,1,1,11.331379607243946,2007
Scott Reeves,1,1,16.454567887579532,1989
Scott Schwartz,2,0,,1986
Scott Speedman,16,7,15.8242323522572,2014
Scott Valentine,4,1,14.827380887891852,2002
Scott Weinger,3,1,20.038186461944836,1996
Scott Wilson,4,1,16.381040592953823,2006
Scott Wolf,4,1,14.666220732636477,2014
Scottie Thompson,3,1,18.01752849911271,2015
Scotty Beckett,3,0,,1956
Scout Taylor-Compton,8,1,17.489821073608272,2014
Seamus Davey-Fitzpatrick,2,2,17.41276829132089,2013
Sean Astin,37,9,16.314106825258353,2017
Sean Bean,40,11,16.41905677843974,2017
Sean Biggerstaff,1,1,14.645934421285446,2006
Sean Bridgers,3,0,,2013
Sean Combs,4,1,15.5158964222333,2016
Sean Connery,49,27,17.77846902537284,2003
Sean Cronin,2,0,,2016
Sean Faris,10,2,17.81842291878163,2016
Sean Gullette,2,1,14.985249617513476,2001
Sean Harris,5,1,14.301539468721632,2014
Sean Hayes,3,3,17.106976764820143,2012
Sean Maguire,1,1,18.253998229339405,2008
Sean Maher,4,0,,2016
Sean McGinley,4,1,14.00959433450202,2005
Sean Nelson,2,1,13.408218782514702,1996
Sean P. Donahue,3,0,,1994
Sean Patrick Flanery,21,4,13.54712382522897,2017
Sean Patrick Thomas,3,2,18.158885547262926,2014
Sean Paul Lockhart,2,0,,2013
Sean Penn,44,25,16.846712380457625,2015
Sean Pertwee,12,0,,2012
Sean Reid,2,0,,2007
Sean Young,24,7,16.780634785917766,2015
Seann William Scott,18,10,17.730574011199778,2017
Season Hubley,2,0,,1982
Sebastian Armesto,3,0,,2014
Sebastian Bezzel,3,0,,2013
Sebastian Blomberg,4,1,11.90807757646995,2015
Sebastian Cabot,7,2,18.028717447108892,1974
Sebastian Feldman,1,1,9.688808079634049,2007
Sebastian Jessen,2,0,,2011
Sebastian Koch,12,3,18.226566338459104,2016
Sebastian Maniscalco,3,0,,2016
Sebastian Schipper,2,1,14.775456387329806,2014
Sebastian Shaw,2,0,,1966
Sebastian Stan,3,1,16.080133313717855,2012
Sebastian Urzendowsky,4,0,,2011
Sebastián Aguirre,2,0,,2016
Seema Biswas,5,0,,2016
Sei Hiraizumi,2,1,17.224385061634344,2008
Seiichi Tanabe,6,0,,2015
Seiji Miyaguchi,2,0,,1967
Seizaburô Kawazu,2,0,,1968
Sela Ward,5,3,18.228476455751206,2009
Selena Gomez,13,4,17.522041386127196,2017
Selena Royle,2,1,13.815510557964274,1953
Selma Blair,22,6,17.47730752855954,2012
Selton Mello,14,0,,2017
Semyon Farada,3,0,,1984
Semyon Strugachyov,5,0,,2007
Semyon Svashenko,3,0,,1930
Sen Hara,2,0,,1974
Sen Yano,2,0,,1996
Sendhil Ramamurthy,2,0,,2011
Senne Rouffaer,2,0,,2001
Senta Berger,12,0,,1985
Seo Jae-kyeong,1,1,17.329435640807215,2005
Seo Jun-young,2,0,,2014
Seo Woo,2,0,,2010
Seo Young-hee,2,0,,2010
Seo Young-hwa,2,0,,2015
Seong Hyeon-a,2,0,,2005
Serafima Birman,3,0,,1958
Serah D'Laine,2,0,,2010
Serena Autieri,2,0,,2015
Serena Grandi,8,0,,2010
Serena Williams,3,0,,2016
Serge Gainsbourg,2,0,,1970
Serge Hazanavicius,2,0,,2012
Serge Marquand,2,0,,1978
Serge Reggiani,10,0,,2009
Sergei Astahov,1,1,10.341742483467284,2007
Sergei Barkovsky,1,1,15.58602442931467,2009
Sergei Bezrukov,10,3,17.324155949996754,2016
Sergei Bodrov Jr.,5,0,,2002
Sergei Chernov,1,1,7.937374696163295,2005
Sergei Debizhev,1,1,13.095890030246862,2012
Sergei Dreiden,2,1,15.721153915488484,2009
Sergei Makovetsky,15,4,13.45236659521628,2015
Sergei Martinson,2,0,,1968
Sergei Popov,2,1,12.883639074123096,2011
Sergei Prokhanov,2,0,,1979
Sergei Stolyarov,4,0,,1967
Sergei Yursky,7,0,,1984
Sergej Trifunović,4,0,,2016
Sergey Batalov,3,0,,2007
Sergey Bondarchuk,11,0,,1986
Sergey Chirkov,2,2,14.885498603899308,2010
Sergey Garmash,7,3,14.629658498902396,2017
Sergey Gorobchenko,1,1,14.28551418721001,2003
Sergey Koltakov,2,0,,2012
Sergey Mukhin,1,1,13.458835614025542,2003
Sergey Nikonenko,7,1,12.366267877332406,2003
Sergey Puskepalis,3,0,,2013
Sergey Shakurov,5,1,12.737618122870504,2002
Sergey Shnurov,2,0,,2011
Sergey Svetlakov,12,2,16.928598192161104,2016
Sergey Zhigunov,2,0,,1991
Sergi López,12,2,16.69640657780235,2009
Sergio Castellitto,16,1,16.286742635513335,2014
Sergio Corrieri,2,0,,1968
Sergio Fantoni,6,0,,1970
Sergio Hasselbaink,3,0,,2012
Sergio Hernández,4,1,14.561214609262825,2016
Sergio Peris-Mencheta,3,0,,2011
Sergio Rubini,11,0,,2015
Sergiu Nicolaescu,7,0,,2008
Sergo Zakariadze,2,0,,1969
Serhat Tutumluer,2,0,,2012
Serinda Swan,2,0,,2011
Serkan Altintas,1,1,16.41820024340866,2009
Serkan Keskin,2,0,,2015
Serra Yilmaz,1,1,12.279968809539849,2001
Sessue Hayakawa,4,1,11.83039689560776,1960
Setara Hussainzada,1,1,11.528237633071834,2009
Seth Green,20,10,16.88396111359246,2016
Seth MacFarlane,11,3,19.8616311496662,2016
Seth Peterson,1,1,10.615407418419355,2006
Seth Rogen,22,17,18.19660483795155,2016
Setsuko Hara,11,0,,1961
Settar Tanriogen,2,0,,2010
Seu Jorge,2,1,10.215081445034222,2017
Sevda Ferdag,2,0,,1977
Severija Janusauskaite,2,0,,2016
Severin Eskeland,2,0,,2009
Seychelle Gabriel,2,0,,2017
Seymour Cassel,10,2,14.909418140344929,2009
Shaad Randhawa,2,1,16.588099280204055,2013
Shaan Shahid,2,0,,2013
Shabana Azmi,15,3,13.908282120600019,2016
Shad Moss,3,0,,2010
Shadia Simmons,2,0,,2001
Shafiq Syed,1,1,14.547900566817574,1988
Shaghayeh Djodat,2,0,,1996
Shah Rukh Khan,44,18,16.804459412111378,2016
Shahab Hosseini,2,1,14.6918401746552,2016
Shahana Goswami,1,1,13.692325457393896,2012
Shahid Kapoor,18,6,15.587179838315514,2017
Shahkrit Yamnarm,1,1,17.564717883986393,2008
Shailene Woodley,9,8,17.51597360264726,2016
Shakira,1,1,20.746771594283132,2016
Shalini,2,2,14.364816702298329,2000
Shalom Harlow,3,1,16.15966648502824,2003
Shameik Moore,1,1,16.70514765717593,2015
Shammi Kapoor,2,1,16.794096672683295,2011
Shane Briant,4,0,,1981
Shane Carruth,2,2,12.981540060148815,2013
Shane Dawson,4,0,,2016
Shane Harper,3,1,17.20964975581452,2015
Shane Jacobson,3,1,15.866832549931576,2010
Shane Johnson,2,0,,2014
Shane Kippel,1,1,12.971635831961542,2010
Shane McDermott,1,1,14.862921828688986,1993
Shane McRae,2,1,8.98281222234415,2013
Shane Rimmer,3,0,,1978
Shane Van Dyke,3,0,,2010
Shane West,8,4,16.442478181426868,2010
Shani Wallis,1,1,17.437258184559862,1968
Shankar Mahadevan,1,1,15.29711509888849,2015
Shanley Caswell,2,0,,2012
Shannen Doherty,6,2,14.243308981670008,2016
Shannen Fields,2,1,16.13577160672611,2011
Shannon Elizabeth,6,1,16.96956050307804,2013
Shannon Kane,1,1,17.789825180881536,2011
Shannon Lee,2,0,,2012
Shannon Lucio,3,0,,2008
Shannon Sturges,3,0,,2001
Shannon Tweed,6,0,,1997
Shannon Whirry,2,0,,1997
Shannon Woodward,2,1,17.303709638791453,2012
Shannyn Sossamon,13,6,14.286937127888065,2015
Shanola Hampton,1,1,11.936950598599305,2005
Shantel VanSanten,4,1,19.04215542495529,2014
Shanyn Leigh,1,1,9.787009914477434,2011
Shaquille O'Neal,3,1,14.338123833576011,1997
Sharaf U Dheen,2,0,,2016
Shareeka Epps,3,1,15.40713576189986,2013
Shari Belafonte,2,0,,1998
Shari Shattuck,3,0,,1994
Sharla Cheung Man,8,0,,1994
Sharlto Copley,9,6,18.18566412505011,2017
Sharman Joshi,3,0,,2015
Sharmila Tagore,6,1,9.680344001221918,2009
Sharni Vinson,4,1,16.479051419080527,2017
Sharon Alexander,2,0,,2007
Sharon Farrell,4,0,,1980
Sharon Hinnendael,2,0,,2014
Sharon Lawrence,8,0,,2014
Sharon Leal,3,0,,2014
Sharon Stone,37,15,16.790677609818943,2015
Sharon Tate,5,2,16.209256429355296,1969
Shashank Arora,2,0,,2016
Shashi Kapoor,9,1,12.755052067344035,1994
Shatrughan Sinha,2,0,,2010
Shaun Benson,3,0,,2015
Shaun Brown,1,1,13.390787704085026,2017
Shaun Dingwall,4,0,,2017
Shaun Evans,8,1,14.645934421285446,2015
Shaun Parkes,3,0,,2014
Shaun Sipos,5,1,13.97217493295384,2017
Shaun Toub,3,1,18.10974433309784,2007
Shaun White,3,1,13.51398645849039,2013
Shauna Macdonald,4,0,,2015
Shauna O'Brien,2,0,,2002
Shavar Ross,1,1,16.903385180859935,1985
Shawn Ashmore,11,1,14.935838675270894,2013
Shawn Christensen,2,1,9.018089684104345,2014
Shawn Christian,2,0,,2010
Shawn Dou,4,1,18.62936525737244,2016
Shawn Farmer,1,1,13.51398645849039,2005
Shawn Hatosy,8,2,12.825354999806898,2011
Shawn Roberts,6,1,15.495380465849498,2016
Shawn Salinas,1,1,12.590630716706286,2004
Shawn Wayans,3,2,18.49008470989952,2006
Shawn Yue,14,3,13.44192794927948,2015
Shawn-Caulin Young,2,0,,2013
Shawnee Smith,5,4,15.822592669808483,2012
Shay Astar,2,0,,2006
Shea Whigham,4,0,,2015
Shedrack Anderson III,2,0,,2004
Sheetal Sheth,3,0,,2008
Shefali Shah,1,1,16.90655301132259,2015
Sheila Bromley,4,0,,1937
Sheila Frazier,2,0,,1974
Sheila Hancock,2,0,,1997
Sheila Kelley,4,2,13.789983967819333,2014
Sheila Reid,2,0,,2015
Sheila Ryan,4,0,,1947
Sheila Terry,4,0,,1934
Sheila Vand,1,1,12.88664104388326,2014
Sheila White,2,0,,1976
Shekhar Ravjiani,1,1,14.9070962175947,2016
Shelby Young,2,0,,2015
Sheldon Peters Wolfchild,1,1,15.020788010866028,1994
Shelley Berman,2,0,,2013
Shelley Duvall,12,2,17.58097089962613,1999
Shelley Fabares,5,0,,1983
Shelley Hennig,2,1,17.956771943446345,2016
Shelley Long,16,4,16.96283504570865,2012
Shelley Michelle,2,0,,2004
Shelley Winters,37,4,15.844618314806745,1995
Shemp Howard,2,0,,1951
Shenae Grimes,3,0,,2016
Shepard Fairey,3,2,13.161086960894345,2012
Sheree J. Wilson,1,1,15.01947516225659,1985
Sheree North,3,0,,1973
Sheri Moon Zombie,6,4,15.416068611810594,2016
Sheridan Smith,4,0,,2015
Sherilyn Fenn,15,3,14.57388244854615,2017
Sherman Hemsley,2,0,,2008
Sherman Howard,2,0,,1998
Sherrie Rose,2,0,,1997
Sherry Buchanan,3,0,,1981
Sherry Jackson,2,0,,1977
Sherry Miller,3,1,15.815020239993371,2006
Sheryl Crow,2,1,12.823062062240387,2012
Sheryl Lee,11,2,13.916391444164677,2014
Sheryl Lee Ralph,2,1,17.653554782893096,2000
Shevonne Durkin,1,1,14.631150554620987,1994
Shia LaBeouf,21,18,17.304258862786654,2016
Shidou Nakamura,4,0,,2010
Shigeru Amachi,3,0,,1966
Shigeru Chiba,4,0,,1998
Shigeru Tsuyuguchi,4,0,,1972
Shih Szu,2,0,,1973
Shiho Fujimura,5,0,,1968
Shiloh Fernandez,8,2,14.003934266381856,2017
Shilpa Shetty,5,1,16.213405830762646,2004
Shim Eun-Ha,2,0,,1999
Shim Eun-kyung,5,1,17.686711568872166,2017
Shim Hye-Jin,2,0,,2003
Shim Ji-ho,1,1,14.50865773852422,2005
Shima Iwashita,10,0,,1982
Shin Eun-Kyung,4,0,,2005
Shin Goo,2,0,,2000
Shin Ha-kyun,8,2,14.843836722451293,2014
Shin Hyun-joon,2,0,,2003
Shin Min-A,3,0,,2009
Shin Saburi,4,0,,1958
Shin Se-kyung,3,0,,2014
Shin Tokudaiji,2,0,,1946
Shin'ichi Himori,3,0,,1941
Shin'ichirou Miki,2,1,15.817190538177064,2014
Shiney Ahuja,3,0,,2012
Shing Fui-On,2,0,,1990
Shingo Tsurumi,2,0,,2015
Shinichi Tsutsumi,8,1,17.313639803789584,2013
Shinichi Yanagisawa,2,0,,1967
Shinji Ogawa,3,0,,2013
Shinji Takeda,3,0,,2006
Shinobu Nakayama,1,1,14.461431425901274,1994
Shinobu Terajima,4,1,15.137886205826,2013
Shinpachi Tsuji,2,0,,2011
Shintarô Katsu,35,0,,1990
Shinya Tsukamoto,8,0,,2014
Shiori Kutsuna,2,1,12.506103161162818,2016
Shiri Appleby,4,1,17.35389381316042,2017
Shirley Anne Field,4,0,,1965
Shirley Booth,4,0,,1974
Shirley Eaton,2,0,,1966
Shirley Henderson,9,1,13.520892486991375,2012
Shirley Jones,13,2,16.179553973456024,2016
Shirley Knight,15,1,17.296525206505486,2013
Shirley MacLaine,45,14,16.60352957950827,2017
Shirley Patterson,2,0,,1958
Shirley Stoler,2,0,,1975
Shirley Temple,34,1,14.914122846632385,1949
Shirley Yamaguchi,2,0,,1955
Shirô Sano,3,0,,2011
Shishir Sharma,1,1,16.55869158154579,2014
Shiv Pandit,2,0,,2016
Sho Aikawa,8,0,,2015
Sho Kosugi,6,1,16.393302252322158,1988
Shobana Chandrakumar,2,0,,1993
Shohreh Aghdashloo,7,1,18.55896429839825,2016
Shon Greenblatt,1,1,17.367195719217882,1991
Shoshannah Stern,2,0,,2010
Shosuke Tanihara,5,0,,2009
Shota Matsuda,4,0,,2012
Shota Sometani,7,1,13.103472054743914,2015
Shraddha Das,2,1,14.05326287966442,2014
Shraddha Kapoor,6,2,14.670961661800945,2017
Shreyas Talpade,5,0,,2015
Shriya Saran,3,1,16.759949537130716,2015
Shruti Haasan,7,3,17.50893390048853,2015
Shu Qi,19,4,15.296752400206552,2015
Shugo Oshinari,3,0,,2003
Shun Oguri,9,1,16.65676804917546,2014
Shunji Fujimura,1,1,17.224385061634344,2008
Shunsuke Kazama,2,1,13.830733104843514,2016
Shuntaro Hida,2,0,,2007
Shut Chung-Tin,2,0,,1977
Shô Nishino,2,0,,2015
Shôhei Imamura,2,0,,1983
Shôji Yasui,2,0,,1958
Shûji Sano,4,0,,1951
Shūichi Ikeda,3,0,,1988
Sian Cotton,1,1,13.695632955233023,2008
Sibel Kekilli,3,1,16.216207448019983,2011
Sid Caesar,3,1,17.909855120186375,1984
Sid Haig,9,2,15.412841356693981,2011
Sid James,20,0,,1973
Sid Lucero,2,0,,2013
Siddharth,5,1,15.489486929035944,2014
Siddharth Jadhav,2,1,13.16158409055761,2010
Siddhartha Chatterjee,2,0,,1979
Siddhi Mahajankatti,1,1,14.648419680899378,2016
Siddique,1,1,14.626683855744997,2015
Sidharth Malhotra,5,0,,2016
Sidney Blackmer,4,0,,1956
Sidney Fox,3,0,,1934
Sidney Johnston,1,1,18.665434981156903,2012
Sidney Poitier,40,8,16.47787436163156,2012
Sidney Toler,21,0,,1946
Sidse Babett Knudsen,8,2,15.37822917301568,2016
Sie Kohinata,2,0,,2003
Siegfried Rauch,2,0,,1973
Sien Eggers,3,0,,2013
Sienna Guillory,11,4,18.794109941200773,2016
Sienna Miller,13,6,15.91188666363127,2016
Sierra McCormick,3,0,,2015
Signe Egholm Olsen,2,0,,2013
Signe Hasso,7,0,,1948
Sigourney Weaver,42,22,16.9071200860803,2017
Sigrid Gurie,3,0,,1940
Sigrid Thornton,2,0,,1988
Sigurjón Kjartansson,2,0,,2015
Sihung Lung,3,3,14.496079753581968,1994
Siiri Angerkoski,5,0,,1970
Silambarasan,1,1,16.300417207752275,2010
Silas Weir Mitchell,2,0,,2010
Silke,2,0,,2006
Silu Seppälä,2,0,,1991
Silvana Mangano,12,0,,1974
Silvana Pampanini,2,0,,1964
Silvano Tranquilli,5,0,,1975
Silvia Dionisio,4,0,,1980
Silvia Monfort,2,0,,1955
Silvia Monti,6,0,,1974
Silvia Pinal,6,0,,2000
Silvia Solar,2,0,,1974
Silvio Berlusconi,4,1,13.980750382467695,2016
Silvio Muccino,4,1,14.206905138855657,2006
Silvio Orlando,11,0,,2013
Simo Salminen,6,0,,1987
Simon Abkarian,8,0,,2015
Simon Amstell,2,0,,2017
Simon Baker,9,3,17.603201631925018,2009
Simon Bird,3,1,18.29314029544544,2014
Simon Callow,4,1,19.1739137329596,2008
Simon Chandler,2,1,18.69967763164106,2006
Simon Chuckster,1,1,16.536805985816503,1971
Simon Farnaby,3,1,11.302327882824535,2017
Simon Fenton,1,1,16.070259007043926,1993
Simon Helberg,2,0,,2014
Simon J. Berger,2,0,,2015
Simon Lyndon,2,1,12.372370675225028,2000
Simon MacCorkindale,4,2,17.393247314648047,1983
Simon McBurney,1,1,17.68729410749692,2006
Simon Oakland,3,0,,1973
Simon Pegg,18,12,17.582958876171954,2015
Simon Phillips,7,0,,2014
Simon Quarterman,1,1,18.43811281860951,2012
Simon Rex,4,1,18.17706332611132,2016
Simon Reynolds,2,1,15.865296692736486,2007
Simon Russell Beale,2,1,13.93464823124023,2011
Simon Schwarz,6,0,,2015
Simon Ward,6,0,,1978
Simon Yam,25,2,17.15025295817901,2016
Simon de La Brosse,2,0,,1988
Simona Stašová,3,0,,2011
Simone Griffeth,1,1,15.89495209964411,1975
Simone Kirby,2,1,14.773327036666927,2016
Simone Renant,1,1,11.937938265920762,1947
Simone Signoret,17,0,,1980
Simone Simon,4,1,15.201804919084164,1944
Simone Spoladore,3,1,14.914122846632385,2011
Simran,4,2,14.788465632491931,2008
Simón Andreu,7,1,12.620011747717715,2004
Sin Il-Ryong,2,0,,1977
Sinbad,4,2,17.883897100843235,1997
Sinéad Cusack,4,0,,1996
Siobhan Reilly,1,1,15.766267087181904,2012
Siobhán McKenna,2,1,16.48851040984448,1961
Siri Baruc,3,0,,2007
Sirin Horwang,2,0,,2011
Sissela Kyle,2,0,,2013
Sissy Spacek,24,7,16.214206251099785,2010
Sivan Levy,3,0,,2012
Sixtine Murat,1,1,12.58546410452254,2016
Siân Phillips,2,0,,1976
Skandar Keynes,2,2,20.139716510750432,2010
Skeet Ulrich,10,5,15.714271343416218,2014
Skip Hinnant,3,0,,1977
Sky Ferreira,2,2,13.259521006164237,2014
Sky du Mont,2,0,,2001
Skye Bennett,2,0,,2009
Skye McCole Bartusiak,3,1,18.02307753496591,2011
Skylan Brooks,2,0,,2013
Skylar Astin,3,2,18.125782018068385,2013
Skyler Gisondo,2,1,18.463588766003507,2016
Slavko Štimac,4,0,,2004
Slavoj Žižek,7,0,,2016
Slobodan Aligrudić,2,0,,1981
Smaragda Karydi,3,0,,2016
Smaran Ghosal,1,1,12.04481762284792,1956
Smiley Burnette,5,0,,1951
Smita Patil,2,0,,1983
Snitz Edwards,2,1,14.009332398928436,1925
Snoop Dogg,11,4,15.265330210244345,2012
So Ji-sub,4,1,15.8087673808784,2012
Sobhita Dhulipala,1,1,13.829340482166472,2016
Sofia Black-D'Elia,2,2,15.254921252594034,2016
Sofia Boutella,3,1,18.315408502176066,2017
Sofia Carson,3,0,,2017
Sofia Helin,3,0,,2007
Sofie Gråbøl,6,0,,2016
Sofiko Chiaureli,3,0,,1988
Sofya Rayzman,1,1,15.380255242313453,2017
Sofya Skya,2,0,,2013
Sofía Espinosa,2,0,,2014
Sofía Vergara,4,3,17.01071040203691,2015
Soha Ali Khan,3,2,15.980312413158972,2013
Sohail Khan,4,0,,2017
Soko,4,0,,2016
Sol Abad,1,1,14.349093263852875,1996
Sol Kyung-gu,13,1,16.240459202239478,2017
Sola Aoi,2,0,,2006
Soledad Miranda,2,0,,1971
Soledad Villamil,5,1,17.34086595996684,2012
Soleil Moon Frye,2,0,,1998
Soloman K. Smith,1,1,13.96416157088095,2000
Solveig Dommartin,2,1,14.978661367769956,1991
Solène Rigot,2,0,,2017
Son Byung-ho,3,1,16.52096198517691,2013
Son Hyun-joo,2,0,,2015
Son Ye-jin,11,2,12.369609788190786,2015
Sonakshi Sinha,7,2,16.261811671556604,2014
Sonalee Kulkarni,2,0,,2010
Sonali Bendre,6,0,,2001
Sonali Kulkarni,3,0,,2013
Sonam Kapoor,9,6,16.30329823060471,2016
Sondra Currie,2,0,,1974
Sondra Locke,9,5,17.745219060675215,1983
Sonequa Martin-Green,2,0,,2014
Song Ha-yoon,3,0,,2011
Song Hye-kyo,4,1,17.97559192309749,2015
Song Ji-hyo,3,1,14.048166324370976,2012
Song Joong-ki,2,0,,2012
Song Kang-ho,19,4,16.687555259767166,2016
Song Seon-mi,2,0,,2011
Song Seung-heon,3,1,16.10131087137548,2010
Song Young-chang,3,0,,2015
Sonia Bergamasco,5,0,,2016
Sonia Deepti,1,1,14.78661139299835,2007
Sonia Sui,2,0,,2015
Sonja Bennett,2,0,,2014
Sonja Henie,3,0,,1942
Sonja Kolačarić,2,0,,2008
Sonja Richter,6,0,,2014
Sonja Smits,2,1,14.567133700682728,1983
Sonnie Hale,2,0,,1935
Sonny Carl Davis,5,0,,2014
Sonny Chiba,13,0,,2004
Sonny Liston,2,0,,1973
Sonny Tufts,5,0,,1953
Sonu Sood,7,3,17.396235963098835,2017
Sonya Walger,2,0,,2014
Soo-Ae,2,0,,2010
Sook-Yin Lee,3,1,15.460129689616847,2013
Soon-Tek Oh,1,1,16.190922881884443,1985
Soon-Yi Previn,1,1,12.961696848799203,1997
Sophia Bush,3,1,17.05025756663209,2009
Sophia Loren,39,4,15.181662975621785,2002
Sophia Myles,7,3,14.642220867755716,2014
Sophia Takal,2,0,,2016
Sophie Daumier,2,0,,1966
Sophie Kennedy Clark,1,1,18.42197862134501,2013
Sophie Lowe,2,0,,2013
Sophie Marceau,25,5,17.48398977256911,2014
Sophie Monk,2,1,17.698072331990687,2009
Sophie Nélisse,4,1,18.153928976454733,2016
Sophie Okonedo,5,2,18.382566186026963,2014
Sophie Quinton,2,0,,2011
Sophie Rois,4,1,14.775456387329806,2014
Sophie Turner,3,1,8.711937268208748,2015
Sophie Vavasseur,2,0,,2010
Sophie Ward,4,0,,2009
Sora Amamiya,2,0,,2017
Soraia Chaves,3,0,,2015
Sorapong Chatree,4,1,16.005672811249283,2010
Soren Fulton,1,1,17.15779399751275,2004
Sorrell Booke,5,0,,1987
Sosuke Ikematsu,2,0,,2016
Sota Aoyama,1,1,17.140301944423804,2006
Sota Fukushi,2,0,,2014
Soumitra Chatterjee,12,1,9.680344001221918,1990
Sousuke Takaoka,3,0,,2012
Spalding Gray,5,1,12.648335662374995,2010
Spede Pasanen,7,0,,1984
Spencer Breslin,4,1,18.05971087573075,2006
Spencer Grammer,3,0,,2017
Spencer Locke,4,0,,2015
Spencer Redford,1,1,9.688808079634049,2007
Spencer Tracy,50,7,16.290400890871314,1967
Spencer Treat Clark,3,0,,2014
Spencer Wilding,1,1,11.430369601965666,2005
Spencer Williams,2,0,,1946
Spike Jonze,4,0,,2014
Spike Lee,8,3,16.435578081439633,2012
Spike Milligan,3,0,,1978
Spiros Focás,2,0,,1968
Sprague Grayden,2,1,19.141947915462115,2011
Spring Byington,4,0,,1950
Sreenivasan,4,0,,2016
Sri,2,0,,2013
Sridevi Kapoor,4,1,16.26823830938804,2017
Srihari,2,0,,2008
Sruthi Hariharan,1,1,12.0435537160324,2013
Srđan Todorović,5,0,,2014
Stacey Asaro,2,0,,2012
Stacey Dash,8,0,,2016
Stacey Nelkin,2,1,16.48273876454623,1982
Stacey Pickren,1,1,15.717618084361195,1985
Stacey Travis,3,2,15.282712272988807,2012
Staci Keanan,2,0,,2006
Stacie Foster,2,0,,1995
Stacy Edwards,3,1,15.47208297901196,2001
Stacy Haiduk,2,0,,2010
Stacy Keach,23,3,14.860593405371139,2011
Stacy Martin,2,0,,2015
Stacy Peralta,2,1,14.836982589438016,2004
Stan Alexander,1,1,19.404432534687334,1942
Stan Brakhage,5,0,,2002
Stan Laurel,29,0,,1957
Stan Lee,3,0,,2014
Stan Shaw,3,0,,1983
Stana Katic,6,1,14.88564346494014,2017
Stanislas Merhar,3,0,,2015
Stanislav Boklan,1,1,13.120697991418597,2014
Stanislav Duzhnikov,2,0,,2011
Stanislav Ilyukhin,1,1,7.937374696163295,2005
Stanislav Lyubshin,5,1,14.390061684958324,2015
Stanislav Sadalskiy,2,0,,1983
Stanislav Varkki,1,1,10.965816144126991,2002
Stanko Molnar,2,0,,1989
Stanley Andrews,2,0,,1940
Stanley Baker,18,1,15.89495209964411,1972
Stanley Baxter,2,0,,1962
Stanley Fung,5,0,,2015
Stanley Holloway,7,1,18.09315856976579,1964
Stanley Townsend,2,0,,2014
Stanley Tucci,18,6,16.452750499306028,2014
Stanley Weber,2,0,,2014
Stanton A. Glantz,1,1,12.167331817213745,2014
Stany Crets,2,0,,2011
Starr Andreeff,2,1,13.663047952537363,1996
Stavros Xenidis,2,0,,1984
Stef Aerts,2,0,,2016
Stefan C. Schaefer,1,1,8.566935283311052,2008
Stefan Kurt,3,0,,2011
Stefania Casini,3,0,,2014
Stefania LaVie Owen,2,0,,2016
Stefania Montorsi,2,0,,2010
Stefania Rocca,4,1,14.206905138855657,2011
Stefania Sandrelli,10,0,,2001
Stefanie Estes,2,1,10.552186379610337,2014
Stefanie Powers,7,0,,1996
Stefanie Scott,4,2,16.562888767201393,2016
Stefanie von Pfetten,2,0,,2006
Stefano Accorsi,12,1,12.279968809539849,2016
Stefano Cassetti,3,0,,2013
Stefano Dionisi,4,0,,2001
Stefano Fresi,2,0,,2017
Stefano Patrizi,2,0,,1981
Stefano Satta Flores,3,0,,1978
Steffen Zacharias,2,0,,1973
Steffi Kühnert,3,0,,2011
Steinn Ármann Magnússon,1,1,16.213405830762646,2013
Stelio Savante,2,0,,2016
Stella Arroyave,1,1,10.231675569569644,2007
Stella Maeve,4,0,,2017
Stella Maris Closas,2,0,,2002
Stella Stevens,14,2,16.016367710155425,1991
Stellan Skarsgård,43,12,15.345757651396738,2017
Stepan Bubnov,2,0,,1973
Steph Song,2,0,,2010
Stephan James,1,1,17.02652068921245,2016
Stephanie Allynne,3,0,,2015
Stephanie Beacham,7,0,,1981
Stephanie Bennett,4,0,,2015
Stephanie Greco,2,0,,2013
Stephanie Jacobsen,3,0,,2011
Stephanie K. Martin,1,1,18.28829155590662,1995
Stephanie Leon,2,0,,2011
Stephanie Leonidas,2,1,13.672793102359476,2006
Stephanie March,1,1,11.322986972837104,2006
Stephanie Niznik,2,0,,2001
Stephanie Szostak,4,1,18.27435767991557,2014
Stephanie Zimbalist,3,0,,1992
Stephen Amell,2,1,19.319311850500466,2016
Stephen Archibald,2,0,,1973
Stephen Baldwin,26,4,15.746121936911031,2015
Stephen Billington,3,0,,2010
Stephen Blackehart,4,0,,2011
Stephen Boss,2,2,18.516145964724437,2014
Stephen Boyd,12,2,15.83703619188155,1973
Stephen Campbell Moore,5,1,17.987167889582324,2015
Stephen Chambers,2,0,,2012
Stephen Chang,1,1,13.540274708933826,1994
Stephen Chow,19,3,17.891113703797544,2008
Stephen Colbert,2,0,,2008
Stephen Colletti,2,0,,2010
Stephen Collins,3,1,16.933168784539983,1999
Stephen Curry,6,1,13.666765740100052,2016
Stephen Dillane,12,1,16.55190050140425,2012
Stephen Dorff,33,7,15.406473320674802,2017
Stephen Eric McIntyre,2,0,,2009
Stephen Fry,11,0,,2014
Stephen Furst,4,0,,2005
Stephen Geoffreys,2,2,14.959397322214087,1988
Stephen Gevedon,1,1,12.83192283720959,2001
Stephen Graham,6,1,15.91678012541571,2014
Stephen Hawking,4,0,,2013
Stephen Henderson,2,1,17.980853372884958,2016
Stephen King,2,0,,2012
Stephen Lack,2,1,16.47057311780291,1990
Stephen Lang,14,5,16.812522382767956,2015
Stephen MacKenna,1,1,16.70588231586044,1981
Stephen Macht,6,3,15.601733278010164,1997
Stephen Martines,2,0,,2008
Stephen McHattie,11,1,10.373491181781864,2016
Stephen McNally,9,0,,1956
Stephen Mendel,2,0,,1998
Stephen Merchant,2,1,18.538130461842332,2014
Stephen Moyer,7,1,15.122824480336494,2013
Stephen Murray,2,0,,1953
Stephen Nichols,2,0,,1995
Stephen Rea,28,8,16.94770933731709,2014
Stephen Root,3,0,,2017
Stephen Shea,2,0,,1974
Stephen Sondheim,2,0,,2016
Stephen Spinella,2,1,11.49289621199639,2010
Stephen Stills,2,0,,2008
Stephen Tobolowsky,8,2,13.641821468369045,2015
Stephen Young,2,1,18.313095533272428,1976
Sterling Beaumon,3,0,,2015
Sterling Hayden,26,2,16.7773979174017,1981
Sterling Holloway,5,2,16.06028028719125,1970
Sterling Jerins,1,1,17.046804438623536,2014
Sterling Knight,3,0,,2015
Steve Alaimo,2,0,,1972
Steve Allen,2,1,9.96880701865677,1998
Steve Antin,2,1,14.013319890903134,1990
Steve Austin,9,2,11.63229052464659,2015
Steve Bacic,4,0,,2013
Steve Bastoni,2,0,,2006
Steve Bisley,4,0,,2010
Steve Braun,2,0,,2004
Steve Brodie,4,0,,1975
Steve Burns,2,0,,2008
Steve Buscemi,29,13,16.508371341785,2016
Steve Carell,23,22,18.373095089488906,2017
Steve Cochran,13,0,,1961
Steve Coogan,20,6,15.715191026793256,2017
Steve Earle,3,0,,2015
Steve Evets,2,0,,2012
Steve Forrest,6,0,,1985
Steve Guttenberg,28,8,17.222250812407374,2016
Steve Harris,4,1,17.525550026531,2017
Steve Harvey,3,1,17.255271898702418,2004
Steve Howey,3,1,14.947734911966492,2015
Steve Irwin,1,1,17.31451645054645,2002
Steve James,5,2,16.020203884987062,1994
Steve Jobs,2,0,,2012
Steve Jones,2,0,,2000
Steve Le Marquand,3,0,,2014
Steve Lemme,3,2,16.75112267554142,2006
Steve Levitt,1,1,14.375101202726468,1987
Steve Little,3,0,,2013
Steve Lund,2,0,,2015
Steve Lyon,1,1,13.804449610604848,1987
Steve Martin,39,24,17.46821740215532,2017
Steve McQueen,25,8,17.105886278009017,2015
Steve Monarque,1,1,11.901868159992343,1989
Steve Oedekerk,4,0,,2002
Steve Oliver,2,0,,1973
Steve Oram,4,1,11.031367338884806,2016
Steve Purcell,3,0,,2015
Steve Railsback,9,1,8.649623978596727,2005
Steve Reeves,5,0,,1968
Steve Sandor,3,1,13.542234879951565,1983
Steve Sandvoss,1,1,13.616985226229442,2003
Steve Talley,3,0,,2012
Steve Vai,2,0,,2012
Steve Valentine,2,1,19.6000550599831,2015
Steve Whitmire,4,1,16.606121892841156,2008
Steve Yoo,2,0,,2013
Steve Zahn,17,12,17.014605698540496,2017
Steve Zissis,3,0,,2017
Steve-O,4,2,18.040864559325236,2016
Steven Bauer,14,4,15.213062026159466,2015
Steven Berkoff,4,1,16.26085110829334,2005
Steven Bochco,1,1,9.89298256789098,2005
Steven Brand,4,0,,2014
Steven Cree,2,0,,2015
Steven Culp,3,1,17.35840267961098,2011
Steven Eckholdt,3,0,,2003
Steven Geray,2,0,,1947
Steven Keats,2,1,16.166885815127753,1982
Steven Mackintosh,5,0,,2008
Steven Michael Quezada,1,1,12.85387459631449,2006
Steven Nelson,2,1,7.741967899820685,1998
Steven Pasquale,2,1,17.548336703643894,2013
Steven Ritch,2,0,,1956
Steven Seagal,45,10,17.801242192588646,2016
Steven Soderbergh,2,0,,2013
Steven Spielberg,5,0,,2017
Steven Strait,5,3,17.518230457009057,2013
Steven Vidler,2,1,13.959610901938031,1988
Steven Waddington,7,1,13.450858164333305,2015
Steven Weber,9,1,17.687074044836482,2013
Steven Williams,2,1,16.190922881884443,2001
Steven Wright,3,1,15.882075171730412,2006
Stewart Bick,2,0,,2001
Stewart Brand,2,0,,2013
Stewart Granger,20,1,15.724460294603732,1965
Stewart Lee,2,0,,2010
Stig Frode Henriksen,2,1,14.500959180526555,2009
Stig Järrel,2,0,,1960
Stig Olin,2,0,,1950
Stina Ekblad,2,0,,1986
Stina Rautelin,2,0,,1998
Stine Fischer Christensen,2,0,,2006
Stine Stengade,3,0,,2008
Sting,10,2,14.74168247935072,2013
Stipe Erceg,5,0,,2011
Stockard Channing,20,4,16.090581800740765,2005
Stomy Bugsy,2,0,,2001
Stone Gossard,2,0,,2011
Storm Acheche Sahlstrøm,1,1,13.58214872740193,2009
Stratford Johns,1,1,12.7098736543592,1988
Stratos Pahis,2,0,,1977
Stringer Davis,2,0,,1964
Strother Martin,6,2,17.34555342556782,1980
Stuart Allan,4,0,,2017
Stuart Ashen,2,0,,2016
Stuart Brotman,2,0,,1977
Stuart Bunce,1,1,15.21892994519584,2003
Stuart Erwin,7,0,,1941
Stuart Graham,2,1,14.817785939924336,2008
Stuart Margolin,2,0,,1988
Stuart Pankin,3,0,,1999
Stuart Townsend,7,3,14.213998931354313,2008
Stuart Whitman,17,1,17.215039882525733,1985
Stuart Wilson,5,2,17.049577265075513,2004
Stéphane Audran,12,1,15.296873706119236,1992
Stéphane Freiss,5,0,,2006
Stéphane Rideau,4,0,,2011
Stéphane Rousseau,2,1,15.048753384974876,2012
Stéphanie Cléau,2,0,,2016
Stênio Garcia,1,1,14.54344846143663,2000
Su Shangqing,1,1,18.252880244427285,2016
Subodh Bhave,2,0,,2016
Sudeep,2,2,15.80704943286103,2012
Sue Lloyd,3,0,,1978
Sue Lyon,7,1,16.04013410948861,1977
Sue Price,2,0,,1996
Suen Yuet,2,0,,1989
Suki Kwan,2,0,,2005
Suki Waterhouse,2,1,15.306036773042935,2017
Sulevi Peltola,3,0,,1994
Sullivan Stapleton,3,1,19.637313228300343,2015
Sultan Islamov,1,1,10.965816144126991,2002
Suman,2,2,17.14451608089965,2015
Sumeet Raghvan,2,0,,2015
Sumi Shimamoto,1,1,15.009871112281273,1984
Sumiko Fuji,2,1,11.29933612646083,2009
Sumiko Kurishima,2,0,,1937
Sumiko Mizukubo,2,0,,1933
Sumiko Sakamoto,2,0,,1983
Summer Bishil,1,1,12.8148540373528,2008
Summer Glau,5,0,,2013
Summer Phoenix,3,1,12.94066162848978,2001
Sun Chien,3,0,,1979
Sun Honglei,6,1,17.09369286569711,2012
Sun Li,2,1,15.757307401824024,2011
Sung Dong-il,2,0,,2015
Sung Kang,5,3,17.62144253262272,2013
Sung Young Chen,2,0,,1989
Sung-hee Park,1,1,9.955842782870056,2000
Sunil Dutt,5,0,,2003
Sunil Shetty,19,1,16.300417207752275,2012
Sunny Deol,14,0,,2016
Sunny Mabrey,4,0,,2017
Sunny Pawar,1,1,18.75931317424568,2016
Sunnyi Melles,2,0,,2005
Sunshine Hart,1,1,13.842889315731822,1927
Supakorn Kitsuwon,2,0,,2004
Supanart Jittaleela,2,0,,2012
Suraj Sharma,3,1,20.227356025632655,2017
Suresh Gopi,3,1,13.122363377404328,2015
Suresh Menon,1,1,15.89495209964411,2008
Suriya ,13,5,16.836253440514604,2016
Surveen Chawla,2,0,,2014
Surya Saputra,3,0,,2011
Susan Anspach,6,0,,1981
Susan Blakely,9,2,15.445161847810043,2013
Susan Buice,1,1,12.409013489526863,2005
Susan Cabot,3,0,,1959
Susan Chuang,2,0,,2006
Susan Clark,10,1,14.950133284155417,1979
Susan Damante,2,0,,1978
Susan Egan,3,0,,2014
Susan Fleetwood,2,1,12.613712054798109,1995
Susan Floyd,2,0,,2000
Susan George,12,1,14.994717402009965,1989
Susan Gordon,2,0,,1966
Susan Hampshire,5,0,,1973
Susan Harrison,2,0,,1957
Susan Hayward,30,0,,1967
Susan Hemingway,2,0,,1978
Susan Jennifer Sullivan,1,1,16.768857167186667,1988
Susan Kellermann,2,1,15.537610326281191,2016
Susan Kohner,2,0,,1960
Susan Lynch,7,0,,2014
Susan May Pratt,4,1,16.660473719407406,2006
Susan McConnell,2,0,,2008
Susan Misner,2,0,,2011
Susan Penhaligon,4,0,,1978
Susan Prior,2,0,,2013
Susan Saint James,4,2,16.835435412846007,1981
Susan Sarandon,65,30,16.417837098661213,2017
Susan Shaw,2,0,,1956
Susan Sheridan,1,1,16.87368659768781,1985
Susan Stephen,2,0,,1954
Susan Strasberg,9,0,,1983
Susan Tyrrell,10,0,,1999
Susan Visser,4,1,16.70588231586044,2015
Susan Walters,2,0,,1999
Susan Ward,3,1,15.467528534608071,2010
Susan Ziegler,2,0,,2013
Susana Campos,2,0,,2005
Susanna Foster,2,0,,1944
Susannah York,18,1,17.442514608360124,1988
Susanne Lothar,2,0,,1997
Susanne Thorson,2,0,,2011
Susanne Wuest,2,1,13.979495013054624,2014
Sushant Singh,4,1,15.60727002719233,2014
Sushant Singh Rajput,3,1,18.60300230074632,2015
Sushar Manaying,2,0,,2012
Sushmita Sen,4,0,,2010
Susie Abromeit,5,0,,2013
Susie Essman,2,1,19.552018317877092,2009
Susie Porter,3,0,,2000
Susumu Fujita,4,0,,1946
Susumu Terajima,3,0,,2003
Susú Pecoraro,2,0,,2004
Suthep Po-ngam,2,0,,2004
Suvalakshmi,1,1,13.122363377404328,1995
Suwinit Panjamawat,3,1,14.70134208235372,2002
Suzanna Hamilton,4,0,,2016
Suzanna Leigh,4,0,,1971
Suzanne Clément,6,2,12.239929509896458,2016
Suzanne Flon,3,0,,2003
Suzanne Pleshette,10,1,16.249433426863988,1980
Suzanne Reuter,3,0,,2014
Suzanne Snyder,3,2,16.604462343341858,1988
Suzu Hirose,1,1,12.755594806631764,2015
Suzy Amis,7,2,14.681311499619845,1998
Suzy Delair,2,0,,1973
Suzy Kendall,4,0,,1974
Suzy Parker,3,0,,1960
Suzzanne Douglas,3,2,16.012395387953376,2003
Svavar Jonatansson,1,1,14.099536203828322,2012
Sveinn Ólafur Gunnarsson,2,0,,2013
Sven Melander,1,1,15.427018725939767,1980
Sven Nordin,4,0,,2014
Sven Nykvist,2,0,,2000
Sven Ruygrok,2,0,,2013
Sven Wollter,4,0,,2001
Sven de Ridder,2,0,,2013
Sven-Bertil Taube,3,0,,2011
Sverre Anker Ousdal,4,0,,1997
Sverrir Gudnason,8,0,,2016
Svetlana Antonova,2,0,,2006
Svetlana Ivanova,2,0,,2012
Svetlana Khodchenkova,10,2,14.5819749849524,2016
Svetlana Kryuchkova,2,0,,2000
Svetlana Pismichenko,2,0,,1997
Svetlana Stepchenko,2,0,,1997
Svetlana Sukhanova,1,1,15.17069911084566,2008
Svetlana Svetlichnaya,2,0,,2004
Svetlana Ustinova,2,0,,2017
Swann Arlaud,3,0,,2016
Swantje Kohlhof,2,0,,2016
Swarnamalya,1,1,15.60727002719233,2000
Swoosie Kurtz,9,2,13.758009578241435,2001
Sy Richardson,4,0,,1993
Syamsul Arifin,1,1,13.004874048611862,2012
Sybil Danning,8,1,16.1835269609413,1985
Sybil Seely,5,0,,1922
Sybil Thorndike,2,0,,1957
Sybille Schmitz,2,0,,1936
Sydne Rome,4,0,,1974
Sydney Greenstreet,12,0,,1949
Sydney Penny,2,0,,2015
Sydney Pollack,5,0,,2006
Sylva Koscina,10,0,,1973
Sylvester Groth,3,0,,2015
Sylvester Stallone,52,42,17.658796042074705,2015
Sylvia Anderson,3,0,,1979
Sylvia Bataille,2,0,,1937
Sylvia Camarda,1,1,8.879333174786028,2013
Sylvia Chang,6,0,,2015
Sylvia Earle,2,0,,2014
Sylvia Hoeks,4,1,16.77332666307639,2013
Sylvia Ivalu,1,1,15.147032157312047,2002
Sylvia Kristel,14,1,17.084280699106316,1988
Sylvia Miles,3,2,16.06302137092345,1975
Sylvia Sidney,13,0,,1977
Sylvia Syms,10,0,,1968
Sylvie Testud,14,0,,2009
Symon Basterfield,2,1,12.3803326283129,2005
Synnøve Macody Lund,1,1,16.56915260772401,2011
Szabolcs Hajdu,2,0,,2016
Szabó Győző,3,0,,2008
Sándor Csányi,3,0,,2006
Sándor Zsótér,1,1,12.550931048328067,2014
Séverin-Mars,2,0,,1923
Sílvia Munt,3,0,,1997
Sô Yamamura,4,1,17.201536465964562,1970
Sônia Braga,8,1,12.563502304599782,2016
Søren Malling,4,1,13.922818476202217,2017
Søren Pilmark,5,1,15.590462908875947,2016
Søs Egelind,3,1,15.502892916721963,2012
Sümer Tilmaç,2,0,,2005
T Bone Burnett,2,0,,2014
T. Colin Campbell,2,0,,2013
T. J. Thyne,3,0,,2013
T. K. Carter,1,1,15.95956557890975,1990
T. Ryder Smith,1,1,15.28616766654936,1994
T.C. Stallings,2,1,18.031926975323938,2016
T.I.,1,1,16.868122236994555,2006
T.J. Lowther,1,1,14.348067536071348,1993
T.J. Miller,5,3,16.18129848783752,2017
T.R. Knight,2,1,18.36960019535388,2015
Taapsee Pannu,3,1,15.60727002719233,2016
Taavi Eelmaa,3,0,,2015
Tab Hunter,12,0,,2015
Tabea Blumenschein ,2,0,,1980
Tabitha St. Germain,5,0,,2014
Tabu,11,2,14.97026201277841,2016
Tad Hilgenbrink,5,0,,2009
Tadanobu Asano,31,2,17.03813023436517,2016
Tadao Takashima,4,0,,1967
Tadeusz Janczar,2,0,,1957
Tadeusz Łomnicki,4,0,,1981
Tae Kimura,2,0,,2008
Tahar Rahim,10,2,14.053946993567507,2016
Tahmoh Penikett,5,0,,2015
Tahnee Welch,4,1,18.26183885760252,1998
Tahyna Tozzi,2,1,7.904703913873747,2014
Taika Waititi,3,2,16.298047015473855,2014
Taimak,1,1,17.06411154016828,1985
Taina Elg,2,0,,1969
Tair Mamedov,2,0,,2015
Tairo Caroli,2,0,,2016
Taissa Farmiga,6,2,12.444006471633326,2017
Tak Sakaguchi,2,0,,2003
Takaaki Enoki,2,0,,2007
Takahiro Miura,2,0,,2015
Takahiro Sakurai,6,0,,2017
Takahiro Tamura,5,0,,1981
Takako Honda,7,0,,2009
Takako Tokiwa,4,1,17.257365376607837,2009
Takao Osawa,11,1,16.588099280204055,2014
Takashi Matsuyama,2,0,,2000
Takashi Naito,2,0,,2008
Takashi Shimura,10,2,11.716207611528356,1962
Takashi Tsukamoto,2,0,,2008
Takashi Ukaji,4,0,,2008
Takayuki Yamada,10,1,16.680857399452158,2013
Takehiro Hira,2,0,,2012
Takehiro Murata,2,1,16.121827678272997,1999
Takehito Koyasu,2,0,,1998
Takeru Satoh,6,1,17.937794488875618,2016
Takeshi Kaneshiro,17,2,18.479218234792476,2017
Takeshi Katô,5,0,,2002
Takeshi Kitano,14,4,14.479775769059419,2012
Takeshi Kusao,6,0,,2008
Takeshi Sakamoto,3,0,,1935
Takis Emmanuel,2,0,,1963
Takumi Saito,5,0,,2016
Takumi Yamazaki,3,0,,2000
Takuya Eguchi,2,0,,2010
Takuya Ishida,2,1,15.150511624696614,2011
Takuya Kimura,4,2,17.75319230944323,2010
Talgat Nigmatulin,3,0,,1981
Talia Shire,11,7,18.221835872873857,2011
Talib Kweli,2,0,,2011
Talisa Soto,5,1,17.75469845396889,2009
Tallulah Bankhead,5,0,,1965
Talulah Riley,4,0,,2015
Tamala Jones,3,1,16.716789174793295,2011
Tamanna Bhatia,8,4,16.668280997485468,2015
Tamao Nakamura,4,0,,1961
Tamara Davies,2,0,,2005
Tamara Dobson,2,0,,2002
Tamara Feldman,2,0,,2011
Tamara Gorski,2,0,,2005
Tamara Hope,2,0,,2007
Tamara Mello,1,1,15.336065233480651,2001
Tambet Tuisk,3,0,,2016
Tamela Mann,1,1,17.551736086432633,2008
Tamer Hassan,5,0,,2013
Tamer Hosny,2,0,,2015
Tamera Mowry,5,0,,2010
Tami Erin,1,1,15.088059066775106,1988
Tamio Kawaji,8,0,,1968
Tamlyn Tomita,6,1,17.307801240882714,2016
Tammin Sursok,6,0,,2016
Tammy Blanchard,10,1,12.35335838692484,2016
Tammy Grimes,2,0,,1974
Tammy Lauren,1,1,16.570387663969683,1997
Tamsin Egerton,2,0,,2015
Tamzin Outhwaite,2,0,,2005
Taneli Mäkelä,4,0,,2010
Taner Birsel,2,1,11.84028487707477,2011
Tang Wei,6,3,16.76487252387629,2016
Tania Raymonde,6,0,,2016
Tanit Phoenix,2,0,,2012
Tanner Cohen,2,1,11.69159870808709,2013
Tannishtha Chatterjee,7,0,,2015
Tanny Tien-Ni,2,0,,1977
Tantoo Cardinal,7,0,,2014
Tanuja,2,0,,2002
Tanya Abrol,1,1,16.775615653875114,2007
Tanya Allen,2,0,,2009
Tanya Roberts,4,3,16.956809791025197,1987
Tapio Hämäläinen,4,0,,2004
Tara Elders,4,0,,2007
Tara Ellis,1,1,15.197796144674294,2008
Tara Fitzgerald,13,1,15.865874797712683,2011
Tara Lynne Barr,1,1,11.71627438895626,2011
Tara Morice,2,1,17.34028818339745,1994
Tara Reid,15,2,16.8108720942014,2016
Tara Spencer-Nairn,2,0,,2002
Tara Strong,13,2,15.697027868130562,2017
Tara Subkoff,2,0,,2002
Taraji P. Henson,9,6,16.314443845748027,2016
Taraneh Alidoosti,7,1,14.6918401746552,2016
Tarcísio Meira,2,0,,1981
Tariq Ali,2,0,,2009
Tarja-Tuulikki Tarsala,3,0,,1995
Taro Yamamoto,2,0,,2009
Taron Egerton,2,2,16.031521159739942,2016
Taryn Manning,12,3,16.411841817893194,2016
Taryn Power,3,1,16.588099280204055,1984
Tarık Akan,7,2,14.363920992080406,2004
Tate Donovan,6,2,16.44107419492197,2007
Tatiana Astengo,2,0,,2013
Tatiana Maslany,8,1,17.936493367257135,2016
Tatiana Moukhine,2,0,,1994
Tatiana Vilhelmová,5,0,,2015
Tatsuo Endô,2,0,,1966
Tatsuo Saitô,5,0,,1937
Tatsuo Umemiya,2,0,,1974
Tatsuya Azuma,2,0,,1987
Tatsuya Fuji,7,0,,2015
Tatsuya Fujiwara,8,2,17.440971760077215,2016
Tatsuya Gashûin,1,1,19.273863206058326,2004
Tatsuya Mihashi,4,0,,2002
Tatsuya Nakadai,26,0,,2011
Tatsuya Nakamura,2,0,,2014
Tatum O'Neal,9,1,17.380053134339732,2015
Tatyana Aksyuta,2,0,,1983
Tatyana Ali,3,1,17.737576068215258,2015
Tatyana Dogileva,5,1,14.161225661666665,2007
Tatyana Doronina,4,0,,1985
Tatyana Drubich,5,0,,2000
Tatyana Samoylova,2,0,,1960
Tatyana Vasileva,2,0,,1990
Tauno Palo,5,0,,1961
Taurean Blacque,1,1,15.912696851161728,1989
Tawny Kitaen,8,2,15.785323735487529,2014
Tawny Sunshine Glover,1,1,11.17560486859362,1994
Taye Diggs,8,5,16.925125526861976,2012
Taylor Bottles,2,0,,2016
Taylor Cole,6,0,,2016
Taylor Dooley,1,1,18.055771505356336,2005
Taylor Handley,3,0,,2006
Taylor Holmes,2,0,,1952
Taylor John Smith,2,0,,2017
Taylor Kinney,1,1,17.50577502750139,2016
Taylor Kitsch,7,5,18.219552014801017,2016
Taylor Lautner,8,7,18.748241536828935,2015
Taylor Momsen,3,3,14.7570519970622,2007
Taylor Nichols,2,0,,1994
Taylor Schilling,5,3,15.890850806598197,2017
Taylor Swift,1,1,19.670124828182068,2012
Tchéky Karyo,12,2,18.36286048036125,2015
Te Aho Aho Eketone-Whitu,1,1,17.576710673657836,2010
Te Kohe Tuhaka,1,1,8.564076777315087,2014
Tea Falco,2,0,,2014
Ted Atherton,2,0,,2016
Ted Bessell,2,0,,1973
Ted Danson,18,3,16.439400376442933,2014
Ted Eccles,2,0,,1969
Ted Haggard,3,0,,2007
Ted Knight,1,1,17.500541214951607,1980
Ted Koppel,1,1,14.360083481509736,1982
Ted Levine,8,1,15.83041357850654,2017
Ted Manson,1,1,15.2000055511923,1995
Ted McGinley,3,0,,2013
Ted Neeley,1,1,16.3957273875566,1973
Ted Raimi,2,1,12.061428303616363,2007
Ted Wass,1,1,15.569629251946251,1984
Ted de Corsia,3,0,,1960
Teddy Sears,2,0,,2015
Tehilla Blad,1,1,15.3841431424059,2010
Telly Savalas,21,2,16.843043939707538,1988
Temessy Hédi,2,0,,1984
Temple Grandin,3,0,,2013
Temuera Morrison,9,2,14.876654645144281,2016
Tencho Gyalpo,1,1,15.553304569262508,1997
Tengiz Archvadze,2,0,,1968
Tenoch Huerta,3,0,,2015
Tenzin Thuthob Tsarong,1,1,15.553304569262508,1997
Tenzin Zopa,1,1,12.618182296357007,2009
Teo Halm,1,1,17.628817590453263,2014
Teodor Corban,3,1,11.56263901221407,2015
Tequan Richmond,2,0,,2013
Tere Velázquez,2,0,,1975
Terence Donovan,1,1,16.843682092901773,1982
Terence Hill,26,1,17.42054038602754,1997
Terence Knox,2,1,15.75870072550718,2010
Terence Stamp,23,8,15.47523870577959,2017
Teresa Ann Savoy,2,1,16.969874314678353,1979
Teresa Gimpera,2,0,,1973
Teresa Graves,2,0,,1974
Teresa Madruga,3,0,,2012
Teresa Mo,2,0,,2012
Teresa Palmer,14,7,17.19713730257074,2017
Teresa Szmigielówna,3,0,,1960
Teresa Wright,12,1,16.41820024340866,1977
Teri Ann Nelson,1,1,9.523982546097496,2015
Teri Copley,2,0,,1992
Teri Garr,18,6,17.861369829315038,2007
Teri Hatcher,6,2,18.302850266539366,2009
Teri Polo,14,4,18.280651173182456,2014
Terrence Howard,16,9,17.396131642391936,2016
Terrence Mann,2,0,,1992
Terri Irwin,1,1,17.31451645054645,2002
Terri Treas,2,0,,1992
Terry Alexander,1,1,17.341871082580436,1985
Terry Camilleri,2,0,,2009
Terry Chen,2,0,,2013
Terry Crews,2,1,18.376453029462706,2017
Terry Farrell,3,1,16.3440321782813,2000
Terry Funk,2,1,13.122363377404328,2010
Terry Gilliam,10,2,16.12210870810332,2014
Terry Haven,1,1,14.22097566607244,1973
Terry Jones,3,1,13.815510557964274,2010
Terry Kinney,2,1,12.968904458255471,1995
Terry Kiser,3,1,14.151982794585487,1993
Terry Moore,9,0,,2016
Terry O'Quinn,6,2,14.51994769368467,1999
Terry Pheto,1,1,16.106020134497072,2005
Terry-Thomas,15,0,,1973
Teru Shimada,2,0,,1959
Teruyuki Kagawa,8,1,17.257365376607837,2012
Tess Atkins,2,0,,2012
Tess Harper,7,3,14.886169016694785,2005
Tess Panzer,2,0,,2010
Tessa Peake-Jones,2,0,,2014
Tessa Thompson,3,0,,2014
Tesshou Genda,5,0,,2014
Tetchie Agbayani,2,1,15.56133009724345,2010
Tetsu Watanabe,2,0,,2011
Tetsuji Tamayama,3,0,,2013
Tetsuo Ishidate,2,0,,1970
Tetsurō Tamba,8,0,,2002
Tetsuya Kakihara,2,0,,2009
Tetsuya Watari,7,0,,1969
Teun Kuilboer,2,0,,2015
Teyonah Parris,2,0,,2016
Thalmus Rasulala,3,0,,1975
Thanapob Leeratanakajorn,2,0,,2014
Thanasis Tsaltabasis,2,0,,2008
Thanasis Vengos,7,0,,1998
Thandie Newton,18,8,17.15221477918335,2014
Thanos Grammenos,2,0,,1972
The Dalai Lama,7,0,,2012
The Edge,4,2,15.697309442098764,2011
Thekla Reuten,6,1,17.99701588046221,2015
Thelma Ritter,7,1,14.946912669455374,1965
Thelma Todd,3,0,,1936
Themis Panou,2,0,,2016
Theo James,7,5,17.627274618635575,2016
Theo Maassen,2,0,,2008
Theo Rossi,2,1,14.692596736554576,2017
Theodor Loos,2,0,,1924
Theodora Tzimou,2,0,,2012
Theodore Bikel,11,0,,2016
Theodore Roberts,3,0,,1923
Theodór Júlíusson,2,0,,2015
Theresa Fu,2,0,,2011
Theresa Randle,3,1,15.412863540909727,2006
Theresa Russell,17,4,13.882922881565664,2012
Theresa Saldana,4,0,,1999
Thierry Frémont,2,0,,2010
Thierry Guetta,1,1,15.382197742066303,2010
Thierry Lhermitte,19,2,16.703186764756197,2013
Thierry Neuvic,3,2,14.967763838493454,2015
Thierry van Werveke,2,0,,1997
Thijs Römer,6,0,,2015
Thilakan,2,0,,2012
Thodoris Atheridis,3,0,,2016
Thom Hoffman,4,1,17.08100535357115,2011
Thom Huge,3,0,,1987
Thom Mathews,2,2,16.409924384662524,1988
Thomas Acda,3,0,,2013
Thomas Beck,3,0,,1937
Thomas Blanchard,3,0,,2016
Thomas Bo Larsen,5,2,16.507717726261795,2015
Thomas Brodie-Sangster,5,1,19.55612925770445,2015
Thomas Calabro,4,0,,2007
Thomas Campbell,1,1,10.939976179722388,2008
Thomas Curtis,1,1,17.043316074198437,2005
Thomas Dekker,13,2,12.151770069629563,2014
Thomas Drake,2,0,,2016
Thomas F. Duffy,1,1,11.49289621199639,2010
Thomas F. Wilson,2,0,,1998
Thomas Fritsch,2,0,,2010
Thomas Gibson,5,1,18.741196638259165,2014
Thomas Gomez,2,0,,1952
Thomas Haden Church,13,5,17.467095746588303,2016
Thomas Horn,1,1,17.827340544685466,2011
Thomas Huber,2,0,,2007
Thomas Ian Griffith,3,0,,2003
Thomas Ian Nicholas,8,3,18.850247298673885,2015
Thomas Jane,25,10,15.724750684037536,2016
Thomas Jay Ryan,4,1,14.10428153734166,2008
Thomas Kretschmann,16,2,18.32026402713576,2014
Thomas Mann,5,1,18.420680743952367,2017
Thomas Mathew,1,1,14.648419680899378,2016
Thomas McDonell,1,1,16.131011876224868,2011
Thomas Meighan,4,0,,1928
Thomas Middleditch,5,1,18.523457281011147,2017
Thomas Mitchell,19,1,15.89495209964411,1952
Thomas Ngijol,2,0,,2014
Thomas P. Doyle,1,1,12.212427411168182,2006
Thomas Sadoski,3,1,17.77635307951203,2015
Thomas Turgoose,3,1,15.91678012541571,2009
Thommy Berggren,5,0,,2013
Thor Kristjansson,2,0,,2014
Thora Birch,19,7,17.127822028333007,2013
Thora Hird,3,0,,1993
Thorley Walters,3,0,,1972
Thorsten Kaye,2,0,,2011
Thure Lindhardt,9,1,7.397561535524052,2016
Thurl Ravenscroft,3,0,,1998
Thérèse Clerc,2,0,,2012
Thérèse Liotard,3,0,,1990
Ti Lung,17,1,15.312778153923068,1994
Tia Carrere,18,4,17.638951227822147,2006
Tia Mowry,4,0,,2010
Tibor Molnár,2,0,,1967
Tien Feng,3,0,,1985
Tiera Skovbye,2,0,,2015
Tiffani Thiessen,5,0,,2014
Tiffany,2,0,,2011
Tiffany Bolling,3,1,16.64872390202049,1977
Tiffany Dupont,1,1,16.410106391195093,2006
Tiffany Haddish,1,1,16.839165684674043,2016
Tiffany Limos,1,1,13.011970219218428,2002
Tiffany Shepis,6,0,,2017
Tiffany Tang,2,0,,2016
Tig Notaro,4,0,,2015
Tiger Hu Chen,1,1,14.535757695038033,2013
Tiger Shroff,3,1,16.11809565095832,2016
Tigmanshu Dhulia,1,1,15.226497531674536,2012
Tihana Lazović,2,0,,2016
Tiina Lymi,2,0,,2004
Tiina Weckström,3,0,,2011
Tijn Docter,2,0,,2006
Tika Sumpter,3,0,,2016
Til Schweiger,26,5,16.38255871863804,2014
Tilda Swinton,34,10,15.795861429897005,2017
Tilo Prückner,2,0,,2008
Tim Abell,6,0,,2016
Tim Allen,26,13,17.95310650245872,2014
Tim Armstrong,3,0,,2009
Tim Balme,1,1,12.399264077263714,1992
Tim Bergmann,4,0,,2012
Tim Berners-Lee,1,1,10.797757599041017,2014
Tim Blake Nelson,13,4,14.89895686277243,2017
Tim Burton,2,0,,2015
Tim Chiou,2,0,,2015
Tim Considine,2,0,,1973
Tim Conway,13,1,16.140259801387984,2015
Tim Curry,20,7,16.972695014813326,2016
Tim Daly,11,0,,2015
Tim DeKay,2,1,13.146960375667698,2008
Tim Draxl,2,0,,2010
Tim Guinee,5,0,,2007
Tim Haars,3,1,15.988756145798364,2013
Tim Heidecker,3,0,,2012
Tim Hodge,3,0,,2002
Tim Holt,4,1,15.275752164036248,1957
Tim Matheson,13,3,17.535790646525967,2016
Tim McGraw,3,3,17.187247118896735,2017
Tim McInnerny,2,0,,2017
Tim Meadows,7,3,17.277303341087848,2016
Tim Minchin,3,0,,2012
Tim Oliver Schultz,2,0,,2014
Tim Pigott-Smith,2,0,,2017
Tim Pocock,2,0,,2016
Tim Robbins,29,15,16.1536948000319,2015
Tim Roth,40,9,16.080219757671827,2016
Tim Rozon,2,0,,2013
Tim Ryan,2,0,,1945
Tim Thomerson,14,0,,2017
Tim Van Patten,3,0,,1988
Timm Sharp,3,1,16.408407038729045,2016
Timo Kahilainen,4,0,,2014
Timo Lavikainen,2,0,,2015
Timo Torikka,2,0,,2011
Timothy Bottoms,13,3,15.745804215176449,2004
Timothy Brown,3,0,,1976
Timothy Busfield,4,0,,1998
Timothy Carey,4,0,,1976
Timothy Carhart,3,0,,1993
Timothy Dalton,18,2,18.96759669844799,2012
Timothy Gibbs,2,1,12.03279011338689,2011
Timothy Hutton,30,5,15.42712490656454,2013
Timothy Landfield,1,1,15.9139795491166,1989
Timothy Olyphant,12,9,17.50541542105593,2011
Timothy Spall,21,6,16.36923994405007,2017
Timothée Chalamet,3,0,,2017
Tina Aumont,8,0,,1995
Tina Cote,2,0,,1995
Tina Engel,2,0,,2004
Tina Fey,11,9,17.877765762888647,2016
Tina Holmes,1,1,13.677111336662843,1998
Tina Ivlev,2,0,,2015
Tina Krause,2,0,,2008
Tina Louise,4,0,,1960
Tina Majorino,4,0,,2008
Tina Turner,1,1,17.405404107567318,1985
Tina Weymouth,1,1,15.420723959705263,1984
Tinatin Dalakishvili,2,0,,2017
Tinkerbell,2,0,,2009
Tino Mewes,2,0,,2004
Tino Struckmann,2,0,,2014
Tinsel Korey,2,0,,2015
Tio Hardiman,1,1,12.551249741829064,2011
Tippi Hedren,8,5,14.1265963099083,2012
Tisa Farrow,4,0,,1980
Tisca Chopra,2,1,17.162955483627183,2010
Tisha Campbell-Martin,1,1,15.837469294959844,1997
Titina De Filippo,3,0,,1956
Titus Muizelaar,2,0,,2009
Tiziana Lodato,2,0,,2014
Tizita Hagere,1,1,10.813096007646362,2014
Tiécoura Traoré,1,1,11.617285480294472,2006
Tjitske Reidinga,2,1,16.70588231586044,2014
Toa Yukinari,2,0,,2013
Tobey Maguire,16,11,16.963130872791826,2015
Tobias Mehler,3,0,,2006
Tobias Menzies,3,0,,2011
Tobias Moretti,7,0,,2017
Tobias Schenke,7,0,,2015
Tobias Zilliacus,2,0,,2012
Tobin Bell,12,6,18.63846335457927,2016
Toby Froud,1,1,16.35946545048091,1986
Toby Jones,11,2,15.10594388473871,2016
Toby Kebbell,6,3,18.139311702846566,2016
Toby Keith,2,1,13.409112514807507,2008
Toby Regbo,3,0,,2013
Toby Scott Ganger,1,1,16.27145044272211,1991
Toby Stephens,8,1,12.236252614031306,2013
Toby Wallace,2,0,,2013
Tod Andrews,2,0,,1957
Todd Allen,2,0,,1996
Todd Barry,3,0,,2014
Todd Field,4,1,13.816946526467827,2014
Todd Jensen,4,0,,2009
Todd Louiso,1,1,17.66834168346098,2000
Toivo Mäkelä,2,0,,1954
Tokihiko Okada,2,0,,1931
Tolepbergen Baisakalov,2,0,,2009
Tom Amandes,3,0,,2013
Tom Arnold,23,6,16.77702777683921,2012
Tom Atkins,2,1,16.48273876454623,1988
Tom Baker,3,1,16.213405830762646,1974
Tom Bateman,1,1,17.923851890114953,2017
Tom Beck,2,0,,2017
Tom Bell,10,0,,2015
Tom Berenger,42,13,16.547876755693654,2014
Tom Berninger,1,1,11.831088244675596,2013
Tom Blair,2,0,,1993
Tom Bosley,4,1,14.997740081142885,2000
Tom Bower,2,1,15.89495209964411,2008
Tom Bresnahan,2,0,,1990
Tom Brokaw,3,1,10.184447079227082,2017
Tom Brown,5,0,,1942
Tom Budge,2,0,,2008
Tom Burke,3,0,,2014
Tom Burlinson,6,1,16.843682092901773,1988
Tom Caltabiano,1,1,7.697575346802343,2006
Tom Cavanagh,10,0,,2015
Tom Chapin,2,0,,1971
Tom Conti,9,0,,2012
Tom Conway,9,1,15.201804919084164,1960
Tom Courtenay,17,4,14.799882406633222,2015
Tom Cruise,39,35,18.98583555601405,2017
Tom Cullen,6,1,13.09106257876771,2016
Tom DeLay,2,0,,2010
Tom Drake,8,0,,1973
Tom E. Lewis,2,0,,2010
Tom Ellis,2,0,,2012
Tom Everett Scott,8,2,17.22712669576634,2014
Tom Ewell,3,0,,1956
Tom Felton,8,3,16.72245384896701,2017
Tom Fisher,2,0,,2010
Tom Ford,2,0,,2013
Tom Gerhardt,3,0,,2005
Tom Glynn-Carney,1,1,20.069102704998443,2017
Tom Green,6,0,,2012
Tom Griffith,2,0,,1982
Tom Guiry,4,2,14.171359399334886,2008
Tom Hanks,53,41,18.560183430099762,2017
Tom Hardy,17,11,17.190373974962714,2015
Tom Hiddleston,13,9,17.257440900757825,2017
Tom Holland,3,1,19.00998915596536,2016
Tom Hollander,5,1,15.631928655465405,2009
Tom Hudson,1,1,13.734272302574954,2016
Tom Hughes,6,0,,2016
Tom Hulce,9,4,16.909661360030068,2002
Tom Kane,2,0,,2010
Tom Keene,2,0,,1934
Tom Kennedy,2,0,,1938
Tom Kenny,6,2,19.15775984473813,2015
Tom Larson,1,1,19.12871653700606,1998
Tom Laughlin,6,1,17.399029496420383,1977
Tom Lister Jr.,3,1,16.593935404353054,2015
Tom Ljungman,1,1,10.938432051980692,2008
Tom Malloy,2,0,,2009
Tom McGrath,2,1,19.738568028045652,2014
Tom Mix,2,0,,1935
Tom Neal,4,0,,1950
Tom Noonan,3,2,16.593002547714203,2015
Tom Papa,3,0,,2016
Tom Payne,2,1,17.86353604785309,2015
Tom Petty,2,0,,2013
Tom Pittman,2,0,,1959
Tom Poston,3,1,16.213405830762646,1971
Tom Pöysti,2,0,,1997
Tom Riley,3,0,,2016
Tom Russell,2,0,,2010
Tom Savini,7,0,,2013
Tom Schilling,10,2,14.984131212711109,2014
Tom Schimmels,2,0,,2000
Tom Segura,2,0,,2016
Tom Selleck,31,7,17.079339476291782,2015
Tom Sizemore,23,4,16.85712446450175,2016
Tom Skerritt,29,6,17.317359634907334,2016
Tom Smothers,2,0,,1982
Tom Sturridge,4,1,17.408671308839548,2015
Tom Taylor,1,1,18.078190435005588,2017
Tom Towles,3,1,15.579427153569512,1991
Tom Tryon,4,0,,1963
Tom Tyler,3,0,,1949
Tom Waits,6,1,11.907841796525648,2015
Tom Ward,3,0,,2015
Tom Welling,2,2,17.4127440678213,2014
Tom Wilkinson,21,10,17.380320812037002,2016
Tom Wisdom,2,0,,2013
Tom Wolfe,1,1,14.107918943780142,2010
Tom Wopat,4,0,,2017
Toma Cuzin,2,2,10.991089253743885,2015
Toma Ikuta,5,0,,2013
Tomas Alf Larsen,2,1,15.24094822539546,2013
Tomas Arana,4,0,,2010
Tomas Melly,1,1,14.390448361997482,1994
Tomas von Brömssen,4,0,,1999
Tomasz Karolak,2,0,,2011
Tomasz Kot,4,0,,2014
Tomasz Schuchardt,2,0,,2015
Tomer Sisley,4,1,8.119100837637486,2011
Tomi Ungerer,2,0,,2012
Tomisaburō Wakayama,10,0,,1980
Tommi Eronen,4,0,,2013
Tommi Korpela,11,0,,2015
Tommy Chong,13,5,17.03795299708002,2013
Tommy Davidson,4,3,15.104184469648269,2009
Tommy Flanagan,4,2,17.53661486901489,2010
Tommy Kirk,8,0,,1972
Tommy Knight,1,1,11.461632170582678,2012
Tommy Lee Jones,48,34,17.367706596580415,2016
Tommy Passemante,1,1,15.177378764740642,2012
Tommy Snider,2,0,,2014
Tommy Steele,2,0,,1968
Tommy Tiernan,1,1,11.928730267063791,2000
Tommy Vallikari,1,1,17.14771506813948,2004
Tommy Wiseau,2,0,,2004
Tommy Wong Kwong-Leung,2,0,,1993
Tomohisa Yamashita,2,0,,2016
Tomokazu Miura,4,1,18.79617330964032,2010
Tomokazu Seki,4,1,18.23508773779857,2015
Tomoko Nakajima,2,0,,1997
Tomorowo Taguchi,7,0,,2008
Tomoya Nagase,2,0,,2007
Tomoyo Harada,2,0,,2010
Tomás Milián,39,1,11.957745892556453,2006
Ton Kas,2,0,,2013
Tone Loc,3,1,15.408033210641698,1998
Tong Dawei,3,2,18.332753856441823,2015
Tong Liya,3,1,12.341407411099793,2015
Tong Zirong,1,1,18.82614585206053,2015
Toni Attell,1,1,16.866411372429162,1982
Toni Bertorelli,3,0,,2015
Toni Collette,33,13,16.53238701311044,2016
Toni Servillo,12,4,14.326197407224669,2016
Tony Abatemarco,2,0,,2007
Tony Alva,2,0,,2012
Tony Amendola,1,1,19.35784730350769,2014
Tony Anselmo,3,0,,2004
Tony Anthony,6,0,,1983
Tony Barry,3,1,14.151982794585487,1986
Tony Bennett,2,1,15.945305802753994,2015
Tony Bill,2,0,,1978
Tony Booth,4,0,,1977
Tony Britton,3,0,,1970
Tony Cavalero,1,1,9.12641513703842,2013
Tony Cox,1,1,18.152656046418084,2003
Tony Curran,7,2,16.23218442510741,2017
Tony Curtis,38,7,15.451897512061066,2009
Tony D'Amario,1,1,16.07561926785831,2004
Tony Danza,5,2,16.21199441906517,2013
Tony Denison,2,0,,1994
Tony Fields,1,1,15.73202396878782,1986
Tony Fucile,2,0,,2011
Tony Ganios,1,1,16.836857214269912,1985
Tony Goldwyn,9,5,16.20983789593239,2016
Tony Hale,3,0,,2009
Tony Hawk,3,1,14.836982589438016,2004
Tony Jaa,7,4,15.699782462998414,2015
Tony Jay,2,1,18.42206829086376,2004
Tony Kendall,4,0,,1978
Tony Kgoroge,4,2,17.872471559531277,2014
Tony Leblanc,2,0,,2001
Tony Leung Chiu-Wai,23,7,17.62436965778418,2013
Tony Leung Ka-Fai,20,2,13.960625199447684,2014
Tony Lo Bianco,6,0,,1991
Tony Martin,5,0,,2003
Tony Musante,6,0,,1978
Tony Perez,1,1,14.53027440572914,2006
Tony Plana,2,0,,2007
Tony Ramos,4,0,,2014
Tony Randall,14,0,,1969
Tony Revolori,3,2,17.841578839924946,2015
Tony Robbins,2,0,,2016
Tony Roberts,5,2,16.560498652313807,1988
Tony Robinson,3,0,,2005
Tony Shalhoub,10,5,15.034495772541158,2016
Tony Sperandeo,2,0,,2016
Tony Todd,13,3,16.36510484494272,2015
Tony Vogel,2,0,,1980
Tony Ward,2,1,11.75391679292806,2010
Toor Pekai Yousafzai,1,1,14.78738697870566,2015
Topher Grace,8,5,16.658347086541234,2016
Topper Headon,2,0,,2007
Tor Johnson,3,0,,1961
Tora Sudiro,3,0,,2016
Tora Teje,2,0,,1920
Tore Svennberg,3,0,,1938
Tori Matsuzaka,2,0,,2015
Tori Spelling,3,2,13.940174735435692,2007
Torin Thatcher,5,0,,1962
Torkel Petersson,7,1,10.938432051980692,2015
Torrey DeVitto,3,0,,2014
Torri Higginson,6,0,,2016
Toru Emori,2,0,,2007
Toru Nakamura,4,0,,2009
Tory Kittles,3,0,,2012
Toshiaki Karasawa,4,1,17.257365376607837,2009
Toshihiko Seki,3,0,,1998
Toshiko Fujita,2,0,,2012
Toshinori Omi,3,0,,1991
Toshio Furukawa,11,1,17.734568797992996,2013
Toshio Kurosawa,2,0,,1973
Toshirō Mifune,31,2,11.995487658957224,1992
Toshiyuki Morikawa,3,1,16.667495779129688,2012
Toshiyuki Nishida,4,1,15.724862229826437,2015
Totò,23,0,,1966
Tou Chung-Hua,2,0,,2016
Toulou Kiki,1,1,13.888830719876983,2014
Tova Magnusson,2,0,,2010
Tovah Feldshuh,2,1,16.119437150744982,2007
Toyah Willcox,3,0,,2015
Trace Adkins,3,0,,2017
Tracey Fairaway,2,0,,2015
Tracey Ullman,7,1,14.464792576596857,2005
Tracey Walter,3,1,14.648419680899378,2011
Traci Dinwiddie,2,0,,2010
Traci Lind,3,3,14.881536773994597,1993
Traci Lords,8,1,11.583868433780792,2015
Tracie Savage,1,1,17.418016622440454,1982
Tracie Thoms,2,0,,2013
Tracy Grandstaff,2,0,,2002
Tracy Griffith,4,1,16.92565106782891,1992
Tracy Letts,3,2,11.368599527023985,2017
Tracy Middendorf,2,0,,2013
Tracy Morgan,9,3,18.267504477737873,2017
Tracy Nelson,4,0,,2008
Tracy Pollan,3,1,12.66349749256905,2003
Tracy Scoggins,6,0,,1998
Tracy Spiridakos,2,0,,2013
Tracy-Ann Oberman,2,1,13.9328001385584,2014
Tran Nu Yên-Khê,2,0,,2000
Travis Aaron Wade,2,0,,2012
Travis Fimmel,4,2,15.84584782955093,2016
Travis Milne,2,0,,2016
Travis Oates,1,1,16.48689677469489,2011
Travis Rice,2,0,,2016
Travis Tedford,1,1,18.02479384796483,1994
Travis Tope,1,1,13.220868448105174,2016
Travis Tritt,3,0,,2014
Travis Van Winkle,5,0,,2015
Travis Wester,3,0,,2008
Treat Williams,22,3,16.68333122199438,2016
Trent Ford,4,0,,2013
Trent Haaga,3,0,,2012
Trent Reznor,2,0,,2014
Trenton Knight,3,0,,1997
Trenton Rogers,2,0,,2011
Tress MacNeille,4,0,,2015
Trevante Rhodes,1,1,17.990615831572004,2016
Trevor Devall,4,0,,2013
Trevor Donovan,3,0,,2016
Trevor Fehrman,2,0,,2002
Trevor Howard,31,2,16.11337010233282,1986
Trevor Moore,3,0,,2015
Trevor Morgan,7,2,11.854526487687869,2014
Trevor Noah,6,0,,2017
Trevor St. John,2,0,,2015
Trevor Wright,2,0,,2008
Trey Parker,12,3,18.084653862805183,2017
Trey Wilson,2,1,17.18900369662631,1987
Tricia Helfer,7,0,,2014
Tricia Leigh Fisher,2,0,,1989
Tricia O'Kelley,2,0,,2009
Tricia Vessey,2,0,,2001
Trieste Kelly Dunn,5,0,,2015
Trin Miller,2,0,,2013
Trina Parks,2,0,,1976
Trine Dyrholm,8,1,16.119787618773152,2016
Trini Alvarado,6,2,16.75132874334006,1994
Trish Gates,1,1,18.150001251601957,2006
Trish Van Devere,8,1,16.300417207752275,1988
Trisha Krishnan,9,5,16.213690010737302,2015
Trisha Noble,2,0,,1980
Trisha Todd,1,1,13.591959423599375,1992
Tristan Göbel,2,0,,2016
Tristin Mays,2,0,,2015
Tristán Ulloa,7,1,14.781825359100434,2009
Troels Lyby,6,0,,2015
Troian Bellisario,4,0,,2017
Trond Espen Seim,4,0,,2011
Trond Fausa,2,0,,2010
Troy Baker,7,0,,2016
Troy Donahue,6,1,15.250595083253597,1991
Troy Garity,4,1,9.761347785375005,2008
Troye Sivan,3,0,,2014
Trudie Styler,3,0,,2009
Trudy Young,2,0,,1979
Tse Miu,2,0,,1995
Tsewang Migyur Khangsar,1,1,15.553304569262508,1997
Tsilla Chelton,3,0,,1993
Tsugumi,3,0,,2007
Tsutomu Isobe,2,0,,2011
Tsutomu Yamazaki,9,1,18.063039433231623,2008
Tsuyako Kinoshita,1,1,17.034386382832476,2000
Tsuyoshi Ihara,4,1,18.04486998691887,2014
Tsuyoshi Kusanagi,3,1,17.679099671750393,2009
Tsuyoshi Ujiki,1,1,11.502875129116727,1997
Tucker Albrizzi,1,1,18.489641338918435,2012
Tuesday Knight,1,1,18.099097119824904,1988
Tuesday Weld,17,2,16.101856867085147,1988
Tullio Carminati,3,0,,1954
Tully Marshall,3,0,,1932
Tuncel Kurtiz,2,1,16.694965443056052,2007
Tunde Adebimpe,2,0,,2015
Tung Thanh Tran,1,1,18.635165879132092,1987
Tupac Amaru Shakur,7,4,16.34781929169553,2003
Tuppence Middleton,3,0,,2013
Tura Satana,2,0,,2002
Turhan Bey,2,0,,1944
Tusshar Kapoor,7,0,,2016
Tuulikki Paananen,2,0,,1938
Tuva Novotny,7,1,13.922818476202217,2015
Tuvia Tavi,1,1,15.536275153034705,1982
Twiggy,3,0,,1988
Twinkle Khanna,4,0,,2001
Ty Burrell,5,5,16.269022933620427,2014
Ty Hardin,4,0,,1971
Ty Hickson,2,0,,2016
Ty Jones,1,1,13.56974044580418,2007
Ty Olsson,3,0,,2017
Ty Simpkins,3,1,18.39031586191578,2015
Tye Sheridan,6,3,16.026118477712178,2017
Tygh Runyan,5,1,10.205294399033304,2011
Tygo Gernandt,5,0,,2015
Tyler Coppin,2,0,,2008
Tyler Dawson,1,1,11.525209703803448,2011
Tyler Hoechlin,3,1,19.014015754942616,2016
Tyler James Williams,3,0,,2014
Tyler Johnston,4,0,,2012
Tyler Labine,5,2,11.542721030544673,2014
Tyler Mane,3,1,17.489821073608272,2010
Tyler Perry,17,8,17.637475090652345,2016
Tyler Ross,3,0,,2016
Tyne Daly,5,2,13.501075166077294,2013
Tyrese Gibson,6,5,17.711051681948568,2007
Tyrin Turner,1,1,17.144137246791594,1993
Tyron Leitso,4,1,16.441495746801653,2014
Tyrone Burton,1,1,9.239899174217728,1997
Tyrone Power,33,2,15.607270027192328,1957
Tzahi Grad,2,1,10.411268546115894,2015
Téa Leoni,10,7,17.915209227251065,2008
Tómas Lemarquis,3,0,,2012
Tôru Abe,2,0,,1960
Törőcsik Mari,3,0,,1974
Tülin Özen,3,0,,2010
Türkan Şoray,2,0,,1978
Tōru Furuya,9,1,13.75885025534045,2006
UA,2,0,,2007
Uday Chopra,2,1,16.300417207752275,2010
Udo Kier,23,2,12.947637263350009,2018
Udo Samel,3,0,,2005
Ufuk Bayraktar,2,0,,2007
Ugo Bologna,2,0,,1984
Ugo Pagliai,2,0,,1972
Ugo Tognazzi,31,2,16.29325206098661,1988
Ugur Yücel,2,0,,2013
Uhm Ji-won,5,0,,2015
Uhm Jung-hwa,6,1,16.240459202239478,2013
Uhm Tae-woong,3,0,,2013
Ulf Brunnberg,8,0,,2000
Ulf Palme,3,0,,1953
Ulla Jacobsson,3,1,15.89495209964411,1965
Ulla Skoog,4,0,,2012
Ulli Lommel,3,0,,1974
Ulrich Matthes,3,0,,2012
Ulrich Mühe,8,1,18.064005800013632,2007
Ulrich Noethen,4,0,,2013
Ulrich Thomsen,19,2,17.72314149488561,2017
Ulrich Tukur,16,0,,2013
Ulrike Krumbiegel,2,0,,2013
Uma Thurman,34,17,16.777362923134273,2014
Umberto Orsini,7,0,,1977
Una Merkel,11,0,,1953
Una O'Connor,1,1,15.84759840326064,1933
Unax Ugalde,6,2,16.154062557484345,2014
Unshō Ishizuka,2,0,,2001
Upen Patel,1,1,17.073607095985757,2009
Upendra Limaye,2,0,,2009
Urbano Barberini,4,0,,1988
Urbanus,2,0,,1990
Ureo Egawa,3,0,,1933
Urho Somersalmi,2,0,,1959
Uri Gavriel,2,0,,2016
Uri Ran Klauzner,2,0,,2003
Uriah Shelton,2,0,,2016
Urmila Matondkar,15,1,16.454567887579532,2008
Urs Rechn,1,1,14.390461304930682,2015
Ursina Lardi,2,0,,2015
Ursula Andress,19,2,17.725124809161482,2002
Ursula Ratasepp,2,0,,2015
Ursula Strauss,3,0,,2013
Ursula Thiess,2,0,,1956
Urszula Grabowska,2,0,,2015
Urwa Hocane,1,1,14.630629323282037,2014
Usain Bolt,2,0,,2016
Uschi Digard,2,0,,1979
Uschi Glas,2,0,,1972
Usher Raymond,3,1,18.40497763294474,2011
Utaemon Ichikawa,2,0,,1941
Utpal Dutt,4,0,,1991
Uwe Bohm,4,0,,2015
Uwe Ochsenknecht,6,0,,2014
Uxía Blanco,1,1,15.60727002719233,1999
VTV Ganesh,1,1,16.300417207752275,2010
Vadim Glowna,3,0,,2006
Vadivelu,2,0,,2015
Vahina Giocante,10,1,12.273731294003989,2013
Vail Bloom,2,1,8.85366542803745,2016
Vakhtang Kikabidze,3,0,,1977
Val Bettin,1,1,17.469424532563004,1986
Val Kilmer,52,24,17.040222541081526,2014
Val Lauren,2,0,,2013
Valentin Gaft,5,0,,2013
Valentin Ganev,2,0,,2016
Valentin Smirnitskiy,2,0,,2012
Valentina Carnelutti,2,0,,2016
Valentina Cervi,4,0,,2001
Valentina Cortese,8,0,,1972
Valentina Lodovini,5,1,14.074793155894357,2015
Valentina Talyzina,3,0,,1979
Valentina Telichkina,2,0,,1978
Valentina Vargas,3,1,16.62942114976596,2012
Valentinas Masalskis,2,0,,2005
Valentine Monnier,2,0,,1984
Valentino Picone,3,0,,2017
Valeri Solovyev,2,2,15.90985853451562,2010
Valeria Bertuccelli,7,0,,2016
Valeria Bilello,2,0,,2013
Valeria Bruni Tedeschi,20,3,12.662357490942123,2016
Valeria D'Obici,2,0,,1983
Valeria De Franciscis,2,0,,2011
Valeria Golino,21,5,17.10722964310123,2015
Valeria Solarino,2,0,,2015
Valerie Azlynn,2,0,,2014
Valerie Bertinelli,2,0,,1987
Valerie Buhagiar,2,0,,1991
Valerie French,2,0,,1957
Valerie Harper,3,0,,2012
Valerie Hobson,10,0,,1952
Valerie Perrine,5,1,17.939445815123225,1982
Valerie Red-Horse,1,1,9.259892150805433,1999
Valerie Taylor,2,0,,1971
Valerie von Martens,2,0,,1953
Valerio Aprea,2,0,,2017
Valerio Binasco,2,0,,2010
Valerio Foglia Manzillo,1,1,10.94866390211491,2002
Valerio Mastandrea,16,1,15.2624295409006,2016
Valeriu Andriuta,1,1,11.735420806241695,2012
Valeriy Zolotukhin,2,1,16.883563493097892,2009
Valeriya Dmitrieva,1,1,14.616666494496185,2015
Valeriya Lanskaya,1,1,15.17069911084566,2008
Valérie Benguigui,2,0,,2012
Valérie Bonneton,5,0,,2016
Valérie Donzelli,3,0,,2016
Valérie Kaprisky,3,1,16.806732776492407,1984
Valérie Lagrange,2,1,13.870886606556798,2009
Valérie Lemercier,9,0,,2014
Valérie Mairesse,4,0,,2002
Valéry Inkijinoff,2,0,,1933
Van Hansis,2,0,,2015
Van Heflin,25,1,16.811242831518264,1965
Van Johnson,32,2,16.195079196732017,1980
Van Jones,2,0,,2016
Vanda Duarte,3,0,,2006
Vandana Shiva,2,0,,2015
Vanessa Angel,8,2,16.53006607327064,2013
Vanessa Bauche,2,1,16.85566475451347,2000
Vanessa Bell Calloway,4,0,,2016
Vanessa Brown,2,0,,1976
Vanessa Ferlito,2,0,,2015
Vanessa Hudgens,10,7,15.86646775644427,2016
Vanessa Incontrada,3,0,,2014
Vanessa Kirby,2,0,,2016
Vanessa Lachey,1,1,16.462343578388385,2008
Vanessa Marano,3,0,,2015
Vanessa Marcil,4,0,,2016
Vanessa Martinez,1,1,14.507560636928288,1999
Vanessa Paradis,9,2,16.2375080048987,2015
Vanessa Redgrave,40,6,13.993444373685108,2016
Vanessa Williams,11,2,18.280470384092204,2014
Vangelis Kazan,2,0,,1977
Vangelis Mourikis,5,0,,2015
Vanilla Ice,2,1,13.992033669553642,2000
Vanity,5,3,16.44990636009494,1988
Vanness Wu,4,0,,2009
Varhan Orchestrovich Bauer ,1,1,9.763823105408154,2004
Varun Dhawan,4,2,17.09125068549664,2016
Varun Sandesh,1,1,14.78661139299835,2007
Varvara Massalitinova,2,0,,1939
Vas Blackwood,2,0,,2008
Vasco Santana,4,0,,1954
Vasili Lanovoy,5,0,,1983
Vasili Vasilyev,3,0,,1971
Vasilis Avlonitis,3,0,,1958
Vasiliy Livanov,11,0,,1988
Vasiliy Merkurev,2,0,,1957
Vasiliy Shukshin,2,0,,1975
Vasily Stepanov,1,1,16.899017646181846,2008
Vassilis Haralambopoulos,2,0,,2006
Vasundhara Das,1,1,13.122363377404328,2001
Vasyl Virastyuk,2,0,,2017
Veerle Baetens,9,2,15.22854751099555,2016
Vegar Hoel,4,2,12.516167566580286,2016
Velibor Topic,3,0,,2013
Velimir „Bata“ Živojinović,7,0,,2010
Venantino Venantini,6,0,,1985
Venetia Stevenson,2,0,,1960
Ventura,2,0,,2014
Venus Schultheis,1,1,19.32178925901524,2015
Venus Williams,2,0,,2016
Venyamin Smekhov,3,0,,1993
Vera Alentova,2,0,,1995
Vera Baranovskaya,2,0,,1927
Vera Brezhneva,5,2,16.081430575796926,2013
Vera Farmiga,23,12,17.204119730809257,2016
Vera Fogwill,2,0,,2005
Vera Kholodnaya,2,0,,1918
Vera Kiiskinen,2,0,,2010
Vera Miles,17,4,16.261956686384252,1984
Vera Novikova,2,0,,2002
Vera Pap,2,0,,1992
Vera Strokova,1,1,12.883639074123096,2011
Vera Talchi,2,0,,1952
Vera Tschechowa,2,0,,1975
Vera Vitali,4,0,,2016
Vera-Ellen,6,0,,1953
Verena Lehbauer,1,1,8.81001204797317,2013
Vern Stierman,1,1,16.90655301132259,1972
Verna Bloom,5,2,16.373207391315443,1985
Verna Felton,1,1,20.164649549344073,1951
Verna Hillie,3,0,,1934
Vernon Dobtcheff,2,1,16.587637611151298,2012
Vernon Wells,4,0,,2016
Veronica Carlson,3,0,,1970
Veronica Cartwright,4,1,18.4688211828103,2016
Veronica D'Agostino,2,0,,2008
Veronica Ferres,7,1,14.585756733107296,2016
Veronica Hamel,1,1,14.22097566607244,1976
Veronica Lake,9,0,,1947
Veronica Ngo,2,0,,2009
Veronica Pivetti,2,0,,2008
Veronica Taylor,7,4,17.68907493096795,2005
Verree Teasdale,3,0,,1936
Veruschka von Lehndorff,2,0,,2007
Verónica Castro,1,1,13.430177434672853,1980
Verónica Echegui,5,2,13.971497442806218,2016
Verónica Forqué,4,1,13.468340301039788,2016
Verónica Langer,2,0,,2014
Verónica Sánchez,4,0,,2012
Vesa Vierikko,6,0,,2015
Vesa-Matti Loiri,21,0,,2015
Vic Mignogna,2,1,17.60101153624002,2012
Vic Morrow,8,1,17.19823567300793,1983
Vica Kerekes,2,0,,2011
Vicco von Bülow,2,0,,1991
Vicellous Reon Shannon,3,1,18.11898413842143,2001
Vicente Parra,2,0,,1973
Vicki Frederick,2,0,,1984
Vicki Lewis,2,1,18.622946984945404,2014
Vicky Harris,2,0,,2005
Vicky Haughton,1,1,17.538791438795542,2003
Vicky Kaushal,2,1,13.829340482166472,2016
Vicky Krieps,2,1,17.97098279976176,2012
Vicky McClure,4,1,15.93811754613459,2015
Victor Argo,2,1,14.518345163533546,2001
Victor Banerjee,2,0,,2012
Victor Browne,2,0,,2012
Victor Buono,3,0,,1971
Victor Francen,3,0,,1954
Victor French,3,0,,1981
Victor Garber,10,0,,2015
Victor Janson,2,0,,1921
Victor Jory,5,2,16.261314425134735,1973
Victor Lanoux,3,0,,1984
Victor Love,2,1,14.078736758550386,1991
Victor Lundin,2,0,,2006
Victor Mature,29,4,16.177104474594234,1966
Victor McLaglen,16,1,13.764217263576723,1955
Victor Moore,5,1,14.77102200299171,1952
Victor Rasuk,4,2,15.631263184536241,2007
Victor Rebengiuc,4,0,,2004
Victor Robinson,1,1,12.653162625766091,2007
Victor Sen Yung,6,0,,1946
Victor Sjöström,5,0,,1957
Victor Varconi,3,0,,1929
Victor Webster,6,0,,2016
Victor Williams,2,0,,2013
Victor Wong,7,1,16.467518804107254,1998
Victoria Abril,21,1,14.352037261256632,2016
Victoria Almeida,2,0,,2013
Victoria Beckham,1,1,18.420680743952367,1997
Victoria Bidewell,2,0,,2012
Victoria De Mare,5,0,,2016
Victoria Foyt,2,0,,1998
Victoria Hamilton,2,0,,2010
Victoria Haralabidou,2,0,,2009
Victoria Jackson,2,1,16.323245970632282,1989
Victoria Justice,5,1,16.250645737259248,2017
Victoria Pratt,7,0,,2016
Victoria Profeta,1,1,10.746949493754942,2010
Victoria Racimo,2,1,16.972910133484234,1987
Victoria Rowell,3,2,14.027518768785097,2015
Victoria Shaw,2,0,,1960
Victoria Tennant,6,1,15.269031231123396,2009
Victoria Vetri,2,0,,1973
Victória Guerra,3,0,,2016
Vidharth,1,1,16.759949537130716,2014
Vidya Balan,13,3,16.063100088557395,2016
Vidya Sinha,2,0,,1980
Vidyut Jamwal,2,0,,2017
Viggo Mortensen,28,16,17.179331228634837,2016
Vijay,1,1,16.64872390202049,2017
Vijay Deverakonda,1,1,15.5202586502027,2016
Vijay Raaz,3,0,,2004
Vijay Sethupathi,6,2,15.572773591448854,2017
Vijayakumar,1,1,14.914122846632385,2003
Vijessna Ferkic,2,0,,2012
Vik Muniz,1,1,12.142685461349773,2010
Vikram,5,2,15.434849784046463,2015
Viktor Avilov,2,0,,1988
Viktor Bychkov,4,0,,2003
Viktor Klimenko,2,0,,2010
Viktor Kosykh,5,0,,1971
Viktor Mikhaylov,3,0,,1993
Viktor Savić,2,0,,2010
Viktor Shamirov,1,1,9.57171425857138,2012
Viktor Stanitsyn,2,0,,1966
Viktor Stepanov,2,0,,1992
Viktor Sukhorukov,9,1,12.618182296357007,2015
Viktor Tsoy,2,0,,1988
Viktor Verzhbitskiy,3,2,16.127573199174343,2012
Viktoria Korotkova,1,1,11.296645803177343,2015
Viktoria Winge,3,0,,2008
Vilgot Sjöman,3,0,,1968
Ville Haapasalo,3,1,15.89495209964411,2011
Ville Virtanen,5,0,,2014
Vilma Banky,2,0,,1926
Vimala Pons,3,0,,2016
Vin Diesel,23,19,18.815586667761934,2017
Vinay Pathak,3,0,,2008
Vinay Virmani,2,1,12.314940503266564,2014
Vince Colosimo,4,0,,2010
Vince Edwards,9,0,,1987
Vince McMahon,2,1,13.122363377404328,1999
Vince Van Patten,3,0,,1981
Vince Vaughn,26,21,17.706616939641574,2016
Vince Vieluf,3,1,17.095310743252217,2003
Vincent Cassel,28,9,16.83232312121576,2016
Vincent D'Onofrio,24,7,15.657778592129644,2015
Vincent Desagnat,4,0,,2014
Vincent Dubois,2,0,,2010
Vincent Elbaz,7,1,17.198408182454997,2017
Vincent Gallo,12,2,13.158822888317772,2012
Vincent Gardenia,9,5,17.284064428944763,1991
Vincent Kartheiser,8,0,,2016
Vincent Klyn,1,1,16.134604526471403,1989
Vincent Lacoste,7,1,10.091376913633546,2016
Vincent Lindon,25,2,10.494458886316924,2016
Vincent Macaigne,6,0,,2016
Vincent Pagano,1,1,12.906207852857744,1999
Vincent Pastore,4,1,16.644608681397518,2008
Vincent Piazza,3,1,18.025369109428823,2015
Vincent Price,54,7,15.205278625891351,1987
Vincent Pérez,16,2,14.487503926482184,2013
Vincent Regan,5,0,,2015
Vincent Rottiers,4,1,14.64571951699658,2016
Vincent Spano,15,2,16.75855189051967,2013
Vincent Ventresca,2,0,,2006
Vincent Walsh,1,1,15.68583487413669,2016
Vincent Winter,2,0,,1962
Vincent Zhao,7,1,15.19097473377256,2017
Vincenzo Amato,6,0,,2017
Vincenzo Salemme,5,0,,2014
Vinessa Shaw,9,3,15.397448067351498,2017
Ving Rhames,29,8,16.583670518322982,2015
Vinnie Jones,22,3,16.430338692112965,2016
Vinícius de Oliveira,2,1,15.537689125706764,2008
Viola Davis,10,4,17.330211057074376,2016
Violante Placido,6,2,18.408965219903394,2012
Violett Beane,2,0,,2016
Vir Das,4,1,16.707824872319776,2017
Virgil Frye,2,1,16.393302252322158,1983
Virginia Bruce,11,0,,1944
Virginia Cherrill,1,1,9.861675484721689,1931
Virginia Field,7,0,,1964
Virginia Fox,10,0,,1923
Virginia Gardner,2,1,17.288974057082893,2016
Virginia Grey,8,0,,1954
Virginia Leith,3,0,,1962
Virginia Madsen,31,11,16.1855565421477,2016
Virginia Maskell,2,0,,1962
Virginia Mayo,26,1,14.978661367769956,1959
Virginia McKenna,7,0,,1974
Virginia Nebab,1,1,13.479399855981535,2012
Virginia Petrucci,1,1,13.122363377404328,2012
Virginia Valli,2,0,,1925
Virginia Weidler,4,0,,1943
Virginie Efira,10,0,,2016
Virginie Ledoyen,11,1,9.542230699092284,2012
Virna Lisi,11,0,,2015
Vishak Nair,1,1,14.648419680899378,2016
Vishal Malhotra,1,1,15.590462908875947,2010
Vishka Asayesh,2,0,,2016
Vishnu Vishal,1,1,14.151982794585487,2015
Vishwas,1,1,11.849547690342566,1998
Vitali Solomin,7,0,,1985
Vitaliano Trevisan,1,1,9.147613542067878,2004
Vitaliy Khaev,2,1,12.618182296357007,2015
Vithaya Pansringarm,2,0,,2013
Vitold Polonsky,2,0,,1917
Vittoria Puccini,5,0,,2014
Vittorio Caprioli,5,0,,1981
Vittorio De Sica,16,0,,1974
Vittorio Gassman,36,1,14.088761500761072,1994
Vittorio Mezzogiorno,6,0,,1991
Viva Bianca,4,0,,2015
Viveca Lindfors,13,0,,1995
Vivek,1,1,15.955576721460544,2005
Vivek Oberoi,9,2,16.636464093433332,2013
Viveka Davis,2,0,,1993
Viveka Seldahl,3,0,,2001
Vivian Blaine,2,0,,1945
Vivian Hsu,1,1,15.16356838147122,2001
Vivian Maier,1,1,14.223383431743503,2014
Vivian Schilling,2,0,,2009
Vivian Sung,2,0,,2015
Vivian Wu,5,0,,2005
Viviane Romance,2,0,,1947
Vivica A. Fox,20,4,17.426416377677942,2016
Vivien Leigh,12,2,17.851184127469708,1965
Vivien Merchant,2,0,,1975
Vivienne Osborne,2,0,,1933
Vlad Ivanov,6,2,12.38552965237772,2016
Vladimir Barsky,1,1,10.71663752549077,1925
Vladimir Basov,2,0,,1972
Vladimir Burlakov,2,0,,2013
Vladimir Cruz,2,0,,2000
Vladimir Etush,4,0,,1982
Vladimir Fogel,2,0,,1927
Vladimir Gostyukhin,2,0,,2004
Vladimir Gribkov,3,0,,1957
Vladimir Ilin,4,2,15.947247398067304,2017
Vladimir Ivashov,2,0,,1979
Vladimir Konkin,2,0,,1979
Vladimir Krutov,1,1,13.45109141929211,2014
Vladimir Kulich,1,1,17.937776644307974,1999
Vladimir Mashkov,9,2,16.37335635842946,2016
Vladimir Menshov,6,2,17.378396188943277,2013
Vladimir Osenev,2,0,,1972
Vladimir Pozner,1,1,13.45109141929211,2014
Vladimir Samoylov,3,0,,1974
Vladimir Sokoloff,2,0,,1960
Vladimir Steklov,2,0,,2013
Vladimir Tolokonnikov,2,0,,2006
Vladimir Turchinsky,3,1,14.161225661666665,2008
Vladimir Vdovichenkov,5,2,15.461674568416726,2014
Vladimir Volodin,2,0,,1938
Vladimir Vysotskiy,3,0,,1979
Vladimir Yaglych,3,2,15.816102870401867,2013
Vladimir Yepifantsev,2,0,,2008
Vladimir Zamanskiy,2,0,,1971
Vladimir Zeldin,2,0,,1987
Vladimir Zelenskiy,6,2,16.081430575796926,2015
Vladimiros Kiriakidis,5,0,,2011
Vladimír Menšík,2,0,,1979
Vladimír Pucholt,2,0,,1965
Vladislav Dvorzhetsky,2,0,,1973
Vladislav Galkin,3,1,14.099645346236317,2006
Vladislav Strzhelchik,2,0,,1982
Vlado Jovanovski,3,0,,2005
Vlasta Vrána,2,0,,2009
Vlastimil Brodský,4,0,,2001
Vlatka Simac,2,0,,2005
Volker Bruch,2,0,,2013
Volker Spengler,2,0,,1996
Vondie Curtis-Hall,3,0,,2000
Vonetta McGee,7,2,15.330664357061114,1975
Vsevolod Larionov,3,0,,1984
Vuk Kostić,3,1,12.56374708980199,2013
Vyacheslav Fetisov,1,1,13.45109141929211,2014
Vyacheslav Nevinnyy,7,0,,1989
Vyacheslav Razbegaev,2,0,,2006
Vyacheslav Tikhonov,10,0,,1977
Václav Neckář,3,0,,1990
Víctor Clavijo,2,0,,2015
Víctor Erice,2,0,,2006
Vít Klusák,1,1,9.763823105408154,2004
Věra Galatíková,3,0,,2000
W. Earl Brown,2,0,,2016
W.C. Fields,18,0,,1957
Waad Mohammed,1,1,14.11394486737933,2012
Wade Williams,2,0,,2014
Wadeck Stanczak,2,0,,1986
Wagner Moura,12,1,17.959084568808642,2014
Waheeda Rehman,6,1,15.925723758310864,2009
Wai Pak,2,0,,1980
Wai Wang,2,0,,1976
Waise Lee,3,0,,1994
Waldemar Kobus,2,0,,2011
Waldemar Torenstra,1,1,14.7543104472538,2008
Wallace Beery,25,0,,1948
Wallace Chung,3,0,,2016
Wallace Clarke,1,1,15.89495209964411,1916
Wallace Ford,8,0,,1951
Wallace Langham,2,0,,2008
Wallace Reid,2,0,,1921
Wallace Shawn,11,1,12.208100587864411,2017
Walt Disney,25,1,18.23819917435705,2013
Walt Dongo,2,0,,2002
Walter Abel,5,0,,1953
Walter Barnes,4,0,,1981
Walter Borden,1,1,8.474911799159631,2013
Walter Brennan,18,2,15.860351414054566,1969
Walter Brooke,2,0,,1961
Walter Catlett,2,1,18.249892422972085,1940
Walter Chiari,4,0,,1969
Walter Connolly,5,1,15.319587954740548,1939
Walter Cronkite,6,2,14.479906398309524,2013
Walter Day,3,0,,2015
Walter Frentz,1,1,13.016351538570497,1993
Walter Giller,3,0,,2009
Walter Green,1,1,10.581216480367694,1966
Walter Huston,33,1,15.275752164036248,1950
Walter Jakob,3,0,,2014
Walter James,2,0,,1927
Walter Koenig,4,0,,2015
Walter Matthau,48,8,16.80513562383777,1998
Walter Pidgeon,35,4,15.695264132981624,1962
Walter Reyer,3,0,,1962
Walter Rilla,3,0,,1967
Walter Slezak,16,1,14.899347561050227,1976
Walton Goggins,3,0,,2016
Waluscha D' Souza,1,1,17.191444694256138,2016
Wanda De Jesus,1,1,14.94911508107509,2007
Wanda Hendrix,3,0,,1954
Wanda McKay,4,0,,1948
Wanda Sykes,3,0,,2016
Wandisa Guida,3,0,,1982
Wang Baoqiang,9,4,15.057936839342617,2015
Wang Hsieh,3,0,,1975
Wang Lai,1,1,11.933751980191092,1992
Wang Ping,2,0,,1972
Wang Qian-Yuan,2,0,,2015
Wang Xue-Bing,4,1,15.538277155705378,2015
Wang Xue-qi,4,1,15.579842987795576,2010
Ward Bond,6,0,,1953
Ward Costello,3,0,,1977
Ward Horton,1,1,19.35784730350769,2014
Warner Anderson,2,0,,1955
Warner Baxter,11,1,14.640124501266524,1941
Warner Oland,18,0,,1937
Warren Beatty,23,10,15.945968664465363,2016
Warren Brown,3,0,,2016
Warren Buffett,2,0,,2017
Warren Christie,2,1,17.0566535784268,2014
Warren Derosa,2,0,,2009
Warren Ellis,2,0,,2014
Warren Hammack,2,0,,1967
Warren Hymer,2,0,,1930
Warren Miller,1,1,14.526237308423044,1996
Warren Oates,18,4,16.864069654224565,1983
Warren William,27,0,,1940
Warwick Davis,12,3,16.152229618127723,2014
Wasabi Mizuta,1,1,18.23508773779857,2014
Wataru Takagi,2,0,,2013
Wayne Allwine,7,1,16.860032995687696,2004
Wayne Brady,2,1,11.20783948598991,2012
Wayne Dyer,2,0,,2010
Wayne Federman,2,0,,2014
Wayne Knight,2,2,18.303396996498495,1997
Wayne Kramer,3,0,,2015
Wayne Morris,7,1,14.151982794585487,1954
Wayne Newton,1,1,16.83219132167062,1990
Wei Li,2,0,,1990
Wen Bin Huang,1,1,16.846583478865533,2009
Wen Ying,2,0,,1995
Wen Zhang,3,0,,2013
Wendell Burton,2,0,,1971
Wendell Corey,18,1,17.420038177187358,1966
Wendell Pierce,3,1,17.22462905129009,2016
Wendi McLendon-Covey,4,2,17.62035251328969,2016
Wendie Jo Sperber,2,0,,1983
Wendy Barrie,3,0,,1942
Wendy Craig,2,0,,1965
Wendy Crewson,10,2,18.335839211471338,2010
Wendy Glenn,2,1,16.479051419080527,2011
Wendy Hiller,7,1,17.160137588138035,1987
Wendy Hoopes,2,0,,2002
Wendy Hughes,2,0,,1979
Wendy Lyon,1,1,14.802639550879526,1987
Wendy Makkena,1,1,16.95726768606935,1997
Wendy Moniz,2,0,,2015
Wendy O. Williams,1,1,14.735965806189991,1986
Wendy Raquel Robinson,1,1,16.63742584810233,2005
Wendy van Dijk,2,0,,2013
Wentworth Miller,4,2,17.822899170631928,2014
Werner De Smedt,4,0,,2009
Werner Herzog,29,2,14.207996864092406,2016
Werner Krauss,5,0,,1940
Werner Pochath,3,0,,1980
Wes Bentley,19,5,17.466764866869436,2016
Wes Brown,3,0,,2011
Wes Chatham,3,0,,2013
Wes Ramsey,3,1,13.616985226229442,2014
Wes Studi,6,1,16.740585361069165,2015
Wesley Jonathan,2,0,,2012
Wesley Ruggles,2,0,,1916
Wesley Snipes,36,18,17.150001102296233,2012
Wesley van Gaalen,2,1,15.988756145798364,2011
Wheeler Oakman,2,1,15.89495209964411,1937
Whip Hubley,2,1,14.598976847265822,1997
Whit Bissell,2,1,14.50865773852422,1957
Whit Hertford,2,0,,2014
Whitney Able,5,1,15.260775939160414,2015
Whitney Cummings,3,0,,2016
Whitney Houston,6,4,18.189519272025723,2017
Whitney Moore,3,0,,2017
Whoopi Goldberg,35,11,17.04712240470681,2013
Wiktor Zborowski,2,0,,2017
Wil Horneff,3,0,,2007
Wil Wheaton,3,2,17.15037218283603,2014
Wilbur Higby,2,0,,1919
Wiley Wiggins,3,2,15.432745868460685,2001
Wilford Brimley,9,5,16.22554769055606,2001
Wilfrid Hyde-White,4,0,,1970
Wilfrid Lawson,2,0,,1955
Wilko Johnson,2,0,,2015
Will Allen,2,1,9.735364715141989,2016
Will Arnett,11,4,18.552297487853238,2017
Will Brill,2,0,,2016
Will Estes,2,0,,2005
Will Ferrell,34,25,17.90388571364644,2017
Will Forte,5,2,16.15598096702815,2014
Will Friedle,7,1,13.1749558275235,2014
Will Geer,8,0,,1978
Will Hay,4,0,,1942
Will Hutchins,2,0,,1967
Will Keenan,3,0,,2011
Will Kemp,4,1,18.83157575011218,2016
Will Lyman,2,0,,2014
Will Oldham,6,1,16.561771667666928,2017
Will Patton,15,8,16.87949637453568,2012
Will Poulter,6,2,19.75392492407314,2017
Will Rogers,6,1,10.330975044678786,2012
Will Rothhaar,4,1,19.12608626313261,2013
Will Ryan,1,1,16.300417207752275,1983
Will Sampson,2,1,16.504571872593417,1977
Will Sanderson,2,0,,2007
Will Sasso,4,1,17.819552897936752,2014
Will Smith,23,21,19.455402878580085,2018
Will Yun Lee,5,2,18.23624560194792,2013
Willa Ford,2,0,,2008
Willa O'Neill,2,0,,2000
Willam Belli,2,0,,2011
Willard Louis,2,0,,1926
Willard Parker,3,0,,1964
Willeke van Ammelrooy,5,0,,1995
Willem Dafoe,53,25,16.138548115253755,2017
Willi Ninja,1,1,15.145134033441852,1990
William Ackman,2,1,15.878761994325885,2017
William Ash,2,0,,2008
William Atherton,10,5,16.888890021101467,2014
William B. Davis,2,0,,2010
William Baldwin,18,5,16.188365639092247,2015
William Bassett,2,0,,2005
William Bendix,20,0,,1958
William Berger,7,0,,1977
William Bishop,3,0,,1957
William Black,1,1,16.674076784389666,2009
William Boyd,2,0,,1943
William Brent,2,0,,2013
William Campbell,2,0,,1963
William Conrad,4,0,,1980
William Daniels,4,0,,1989
William Demarest,8,0,,1973
William Dembski,1,1,15.856730886823913,2008
William Devane,10,4,13.105333821074362,2015
William Dieterle,3,0,,1928
William Eythe,2,0,,1945
William Feng,3,2,18.36276547686822,2015
William Fichtner,8,3,18.490427800249073,2016
William Finley,4,0,,1980
William Forsythe,20,4,16.146250306687506,2016
William Frawley,2,0,,1962
William Gargan,16,0,,1948
William Gates,1,1,15.873551098128171,1994
William Gaxton,2,0,,1943
William H. Macy,28,11,15.290215567777675,2016
William Haines,13,0,,1932
William Hanna,2,0,,2006
William Hartnell,3,0,,1959
William Holden,49,8,16.22660822877272,2000
William Hootkins,2,2,14.864572411541495,1994
William Hope,4,0,,2010
William Hopper,2,0,,1957
William Hoyland,3,0,,1972
William Hudson,2,1,13.081541382884074,1958
William Hurt,44,13,16.96544629433449,2017
William K.L. Dickson ,3,0,,1894
William Katt,19,0,,2014
William Kerwin,2,1,15.201804919084164,1964
William Lundigan,6,0,,1953
William Mapother,4,1,14.390400527964683,2015
William Margold,2,0,,2001
William Marshall,3,0,,1974
William McNamara,3,1,14.2834414155022,1995
William Moseley,5,3,18.326635341615706,2016
William O'Leary,2,1,16.45030043781162,1996
William Petersen,6,2,16.31816305459143,1998
William Phipps,2,0,,1952
William Powell,34,2,17.353209114945855,2016
William Prince,5,1,15.424948470398377,1958
William R. Moses,25,1,15.201804919084164,2014
William Ragsdale,3,3,15.692628996281828,1991
William Reynolds,2,0,,1958
William S. Burroughs,10,0,,2010
William Sadler,16,1,17.674343734878303,2016
William Sanderson,4,1,17.67132295671191,1996
William Shatner,27,7,18.175741893432026,2017
William Smith,11,0,,1997
William Snape,1,1,19.36788905160443,1997
William Squire,1,1,17.232299753092274,1978
William Steis,2,0,,1992
William Stumpp,1,1,16.90655301132259,1972
William Sylvester,3,1,18.04525975719258,1968
William Talman,4,0,,1953
William Zabka,4,3,16.871339572845844,2014
William Zappa,2,0,,2011
Willie,1,1,16.73502495816454,1987
Willie Aames,2,1,15.536275153034705,1982
Willie Nelson,9,3,13.59677649001482,2013
Willis Burks II,1,1,13.842832880566082,2007
Willy Birgel,2,0,,1937
Willy Braque,2,0,,1974
Willy Fritsch,2,0,,1929
Willy Semler,2,0,,2008
Wilmer Valderrama,5,1,9.392661928770137,2014
Wilson Cruz,2,0,,2006
Wilt Chamberlain,1,1,18.420680743952367,1984
Wim Opbrouck,3,0,,2011
Wim Wenders,3,1,13.873594543330713,2014
Windham Beacham,3,0,,2007
Winfried Glatzeder,2,0,,2012
Wing Fan,2,0,,2002
Wings Hauser,6,0,,1990
Winona Ryder,32,15,16.702539498437037,2015
Winsor McCay,2,0,,1914
Winston Hibler,3,0,,1957
Wladimir Yordanoff,5,0,,2011
Wojciech Pokora,2,0,,1976
Wojciech Pszoniak,5,0,,1990
Wolfgang Bodison,2,0,,2014
Wolfgang Kieling,2,0,,1985
Wolfgang Preiss,3,0,,1971
Wolfgang Reichmann,2,0,,1979
Wolfgang Schenck,2,0,,1974
Wolfram Koch,2,0,,2013
Won Bin,4,2,17.11671618425784,2010
Wong Chau-Yin ,2,1,15.08371371094752,1986
Wong Yau-Nam,4,0,,2014
Wong Yu,3,0,,1979
Wong Yung,2,0,,1985
Woo Ki-Hong,1,1,15.102904050465655,2012
Wood Harris,3,1,14.94396057437189,2009
Woody Allen,44,21,16.451547649289765,2016
Woody Harrelson,49,28,16.13538096351338,2017
Woody Strode,10,1,16.64872390202049,1977
Wotan Wilke Möhring,11,0,,2017
Wouter Hendrickx,4,0,,2014
Wu Bai,2,0,,2000
Wu Chun,3,0,,2013
Wu Jing,5,1,18.197537192638155,2015
Wu Ma,3,1,13.503198304306576,1992
Wu Nien-Jen,3,0,,2013
Wu Xiubo,2,1,18.21427139162932,2016
Wunmi Mosaku,2,0,,2011
Wyatt Cenac,4,0,,2014
Wyatt Knight,3,3,17.60708538446884,1985
Wyatt Nash,2,0,,2016
Wynne Gibson,2,0,,1934
Władysław Kowalski,1,1,15.99322311910615,2001
Xander Berkeley,6,1,17.06558694344703,2012
Xavi Ayén,1,1,9.869775638050593,2015
Xavier Beauvois,4,0,,2013
Xavier Dolan,5,1,11.050651881786404,2014
Xavier Samuel,11,4,14.509731127088678,2017
Xhevdet Ferri,2,0,,2004
Xia Yu,3,0,,2005
Xian Lim,2,0,,2014
Xiao Shen Yang,2,0,,2010
Xing Yu,2,0,,2016
Xiong Xin-Xin,2,0,,1997
Xu Fan,3,0,,2013
Xu Jiao,4,1,17.672051952344336,2015
Xu Jinglei,2,0,,2002
Xu Zheng,5,1,19.15304863766559,2014
Xuna Primus,1,1,13.637579349471611,2004
Xzibit,1,1,17.540742457026436,2006
Yacef Saadi,1,1,13.73381014372078,1966
Yahoo Serious,3,0,,2000
Yami Gautam,2,0,,2017
Yan Ni,2,0,,2011
Yan Tsapnik,1,1,15.009433026436708,2015
Yana Troyanova,4,0,,2015
Yancey Arias,2,0,,2010
Yancy Butler,9,0,,2015
Yang Dong-geun,3,0,,2013
Yang Ik-june,3,0,,2013
Yang Kuei-Mei,2,0,,2007
Yang Lin,2,0,,1987
Yang Mi,7,2,15.0801300582602,2015
Yang Zishan,1,1,18.56910074907064,2013
Yanina Studilina,1,1,18.03692112801471,2013
Yanina Zhejmo,2,0,,1957
Yann Bean,2,0,,2013
Yannick Rénier,3,0,,2009
Yannick van de Velde,4,0,,2016
Yannis Stankoglou,3,0,,2016
Yannis Tsimitselis,2,0,,2016
Yannis Zouganelis,2,0,,2016
Yanny Chan Wing-yan,1,1,13.114331205707064,2014
Yanti Somer,4,0,,1978
Yao Chen,4,0,,2016
Yaphet Kotto,16,4,17.37148008728752,1996
Yashpal Sharma,2,0,,2005
Yasiin Bey,9,3,15.871317816375296,2013
Yasmin Paige,3,0,,2016
Yasmine Bleeth,1,1,15.765311698712274,1998
Yasuaki Kurata,3,1,10.787213769536883,2010
Yasuko Matsuyuki,5,0,,2013
Yasuko Sawaguchi,1,1,15.226497531674536,1984
Yasunori Irikawa,2,0,,1968
Yasuo Yamada,3,0,,1989
Yavor Baharov,2,0,,2015
Yavuz Bingöl,2,0,,2009
Yaya DaCosta,2,1,17.363461787360123,2015
Yayan Ruhian,2,1,9.453757028129948,2016
Yaël Abecassis,4,0,,2014
Yeardley Smith,1,1,14.946750398225594,1985
Yehuda Barkan,2,0,,1975
Yehuda Levi,2,0,,2013
Yekaterina Golubeva,6,0,,2006
Yekaterina Gorokhovskaya,2,1,15.05921058176289,2015
Yekaterina Rednikova,3,0,,2011
Yekaterina Vasilyeva,2,1,15.397486827579955,2014
Yekaterina Vulichenko,1,1,13.603554196040628,2002
Yelena Koreneva,2,0,,1998
Yelena Kuzmina,4,0,,1937
Yelena Solovey,5,0,,1984
Yen Shi-Kwan,2,0,,1979
Yeo Hyun-soo,2,0,,2006
Yes-R,1,1,13.781140620751142,2006
Yevgeni Gerasimov,2,0,,1980
Yevgeni Shutov,2,0,,1958
Yevgeni Syty,5,0,,2013
Yevgeni Tsyganov,8,1,13.45408290922392,2017
Yevgeniya Kryukova,2,0,,2006
Yi Ding,2,0,,2005
Yiftach Klein,1,1,14.389488993215531,2012
Yiu-Cheung Lai,2,0,,1999
Yo Oizumi,5,0,,2015
Yoav Donat,2,0,,2015
Yoko Maki,4,1,16.81019032783053,2016
Yoko Ono,4,0,,2010
Yoko Tani,3,0,,1966
Yolanda Vazquez,1,1,16.860580464846723,1994
Yolande Donlan,2,0,,1962
Yolande Moreau,7,0,,2015
Yon González,4,0,,2015
Yoo Ah-In,4,1,13.998354478302634,2016
Yoo Hae-jin,7,2,15.92050042439778,2017
Yoo Ji-tae,9,2,16.104769802348763,2010
Yoo Seung-Ho,3,0,,2011
Yoo Sun,2,0,,2012
Yoo Yeon-seok,5,0,,2016
Yoon Je-moon,4,0,,2013
Yoon Ji-hye,1,1,15.201804919084164,2006
Yorick van Wageningen,1,1,13.180722847465184,2008
Yoshihiko Hakamada,1,1,13.167166556482018,2002
Yoshikazu Kotani,2,0,,2007
Yoshikazu Ono,1,1,14.751803112980074,2011
Yoshiko Kuga,8,0,,1961
Yoshiko Mita,2,0,,1989
Yoshiko Okada,3,0,,1935
Yoshiko Sakuma,2,0,,1983
Yoshiko Tanaka,2,0,,1989
Yoshimasa Hosoya,5,1,16.770660027139765,2016
Yoshino Kimura,4,0,,2010
Yoshinori Okada,2,0,,2008
Yoshio Harada,8,0,,2003
Yoshio Inaba,1,1,12.512972615533483,1954
Yosuke Eguchi,5,1,16.588099280204055,2013
Yosuke Kubozuka,2,0,,2008
Youki Kudoh,8,1,18.90460553510379,2005
Youn Yuh-jung,4,0,,2016
Younes Bouab,2,0,,2012
Young Jeezy,1,1,9.112617283447568,2009
Youssouf Djaoro,2,0,,2010
Yrjö Järvinen,2,0,,1982
Yu Aoi,12,1,16.65676804917546,2017
Yu Cheng-Hui,1,1,16.597913525065273,1982
Yu Jun-sang,5,0,,2014
Yu Oh-seong,3,0,,2002
Yu Rong-Guang,3,1,16.502109721888953,1993
Yu Shao-Qun,2,0,,2011
Yu-Wen Wang,1,1,15.802617899715631,1994
Yu-mi Kim,3,0,,2013
Yue Hoi,2,2,15.840813618006397,1984
Yuen Biao,19,1,15.157450390422325,2010
Yuen Cheung-Yan,2,0,,1984
Yuen Qiu,4,1,18.429783636623288,2005
Yuen Siu-Tin,4,0,,1979
Yuen Wah,3,2,17.16836562576608,2005
Yui Aragaki,6,1,17.600563455526867,2015
Yui Asaka,2,0,,1988
Yui Horie,5,0,,2017
Yui Ichikawa,4,0,,2006
Yui Natsukawa,3,0,,2012
Yuichi Nakamura,4,0,,2011
Yuika Motokariya,2,0,,2010
Yuji Okumoto,4,0,,2005
Yuka,1,1,15.724862229826437,2012
Yuka Imoto,1,1,18.377661984142456,2001
Yuki Matsuoka,2,1,14.195308395323748,2011
Yuki Uchida,2,0,,2013
Yukie Nakama,4,0,,2005
Yukijiro Hotaru,2,0,,2003
Yukiko Kobayashi,3,0,,1971
Yukio Mishima,3,0,,1969
Yukiyoshi Ozawa,3,1,17.50577502750139,2016
Yuko Chishiro,2,0,,1964
Yuko Miyamura,2,1,17.533027054678378,2009
Yuko Takeuchi,2,0,,2016
Yul Brynner,24,4,16.80554567526147,1976
Yuliya Aleksandrova,2,0,,2015
Yuliya Aug,4,0,,2016
Yuliya Solntseva,2,0,,1930
Yuliya Vysotskaya,2,2,13.162757186754305,2007
Yum Jung-ah,3,0,,2014
Yumi Kakazu,2,1,18.23508773779857,2014
Yumi Shirakawa,3,0,,1958
Yumi Touma,2,0,,1999
Yumika Hayashi,2,0,,2004
Yumiko Nogawa,2,0,,1965
Yumiko Shaku,3,0,,2003
Yunjin Kim,6,0,,2014
Yuri Belov,4,0,,1976
Yuri Bogatyryov,3,0,,1980
Yuri Chursin,2,1,12.899554769990148,2011
Yuri Lowenthal,2,0,,2011
Yuri Matveyev,1,1,12.120732598363158,2010
Yuri Stepanov,2,0,,2010
Yuri Tarasov,1,1,15.05921058176289,2006
Yuri Volyntsev,2,0,,1981
Yuria Nara,1,1,19.049180160074577,2008
Yuriko Fuchizaki,2,0,,1999
Yuriko Hoshi,3,0,,1968
Yuriko Ishida,8,1,18.88677240642412,2016
Yuriko Yamamoto,2,1,16.70588231586044,1986
Yuriko Yoshitaka,9,0,,2013
Yuriy Galtsev ,2,1,16.08902722846097,2016
Yuriy Kutsenko,16,6,13.562498348067535,2015
Yuriy Nikulin,7,0,,1984
Yuriy Solomin,2,0,,1979
Yuriy Tolubeev,2,0,,1959
Yuriy Tsurilo,3,1,14.0860513037159,2014
Yuriy Yakovlev,6,0,,1986
Yury Tsykun,1,1,13.788678783998808,2006
Yusef Salaam,1,1,12.519959601148688,2012
Yusuke Iseya,11,3,15.246616839941234,2015
Yusup Bakhshiev,1,1,14.576796645487237,2009
Yutaka Takenouchi,1,1,18.15931597981796,2016
Yuu Kashii,2,0,,2005
Yuuki Kaji,2,1,14.621361228437303,2016
Yuusaku Yara,2,0,,1992
Yuya Tegoshi,2,0,,2010
Yuya Yagira,2,0,,2014
Yvan Attal,12,0,,2016
Yvan Ponton,1,1,16.47057311780291,1991
Yves Beneyton,2,0,,1999
Yves Montand,23,1,11.330263850363169,1992
Yvette Mimieux,11,1,14.648419680899378,1978
Yvette Nipar,2,1,15.95956557890975,2007
Yvette Vickers,2,1,13.081541382884074,1959
Yvon Chouinard,2,0,,2015
Yvonne Bezerra de Mello,1,1,12.288578471082884,2002
Yvonne Clech,2,0,,1964
Yvonne Craig,2,0,,1967
Yvonne De Carlo,16,0,,1990
Yvonne Elliman,1,1,16.3957273875566,1973
Yvonne Fedderson,2,1,14.50865773852422,1958
Yvonne Furneaux,2,0,,1964
Yvonne Mitchell,6,0,,1970
Yvonne Monlaur,2,0,,1960
Yvonne Russo,1,1,9.259892150805433,1999
Yvonne Sanson,6,0,,1958
Yvonne Strahovski,4,2,17.815147851066143,2016
Yvonne Zima,2,1,18.309265949187875,2014
Yôichi Numata,2,0,,2001
Yôko Minamida,3,0,,1977
Yôko Tsukasa,7,0,,1969
Yû Fujiki,2,0,,1963
Yûji Hori,2,0,,1951
Yûjirô Ishihara,6,0,,1982
Yûko Nakamura,3,0,,2011
Yûnosuke Itô,4,0,,1965
Yûsaku Matsuda,2,0,,1983
Yûsuke Kawazu,7,0,,1968
Yûzô Kayama,5,0,,1968
Yılmaz Erdoğan,6,3,14.949745768911285,2014
Yılmaz Güney,4,0,,1968
Yōji Matsuda,2,1,18.88677240642412,1999
Yōko Honna,2,0,,1995
Yūji Ueda,5,1,18.91320793998656,2003
Yūko Tanaka,2,1,18.88677240642412,2014
Yūrei Yanagi,4,0,,2000
Yūsuke Santamaria,2,0,,2007
Zabou Breitman,11,2,13.863584344643229,2014
Zac Efron,20,16,17.14807206731771,2017
Zach Braff,8,4,16.78275792292997,2014
Zach Cohen,2,0,,2014
Zach Cregger,2,0,,2013
Zach Galifianakis,18,11,18.295989453629463,2017
Zach Galligan,7,3,16.663241681721825,2013
Zach Gilford,5,4,15.347877064503205,2014
Zachary Bennett,3,0,,2013
Zachary Booth,2,0,,2014
Zachary Gordon,6,4,17.67536033317387,2014
Zachary Knighton,4,1,17.05025756663209,2014
Zachary Levi,8,2,20.054033528701687,2013
Zachary Quinto,7,4,19.40239743443137,2016
Zachary Scott,15,1,15.545039950656196,1960
Zachi Noy,2,0,,2009
Zack Bazzi,1,1,12.44583729786062,2006
Zack Pearlman,3,1,13.242288117972572,2016
Zack Ward,5,0,,2016
Zafer Algöz,1,1,15.621538414545505,2011
Zahira Badi,1,1,8.912473274466036,2013
Zak Orth,3,0,,2000
Zakes Mokae,4,1,16.79078657165085,1998
Zalman King,2,0,,1978
Zana Briski,1,1,15.07256743727262,2004
Zana Marjanović,3,1,12.624378293250404,2011
Zarah Leander,2,0,,1937
Zasu Pitts,4,0,,1950
Zayed Khan,4,1,14.946912669455374,2006
Zbigniew Cybulski,3,0,,1965
Zbigniew Suszyński,2,0,,1989
Zbigniew Zamachowski,6,0,,2011
Zbigniew Zapasiewicz,4,0,,2005
Zdeněk Svěrák,6,1,15.568226658312623,2010
Ze'ev Revach,3,0,,2014
Zeinab Botsvadze,1,1,12.280697626868754,1984
Zelda Williams,2,1,11.69159870808709,2016
Zeljko Ivanek,3,0,,2012
Zena Grey,1,1,16.66577655783713,2001
Zendaya,3,0,,2016
Zero Mostel,7,0,,1975
Zeudi Araya Cristaldi,4,0,,1983
Zhang Fengyi,4,1,18.61179044662309,2009
Zhang Guoli,2,0,,2016
Zhang Hanyu,4,3,16.22498757514685,2016
Zhang Jin,1,1,18.870767039698418,2015
Zhang Jingchu,6,0,,2016
Zhang Lei,2,1,18.82614585206053,2015
Zhang Ziyi,18,7,17.81125360476815,2015
Zhanna Prokhorenko,2,0,,1961
Zhao Benshan,3,1,12.388781627265391,2010
Zhao Tao,9,1,11.945486798740092,2015
Zhao Wei,10,1,16.409313540036514,2016
Zhou Dongyu,3,1,18.146243898250606,2017
Zhou Xun,13,0,,2017
Zhu Xu,2,0,,1999
Zia Mohyeddin,2,0,,1970
Ziauddin Yousafzai,1,1,14.78738697870566,2015
Zinaida Kirienko,2,0,,1959
Zinaida Sharko,2,0,,1998
Zinedine Soualem,4,1,12.531379205922269,2010
Zinoviy Gerdt,7,0,,1984
Zita Duarte,2,0,,2001
Zita Johann,3,0,,1932
Zizi Jeanmaire,3,0,,1962
Zlatko Burić,2,0,,2005
Zoe Kazan,8,4,14.802828282861945,2017
Zoe Lister-Jones,5,0,,2017
Zoe McLellan,2,0,,1999
Zoe Naylor,2,0,,2011
Zoe Saldana,21,15,18.092444582382946,2020
Zoe Sloane,1,1,11.54959484932724,2010
Zoe Weizenbaum,1,1,11.468837727043477,2005
Zoey Deutch,5,2,17.35356753827558,2017
Zohar Strauss,3,0,,2015
Zohra Lampert,2,0,,1971
Zohra Sehgal,2,0,,1985
Zoie Palmer,2,0,,2014
Zoltán Latinovits,5,0,,1971
Zoltán Miklós Hajdu,2,0,,2009
Zooey Deschanel,21,13,17.119007395224333,2016
Zora Kerova,2,0,,1988
Zoran Cvijanović,2,0,,2005
Zosia Mamet,2,0,,2015
Zouzou,4,0,,1974
Zoé Félix,2,1,17.789416423882706,2013
Zoë Bell,7,1,17.03590111504618,2016
Zoë Kravitz,8,2,15.834632306763176,2017
Zoë Tapper,3,1,14.358388765117098,2010
Zrinka Cvitešić,2,0,,2013
Zsa Zsa Gábor,3,0,,1958
Zsolt Anger,3,0,,2016
Zsolt Trill,2,0,,2008
Zsófia Psotta,1,1,12.550931048328067,2014
Zuhab Khan,1,1,13.377214876202816,2015
Zulay Henao,3,1,17.295954022386272,2016
Zuleikha Robinson,1,1,18.498599196993784,2004
Zuzana Šulajová,2,0,,2005
Àlex Brendemühl,9,2,12.358983218530462,2017
Ágústa Eva Erlendsdóttir,2,0,,2013
Álex García,2,0,,2015
Álex González,4,0,,2017
Álvaro Cervantes,2,0,,2012
Ángel Aranda,2,1,13.296227604930046,1978
Ángel Garasa,2,0,,1964
Ángel de Andrés López,4,1,13.468340301039788,2008
Ángela Molina,7,0,,2013
Ângelo Antônio,3,0,,2011
Åke Grönberg,2,0,,1954
Çetin Tekindor,4,1,15.621538414545505,2011
Élisabeth Vitali,3,0,,1997
Élise Guilbault,2,0,,2005
Élodie Bouchez,10,0,,2014
Élodie Fontan,1,1,12.312367724347776,2017
Émile Genest,2,0,,1963
Émilie Dequenne,6,2,15.28422630377204,2014
Émilien Néron,1,1,15.699836294394135,2011
Éric Bruneau,1,1,10.596634733096073,2014
Éric Caravaca,6,0,,2014
Óscar Jaenada,5,1,18.59548039870494,2016
Örjan Ramberg,2,0,,2006
Özcan Deniz,4,0,,2013
Özge Özberk,2,0,,2008
Özgü Namal,4,0,,2007
Özkan Uğur,3,0,,2014
Ørjan Gamst,1,1,10.531375952634018,2014
Þorsteinn Bachmann,2,0,,2014
Þröstur Leó Gunnarsson,3,0,,2013
Đơn Dương,2,0,,2001
Đỗ Thị Hải Yến,3,1,17.136008382941473,2009
İhsan Yüce,2,0,,1977
İlyas Salman,2,0,,2014
İrfan Kangı,1,1,18.82295071972398,2014
İsmail Hacıoğlu,1,1,16.134088382751997,2007
Şahan Gökbakar,5,2,17.155906257933005,2014
Şener Şen,9,2,14.795174628202535,2010
Şerif Sezer,2,0,,2008
Šarūnas Bartas,2,0,,2010
Анатолій Солоніцин,4,0,,1979
Антон Зиновьев,1,1,13.527828485512494,2013
Гордан Кичић,1,1,12.56374708980199,2002
Игорь Бочкин,1,1,12.366267877332406,2003
Мария Берсенева,1,1,14.627572133951716,2011
Мария Бурова,1,1,10.83281296268074,2009
Михаил Пореченков,6,0,,2017
Моррис Честнат,13,6,17.250137243316804,2015
Наташа Нинковић,2,0,,2012
Патрик О’Нил,3,0,,1972
Эрика Элениак,9,2,14.910859285603788,2002
Юлия Волкова,1,1,13.527828485512494,2013
Юлия Снигирь,2,1,16.899017646181846,2013
پیمان معادی,3,1,10.99782404634145,2016
张雨绮,3,2,18.902192294818104,2016
杰森·莫玛,3,1,17.703138836929572,2014
松田龙平,7,0,,2013
松隆子,5,0,,2010
