name,films,rev_films,mean_log_rev,last_year
 Dale Trevillion	 ,2,0,,2001
 Davide Manuli,1,0,,2012
 E.W. Swackhamer,1,0,,1974
 Vitaliy Vorobyov,1,0,,2013
 Yeon Sang-Ho,4,1,14.57152361156558,2016
300ml,1,0,,2017
50 Cent,1,0,,2009
A. Dean Bell,1,0,,2003
A. Edward Sutherland,7,0,,1940
A. G. Amid,1,0,,2015
A. Karunakaran,2,0,,2010
A. L. Vijay,1,0,,2011
A. Todd Smith,1,0,,2015
A.B. Stone,1,0,,2015
A.D. Calvo,2,0,,2016
A.J. Edwards,1,1,11.169279559000872,2014
A.R. Murugadoss,5,3,16.559409024082626,2014
A.W. Vidmer,1,0,,2003
AJ Kparr,1,0,,2007
AJ Schnack,3,0,,2013
Aage Rais-Nordentoft,1,0,,2008
Aamir Khan,1,1,17.162955483627183,2007
Aarne Tarkas,1,0,,1960
Aaron Biebert,1,0,,2016
Aaron Blaise,1,0,,2003
Aaron Butler,1,0,,2009
Aaron C. Peer,1,0,,2012
Aaron Cohen,1,0,,2015
Aaron Douglas Johnston,1,0,,2011
Aaron Fronk,1,0,,2016
Aaron Hann,1,0,,2015
Aaron Harvey,1,0,,2011
Aaron J. Wiederspahn,1,0,,2013
Aaron James Sorensen,1,0,,2011
Aaron Katz,5,1,9.643744848773588,2017
Aaron Kaufman,1,0,,2016
Aaron Keeling,1,0,,2015
Aaron Kim Johnston,1,0,,1993
Aaron Leong,1,0,,2017
Aaron Lipstadt,2,0,,1984
Aaron Moorhead,2,1,10.819178104338253,2014
Aaron Newman,1,0,,2008
Aaron Norris,7,4,15.538316250286737,1996
Aaron Osborne,1,0,,1995
Aaron Russo,1,1,14.96915349839127,1989
Aaron Schneider,1,0,,2010
Aaron Seelman,1,0,,2013
Aaron Wilson,1,0,,2013
Aaron Woodley,3,1,11.668843154145106,2017
Aaron Woolf,1,1,11.306737354305431,2007
Aarón Fernández Lesur,2,0,,2013
Aatish Kapadia,1,0,,2010
Abbas Alibhai Burmawalla,5,1,16.04013410948861,2013
Abbas Fahdel,2,0,,2016
Abbas Kiarostami,23,1,11.56794381272364,2012
Abbas Tyrewala,1,1,16.222455666282563,2008
Abbe Wool,1,1,11.968100948644052,1992
Abby Berlin,1,0,,1946
Abby Epstein,1,0,,2008
Abdallah Omeish,1,0,,2006
Abdellatif Kechiche,5,1,16.134529276201512,2013
Abderrahmane Sissako,3,3,11.472053987215006,2014
Abdul Malik Abbott,1,1,14.560698803261822,2002
Abdullah Oguz,1,0,,2007
Abe Forsythe,1,0,,2016
Abe Levitow,2,0,,1970
Abe Levy,1,0,,2013
Abe Rosenberg Fishbein,1,0,,2015
Abe Sylvia,1,1,10.917358612749148,2010
Abel Ferrara,20,7,13.402092106093153,2014
Abel Ferry,1,0,,2009
Abel Gance,6,0,,1955
Abel Vang,1,0,,2017
Abhinav Kashyap,1,0,,2010
Abhinay Deo,1,1,16.707824872319776,2011
Abhishek Chaubey,3,1,16.51687177091569,2016
Abhishek Jain,1,0,,2014
Abhishek Kapoor,3,0,,2016
Abhishek Sharma,1,0,,2010
Abhishek Varman,1,0,,2014
Abner Pastoll,1,0,,2016
Abolfazl Jalili,1,0,,2001
Abraham Polonsky,2,0,,1969
Abrar Alvi,1,0,,1962
Abrid Shine,1,1,14.73180128983843,2016
Ace Cruz,1,0,,2003
Ace Jordan,1,0,,2016
Achero Mañas,3,0,,2010
Achim Bornhak,2,0,,2015
Acim Vasic,1,0,,2010
Adam Abraham,1,1,10.405201793433656,1999
Adam Alleca,1,0,,2016
Adam Arkin,1,0,,2001
Adam Beamer,1,0,,2014
Adam Benzine,1,0,,2015
Adam Bernstein,3,0,,1999
Adam Bhala Lough,3,0,,2013
Adam Blaiklock,1,0,,2010
Adam Brooks,5,1,17.830955625462494,2014
Adam Butcher,1,0,,2010
Adam Carolla,3,0,,2016
Adam Coleman Howard,1,0,,1999
Adam Collis,1,0,,2000
Adam Cornelius,1,0,,2012
Adam Curtis,7,0,,2016
Adam Deacon,1,0,,2011
Adam Deyoe,1,0,,2014
Adam Dubin,5,0,,2015
Adam Egypt Mortimer,1,0,,2015
Adam Elliot,2,1,14.360958453624724,2009
Adam Fields,1,0,,2008
Adam Foulkes,1,0,,2008
Adam Gierasch,2,0,,2009
Adam Goldberg,2,0,,2015
Adam Green,5,2,12.903193058366375,2016
Adam Grossman,2,0,,1998
Adam Jay Epstein,1,0,,2008
Adam Kane,1,0,,2010
Adam Kurland,1,0,,2010
Adam Leon,2,0,,2016
Adam Levins,1,0,,2015
Adam Lipsius,1,0,,2012
Adam MacDonald,1,0,,2015
Adam Marcus,3,1,16.58422083123494,2008
Adam Mason,5,0,,2015
Adam Massey,2,0,,2015
Adam McKay,7,6,18.755662524021712,2015
Adam Meyerowitz,1,0,,2008
Adam Miklos,1,0,,2013
Adam Nee,1,0,,2016
Adam Neutzsky-Wulff,1,0,,2013
Adam Nimoy,1,0,,2016
Adam Park,1,0,,1996
Adam Randall,2,0,,2017
Adam Rapp,3,1,11.64204840462957,2014
Adam Ravetch,1,0,,2007
Adam Rehmeier,1,0,,2010
Adam Reid,1,0,,2010
Adam Resnick,1,1,15.11364533770555,1994
Adam Rifkin,7,3,13.613195809270293,2014
Adam Ripp,1,0,,2001
Adam Robitel,1,0,,2014
Adam Rogers,1,0,,2013
Adam Salky,2,1,9.803004013957803,2015
Adam Sanderson,1,1,15.58195221920804,2010
Adam Schindler,1,0,,2016
Adam Shankman,8,8,18.40260966038103,2012
Adam Sherman,2,0,,2012
Adam Simon,3,1,14.377397479208613,2000
Adam Smith,2,0,,2017
Adam Spinks,1,0,,2017
Adam Vardy,1,0,,2003
Adam Wimpenny,1,0,,2014
Adam Wingard,6,3,16.26075443740591,2016
Adam Yauch,3,0,,2011
Adamo P. Cultraro,1,0,,2011
Ademir Kenović,2,0,,2004
Adi Lavy,1,0,,2012
Adil El Arbi,2,0,,2015
Adilkhan Yerzhanov,1,0,,2014
Adirley Queirós,1,0,,2014
Adisorn Tresirikasem,1,0,,2009
Aditya Bhattacharya,1,0,,1989
Aditya Chopra,3,1,18.420680743952367,2008
Aditya Sarpotdar,1,0,,2015
Adolf Winkelmann,1,0,,1987
Adolfo Aristarain,4,0,,2004
Adolfo Martínez Pérez,1,1,15.424948470398377,2017
Adoor Gopalakrishnan,3,0,,2016
Adriaan Ditvoorst,1,0,,1967
Adrian Dexter,1,0,,2012
Adrian Edmondson,1,0,,1999
Adrian Grenier,1,0,,2010
Adrian Grunberg,1,0,,2012
Adrian Hoven,1,0,,1970
Adrian Kwan,1,0,,2015
Adrian Lyne,8,8,17.236853914019722,2002
Adrian Maben,1,0,,1972
Adrian Moat,1,0,,2013
Adrian Pasdar,1,0,,2000
Adrian Pennick,1,0,,2009
Adrian Picardi,1,0,,2016
Adrian Popovici,1,0,,2010
Adrian Rudomin,1,0,,2006
Adrian Shergold,5,0,,2007
Adrian Tanner,1,0,,2016
Adrian Vitoria,2,0,,2011
Adrian Țofei,1,0,,2015
Adriana Maggs,1,0,,2009
Adriana Trigiani,1,0,,2014
Adriano Celentano,2,0,,1978
Adrienne Shelly,3,1,16.914675840728503,2007
Adrià García,1,0,,2007
Adrián Biniez,1,0,,2009
Adrián Caetano,4,0,,2006
Adrián García Bogliano,4,1,8.419359831067474,2015
Adriënne Wurpel,1,0,,2014
Afia Nathaniel,1,0,,2014
Afonso Poyart,2,2,15.615542409423298,2015
Agathiyan,1,1,13.122363377404328,1996
Agenore Incrocci,1,0,,1976
Agnieszka Holland,14,2,14.13524330859611,2017
Agnieszka Lukasiak,1,0,,2010
Agnieszka Smoczynska,1,1,11.529359680433648,2015
Agnieszka Wojtowicz-Vosloo,1,1,15.098219216402498,2010
Agnès Jaoui,4,0,,2013
Agnès Merlet,2,0,,2008
Agnès Obadia,1,0,,2013
Agnès Varda,11,0,,2008
Agustin,2,0,,2015
Agustí Vila,1,0,,2010
Agustí Villaronga,3,1,15.142759814797872,2015
Agustín Díaz Yanes,4,1,16.964905706673882,2008
Aharon Keshales,1,0,,2010
Ahmad Abdalla,2,0,,2013
Ahmed Ahmed,1,0,,2011
Ahmed El Maanouni,1,0,,1981
Ahmed Imamović,1,0,,2002
Ahmed Khan,1,0,,2007
Ahmet Uluçay,1,0,,2004
Ahn Byeong-ki,3,0,,2006
Ahn Gooc-Jin,1,0,,2015
Ahn Sang-Hoon,1,0,,2011
Aida Begić,1,0,,2008
Aida Zyablikova,1,0,,1986
Aigars Grauba,2,0,,2012
Aik Karapetian,1,0,,2015
Aileen Ritchie,1,0,,2000
Aimee Lagos,1,0,,2011
Ain Mäeots,1,0,,2012
Aisling Walsh,4,0,,2017
Aitor Merino,1,0,,2014
Aivars Freimanis,1,0,,1974
Aiyana Elliott,1,0,,2000
Ajay Bahl,1,0,,2013
Ajmal Zaheer Ahmad 	,1,1,11.913960775999008,2014
Akan Satayev,5,0,,2016
Aki Kaurismäki,24,1,14.29485666008762,2017
Akihiko Shiota,5,0,,2016
Akim Isker,1,0,,2011
Akinori Nagaoka,1,0,,1995
Akio Jissoji,1,0,,2005
Akio Sakai,1,0,,1986
Akira Daikuhara,1,0,,1959
Akira Hirose,1,0,,2008
Akira Inoue,1,0,,1965
Akira Kurosawa,30,4,12.532371555309131,1993
Akira Nagai,1,0,,2016
Akitarô Daichi,1,0,,2001
Akiva Goldsman,1,1,17.243032747915677,2014
Akiva Schaffer,4,3,16.861172482604733,2017
Akiyuki Shinbo,6,1,16.376442626144733,2016
Aksel Hennie,1,0,,2004
Akseli Tuomivaara,1,0,,2014
Aksinya Gog,1,1,12.400816722322686,2016
Aktan Arym Kubat,2,0,,2011
Aku Louhimies,8,0,,2013
Akçay Karaazmak,1,0,,2014
Al Adamson,10,0,,1981
Al Campbell,1,0,,2013
Al Corley,1,0,,2005
Al Pacino,3,0,,2013
Al Reinert,2,1,13.554317207709095,2013
Al Szymanski,1,0,,2010
Al Waxman,1,0,,1992
Alain Berbérian,4,0,,2004
Alain Berliner,3,0,,2010
Alain Cavalier,2,0,,1964
Alain Chabat,4,3,17.56125553719168,2012
Alain Corneau,8,0,,2010
Alain Darborg,1,0,,2015
Alain Desrochers,3,0,,2017
Alain Fresnot,1,1,14.914122846632385,2002
Alain Gagnol,2,1,12.64424047589399,2015
Alain Gomis,2,0,,2017
Alain Gsponer,1,0,,2013
Alain Guiraudie,4,0,,2016
Alain Jessua,4,0,,1984
Alain Margot,1,0,,2014
Alain Monne,1,0,,2009
Alain Resnais,22,0,,2012
Alain Robak,1,0,,1990
Alain Robbe-Grillet,5,0,,2006
Alain Tanner,3,0,,1981
Alain Tasma,1,0,,2010
Alain Zaloum,1,0,,1999
Alan Alda,3,1,16.798161138062614,1990
Alan Ari Lazar,1,0,,2002
Alan Arkin,1,0,,1971
Alan Badoev,1,0,,2007
Alan Ball,1,1,12.8148540373528,2008
Alan Barillaro,1,0,,2016
Alan Berliner,1,0,,2012
Alan Bridges,2,0,,1982
Alan Brown,3,0,,2013
Alan Bunce,1,0,,1989
Alan C. Blomquist,1,0,,2006
Alan Clarke,8,0,,1989
Alan Cohn,1,0,,1998
Alan Cooke,1,0,,1970
Alan Crosland,6,0,,1934
Alan Cumming,2,0,,2007
Alan Deutsch,1,0,,2011
Alan G. Parker,1,0,,2009
Alan Gibson,5,1,13.20757914324874,1982
Alan Grint,1,0,,1987
Alan Hicks,1,0,,2014
Alan Holleb,2,0,,1985
Alan Holly,1,0,,2013
Alan Hruska,1,1,9.263881138904212,2003
Alan J. Levi,1,0,,1976
Alan J. Pakula,14,7,17.912250055611853,1997
Alan J.W. Bell,1,0,,1981
Alan Jacobs,2,0,,2002
Alan Johnson,2,2,15.327624156732249,1986
Alan Lowery,1,0,,1986
Alan Mak,1,0,,2017
Alan Mehrez,2,1,13.436226222878938,1996
Alan Metter,5,2,15.037598401147946,1998
Alan Metzger,2,0,,1999
Alan Miiller,1,0,,2000
Alan Myerson,3,2,16.93536871370705,1988
Alan Pao,1,0,,2008
Alan Parker,14,10,16.78595154183881,2003
Alan Peterson,1,0,,2004
Alan Polsky,1,0,,2012
Alan Poul,1,1,18.165491779340297,2010
Alan Rafkin,5,0,,1971
Alan Ravenscroft,1,0,,2014
Alan Resnick,3,0,,2016
Alan Rickman,2,0,,2014
Alan Roberts,2,0,,1994
Alan Rudolph,18,1,14.718091741974709,2002
Alan Schneider,1,0,,1965
Alan Shapiro,2,2,16.62075342165656,1996
Alan Smithee,3,2,11.884188762037958,1998
Alan Spencer,1,0,,1993
Alan Stivelman,1,0,,2013
Alan Taylor,4,2,20.093876090426633,2015
Alan Wade,1,0,,1997
Alan White,1,0,,2014
Alan Yuen,1,0,,2013
Alan Zaslove,1,0,,1994
Alan Zweig,2,0,,2013
Alanté Kavaïté,1,0,,2015
Alastair Fothergill,7,2,17.5231612346142,2014
Alastair Orr,2,0,,2017
Alastair Reid,2,0,,1971
Alastair Siddons,1,0,,2012
Albert Austin,1,0,,1921
Albert Band,5,0,,1993
Albert Brooks,7,0,,2005
Albert Dupontel,6,0,,2013
Albert E. Smith,1,0,,1900
Albert Finney,1,0,,1967
Albert Herman,2,0,,1945
Albert Hughes,5,3,18.047889719543843,2010
Albert Jan van Rees,1,0,,2016
Albert Lamorisse,2,0,,1956
Albert Lewin,5,0,,1957
Albert Magnoli,3,1,18.0407807018827,1993
Albert Maysles,8,0,,2014
Albert Parker,2,0,,1926
Albert Pyun,32,4,15.585643063918345,2010
Albert Ray,2,0,,1933
Albert S. Mkrtchyan,1,0,,1973
Albert S. Rogell,4,0,,1943
Albert Serra,3,1,9.761635928295886,2016
Albert Xavier,1,0,,2003
Albert Zugsmith,1,0,,1962
Albertina Carri,1,0,,2005
Alberto Arvelo Mendoza,1,0,,2013
Alberto Cardone,2,0,,1966
Alberto Cavalcanti,3,0,,1947
Alberto Cavallone,1,0,,1977
Alberto Cortés,1,0,,1991
Alberto De Martino,13,0,,1985
Alberto Fuguet,1,0,,2011
Alberto G. Rodriguez,1,0,,2017
Alberto Lattuada,13,0,,1978
Alberto Mar,1,0,,2011
Alberto Marini,1,0,,2016
Alberto Negrin,1,0,,2002
Alberto Rodríguez,6,2,15.071968482672796,2016
Alberto Sciamma,1,0,,2002
Alberto Sordi,4,0,,1983
Alberto Vázquez,1,0,,2015
Alby Falzon,1,0,,1971
Aldo Baglio,1,0,,2014
Aldo Lado,4,0,,1979
Aldo Monti,1,0,,1975
Alec Baldwin,1,0,,2003
Alec Gillis,1,0,,2015
Alec Su,1,0,,2017
Alejandro Agresti,4,1,18.55896429839825,2006
Alejandro Amenábar,6,5,15.848018475283547,2015
Alejandro Brugués,1,0,,2011
Alejandro Chomski,2,0,,2008
Alejandro Doria,2,0,,2006
Alejandro Fadel,1,0,,2012
Alejandro Fernández Almendras,3,0,,2016
Alejandro González Iñárritu,8,6,18.180399759412552,2015
Alejandro Hidalgo,1,0,,2013
Alejandro Jodorowsky,9,0,,2016
Alejandro Monteverde,2,1,15.685150552880351,2015
Alejandro Sessa,1,0,,1986
Alejandro Springall,1,0,,1999
Alejandro Stoessel,1,0,,1997
Alejandro Sugich,1,0,,2013
Alejo Flah,1,0,,2014
Alejo Moguillansky,1,0,,2014
Alek Keshishian,3,1,17.182806387950748,2006
Alekos Sakellarios,9,0,,1966
Aleksa Gajić,1,0,,2009
Aleksandar Manić,1,0,,2005
Aleksandar Petrović,4,0,,1972
Aleksander Bach,1,1,18.221832775203023,2015
Aleksander Nordaas,1,0,,2012
Aleksandr Adabashyan,1,0,,2002
Aleksandr Alov,2,0,,1980
Aleksandr Amirov,1,0,,2016
Aleksandr Askoldov,1,0,,1967
Aleksandr Atanesyan,3,0,,2010
Aleksandr Barshak,1,1,15.27753557397585,2016
Aleksandr Basaev,1,0,,1991
Aleksandr Buravsky,1,0,,2009
Aleksandr Dovzhenko,3,0,,1930
Aleksandr Efremov,1,0,,2009
Aleksandr Gintsburg,1,0,,1965
Aleksandr Gromov,1,0,,2014
Aleksandr Kaydanovskiy,1,0,,1988
Aleksandr Kott,3,0,,2014
Aleksandr Lyutkevich,1,0,,1997
Aleksandr Medvedkin,1,0,,1935
Aleksandr Melnik,2,0,,2015
Aleksandr Mindadze,1,0,,2015
Aleksandr Mitta,2,0,,1983
Aleksandr Muratov,1,0,,2001
Aleksandr Nevzorov,1,0,,1998
Aleksandr Nezlobin,1,0,,2016
Aleksandr Pavlovskiy ,1,0,,1983
Aleksandr Petrov,5,0,,2006
Aleksandr Proshkin,3,1,10.83281296268074,2009
Aleksandr Ptushko,6,0,,1964
Aleksandr Rogozhkin,4,0,,2002
Aleksandr Rou,6,0,,1971
Aleksandr Sanin,1,0,,1922
Aleksandr Seryj,1,0,,1971
Aleksandr Stolper,2,0,,1967
Aleksandr Strizhenov,3,0,,2009
Aleksandr Tatarskiy,2,0,,1983
Aleksandr Veledinskiy,2,2,15.097271691422453,2013
Aleksandr Voytinskiy,3,1,15.009433026436708,2016
Aleksandr Zakharov,1,0,,1984
Aleksandr Zarkhi,1,0,,1957
Aleksei Korenev,2,0,,1972
Aleksei Mishurin,1,0,,1962
Aleksei Muradov,1,0,,2007
Aleksei Popogrebsky,1,0,,2010
Aleksei Sidorov,1,1,15.927278064901811,2005
Aleksey Andrianov,1,1,15.338993117437225,2012
Aleksey Balabanov,11,4,12.82368991978555,2012
Aleksey Batalov,1,0,,1959
Aleksey Fedorchenko,4,0,,2014
Aleksey German,6,1,14.0860513037159,2013
Aleksey German Jr,3,1,11.296645803177343,2015
Aleksey Gordeev,1,0,,2006
Aleksey Krasovskiy,1,0,,2016
Aleksey Mizgiryov,2,1,15.624111411588288,2016
Aleksey Nuzhnyy,1,0,,2012
Aleksey Tsitsilin,2,0,,2016
Aleksey Uchitel,4,1,13.45408290922392,2008
Aleksi Mäkelä,13,1,13.184904279629151,2016
Aleksi Salmenperä,5,0,,2016
Aleksi Vellis,1,0,,2000
Alessandro Angelini,1,0,,2009
Alessandro Baricco,1,0,,2008
Alessandro Capone,1,0,,2014
Alessandro D'Alatri,1,0,,2002
Alessandro Genovesi,4,2,16.280782858073195,2015
Alessandro Pambianco,1,0,,2006
Alessandro Pepe,1,0,,2015
Alessandro Piva,1,0,,2003
Alessandro Rak,1,0,,2013
Alessandro Siani,1,0,,2015
Alessio Maria Federici,1,0,,2014
Alex Anwandter,1,0,,2016
Alex Berry,1,0,,2015
Alex Bowen,1,0,,2005
Alex Chandon,3,0,,2011
Alex Chapple,1,0,,2009
Alex Coletti,1,0,,2016
Alex Cox,6,3,13.98665874609761,2002
Alex Craig Mann,1,0,,2012
Alex Dawson,1,0,,2012
Alex De Rakoff,2,0,,2009
Alex Fegan,1,0,,2013
Alex Galvin,1,0,,2007
Alex Garcia Lopez,1,0,,2015
Alex Garland,1,1,17.422892876403523,2015
Alex Gibney,19,4,12.949811884848096,2016
Alex Goyette,1,0,,2014
Alex Graves,1,0,,1997
Alex Grazioli,1,0,,2005
Alex Gregory,1,0,,2011
Alex Grossman,1,0,,2017
Alex Helfrecht,1,0,,2017
Alex Holdridge,1,0,,2007
Alex Holmes,1,0,,2014
Alex Horwitz,1,0,,2016
Alex Infascelli,1,0,,2000
Alex Jones,4,0,,2009
Alex Kalimát,1,0,,2014
Alex Kalymnios,1,0,,2015
Alex Karpovsky,3,0,,2013
Alex Kendrick,5,4,17.21264087985259,2015
Alex Kurtzman,2,2,18.08112064037064,2017
Alex Law,1,0,,2010
Alex March,1,0,,1968
Alex Meillier,1,0,,2012
Alex Merkin,3,0,,2017
Alex Nicol,1,0,,1958
Alex Orwell,1,0,,2011
Alex Pillai,2,0,,2015
Alex Pires,1,0,,2011
Alex Pitstra,1,0,,2013
Alex Proyas,6,5,18.567108511047923,2016
Alex R. Johnson,1,0,,2015
Alex Ranarivelo,4,0,,2016
Alex Rivera,1,1,11.5857948132031,2008
Alex Ross Perry,3,0,,2015
Alex Rotaru,1,0,,2012
Alex Rudzinski,1,0,,2016
Alex Schaad,1,0,,2016
Alex Schmidt,1,0,,2012
Alex Segal,3,0,,1966
Alex Sichel,1,0,,1997
Alex Simmons,1,0,,2016
Alex Smith,1,0,,2013
Alex Stapleton,1,0,,2011
Alex Steyermark,3,0,,2013
Alex Stockman,2,0,,2010
Alex Turner,2,0,,2009
Alex Winter,5,0,,2015
Alex Wright,2,0,,2013
Alex Zamm,12,1,16.300417207752275,2015
Alex de Renzy,1,0,,1972
Alex van Warmerdam,9,0,,2015
Alexander E. Sokoloff,1,0,,2009
Alexander Gentelev,1,0,,2010
Alexander Grasshoff,1,0,,1981
Alexander Gruszynski,1,0,,2005
Alexander Hall,13,0,,1956
Alexander Hammid,1,0,,1944
Alexander Holt,1,0,,2011
Alexander Kluge,2,0,,1968
Alexander Korda,10,0,,1947
Alexander Mackendrick,7,0,,1967
Alexander Nanau,1,0,,2009
Alexander Nevsky,1,1,13.659382925252794,2014
Alexander Olch,1,0,,2008
Alexander Payne,6,5,16.921521483153406,2013
Alexander Poe,1,0,,2012
Alexander Singer,1,0,,1971
Alexander Sokurov,19,1,15.721153915488484,2015
Alexander Witt,1,1,18.67837902424218,2004
Alexander Yellen,1,0,,2014
Alexandra Kondracke,1,0,,2014
Alexandra Leclère,1,0,,2015
Alexandra Lescaze,1,0,,2013
Alexandra Lipsitz,1,0,,2006
Alexandra McGuinness,1,0,,2013
Alexandra Pelosi,3,0,,2015
Alexandra-Therese Keining,2,0,,2016
Alexandre Aja,6,3,18.13115048374191,2016
Alexandre Arcady,4,0,,2014
Alexandre Arpentinier,1,0,,2017
Alexandre Astier,2,0,,2014
Alexandre Boury,1,0,,2003
Alexandre Bustillo,3,0,,2017
Alexandre Carvalho,1,0,,2014
Alexandre Castagnetti,2,1,8.940629184845639,2014
Alexandre Coffre,2,0,,2014
Alexandre Courtès,1,0,,2011
Alexandre Franchi,1,0,,2009
Alexandre Lehmann,2,0,,2016
Alexandre Moors,1,0,,2013
Alexandre O. Philippe,3,0,,2017
Alexandre Promio,1,0,,1896
Alexandre Rockwell,4,1,12.453904906988116,2010
Alexandre Volkoff,2,0,,1924
Alexandre de La Patellière,2,1,16.571122550046773,2015
Alexandria Bombach,1,0,,2015
Alexandros Avranas,1,0,,2013
Alexandru Maftei,1,0,,2010
Alexandru Solomon,2,0,,2010
Alexey Chupov,1,0,,2013
Alexi Pappas,1,0,,2017
Alexij Kharitidi,1,0,,1994
Alexis Alexiou,1,0,,2015
Alexis Bloom,1,0,,2016
Alexis Durand-Brault,1,0,,2014
Alexis Lloyd,1,0,,2012
Alexis dos Santos,2,0,,2009
Alexs Stadermann,1,0,,2014
Alf Brustellin,1,0,,1978
Alf Sjöberg,4,0,,1956
Alfonso Albacete,2,0,,2009
Alfonso Aráu,3,2,17.309506943348563,2000
Alfonso Brescia,10,0,,1987
Alfonso Corona,1,0,,1988
Alfonso Corona Blake,1,0,,1962
Alfonso Cuarón,7,5,18.820557141672175,2013
Alfonso Gomez-Rejon,2,0,,2015
Alfonso Patiño Gómez,1,0,,1950
Alfonso Pineda Ulloa,1,0,,2008
Alfonso Rodríguez,1,0,,2011
Alfred Clark,1,0,,1895
Alfred E. Green,18,0,,1954
Alfred Gimeno,1,0,,2011
Alfred Hitchcock,53,21,15.993262964875017,1976
Alfred J. Goulding,1,0,,1940
Alfred L. Werker,6,0,,1951
Alfred Lot,1,0,,2007
Alfred Santell,5,0,,1938
Alfred Shaughnessy,1,0,,1957
Alfred Sole,3,0,,1982
Alfred Vohrer,2,0,,1966
Alfred Zeisler,1,0,,1936
Alfredo De Villa,4,1,11.957745892556453,2014
Alfredo Montero,1,0,,2014
Alfredo Soderguit,1,0,,2013
Alfredo Zacarías,1,0,,1978
Algimantas Puipa,2,0,,2007
Ali Abbas Zafar,1,1,18.440483371248543,2016
Ali Abbasi,1,0,,2016
Ali Akbarzadeh,1,0,,2015
Ali Atay,1,0,,2015
Ali F. Mostafa,1,0,,2015
Ali Hatami,1,0,,1992
Ali Khamrayev,7,0,,1998
Ali Rafie,1,0,,2006
Ali Samadi Ahadi,1,0,,2012
Ali Scher,1,0,,2016
Ali Selim,1,0,,2005
Ali Taner Baltaci,1,0,,2008
Ali Zafar,2,1,16.708656242743164,2014
Alice Guy,2,0,,1916
Alice Lowe,1,0,,2017
Alice Rohrwacher,2,0,,2014
Alice Winocour,2,1,10.58877895713049,2015
Alice Wu,1,0,,2004
Alice de Andrade,1,0,,2005
Alicia Scherson,1,1,9.54559758504085,2013
Alicja Jasina,1,0,,2016
Alik Sakharov,1,0,,2015
Alin Bijan,1,0,,2014
Alina Marazzi,1,0,,2012
Alireza Raisian,1,0,,2002
Alison Bagnall,1,0,,2011
Alison Eastwood,1,1,10.004960521466762,2007
Alison Ellwood,2,0,,2016
Alison Klayman,1,1,12.106843295802587,2012
Alison Maclean,2,0,,1999
Alison Murray,2,0,,2005
Alistair Legrand,2,0,,2017
Alister Grierson,1,1,18.50326768922987,2011
Alix Delaporte,1,0,,2011
Alki David,1,1,9.128696382935672,2007
Alla Surikova,3,0,,1987
Allan A. Goldstein,5,1,14.34754605368716,2005
Allan Arkush,7,2,14.448421635965305,2012
Allan Burns,1,0,,1986
Allan Dwan,18,1,15.86963429165982,1956
Allan Eastman,1,0,,1996
Allan Edwall,1,0,,1984
Allan Francovich,1,0,,1987
Allan Harmon,1,0,,2013
Allan Holzman,1,0,,1982
Allan King,3,0,,2003
Allan Mauduit,1,0,,2008
Allan Miller,1,0,,1995
Allan Mindel,1,1,9.761347785375005,2003
Allan Moyle,8,2,15.695614975576431,2007
Allan Sandler,1,0,,1980
Allan Ungar,2,0,,2016
Allen Baron,1,0,,1961
Allen Coulter,2,2,17.239281096078884,2010
Allen H. Miner,1,0,,1967
Allen Hughes,1,1,16.796188278257105,2013
Allen Kellogg,1,0,,2011
Allen Reisner,2,0,,1958
Allen Wolf,1,0,,2010
Alli Haapasalo,2,0,,2016
Allison Anders,9,2,14.693102800486876,2013
Allison Berg,1,0,,2013
Allison Burnett,1,0,,2014
Allison Liddi-Brown,1,0,,2009
Allison Schulnik,1,0,,2014
Alma Har'el,1,0,,2011
Almut Getto,1,0,,2002
Alon Gur Arye,1,0,,2007
Alonso Mayo,1,0,,2013
Alonso Ruiz Palacios,1,0,,2015
Alper Mestçi,3,0,,2016
Alper Çağlar,1,0,,2014
Alphonse Putharen,1,1,16.213405830762646,2015
Alrick Brown,1,0,,2011
Aluizio Abranches,2,0,,2009
Alvaro Passeri,1,0,,1994
Alvin Rakoff,6,0,,1984
Alvy Ray Smith,1,0,,1984
Alyona Zvantsova,1,0,,2012
Alê Abreu,1,0,,2014
Amanda Adolfsson,1,0,,2015
Amanda Goodwin,1,0,,2005
Amanda Gusack,2,0,,2008
Amanda Kernell,1,0,,2017
Amanda Marsalis,1,0,,2014
Amanda Micheli,1,0,,2004
Amanda Pope,1,0,,2011
Amanda Wilder,1,0,,2015
Amando de Ossorio,8,0,,1984
Amardeep Kaleka,1,0,,2013
Amariah Olson,3,0,,2017
Amat Escalante,4,0,,2016
Amber Benson,2,0,,2010
Ameer Sultan,1,0,,2007
Ami Canaan Mann,2,1,13.771809422693176,2014
Amin Dora,1,0,,2013
Amin Matalqa,1,0,,2007
Amir Amirani,1,0,,2014
Amir Bar-Lev,4,0,,2017
Amir Chamdin,1,0,,2010
Amir Escandari,1,0,,2014
Amir Muhammad,2,0,,2007
Amir Naderi,3,0,,2002
Amir Shervan,1,0,,1991
Amir Valinia,2,0,,2008
Amit Gupta,1,0,,2011
Amit Masurkar,1,0,,2014
Amleto Palermi,1,0,,1940
Amma Asante,3,2,16.53038343328668,2016
Amol Palekar,2,0,,2005
Amole Gupte,1,0,,2011
Amos Gitai,7,0,,2015
Amos Kollek,4,0,,2001
Amos Poe,5,0,,1998
Amos Sefer,1,0,,1972
Amy Berg,6,1,12.212427411168182,2015
Amy Flannery,1,0,,2014
Amy Grappell,1,0,,2011
Amy Hardie,1,0,,2010
Amy Heckerling,9,4,17.60255457527461,2012
Amy Holden Jones,3,2,16.032467571509983,1996
Amy Redford,1,0,,2008
Amy Rice,2,0,,2015
Amy S. Weber,1,0,,2015
Amy Schatz,1,0,,2013
Amy Schumer,1,0,,2017
Amy Seimetz,1,0,,2012
Amélie Ravalec,1,0,,2015
Ana Clavell,2,0,,2007
Ana Katz,1,0,,2011
Ana Kokkinos,1,1,12.844412469876426,1998
Ana Lily Amirpour,2,1,12.88664104388326,2017
Ana Piterbarg,1,0,,2012
Ana Poliak,1,0,,2004
Ana Sofia Joanes,1,0,,2009
Ana Vlad,1,0,,2010
Analeine Cal y Mayor,1,0,,2013
Anand Gandhi,1,0,,2012
Anand L Rai,3,2,14.571533341176998,2015
Anand Patwardhan,1,0,,2002
Anand Tucker,4,2,16.739809328203982,2010
Anastasia Lapsui,2,0,,2010
Anastasia Pappas,1,0,,2002
Anat Baron,1,0,,2009
Anatole Litvak,26,0,,1970
Anatoli Granik,1,0,,1955
Anatoliy Petrov,1,0,,1977
Anatoly Eyramdzhan,2,0,,1990
Anaïs Barbeau-Lavalette,1,0,,2012
Anca Damian,2,0,,2015
Andaleeb Sultanpuri,1,0,,1999
Anders Anderson,1,1,8.896451207355227,2009
Anders Banke,2,0,,2009
Anders Engström,2,0,,2012
Anders Eriksson,1,0,,1991
Anders Grönros,2,0,,1998
Anders Jacobsson,2,0,,2010
Anders Johannes Bukh,1,0,,2015
Anders Matthesen,1,0,,2006
Anders Morgenthaler,2,0,,2014
Anders Muammar,1,0,,2007
Anders Nilsson,8,0,,2012
Anders Riis-Hansen,1,0,,2009
Anders Rønnow Klarlund,3,0,,2007
Anders Thomas Jensen,4,0,,2015
Anders Østergaard,3,0,,2014
Anderson Boyd,1,0,,2015
Andi Rogenhagen,1,0,,2011
Andre van Heerden,1,0,,2000
Andrea Arnold,7,4,13.626861005743937,2016
Andrea Bianchi,3,0,,1981
Andrea Blaugrund,1,0,,2011
Andrea Di Stefano,1,1,15.139484735615165,2014
Andrea Dorfman,1,0,,2003
Andrea Kreuzhage,1,0,,2007
Andrea Luka Zimmerman,1,0,,2013
Andrea Marini,1,0,,2015
Andrea Martínez,1,0,,2008
Andrea Molaioli,3,0,,2016
Andrea Muzzi,1,0,,2015
Andrea Nix,2,0,,2013
Andrea Pallaoro,1,0,,2013
Andrea Segre,1,0,,2011
Andrea Tonacci,3,0,,1971
Andrea Zaccariello,1,0,,2013
Andrea Štaka,2,0,,2014
Andreas Climent,1,0,,2016
Andreas Dalsgaard,2,0,,2014
Andreas Dresen,5,0,,2015
Andreas Horvath,1,0,,2015
Andreas Johnsen,2,0,,2016
Andreas Kleinert,2,0,,2014
Andreas Labropoulos,1,0,,2016
Andreas Marschall,1,0,,2015
Andreas Prochaska,3,0,,2014
Andreas Prodromou,1,0,,2015
Andreas Öhman,3,0,,2015
Andrei Gruzsniczki,1,0,,2013
Andrei Kavun,3,1,16.534989073071852,2010
Andrei Konchalovsky,17,6,15.354324304798324,2014
Andrei Konst,1,0,,2015
Andrei Kudinenko,1,0,,2008
Andrei Proshkin,1,1,12.618182296357007,2015
Andrei Rostotsky,1,0,,1992
Andrei Tarkovsky,11,1,12.613712054798109,1986
Andrei Tutyshkin,1,0,,1967
Andrei Ujica,1,0,,2010
Andrej Košak,1,0,,1997
Andres Kõpper,1,0,,2012
Andres Maimik,2,0,,2014
Andres Veiel,2,0,,2011
Andrew Adamson,6,5,19.6546880446903,2012
Andrew Ahn,1,0,,2016
Andrew Beall,1,0,,2011
Andrew Bellware,1,0,,2009
Andrew Bergman,6,2,16.730428312723337,2000
Andrew Birkin,2,1,12.685330199828504,1993
Andrew Black,1,0,,2007
Andrew Bowler,1,0,,2011
Andrew Bowser,1,0,,2010
Andrew Bujalski,5,2,11.403641746549926,2015
Andrew Bush,1,0,,2016
Andrew C. Erin,4,0,,2016
Andrew Chapman,1,0,,1998
Andrew Chiaramonte,1,0,,1994
Andrew Cividino,1,0,,2015
Andrew Coats,1,0,,2015
Andrew Corvey,1,0,,2011
Andrew Cull,1,0,,2010
Andrew Currie,2,1,12.96272030865202,2012
Andrew Cymek,2,0,,2011
Andrew Davis,12,9,17.823366475620542,2006
Andrew Disney,1,0,,2014
Andrew Dominik,4,3,15.442598607753569,2016
Andrew Dosunmu,1,0,,2013
Andrew Douglas,2,1,18.498078088042664,2013
Andrew Drazek,1,0,,2010
Andrew Droz Palermo,2,0,,2015
Andrew Duncan,1,0,,2005
Andrew Erwin,2,2,15.988014084618626,2015
Andrew Fleming,8,5,15.341195645453585,2014
Andrew Gallerani,1,0,,1997
Andrew Gernhard,1,0,,2010
Andrew Getty,1,0,,2017
Andrew Goth,3,0,,2015
Andrew Green,1,0,,2002
Andrew Grieve,2,0,,2003
Andrew Gurland,1,0,,2002
Andrew Haigh,3,2,14.17680570333549,2016
Andrew Horn,2,0,,2016
Andrew Huculiak,1,0,,2014
Andrew Hull,1,0,,2010
Andrew Hulme,1,0,,2015
Andrew Hutton,1,0,,2010
Andrew Hyatt,2,0,,2014
Andrew J. Cohen,1,0,,2017
Andrew J. Kuehn,1,0,,1999
Andrew J. Smith,1,0,,2002
Andrew James,1,0,,2010
Andrew Jarecki,3,1,14.95269751781215,2015
Andrew Jenks,2,0,,2015
Andrew Jimenez,1,0,,2005
Andrew Jones,4,0,,2016
Andrew Kasch,1,0,,2010
Andrew Knight,1,0,,1997
Andrew Kukura,1,0,,2007
Andrew Kötting,3,0,,2017
Andrew L. Stone,13,0,,1972
Andrew Lancaster,1,0,,2009
Andrew Lane,1,0,,1995
Andrew Lau,12,4,12.77892220524762,2014
Andrew Lauer,2,0,,2010
Andrew Leman,1,0,,2005
Andrew Levitas,1,0,,2014
Andrew Martin,1,0,,2015
Andrew Marton,6,0,,1967
Andrew Mogel,1,1,13.555854722389686,2015
Andrew Mondshein,1,0,,1998
Andrew Monument,1,0,,2009
Andrew Morahan,3,1,17.421008403139158,2009
Andrew Morgan,1,0,,2015
Andrew Nackman,1,0,,2016
Andrew Napier,1,0,,2014
Andrew Neel,2,1,10.044118682275874,2016
Andrew Niccol,6,6,16.622589275157743,2015
Andrew Nisker,1,0,,2009
Andrew O'Connor,1,1,14.376290239740976,2007
Andrew Okpeaha MacLean,2,0,,2011
Andrew P. Jones,1,0,,2014
Andrew Paquin,1,0,,2010
Andrew Parkinson,2,0,,2001
Andrew Piddington,1,0,,2007
Andrew Pozza,1,0,,2009
Andrew Putschoegl,1,0,,2014
Andrew R. Jones,1,0,,2003
Andrew Renzi,1,0,,2015
Andrew Robertson,1,0,,2013
Andrew Robinson,1,0,,2009
Andrew Rossi,3,1,12.970996153500266,2016
Andrew Scheinman,1,0,,1994
Andrew Shea,1,0,,2012
Andrew Shortell,1,0,,2010
Andrew Sipes,1,1,16.26085110829334,1995
Andrew Solt,3,2,14.538016523226613,1988
Andrew Stanton,4,4,20.23750424432554,2016
Andrew Steggall,1,0,,2016
Andrew Stevens,6,0,,1997
Andrew Sugerman,1,0,,1985
Andrew Tan,1,0,,2015
Andrew Thomas Hunt	,1,0,,2009
Andrew Traucki,2,0,,2013
Andrew V. McLaglen,21,1,16.300417207752275,1985
Andrew Van Slee,1,0,,2001
Andrew Wagner,1,0,,2007
Andrew Waller,1,0,,2007
Andrew Weiner,1,0,,2013
Andrew Wight,1,0,,2014
Andrew van den Houten,2,0,,2009
Andrews Jenkins,1,0,,2007
Andrey Iskanov,2,0,,2006
Andrey Kravchuk,3,1,17.456666076784693,2016
Andrey Malyukov,4,0,,2012
Andrey Nekrasov,1,0,,2016
Andrey Smirnov,1,0,,1971
Andrey Volgin,1,0,,2017
Andrey Zvyagintsev,5,0,,2017
Andrucha Waddington,4,1,14.54344846143663,2012
Andrzej Bartkowiak,5,5,17.71523013520751,2009
Andrzej Celinski,1,0,,2005
Andrzej Jakimowski,3,0,,2012
Andrzej Kondratiuk,1,0,,1971
Andrzej Krakowski,1,0,,2008
Andrzej Munk,5,0,,1963
Andrzej Sekula,1,0,,2002
Andrzej Titkow,1,0,,1984
Andrzej Wajda,19,1,16.5049427138758,2016
Andrzej Żuławski,9,0,,2015
András Jeles,1,0,,1984
András Kern,1,0,,2016
André Calmettes,1,0,,1912
André Cayatte,1,0,,1957
André De Toth,13,2,15.568589466613595,1969
André Delvaux,2,0,,1988
André Erkau,2,0,,2017
André Faria,1,0,,1972
André Farwagi,1,0,,1978
André Gordon,1,0,,2012
André Heller,1,0,,2002
André Hunebelle,8,0,,1967
André Klotzel,2,0,,2010
André Malraux,1,0,,1945
André Mélançon,1,0,,1984
André Pellenz,1,0,,2013
André Singer,1,0,,2014
André Turpin,1,0,,2001
André Téchiné,19,0,,2016
André van Duren,1,0,,2000
André van der Hout,1,0,,2006
André Øvredal,2,2,15.421849193349729,2016
Andrés Baiz,2,0,,2011
Andrés Borghi,1,0,,2013
Andrés Clariond,1,0,,2014
Andrés G. Schaer,1,0,,2011
Andrés Luque,1,0,,2009
Andrés Waissbluth,1,0,,2003
Andrés Wood,4,0,,2011
Andy Abrahams Wilson,1,0,,2008
Andy Anderson,1,0,,1986
Andy Bausch,2,0,,2003
Andy Cadiff,3,0,,2008
Andy Capper,1,0,,2012
Andy Cheng,2,0,,2007
Andy De Emmony,1,0,,2013
Andy Fetscher,1,0,,2011
Andy Fickman,8,6,18.168125483644676,2015
Andy García,1,1,15.293982014081935,2005
Andy Goddard,3,0,,2016
Andy Hamilton,1,1,14.070151225949056,2014
Andy Humphries,1,0,,2004
Andy Hurst,2,0,,2010
Andy Landen,1,0,,2014
Andy Milligan,1,0,,1970
Andy Mingo,1,0,,2012
Andy Mitton,2,0,,2016
Andy Muschietti,1,1,18.80252077128858,2013
Andy Orjuela,1,0,,2004
Andy Palmer,2,0,,2015
Andy Robin,1,0,,2006
Andy Schocken,1,0,,2015
Andy Sidaris,7,0,,1993
Andy Tennant,10,6,18.53183993031677,2016
Andy Warhol,10,0,,1968
Andy Wells,1,0,,2011
Andy Wilson,2,1,15.201804919084164,2000
Andy Wolk,5,1,14.980756982933842,2007
Andy de Emmony,3,1,15.167989570589434,2010
Anees Bazmee,6,3,16.557902244353244,2011
Aneta Kopacz,1,0,,2013
Ang Lee,14,11,16.949084214391032,2016
Angad Bhalla,1,0,,2012
Angel Gracia,1,1,14.73180128983843,2011
Angela Bassett,1,0,,2015
Angela Bettis,1,0,,2006
Angela Boatwright,1,0,,2016
Angela Ismailos,1,0,,2010
Angela Pope,2,0,,1996
Angela Robinson,2,1,18.0051956631661,2005
Angela Sun,1,0,,2013
Angela Tucker,1,0,,2011
Angelina Jolie,3,3,15.555889030293015,2015
Angelina Maccarone,2,0,,2007
Angelo Cianci,1,0,,2010
Angelo Colagrossi,1,0,,2009
Angelo Guglielmo,1,0,,2012
Angelo Longoni,1,0,,2007
Angelo Pizzo,1,0,,2015
Anggy Umbara,1,0,,2016
Angus Gibson,1,0,,1996
Angus MacLachlan,1,0,,2014
Angus MacLane,3,0,,2013
Anil Mehta,1,1,15.150511624696614,2007
Anil Sharma,2,0,,2003
Aniruddha Roy Chowdhury,1,0,,2016
Anita Barbosa,1,0,,2017
Anita Doron,1,0,,2012
Anita Rosenberg,1,0,,1988
Anja Jacobs,1,0,,2012
Anja Marquardt,1,0,,2014
Anjali Menon,1,1,14.077874822431763,2014
Anjelica Huston,2,0,,1999
Ankush Glen,1,0,,2006
Ann Hu,1,0,,2000
Ann Hui,5,1,14.846007804026607,2011
Ann Marie Fleming,1,0,,2016
Ann Turner,1,0,,2006
Anna Axster,1,0,,2015
Anna Biller,2,0,,2016
Anna Broinowski,1,0,,2013
Anna Brownfield,1,0,,2009
Anna Campion,1,0,,1996
Anna Chi,1,0,,2008
Anna Elizabeth James,1,0,,2016
Anna Foerster,1,1,18.21111106192535,2016
Anna Frances Ewert,1,0,,2010
Anna Justice,1,0,,2011
Anna Kadykova,1,0,,2012
Anna Maria Tatò,1,0,,1997
Anna Martemucci,1,0,,2014
Anna Mastro,1,0,,2015
Anna Matison,1,0,,2011
Anna Melikyan,3,0,,2014
Anna Muylaert,2,0,,2016
Anna Odell,1,0,,2013
Anna Reeves,1,0,,2005
Anna Rose Holmer,1,0,,2016
Anna Sandilands,1,0,,2017
Anna Zielinski,1,0,,2013
Annabel Jankel,3,2,16.606810947790784,2009
Anne Bancroft,1,0,,1980
Anne De Salvo,1,0,,2001
Anne Fletcher,5,5,18.466366164192348,2015
Anne Flournoy,1,0,,1990
Anne Fontaine,10,2,12.311069727253521,2016
Anne Goursaud,3,0,,1997
Anne Gyrithe Bonne,1,0,,2010
Anne Hamilton,1,0,,2017
Anne Heche,1,0,,2000
Anne K. Black,3,0,,2015
Anne Le Ny,1,0,,2010
Anne Renton,1,0,,2011
Anne Sewitsky,2,0,,2011
Anne Wheeler,5,0,,2015
Anne Wivel,1,0,,2011
Anne de Mare,1,0,,2014
Anne Émond,2,0,,2015
Anne-Marie Miéville,1,0,,2000
Anne-Sophie Birot,1,0,,2000
Annemarie Jacir,2,0,,2014
Annette Ernst,1,0,,2002
Annette Haywood-Carter,3,1,12.461733724533904,2013
Annette K. Olesen,2,0,,2008
Annie Tresgot,1,0,,1982
Annika Iltis,1,0,,2014
Anno Saul,3,0,,2009
Anselmo Duarte,1,0,,1962
Anshai Lal,1,0,,2017
Anthony Abrams,1,0,,2002
Anthony Asquith,14,0,,1964
Anthony B. Richmond,1,0,,1985
Anthony Barnao,1,0,,1997
Anthony Baxter,2,0,,2014
Anthony Burns,2,1,9.612065160468624,2015
Anthony Bushell,1,0,,1951
Anthony Byrne,1,1,13.46737051647538,2007
Anthony C. Ferrante,6,0,,2016
Anthony Caulfield,1,0,,2014
Anthony Chen,1,0,,2013
Anthony D'Souza,2,0,,2016
Anthony DiBlasi,6,0,,2015
Anthony Doublin,1,0,,1997
Anthony Drazan,3,0,,1998
Anthony Fabian,2,0,,2013
Anthony Fankhauser,3,0,,2012
Anthony Friedman,1,0,,1970
Anthony Geffen,1,0,,2010
Anthony Giordano,1,0,,2016
Anthony Hackett,1,0,,2015
Anthony Harvey,6,0,,1979
Anthony Hemingway,1,1,17.7348145326878,2012
Anthony Hickox,11,2,14.973245297470655,2005
Anthony Hopkins,2,1,10.231675569569644,2007
Anthony Howarth,1,0,,1976
Anthony Joseph Giunta,1,0,,2013
Anthony Kimmins,4,0,,1962
Anthony Lefresne,1,0,,2015
Anthony Leonardi III,1,1,14.331551160062157,2013
Anthony Leondis,3,2,17.617812899388348,2017
Anthony Lucas,1,0,,2005
Anthony Lucero,1,0,,2014
Anthony M. Lanza,2,0,,1971
Anthony Mandler,1,0,,2013
Anthony Mann,33,1,15.373655176010825,1965
Anthony Marciano,1,0,,2013
Anthony Michael Hall,1,0,,1994
Anthony Minghella,6,4,18.228679721121463,2006
Anthony Newley,1,0,,1969
Anthony O'Brien,1,0,,2015
Anthony Page,5,0,,2008
Anthony Pelissier,1,0,,1949
Anthony Perkins,1,1,16.488389850373817,1986
Anthony Pierce,2,0,,2013
Anthony Powell,1,0,,2013
Anthony Power,1,0,,2015
Anthony Pullen Shaw,1,0,,1992
Anthony Quinn,1,0,,1958
Anthony Russo,4,3,19.979907146001093,2016
Anthony Scarpa,1,0,,2003
Anthony Silverston,1,1,17.11826326910146,2013
Anthony Simmons,1,0,,1973
Anthony Spadaccini,1,0,,2009
Anthony Stacchi,1,1,18.50000722596676,2014
Anthony Waller,3,2,15.455410650608245,2009
Anthony Wonke,2,0,,2015
Anthony Young,1,0,,1951
Antoine Bardou-Jacquet,1,0,,2015
Antoine Blossier,1,0,,2011
Antoine Charreyron,1,0,,2011
Antoine Cuypers,1,0,,2015
Antoine Fuqua,12,10,18.342515378636822,2016
Antoine de Caunes,2,0,,2008
Antoinette Beumer,2,0,,2013
Antoinette Jadaone,1,0,,2014
Anton Bilzho,1,0,,2016
Anton Chizhikov,1,0,,2015
Anton Corbijn,4,3,17.059649443101897,2015
Anton King,1,0,,2014
Anton Lanshakov,1,0,,2013
Anton Leader,1,0,,1964
Anton Megerdichev,3,1,16.228912255058344,2013
Anton Sivers,2,0,,2008
Antonello Grimaldi,2,0,,2008
Antongiulio Panizzi,1,0,,2016
Antoni Krauze,1,0,,2011
Antoni Stutz,1,0,,2013
Antonia Bird,4,2,15.899209505981895,1999
Antonia Bogdanovich,1,0,,2015
Antonietta De Lillo,2,0,,2013
Antonin Peretjatko,2,0,,2016
Antonin Svoboda,1,0,,2013
Antonino D'Ambrosio,1,0,,2015
Antonio Banderas,1,0,,1999
Antonio Bido,2,0,,1978
Antonio Campos,3,0,,2016
Antonio Chavarrías,1,0,,2012
Antonio D'Ambrosio,1,0,,2012
Antonio Hens,2,0,,2013
Antonio Hernández,2,0,,2011
Antonio Manetti,2,0,,2013
Antonio Margheriti,25,0,,1997
Antonio Mercero,2,0,,2003
Antonio Naharro,1,0,,2009
Antonio Negret,3,0,,2017
Antonio Nuić,1,0,,2015
Antonio Pietrangeli,4,0,,1965
Antonio Serrano,1,0,,2003
Antonio Tibaldi,1,0,,1997
Antonio Trashorras,1,0,,2015
Antonio Tublén,1,0,,2013
Antonio Zavala Kugler,1,0,,2012
Antonis Aggelopoulos,1,0,,2011
Antonis Sotiropoulos,1,0,,2016
Antony Balch,1,0,,1973
Antony Cordier,2,0,,2010
Antony Hoffman,1,1,17.325979865735107,2000
Antony J. Bowman,1,1,14.12979561221059,1999
Antony Szeto,1,0,,2008
Antony Thomas,3,0,,2014
Antonín Moskalyk,2,0,,1986
Antonín Novotný,1,0,,1920
Antti Haase,1,0,,2014
Antti Haikala,1,0,,2011
Antti Heikki Pesonen,2,0,,2014
Antti Jokinen,4,0,,2016
Antti-Jussi Annila,2,0,,2010
Antun Vrdoljak,1,0,,2004
António Lopes Ribeiro,1,0,,1941
António-Pedro Vasconcelos,2,0,,2015
Anu Aun,1,0,,2016
Anu Menon,1,0,,2012
Anubhav Sinha,3,1,14.21226584546817,2011
Anucha Boonyawatana,1,0,,2015
Anup Bhandari,1,0,,2015
Anup Singh,1,0,,2014
Anupam Kher,1,0,,2002
Anupam Sharma,1,0,,2015
Anurag Basu,4,1,14.846869176143914,2012
Anurag Kashyap,10,3,14.425604559971148,2016
Anurag Singh,1,0,,2009
Anusha Rizvi,1,1,15.747031969567487,2010
Anwar Rasheed,1,0,,2012
Anwar Safa,1,0,,2016
Anya Camilleri,1,0,,2006
Apichatpong Weerasethakul,7,0,,2015
Apoorva Lakhia,2,1,16.300417207752275,2013
April Mullen,2,0,,2015
April Wright,1,0,,2013
Aram Avakian,3,0,,1974
Aram Rappaport,2,0,,2017
Arash T. Riahi,1,0,,2008
Arbaaz Khan,1,0,,2012
Arch Hall Sr.,1,1,8.09376775793108,1962
Arch Nicholson,1,0,,1985
Arch Oboler,4,0,,1953
Archibald Flancranstin,1,0,,2006
Archie Borders,1,0,,2013
Archie Mayo,15,0,,1946
Argyris Papadimitropoulos,2,0,,2016
Ari Alexander Ergis Magnússon,1,0,,2005
Ari Folman,2,2,14.62731200106721,2013
Ari Gold,1,0,,2008
Ari Issler,1,0,,2017
Ari Novak,1,0,,2015
Ari Sandel,3,1,17.58892953237908,2015
Ari Taub,1,0,,2004
Ariane Mnouchkine,1,0,,1978
Aric Avelino,1,0,,2005
Arie Posin,2,1,12.765705576175804,2013
Ariel Kleiman,1,0,,2015
Ariel Rotter,1,0,,2007
Ariel Vromen,4,2,15.498541906793129,2016
Ariel Winograd,1,0,,2015
Ariel Zeitoun,2,0,,2001
Arild Andresen,1,0,,2012
Arild Fröhlich,3,0,,2016
Arild Østin Ommundsen,1,0,,2013
Aris Hatzistefanou,1,0,,2011
Aris Iliopulos,1,0,,1998
Aristomenis Tsirbas,1,1,15.623970789853148,2007
Arivazhagan Venkatachalam,1,0,,2009
Arjun Sablok,1,1,15.62379932914354,2002
Arjun Sajnani,1,1,10.1285891855565,2002
Arlene Sanford,4,0,,2011
Arliss Howard,1,0,,2001
Arman Gevorgyan,1,1,13.779060243709656,2015
Armand Leroi,1,0,,2009
Armand Lohikoski,4,0,,1958
Armand Mastroianni,9,1,11.82190169888669,2008
Armand Schaefer,2,0,,1933
Armando Bo,2,0,,2016
Armando Crispino,2,0,,1975
Armando Iannucci,1,1,15.631928655465405,2009
Armando Robles Godoy,1,0,,1970
Armen Evrensel,1,0,,2012
Armyan Bernstein,1,0,,1987
Arna Selznick,2,0,,2003
Arnaud Desplechin,8,3,12.877474632777904,2017
Arnaud Larrieu,3,0,,2015
Arnaud Lemort,1,0,,2012
Arnaud Viard,1,0,,2004
Arnaud des Pallières,2,0,,2017
Arnauld Mercadier,1,0,,2012
Arne Birkenstock,1,0,,2014
Arne Feldhusen,1,0,,2014
Arne Glimcher,3,1,15.723892092887516,2008
Arne Mattsson,1,0,,1962
Arne Skouen,1,0,,1957
Arne Toonen,1,0,,2012
Arnold Fanck,2,0,,1933
Arnold Glassman,1,0,,1992
Arnold L. Miller,2,0,,1965
Arnold Laven,7,0,,1967
Arnold Perl,1,0,,1972
Arnold Schwartzman,1,0,,1982
Arnold Schwarzenegger,1,0,,1992
Arnon Goldfinger,1,0,,2011
Aron Gaudet,1,0,,2013
Aron Lehmann,1,0,,2015
Aron Schock,1,1,11.124627160483929,2011
Art Camacho,2,0,,2016
Art Clokey,1,0,,1995
Art Linson,2,2,15.889169425584164,1984
Artavazd Peleshian,1,0,,1975
Arthur Allan Seidelman,7,0,,2004
Arthur Allen,1,0,,2015
Arthur Barron,1,0,,1973
Arthur Berthelet,1,0,,1916
Arthur Borman,1,0,,1994
Arthur Bradford,1,0,,2011
Arthur C. Pierce,1,0,,1966
Arthur Cary,1,0,,2016
Arthur Crabtree,3,0,,1958
Arthur Cullipher,1,0,,2015
Arthur Davis,1,0,,1949
Arthur Dreifuss,6,0,,1968
Arthur Ginsberg,2,0,,2004
Arthur Greville Collins,1,0,,1936
Arthur H. Leonard,1,0,,1947
Arthur Hiller,26,5,17.656306647489693,2006
Arthur Hilton,1,0,,1953
Arthur Joffé,1,0,,1985
Arthur Lipsett,1,0,,1963
Arthur Louis Fuller,1,0,,2013
Arthur Lubin,14,0,,1964
Arthur Luhn,1,0,,2015
Arthur Marks,6,0,,1976
Arthur Mulholland,1,0,,2010
Arthur Penn,14,4,16.10929572603814,1996
Arthur Pierson,1,0,,1949
"Arthur Rankin, Jr.",2,0,,1977
Arthur Ripley,1,0,,1946
Arthur Robison,1,0,,1923
Arthur Romeo,1,0,,2013
Arthur Sinclair,1,0,,2013
Arthur Vincie,1,0,,2012
Arthur de Pins,1,0,,2000
Artie Mandelberg,2,0,,2012
Arto Halonen,6,0,,2015
Arto Koskinen,2,0,,2012
Arto Lehkamo,1,0,,2001
Arto Tuohimaa,1,0,,2015
Artur Aristakisyan,2,0,,2001
Artur Więcek,1,0,,2002
Arturo Brachetti,1,0,,2013
Arturo Menéndez,1,0,,2014
Arturo Ripstein,9,0,,2015
Arturo Ruiz Castillo,1,0,,1947
Artus de Penguern,1,0,,2001
Artyom Aksyonenko,1,0,,2012
Arunas Matelis,1,0,,2005
Arvin Brown,2,0,,2001
Arvin Chen,2,0,,2013
Arvo Kruusement,3,0,,1990
Arūnas Žebriūnas,2,0,,1977
Asako Hyuga,1,0,,2014
Asaph Polonsky,1,0,,2016
Ascanio Celestini,1,0,,2007
Asger Leth,2,1,17.648948887274095,2012
Asghar Farhadi,6,2,15.435597628830003,2016
Ash Adams,1,0,,2010
Ash Baron-Cohen,3,0,,2004
Ash Brannon,2,2,17.439079585458526,2016
Ash Christian,1,0,,2013
Ashim Ahluwalia,1,0,,2012
Ashir Azeem,1,0,,2016
Ashish R. Mohan,1,0,,2012
Ashley Miller,1,0,,1910
Ashley Pearce,1,0,,2016
Ashutosh Gowariker,5,3,16.295707001554366,2016
Ashwani Dhir,1,1,15.424948470398377,2010
Ashwiny Iyer Tiwari,1,0,,2016
Asia Argento,3,1,12.0791082145639,2014
Asiel Norton,1,0,,2009
Asier Altuna,1,0,,2011
Asif Kapadia,6,3,16.05540556903648,2016
Ask Hasselbalch,2,0,,2014
Aske Bang,1,0,,2016
Assaf Bernstein,1,0,,2007
Assi Dayan,1,0,,1997
Astra Taylor,2,0,,2008
Astrid Ovalles,1,0,,2014
Ataru Oikawa,1,0,,2007
Ate de Jong,5,2,13.306902222181883,2015
Athina Rachel Tsangari,5,0,,2015
Athur H. Nadel,1,0,,1967
Atiq Rahimi,1,1,11.90949108989136,2012
Atle Knudsen,1,0,,2009
Atom Egoyan,15,4,14.834768009066739,2015
Atsushi Takahashi,1,0,,2012
Atsushi Takeuchi,1,0,,2012
Atsuya Uki,1,0,,2009
Attila Dargay,3,0,,1985
Attila Till,1,0,,2016
Attila Árpa,1,0,,2015
Atul Agnihotri,1,0,,2004
Atıf Yılmaz,3,0,,1978
Atıl Inaç,1,0,,2007
Atıl İnanç,1,0,,2009
Aubrey Nealon,1,0,,2005
Aubrey Powell,1,0,,2010
Audrey Brohy,1,0,,2005
Audrey Cummings,1,0,,2014
Audrey Dana,1,1,16.305254406287418,2014
Audrey Ewell,1,0,,2008
Audrey Wells,2,2,15.609534743611114,2003
Audrius Juzėnas,1,0,,2006
Audrius Stonys,1,0,,2011
Audu Paden,1,0,,2005
Auguste Lumière,1,0,,1896
Augusto Caminito,1,0,,1988
Augusto Genina,2,0,,1940
Auli Mantila,2,0,,2004
Aun Hoe Goh,1,0,,2011
Auraeus Solito,2,0,,2009
Aurelio Grimaldi,2,0,,2005
Aurora Guerrero,1,0,,2012
Aurélien Gerbault,1,0,,2006
Austin Chick,3,0,,2012
Austin Jack Lynch,1,0,,2006
Austin Stark,1,0,,2015
Ava DuVernay,5,1,18.017032604157073,2016
Avadhoot Gupte,1,0,,2009
Avdotya Smirnova,2,0,,2012
Avery Crounse,1,0,,1988
Avgousta Zourelidi,1,0,,2017
Avi Lewis,1,0,,2015
Avi Nesher,9,0,,2016
Avie Luthra,1,0,,2011
Avinash Arun,1,0,,2014
Avishai Sivan,1,0,,2015
Aviva Kempner,3,1,13.939220881380985,2015
Axel Corti,1,0,,1990
Axel Danielson,1,0,,2016
Axel Petersén,1,0,,2011
Axel Sand,2,1,15.321387223973298,2008
Axelle Carolyn,1,0,,2013
Axelle Ropert,1,0,,2013
Ayan Mukherjee,1,1,17.64415195445337,2013
Ayelet Menahemi,1,0,,2007
Ayse Ünal,1,0,,2016
Aytaç Ağırlar,1,0,,2011
Ayush Raina,1,0,,2013
Azazel Jacobs,3,2,12.0780252460068,2017
Aziz Ansari,1,0,,2015
Aziz Mirza,2,1,16.213405830762646,2008
Azuma Morisaki,1,0,,2013
B Unnikrishnan,1,1,11.77528972943772,2012
B. Reeves Eason,2,0,,1943
B. S. Johnson,4,0,,1972
BJ Davis,1,0,,1989
BJ McDonnell,1,0,,2013
Babak Anvari,1,0,,2016
Babak Najafi,3,1,19.14219401089663,2016
Babak Payami,1,0,,2001
Babbar Subhash,1,0,,1982
Babette Mangolte,1,0,,2004
Babis Makridis,1,0,,2012
Bae Hyeong-jun,1,1,14.048166324370976,2012
Bae Yong-kyun,1,0,,1989
Baek Woon-Hak,1,0,,2015
Bagrat Oganesyan,1,0,,1974
Bahman Farmanara,1,0,,2000
Bahman Ghobadi,6,0,,2012
Bahram Beizai,1,0,,1989
Bahram Tavakoli,1,0,,2011
Baik,1,1,11.590654729465731,2015
Bailey Kobe,1,0,,2017
Baillie Walsh,2,1,13.917653703432924,2013
Bakhtyar Khudojnazarov,2,0,,2003
Bakhyt Kilibayev,1,0,,1992
Bala,2,1,15.83041357850654,2009
Balaji Sakthivel,1,0,,2012
Baldvin Zophoníasson,2,0,,2014
Baltasar Kormákur,10,4,16.676404564860423,2015
Bandar Albuliwi,1,0,,2013
Banjong Pisantanakul,1,0,,2010
Banjong Pisanthanakun,4,0,,2013
Banker White,1,0,,2013
Banks Tarver,1,0,,2017
Banksy,2,1,15.382197742066303,2011
Banmei Takahashi,1,0,,2009
Bao Nguyen,1,0,,2015
Barak Goodman,1,0,,2017
Baran bo Odar,3,1,17.298001372509308,2017
Barbara Albert,3,0,,2012
Barbara Bialowas,1,0,,2012
Barbara Hammer,1,0,,1974
Barbara Kopple,8,2,12.733609158126828,2017
Barbara Loden,1,0,,1970
Barbara Peeters,2,0,,1980
Barbara Schroeder,1,0,,2009
Barbara Sonneborn,1,0,,1999
Barbara Stepansky,1,0,,2009
Barbara Topsøe-Rothenborg,1,0,,2009
Barbara Wong Chun-Chun,1,0,,2013
Barbet Schroeder,14,4,16.76969785252786,2007
Barbra Streisand,3,2,17.680057903403313,1996
Barmak Akram,1,0,,2013
Barnaby Thompson,2,0,,2009
Barnet Bain,1,0,,2016
Barnet Kellman,3,0,,2000
Barney Elliott,1,0,,2015
Barra Grant,1,0,,2009
Barry Avrich,2,0,,2013
Barry Battles,1,0,,2012
Barry Bruce,1,0,,1991
Barry Caillier,1,0,,1991
Barry Cook,1,0,,2011
Barry J. Hershey,1,0,,1996
Barry Jenkins,2,1,17.990615831572004,2016
Barry Levinson,26,14,17.13109816582686,2017
Barry Mahon,1,0,,1961
Barry Pollack,1,0,,1972
Barry Poltermann,1,0,,2006
Barry Primus,1,1,13.91306276799399,1992
Barry Shear,4,0,,1975
Barry Shils,1,0,,1991
Barry Skolnick,1,0,,2001
Barry Sonnenfeld,11,11,18.477316463096532,2016
Barry W. Blaustein,3,3,13.313466544194036,2010
Bart Freundlich,6,2,14.833746558688134,2016
Bart Layton,1,0,,2012
Bartosz Konopka,1,0,,2009
Bartosz Kędzierski,1,0,,2009
Bartosz M. Kowalski,1,0,,2016
Basel Owies,1,0,,2015
Basil Coleman,1,0,,1978
Basil Dearden,12,0,,1970
Basil Khalil,1,0,,2015
Basil Wright,1,0,,1934
Bassam Kurdali,1,0,,2006
Bastian Günther,2,0,,2014
Basu Chatterjee,3,0,,1986
Batan Silva,1,0,,2008
Bavo Defurne,1,0,,2011
Baz Luhrmann,5,5,18.509467037326054,2013
Beata Gårdeler,1,0,,2015
Beatriz Sanchís,1,0,,2014
Becky Sloan,2,0,,2015
Becky Smith,1,0,,2009
Beeban Kidron,5,2,17.59572441570693,2004
Behnam Behzadi,1,0,,2013
Bejoy Nambiar,2,1,16.034714042019267,2016
Bela Negi,1,0,,2010
Belinda Sallin,1,0,,2014
Belisario Amador,1,0,,2009
Ben A. Williams,1,0,,2016
Ben Affleck,4,4,18.10328516346299,2016
Ben Aston,1,0,,2014
Ben Bachar,1,0,,2016
Ben Berman,1,0,,2016
Ben Blaine,1,0,,2015
Ben Bolt,4,1,14.346138809026444,2006
Ben Briand,1,0,,2009
Ben Browder,1,0,,2017
Ben Burtt,1,0,,1994
Ben C. Lucas,1,0,,2010
Ben Caron,1,0,,2014
Ben Chanan,1,0,,2015
Ben Charles Edwards,1,0,,2016
Ben Chessell,1,0,,2015
Ben Coccio,1,0,,2003
Ben Cookson,1,0,,2014
Ben Cotner,1,0,,2014
Ben Cresciman,1,0,,2015
Ben Drew,1,0,,2012
Ben Elton,1,0,,2000
Ben Falcone,2,2,18.303132372102162,2016
Ben Garant,2,2,17.17983889243093,2007
Ben Gluck,2,1,17.48673507683949,2010
Ben Hayflick,1,0,,2010
Ben Hecht,1,0,,1940
Ben Hickernell,2,0,,2012
Ben Hopkins,2,0,,2000
Ben Howling,1,0,,2013
Ben Jehoshua,1,0,,2015
Ben Jones,1,0,,2012
Ben Kellett,1,1,16.951004773893423,2014
Ben Ketai,2,0,,2013
Ben Knight,1,0,,2014
Ben Lewin,2,1,16.02798908882139,2012
Ben Lewis,3,0,,2013
Ben Miller,1,0,,2010
Ben Niles,1,0,,2007
Ben Oliver,1,0,,2015
Ben Palmer,2,1,18.29314029544544,2015
Ben Parker,1,0,,1964
Ben Patterson,1,0,,2015
Ben Ramsey,2,0,,2009
Ben Rekhi,1,0,,2005
Ben Rivers,3,0,,2013
Ben Rock,3,0,,2008
Ben Shapiro,1,0,,2012
Ben Sharpsteen,4,0,,1938
Ben Sharrock,1,0,,2015
Ben Smallbone,1,0,,2016
Ben Sombogaart,5,1,14.7543104472538,2012
Ben Stassen,9,2,15.725829957530113,2017
Ben Steinbauer,1,1,12.090515879894662,2009
Ben Stiller,6,6,18.188645085254528,2016
Ben Verbong,6,0,,2015
Ben Wagner,1,0,,2014
Ben West,1,0,,2012
Ben Wheatley,6,6,11.75623481116258,2017
Ben Wolfinsohn,2,0,,2016
Ben Wright,1,0,,2004
Ben Wu,1,0,,2015
Ben Young,1,0,,2016
Ben Younger,3,2,16.40556856381748,2016
Ben van Lieshout,1,0,,2007
Benedek Fliegauf,5,0,,2016
Benedict Andrews,1,1,10.055135102145268,2016
Benedikt Erlingsson,1,1,16.213405830762646,2013
Benh Zeitlin,1,1,16.865150640083012,2012
Benito Alazraki,1,0,,1961
Benito Perojo,2,0,,1939
Benito Zambrano,2,0,,2005
Benjamin Brewer,1,0,,2016
Benjamin Cantu,1,0,,2011
Benjamin Carland,2,0,,2014
Benjamin Christensen,4,0,,1927
Benjamin Cleary,1,0,,2015
Benjamin Cooper,1,0,,2016
Benjamin Cox,1,0,,2016
Benjamin Dickinson,3,0,,2016
Benjamin Epps,1,0,,2013
Benjamin Fingerhut,1,0,,2011
Benjamin Gilmour,1,0,,2007
Benjamin Guedj,1,0,,2014
Benjamin Heisenberg,1,1,12.247574408955186,2010
Benjamin Leavitt,1,0,,2012
Benjamin Quabeck,1,0,,2003
Benjamin R. Moody,1,0,,2015
Benjamin Ree,1,0,,2016
Benjamin Rocher,1,0,,2015
Benjamin Ross,4,0,,2010
Benjamin Ross Hayden,1,0,,2016
Benjamin Statler,1,0,,2015
Benjamin Stoloff,2,0,,1938
Benjamin Turner,2,0,,2013
Benjamin Whalley,1,0,,2009
Benjamín Naishtat,1,0,,2014
Benjamín Ávila,1,0,,2011
Bennett Davlin,1,0,,2006
Bennett Miller,4,3,17.51177820734333,2014
Benni Diez,1,0,,2015
Benny Boom,3,0,,2017
Benny Chan,12,1,17.3319061263262,2016
Benny Zenga,1,0,,2012
Benoît Delépine,5,0,,2016
Benoît Jacquot,11,0,,2015
Benoît Mariage,1,0,,1999
Benoît Pilon,1,0,,2008
Benoît Poelvoorde,1,0,,1992
Benoît Pétré,2,0,,2010
Benson Lee,3,1,16.621865058079557,2015
Bent Christensen,1,0,,1961
Bent Hamer,6,0,,2014
Bente Milton,1,0,,2010
Berit Nesheim,1,0,,1996
Bernard B. Ray,1,0,,1940
Bernard Bellefroid,1,0,,2014
Bernard Borderie,1,0,,1964
Bernard Campan,3,0,,2014
Bernard Deyriès,1,0,,1987
Bernard Girard,3,0,,1973
Bernard Knowles,1,0,,1945
Bernard L. Kowalski,5,0,,1978
Bernard McEveety,4,0,,1973
Bernard Rapp,1,0,,2000
Bernard Rose,11,4,13.408469047993437,2015
Bernard Salzmann,1,0,,1998
Bernard Vorhaus,4,0,,1941
Bernard Werber,1,0,,2007
Bernard Émond,3,0,,2005
Bernard-Henri Lévy,1,0,,1997
Bernardo Bertolucci,14,5,16.295129481147523,2012
Bernardo Ruiz,1,0,,2015
Bernd Böhlich,1,0,,2012
Bernd Eichinger,1,0,,1999
Bernd Sahling,1,0,,2004
Bernd Schaarmann,1,0,,2015
Bernhard Wicki,4,1,17.729531566055094,1965
Bernie Denk,1,0,,2008
Bernie Goldmann,1,1,12.755903574635465,2007
Bernt Amadeus Capra,1,0,,1990
Berry Gordy,1,0,,1975
Bert Haanstra,5,0,,1987
Bert I. Gordon,17,0,,2015
Bert Kish,1,0,,2013
Bert L. Dragin,1,0,,1987
Bert Marcus,1,0,,2015
Bert Ring,1,0,,1999
Bertie Stephens,1,0,,2007
Bertrand Avril,1,0,,2010
Bertrand Blier,13,0,,2010
Bertrand Bonello,5,0,,2016
Bertrand Normand,1,0,,2006
Bertrand Tavernier,16,1,15.728767784349152,2013
Bess Kargman,1,0,,2011
Bestor Cram,1,0,,2008
Beth David,1,0,,2017
Beth Harrington,1,0,,2014
Beth McCarthy-Miller,6,0,,2013
Beth Schacter,1,0,,2007
Bethany Rooney,1,0,,1996
Bethel Buckalew,1,0,,1978
Beto Brant,1,0,,2007
Betsan Morris Evans,1,0,,1998
Betsy Blankenbaker,1,0,,2001
Bette Gordon,2,0,,2009
Bettina Blümner,1,0,,2013
Bettina Oberli,1,0,,2006
Betty Kaplan,1,0,,1994
Betty Thomas,8,5,18.360586468707943,2009
Beverly Kopf,1,0,,2011
Beverly Sebastian,2,0,,1984
Beyoncé Knowles,1,0,,2016
Bhadran,1,0,,1990
Bhandit Thongdee,1,0,,2006
Bharat Nalluri,3,2,15.397332545006218,2015
Bharat Rangachary,1,0,,1993
Bharathan,1,1,16.64872390202049,2017
Bhaskar,2,1,15.489486929035944,2008
Bhushan Patel,1,0,,2012
Bibo Bergeron,1,0,,2011
Bigas Luna,4,0,,2006
Bilal Lashari,1,0,,2013
Bill Baggs,1,0,,1991
Bill Bannerman,1,0,,2001
Bill Benenson,1,0,,2009
Bill Bennett,5,0,,2010
Bill Berry,1,0,,1976
Bill Bixby,3,0,,1990
Bill Brame,1,0,,1974
Bill Colleran,1,0,,1964
Bill Condon,10,8,18.252738874566887,2017
Bill Corcoran,9,0,,2009
Bill Cosby,1,0,,1983
Bill Couturié,2,0,,1996
Bill D'Elia,2,0,,2017
Bill Douglas,3,0,,1987
Bill Duke,8,2,17.010729792453162,2011
Bill Eagles,2,0,,2004
Bill Filipiak,1,0,,2011
Bill Fishman,2,2,13.388423500123206,1994
Bill Forsyth,8,1,13.89550587989974,1999
Bill Froehlich,1,0,,1987
Bill Guttentag,4,0,,2015
Bill Haney,2,0,,2011
Bill Jones,3,0,,2016
Bill Kalmenson,1,0,,1998
Bill Karn,2,0,,1961
Bill Kopp,1,0,,2005
Bill Kroyer,1,1,17.303218730232487,1992
Bill L. Norton,6,1,16.524538547542157,1994
Bill Marchant,1,0,,2004
Bill Melendez,5,0,,1992
Bill Milling,1,0,,1989
Bill Morrison,4,0,,2012
Bill Muir,1,0,,2013
Bill Murray,1,0,,1990
Bill Paxton,3,2,16.47041026447388,2005
Bill Perez,1,0,,1982
Bill Persky,1,0,,1980
Bill Philputt,1,0,,2011
Bill Plympton,8,1,19.12871653700606,2017
Bill Pohlad,1,1,17.17037690930729,2015
Bill Purple,1,0,,2017
Bill Rebane,2,0,,1979
Bill Ross IV,1,0,,2010
Bill Semans,1,0,,2001
Bill Sherwood,1,0,,1986
Bill Siegel,1,0,,2013
Bill Teck,1,0,,2014
Bill Wilson,1,0,,1982
Bill Zebub,1,0,,2010
Bille August,14,1,16.461424399316517,2014
Bille Woodruff,9,2,17.680882235077988,2016
Billy Bitzer,2,0,,1906
Billy Bob Thornton,4,2,13.308356116842086,2012
Billy Chan,1,0,,1991
Billy Corben,7,1,12.0015054797889,2015
Billy Crystal,3,1,16.40327459319198,2001
Billy Federighi,1,0,,2012
Billy Grundfest,1,0,,2003
Billy Hopkins,1,0,,1996
Billy Kent,2,0,,2013
Billy Morrissette,1,0,,2001
Billy O'Brien,4,0,,2016
Billy Ray,3,3,16.527081236173405,2015
Billy Samoa Saleebey,1,0,,2007
Billy Senese,1,0,,2015
Billy Tang,1,0,,1989
Billy Weber,1,1,14.239576918411858,1993
Billy Wilder,27,11,15.46074969684271,1981
Bimal Roy,3,0,,1960
Birger Larsen,1,0,,2012
Birgit Grosskopf,1,0,,2006
Birgit Möller,1,0,,2007
Bitte Andersson,1,0,,2015
Bitto Albertini,5,0,,1981
Bix Skahill,1,0,,2002
Biyi Bandele,1,0,,2014
Bjorn-Erik Aschim,1,0,,2013
Björn Br. Björnsson,1,0,,2006
Björn Richie Lob,1,0,,2009
Björn Runge,1,0,,2011
Björne Larson,1,0,,2006
Bjørn Opsahl,1,0,,2011
Blacky Ko Sau-Leung,1,0,,1990
Blaine Thurier,1,0,,2014
Blair Erickson,1,0,,2013
Blair Hayes,1,0,,2001
Blair Treu,5,0,,2014
Blair Underwood,1,0,,2009
Blake Calhoun,1,0,,2011
Blake Edwards,31,17,16.46872539465462,1993
Blake Freeman,2,0,,2017
Blake Vincent Kueny,1,0,,2015
Blayne Weaver,3,0,,2012
Blaž Završnik,1,0,,2014
Blutch,1,0,,2008
Bo Arne Vibenius,2,0,,1975
Bo Burnham,2,0,,2016
Bo Hermansson,1,0,,1974
Bo Mathorne,1,0,,2011
Bo Mikkelsen,1,0,,2015
Bo Welch,1,0,,2003
Bo Widerberg,5,0,,1995
Bo Zenga,1,0,,2009
Boaz Davidson,10,2,14.50639752173024,1997
Boaz Yakin,7,5,17.033720755850517,2015
Bob Badway,1,0,,2012
Bob Balaban,4,1,15.020278246286203,2006
Bob Bralver,1,0,,1990
Bob Brooks,1,0,,1981
Bob Byington,3,0,,2015
Bob Christie,1,0,,2010
Bob Clampett,2,0,,1946
Bob Clark,17,8,16.835112075950782,2004
Bob Claver,1,0,,1981
Bob Dahlin,1,0,,1986
Bob Dolman,2,1,16.382208846692002,2006
Bob Ellis,1,0,,1993
Bob Fosse,6,3,16.647612445962455,1983
Bob Fugger,1,0,,2011
Bob Gale,1,0,,2002
Bob Gebert,1,0,,2007
Bob Giraldi,2,0,,2000
Bob Gosse,3,2,13.1035800781536,2009
Bob Hathcock,1,0,,1990
Bob Hercules,2,0,,2012
Bob Keen,2,0,,2006
Bob Kelljan,3,0,,1973
Bob Kline,1,0,,1999
Bob Logan,2,1,14.139376525563256,1992
Bob McNaught,1,0,,1957
Bob Misiorowski,3,0,,2002
Bob Nelson,1,0,,2016
Bob Odenkirk,4,1,15.348077145237648,2009
Bob Rafelson,11,3,16.424312052463932,2002
Bob Saget,2,0,,2006
Bob Schultz,1,0,,2017
Bob Smeaton,4,0,,2013
Bob Spiers,2,1,18.420680743952367,1997
Bob Swaim,3,0,,1988
Bob Sweeney,1,0,,1986
Bob Swerer Jr.,1,0,,2005
Bob Weinstein,1,0,,1986
Bob Yari,1,0,,2015
Bobbito Garcia,2,0,,2015
Bobby A. Suarez,1,0,,1978
Bobby Boermans,2,0,,2013
Bobby Farrelly,11,11,18.138240972684184,2014
Bobby Garabedian,1,0,,2003
Bobby Gene Leonard,1,0,,1993
Bobby Roe,1,0,,2014
Bobby Roth,2,0,,2011
Bobby Sheehan,1,0,,2009
Bobcat Goldthwait,11,2,12.156772085398448,2016
Bogdan Drobyazko,1,1,12.899554769990148,2011
Bogdan George Apetri,1,0,,2010
Bogdan Mirică,1,0,,2016
Bogusław Linda,1,0,,2007
Bohdan Sláma,3,0,,2008
Bong Joon-ho,6,3,17.744123991309127,2017
Bong Man-dae,1,0,,2013
Bonni Cohen,2,0,,2017
Bonnie Hunt,1,1,17.4158318485217,2000
Bonnie McFarlane,1,0,,2014
Boo Ji-yeong,1,0,,2014
Boo Junfeng,1,0,,2016
Bora Dağtekin,2,1,18.23468754291467,2015
Boris Acosta,1,0,,2013
Boris Barnet,3,0,,1936
Boris Bushmelev,1,0,,1976
Boris Durov,1,0,,1980
Boris Frumin,1,0,,1975
Boris Grigoryev,3,0,,1983
Boris Ingster,3,0,,1950
Boris Khlebnikov,5,0,,2013
Boris Kunz,1,0,,2013
Boris Lehman,1,0,,1995
Boris Malagurski,1,0,,2010
Boris Petroff,1,0,,1957
Boris Quercia,1,0,,2006
Boris Rodriguez,1,1,7.397561535524052,2012
Boris Rytsarev,2,0,,1976
Boris Sagal,10,0,,1980
Boris Stepantsev,3,0,,1970
Boris von Sychowski,1,0,,2001
Borja Brun,1,0,,2014
Borja Cobeaga,2,1,14.515100439682197,2014
Borys Lankosz,2,0,,2015
Bosse Lindquist,1,0,,2010
Boudewijn Koole,2,0,,2016
Bouli Lanners,3,0,,2016
Bowie Lau,1,0,,2001
Boyd Kirkland,1,0,,1998
Bořivoj Zeman,2,0,,1968
Boštjan Hladnik,1,0,,1961
Božidar 'Bota' Nikolić,1,0,,1988
Brad Anderson,8,6,14.952418887766193,2014
Brad Barber,1,1,10.18986877925486,2015
Brad Bernstein,1,0,,2012
Brad Besser,1,0,,2015
Brad Bird,5,4,19.184754208457008,2015
Brad Copeland,1,0,,2013
Brad Crawford,1,0,,2012
Brad Douglas,1,0,,2016
Brad Epstein,1,0,,2017
Brad F. Grinter,1,0,,1972
Brad Furman,4,3,17.589271578167384,2016
Brad Isaacs,1,0,,2007
Brad J. Silverman,2,0,,2013
Brad Leong,2,0,,2011
Brad McGann,1,0,,2004
Brad Mirman,3,0,,2011
Brad Osborne,1,0,,2013
Brad Peyton,4,4,18.46496655829735,2016
Brad Silberling,6,6,17.52993989729677,2009
Brad Sykes,1,0,,2001
Brad T. Gottfred,1,0,,2003
Brad Turner,4,0,,2009
Braden King,1,0,,2011
Bradford May,11,0,,2015
Bradley Battersby,1,0,,1999
Bradley Beesley,2,0,,2005
Bradley Cox,1,0,,2010
Bradley Kaplan,1,0,,2016
Bradley King,1,0,,2014
Bradley Parker,1,1,16.712136550630788,2012
Bradley R. Swirnoff,1,0,,1977
Bradley Raymond,6,0,,2010
Bradley Rust Gray,2,0,,2012
Bradley Scott Sullivan,1,0,,2010
Bradley Walsh,5,0,,2016
Brady Corbet,1,0,,2016
Brady Kiernan,1,0,,2011
Brahim Chkiri,1,0,,2012
Branco Mello,1,0,,2009
Branden Chambers,1,0,,2013
Branden Kramer,1,0,,2015
Brandon Beckner,1,0,,2008
Brandon Camp,1,1,17.402717520624282,2009
Brandon Chesbro,1,0,,2008
Brandon Christopher,1,0,,2004
Brandon Cronenberg,1,0,,2012
Brandon Slagle,2,0,,2014
Brandon Trost,1,0,,2011
Brandon Vietti,3,1,15.7069913725752,2015
Branko Schmidt,2,0,,2012
Brant Sersen,3,0,,2013
Breck Eisner,4,3,18.408151972818313,2015
Brenda Chapman,2,2,19.65400471689972,2012
Brendan Cowles,1,0,,2007
Brendan Fletcher,1,0,,2010
Brendan Maher,1,0,,2013
Brendan Malloy,1,1,16.508966512576144,2001
Brendan Toller,2,0,,2015
Brenden Mertens,1,0,,2016
Brendon O'Loughlin,1,0,,2010
Breno Silveira,1,0,,2005
Brent Bonacorso,1,0,,2017
Brent Hodge,1,0,,2014
Brent Huff,3,0,,2013
Brent Maddock,1,0,,2001
Brent McCorkle,1,0,,2012
Brent Shields,2,0,,2007
Brent Zacky,1,0,,2002
Brenton Spencer,4,0,,2010
Bret Fetzer,1,0,,2014
Bret McCormick,1,0,,1997
Bret Michaels,1,0,,1998
Bret Wood,3,0,,2014
Bretaigne Windust,3,0,,1950
Brett C. Leonard,1,0,,2004
Brett Donowho,1,0,,2013
Brett Gaylor,1,0,,2009
Brett Haley,3,2,15.429235745337813,2017
Brett Harvey,3,0,,2016
Brett Ingram,1,0,,2009
Brett Kelly,1,0,,2004
Brett Leonard,8,4,15.616902353436307,2007
Brett M. Butler,1,0,,2017
Brett Morgen,3,0,,2015
Brett Parker,1,0,,2002
Brett Pierce,1,0,,2011
Brett Piper,3,0,,2003
Brett Rapkin,1,0,,2016
Brett Ratner,10,8,19.192562755935995,2014
Brett Simmons,3,0,,2014
Brett Simon,1,1,11.150002471127731,2008
Brett Sullivan,5,0,,2015
Brett Thompson,2,0,,1996
Brett Whitcomb,2,0,,2012
Brian A Miller,4,1,19.40121045210501,2015
Brian Ackley,1,0,,2009
Brian Baugh,2,1,14.50865773852422,2016
Brian Brough,3,0,,2014
Brian Caunter,1,0,,2009
Brian Clemens,1,0,,1974
Brian Clyde,2,0,,2007
Brian Crano,2,0,,2017
Brian Dannelly,2,1,10.04020137585195,2012
Brian De Palma,29,18,17.133513659777933,2012
Brian DeCubellis,1,0,,2016
Brian Desmond Hurst,3,0,,1953
Brian Evans,1,0,,1998
Brian Falk,1,0,,2014
Brian Fee,1,1,19.67392947159051,2017
Brian Flemming,1,0,,2005
Brian G. Hutton,6,3,16.495367294123596,1983
Brian Gibson,5,1,17.52900127989677,1998
Brian Gilbert,5,0,,2003
Brian Goodman,2,1,10.711569271188171,2017
Brian Grant,1,1,18.234351165760874,1995
Brian Hannant,1,0,,1987
Brian Hecker,1,0,,2008
Brian Helgeland,6,5,17.938290474219407,2015
Brian Hennigan,1,0,,2016
Brian Henson,3,2,17.236586898112733,2004
Brian Herzlinger,2,0,,2013
Brian Hill,2,0,,2015
Brian Holden,1,0,,2013
Brian Hooks,1,0,,2007
Brian Horiuchi,1,1,16.523560759066484,2014
Brian Iglesias,1,0,,2010
Brian Ivie,1,0,,2014
Brian J. Terwilliger,1,0,,2015
Brian James O'Connell,1,0,,2015
Brian Jett,1,0,,2011
Brian K. Roberts,2,0,,2015
Brian Katkin,2,0,,2002
Brian King,1,0,,2009
Brian Kirk,1,0,,2007
Brian Klein,1,0,,2013
Brian Klugman,2,1,16.398107960833105,2015
Brian Knappenberger,3,1,10.797757599041017,2017
Brian Koppelman,3,2,15.86515491781802,2013
Brian Larsen,1,0,,2012
Brian Levant,11,6,18.511068747623494,2012
Brian Malone,1,0,,2011
Brian McNamara,1,0,,2007
Brian Meece,1,0,,2001
Brian Miller,1,0,,2011
Brian Mills,1,0,,1988
Brian O'Donnell,1,0,,2015
Brian O'Hara,1,0,,1999
Brian O'Malley,1,0,,2014
Brian Oakes,1,0,,2016
Brian Peck,1,0,,1990
Brian Percival,1,1,18.153928976454733,2013
Brian Petsos,1,0,,2014
Brian Pimental,1,0,,2006
Brian Posehn,1,0,,2016
Brian Pulido,1,0,,2010
Brian Robbins,9,6,17.465770682316446,2012
Brian Roberts,1,0,,2008
Brian Skeet,1,0,,1998
Brian Skiba,1,0,,2014
Brian Sloan,1,0,,1998
Brian Smith,1,0,,2005
Brian Smrz,1,0,,2008
Brian Spitz,1,0,,2013
Brian Stillman,1,0,,2014
Brian T. Jaynes,1,0,,2013
Brian Taylor,4,4,17.819784087506594,2011
Brian Terwilliger,1,0,,2005
Brian Trenchard-Smith,17,0,,2014
Brian Vernick,1,0,,2017
Brian W. Cook,1,0,,2005
Brian Welsh,1,0,,2016
Brian Yuzna,7,1,10.90056533037994,2003
Brice Cauvin	 	   ,1,0,,2015
Brice Mack,1,0,,1978
Bridget Terry,1,0,,2000
Brigitte Berman,2,1,9.993236844679735,2009
Brigitte Roüan,2,0,,2005
Brillante Mendoza,6,1,10.11013580132114,2016
Brin Hill,1,0,,2014
Britni West,1,0,,2015
Britt Allcroft,1,0,,2000
Britt Napier,1,0,,2013
Britta Sjogren,1,0,,2013
Brittany Goodwin,1,0,,2013
Bronwen Hughes,4,2,14.360070040155339,2013
Brooks Branch,1,0,,2010
Bruce A. Block,1,0,,1987
Bruce A. Evans,2,1,17.544506069483482,2007
Bruce Baillie,2,0,,1970
Bruce Beresford,26,6,16.390264547231528,2016
Bruce Bilson,2,0,,1979
Bruce Branit,1,0,,2007
Bruce Brown,3,0,,1994
Bruce Bundy,1,0,,2014
Bruce Campbell,2,1,12.061428303616363,2007
Bruce Conner,1,0,,1958
Bruce D. Clark,2,0,,1981
Bruce Davison,1,0,,2012
Bruce Geller,1,0,,1973
Bruce Goodison,2,0,,2013
Bruce Gowers,3,0,,1988
Bruce Hendricks,2,0,,2009
Bruce Hunt,1,1,16.524093350547794,2005
Bruce Joel Rubin,1,1,17.129131457540442,1993
Bruce Kessler,1,0,,1969
Bruce Kimmel,2,0,,1983
Bruce LaBruce,5,2,10.114414296043845,2013
Bruce Leddy,2,0,,2006
Bruce Lee,1,1,18.258161814454592,1972
Bruce Malmuth,4,2,17.240421642400825,1994
Bruce McCulloch,4,0,,2006
Bruce McDonald,9,3,11.120408497014187,2015
Bruce Neibaur,1,0,,1992
Bruce Paltrow,1,0,,2000
Bruce Pittman,3,1,14.802639550879526,1996
Bruce Ricker,1,0,,2005
Bruce Robinson,4,2,16.620926388642516,2011
Bruce Sinofsky,1,0,,1992
Bruce Timm,3,1,15.541377879204058,2014
Bruce W. Smith,1,0,,1992
Bruce Weber,1,0,,1988
Brunello Rondi,3,0,,1976
Bruno Barreto,10,2,14.605169421495539,2013
Bruno Bianchi,1,0,,1986
Bruno Bozzetto,1,0,,1976
Bruno Chauffard,1,0,,2016
Bruno Corbucci,19,0,,1988
Bruno Dumont,9,2,11.645338721062503,2016
Bruno Garotti,1,0,,2017
Bruno Irizarry,1,0,,2013
Bruno Lavaine,1,0,,2015
Bruno Mattei,14,0,,2007
Bruno Oliviero,1,0,,2013
Bruno Podalydès,2,0,,2015
Bruno Sarabia,1,0,,2010
Bruno Solo,1,0,,2005
Bruno Vaussenat,1,0,,2016
Bruno VeSota,2,0,,1962
Bruno Zincone,1,0,,1988
Bryan Barber,1,0,,2006
Bryan Bertino,3,1,18.22698852551284,2016
Bryan Bockbrader,1,0,,2015
Bryan Brewer,1,0,,2017
Bryan Buckley,2,1,13.330703496596836,2016
Bryan Carzan,1,0,,2013
Bryan Fogel,1,0,,2012
Bryan Forbes,10,0,,1984
Bryan Foy,1,1,13.997832114758229,1928
Bryan Goeres,4,0,,2009
Bryan Goluboff,1,0,,2010
Bryan Gordon,2,0,,1996
Bryan Johnson,1,1,9.609384912281424,2000
Bryan Lefler,1,0,,2012
Bryan Lewis,1,0,,2003
Bryan Michael Stoller,1,0,,2004
Bryan Poyser,3,0,,2013
Bryan Ramirez,1,0,,2013
Bryan Singer,10,8,19.35596681867455,2016
Bryan Spicer,3,3,16.866795325337524,1997
Bryan Tucker,1,0,,2013
Bryan Wizemann,1,0,,2011
Bryce Olson,1,0,,2008
Bryce Wagoner,2,0,,2017
Bryn Higgins,1,0,,2014
Buck Henry,1,0,,1980
Bud Clayman,1,0,,2012
Bud Friedgen,1,0,,1994
Bud Luckey,1,0,,2003
Bud Smith ,1,0,,1988
Bud Townsend,2,0,,1982
Bud Yorkin,7,1,16.50207777676427,1988
Budd Boetticher,19,0,,1969
Buddhadeb Dasgupta,2,0,,2003
Buddy Cooper,1,0,,1985
Buddy Giovinazzo,4,0,,2011
Buddy Van Horn,3,1,18.073777104941627,1989
Buichi Saito,1,0,,1972
Burak Aksak,1,0,,2015
Burhan Qurbani,1,0,,2014
Burny Mattinson,1,1,16.860032995687696,1983
Burr Steers,4,4,17.102863218597612,2016
Burt Balaban,2,0,,1961
Burt Brinckerhoff,1,0,,1976
Burt Gillett,10,0,,1937
Burt Kennedy,15,1,15.60727002719233,1991
Burt Lancaster,1,0,,1955
Burt Reynolds,4,2,17.505156455592278,1985
Burt Topper,1,0,,1964
Burton King,1,0,,1922
Busby Berkeley,11,1,15.290502373845452,1949
Buster Keaton,34,0,,1965
Butch Lukic,2,0,,2015
Buz Alexander,1,0,,2015
Buzz Kulik,10,0,,1989
Byambasuren Davaa,2,0,,2005
Byrd McDonald,1,0,,2016
Byron Chudnow,1,0,,1973
Byron Haskin,12,1,14.50865773852422,1964
Byron Howard,3,2,20.472721167615994,2016
Byron Mabe,1,0,,1968
Byron Paul,1,0,,1966
Byun Sung-hyun,1,0,,2012
Byun Young-Joo,2,0,,2012
Byungwoo Kim,1,0,,2013
Bård Breien,1,0,,2006
Béla Tarr,11,1,10.144903148637786,2011
Béla Ternovszky,1,0,,1986
Bùi Thạc Chuyên,1,0,,2009
C. B. Harding,3,1,13.312745692153625,2013
C. Courtney Joyner,2,0,,1994
C. Jay Cox,2,1,13.616985226229442,2007
C. Roma,1,0,,2007
C. Thomas Howell,1,0,,2008
C.B. Harding,1,0,,2007
C.B. Rubin,1,0,,1992
C.J. Hunt,1,0,,2012
C.M. Talkington,1,0,,1994
C.S. Drury,1,0,,2011
C.W. Cressler,1,0,,2001
Cacau Rhoden,1,0,,2014
Caito Ortiz,1,0,,2016
Cal Saville,1,0,,2016
Caleb Deschanel,1,0,,1982
Caleb Vetter,1,0,,2016
Callan Brunker,1,1,18.127619469500587,2013
Callie Khouri,2,0,,2008
Callie T. Wiser,1,0,,2015
Calum Grant,1,0,,2001
Calvin Lee Reeder,2,0,,2013
Calvito Leal,1,0,,2015
Cam Archer,2,0,,2010
Cameron Cairnes,2,0,,2016
Cameron Casey,2,0,,2015
Cameron Covell,1,0,,2012
Cameron Crowe,10,8,17.90382472590853,2015
Cameron Hood,1,0,,2006
Camila Guzmán Urzúa,1,0,,2005
Camille Delamarre,2,2,18.07450239284886,2015
Camillo Bazzoni,1,0,,1968
Camillo Mastrocinque,5,0,,1962
Camilo Cavalcante,1,0,,2014
Camilo Tavares,1,0,,2012
Camilo Vila,2,0,,2012
Campbell Scott,3,0,,2003
Campbell X,1,0,,2012
Can Evrenol,1,0,,2015
Candida Brady,1,0,,2012
Canyon Prince,1,0,,2014
Cao Guimarães,1,0,,2004
Cao Hamburger,2,0,,2012
Caradog W. James,2,0,,2017
Carey McKenzie,1,0,,2014
Carey Scott,2,0,,2015
Carine Adler,1,0,,1997
Carl Bessai,4,0,,2014
Carl Colby,1,0,,2011
Carl Colpaert,2,0,,1994
Carl Foreman,1,0,,1963
Carl Franklin,6,5,16.181039385101855,2013
Carl Froelich,1,0,,1931
Carl Gottlieb,1,0,,1981
Carl Koch,1,0,,1926
Carl Lerner,1,0,,1964
Carl Lindbergh,1,0,,2011
Carl Medland,1,0,,2011
Carl Pierson,1,0,,1935
Carl Prechezer,1,0,,1995
Carl Reiner,14,6,17.236998125715477,1997
Carl Rinsch,1,1,18.832541853961715,2013
Carl Schenkel,6,1,15.332222029863171,2001
Carl Schultz,1,1,16.75334943588065,1988
Carl Theodor Dreyer,9,0,,1964
Carl Tibbetts,2,0,,2014
Carl-Gustav Nykvist,2,0,,2000
Carla Garapedian,2,0,,2006
Carla Simón,1,0,,2017
Carlene Cordova,1,0,,2005
Carles Bosch,1,0,,2010
Carles Torrens,2,0,,2016
Carleton Ranney,1,0,,2015
Carlo Ausino,1,0,,1977
Carlo Carlei,2,1,13.966199538733452,2013
Carlo De Rosa,1,0,,2013
Carlo Guillermo Proto,1,0,,2017
Carlo Lavagna,1,0,,2015
Carlo Ledesma,1,0,,2011
Carlo Lizzani,13,0,,2007
Carlo Ludovico Bragaglia,1,0,,1960
Carlo Mazzacurati,5,0,,2013
Carlo Rola,2,0,,2014
Carlo Vanzina,8,0,,2012
Carlo Verdone,23,0,,2016
Carlo Zoratti,1,0,,2013
Carlos Bolado,3,0,,2017
Carlos Brooks,2,0,,2012
Carlos Carrera,2,0,,2002
Carlos Casas,1,0,,2004
Carlos Cuarón,1,0,,2008
Carlos César Arbeláez,1,0,,2011
Carlos Diegues,3,0,,2003
Carlos Enrique Taboada,1,0,,1975
Carlos Galettini,1,0,,1998
Carlos Gaviria,1,0,,2010
Carlos Hugo Christensen,1,0,,1952
Carlos Kaimakamian Carrau,1,0,,2014
Carlos Marcovich,1,0,,1997
Carlos Marques-Marcet,2,0,,2015
Carlos Moreno,2,0,,2012
Carlos Márquez,1,0,,1981
Carlos Puerto,1,1,13.296227604930046,1978
Carlos Puga,1,0,,2013
Carlos Ramos Jr.,1,0,,2010
Carlos Reygadas,4,1,12.443225605217448,2012
Carlos Rodríguez,1,0,,1998
Carlos Saldanha,5,4,20.235395202714926,2014
Carlos Saura,21,1,14.50865773852422,2015
Carlos Sedes,1,0,,2014
Carlos Sorin,5,0,,2012
Carlos Stevens,1,0,,2015
Carlos Therón,1,0,,2011
Carlos Velo,1,0,,1967
Carlos Vermut,1,0,,2014
Carlos Ávila,1,0,,2000
Carlton J. Albright,1,0,,1990
Carma Hinton,1,0,,1995
Carmelo Bene,1,0,,1972
Carmen Marron,2,0,,2015
Carol Frank,1,0,,1986
Carol Morley,3,0,,2014
Carol Reed,17,3,15.739526098081297,1972
Carol Wiseman,2,0,,1993
Carola Fuentes,1,0,,2015
Carole Langer,1,0,,2001
Carolina Jabor,1,0,,2014
Caroline Bacle,1,0,,2013
Caroline Bottaro,1,1,13.870886606556798,2009
Caroline Link,5,0,,2013
Caroline Martel,1,0,,2013
Caroline Strubbe,1,0,,2009
Caroline Suh,1,0,,2008
Caroline Thompson,3,0,,2001
Caroline Zelder,1,0,,2007
Caroline du Potet,1,0,,2010
Carrie Preston,1,0,,2005
Carroll Ballard,6,2,16.485810275797764,2005
Carson D. Mell,1,0,,2017
Carsten Fiebeler,2,0,,2013
Carsten Myllerup,1,0,,2003
Carter,1,0,,2013
Carter Smith,3,0,,2014
Cary Bell,1,0,,2014
Cary Fukunaga,3,3,16.27632773943895,2015
Cary Medoway,1,0,,1985
Cary Murnion,1,1,13.272524968529178,2014
Caryn Waechter,1,0,,2015
Casey Affleck,1,0,,2010
Casey La Scala,2,1,13.97217493295384,2014
Casey Walker,1,0,,2012
Caspar Wrede,1,0,,1975
Casper Andreas,4,0,,2015
Casper Kelly,1,0,,2014
Casper Van Dien,1,0,,2014
Cass Paley,1,0,,1999
Cassandra Nicolaou,1,0,,2004
Cassie Jaye,1,0,,2016
Catalina Aguilar Mastretta,1,0,,2017
Cate Shortland,3,1,12.214630918811729,2017
Catherine Bainbridge,1,0,,2009
Catherine Breillat,10,0,,2010
Catherine Castel,1,0,,2014
Catherine Corsini,3,0,,2015
Catherine Cyran,6,0,,2008
Catherine Hardwicke,7,4,17.46194056372661,2015
Catherine Jelski,1,0,,2000
Catherine Tatge,1,0,,2005
Cathryn Michon,1,0,,2014
Cathy Malkasian,1,0,,2002
Cathy Randall,1,0,,2008
Catti Edfeldt,1,0,,2016
Caveh Zahedi,2,0,,2005
Caytha Jentis,1,0,,2011
Cecil B. DeMille,29,4,16.02813422376069,1956
Cecil M. Hepworth,1,0,,1903
Cecilia Miniucchi,1,0,,2007
Cecilia Peck,2,0,,2013
Cecília Amado,1,0,,2011
Cedric Gibbons,1,0,,1934
Cedric Nicolas-Troyan,1,1,18.919041987068653,2016
Cedric Sundstrom,2,0,,1990
Celina Murga,1,0,,2003
Celine Danhier,1,1,11.505931061057268,2011
Cellin Gluck,1,0,,2009
Celso R. García,1,0,,2015
Cem Kaya,1,0,,2014
Cem Yılmaz,3,0,,2015
Ceon Forte,1,0,,2005
Ceri Levy,1,0,,2008
Cesare Canevari,3,0,,1977
Cesc Gay,4,1,16.01579710933631,2015
Cess Silvera,1,0,,2002
Ceyda Torun,1,0,,2017
Chad Archibald,3,0,,2015
Chad Burns,1,1,14.027466965887918,2015
Chad Callner,1,0,,2007
Chad Cohen,1,0,,2009
Chad Crawford Kinkle,1,0,,2013
Chad Feehan,1,0,,2010
Chad Freidrichs,1,0,,2012
Chad Gracia,1,0,,2015
Chad Hartigan,2,0,,2016
Chad L. Scheifele,1,0,,2016
Chad Lowe,1,0,,2006
Chad Stahelski,2,2,18.630895872012914,2017
Chadd Harbold,2,0,,2013
Chaitanya Tamhane,1,0,,2015
Chakri Toleti,2,0,,2012
Chalerm Wongpim,1,0,,2006
Chan Hing-ka,1,0,,2009
Chandler Tuttle,1,0,,2009
Chandra Barot,1,0,,1978
Chandran Rutnam,1,0,,2013
Chang Cheh,23,0,,1982
Chang Jung-Chi,1,0,,2012
Chang Tso-chi,2,0,,2002
Chang You-jeong,1,0,,2010
Chanoch Ze'evi,1,0,,2011
Chantal Akerman,11,0,,2015
Chanya Button,1,0,,2016
Chao-Bin Su,2,0,,2010
Chapman Way,1,0,,2014
Charles A. Nichols,4,0,,1988
Charles Adelman,1,0,,2009
Charles Atlas,1,0,,2002
Charles Avery,1,0,,1914
Charles B. Griffith,5,0,,1989
Charles B. Pierce,7,1,16.90655301132259,1984
Charles Bail,2,0,,1976
Charles Band,20,1,15.761420707019589,2014
Charles Barker,1,0,,2016
Charles Barton,10,0,,1959
Charles Binamé,3,1,14.518117354937342,2014
Charles Brabin,3,1,16.012735135300492,1932
Charles Braverman,1,0,,1986
Charles Bryant,1,0,,1923
Charles Burmeister,2,0,,2016
Charles Burnett,4,1,12.80001256250955,1996
Charles Chauvel,1,0,,1955
Charles Correll,2,0,,1994
Charles Crichton,8,1,17.950576501645305,1988
Charles Dance,1,1,16.829921052396607,2004
Charles David,1,0,,1945
Charles E. Sellier Jr.,1,0,,1984
Charles Eames,1,0,,1977
Charles Evered,1,0,,2008
Charles F. Haas,3,0,,1959
Charles Ferguson,2,2,15.026540659005523,2010
Charles Finch,1,0,,1991
Charles Frend,6,0,,1963
Charles Grosvenor,9,1,15.69985710878846,2006
Charles Guard,1,1,17.54418858708332,2009
Charles Haid,4,0,,2005
Charles Herman-Wurmfeld,4,2,17.381289974922893,2007
Charles Hood,1,0,,2015
Charles Huguenot van der Linden,1,0,,1948
Charles Jarrott,11,2,15.97964596333815,2002
Charles Kaufman,1,0,,1980
Charles Kinnane,1,0,,2008
Charles Kiselyak,1,0,,1998
Charles L. Gaskill,1,0,,1912
Charles Lamont,11,0,,1955
Charles Lane,2,0,,1991
Charles Laughton,1,0,,1955
Charles Lederer,1,0,,1942
Charles Marquis Warren,4,0,,1969
Charles Martin,3,0,,2015
Charles Martin Smith,8,4,17.209453026777286,2014
Charles Matthau,3,0,,2012
Charles Matton,2,0,,1999
Charles Maxwell,1,0,,2014
Charles McDougall,2,0,,2006
Charles Nemes,3,0,,2013
Charles Philip Moore,2,0,,1994
Charles Poekel,1,0,,2014
Charles R. Rondeau,2,0,,1975
Charles Randazzo,1,0,,2015
Charles Reisner,5,0,,1944
Charles Robert Carner,3,0,,2008
Charles S. Dutton,1,1,15.70474150606989,2004
Charles Saunders,1,0,,1951
Charles Shyer,7,5,17.429162950060235,2004
Charles Stone III,4,3,16.57007604924421,2015
Charles Sturridge,7,1,16.454567887579532,2012
Charles Swenson,2,0,,1977
Charles Swickard,1,0,,1916
Charles T. Kanganis,4,0,,2008
Charles Tait,1,0,,1906
Charles Vidor,13,0,,1957
Charles Walters,19,0,,1966
Charles Winkler,3,0,,2009
Charles de Lauzirika,2,0,,2012
Charles-Olivier Michaud,2,0,,2014
Charley Rogers,1,0,,1934
Charley Stadler,1,0,,2005
Charlie Ahearn,1,0,,1983
Charlie Chaplin,44,6,14.33381972585766,1967
Charlie Fonville,1,0,,2015
Charlie Jordan,1,0,,2000
Charlie Kaufman,1,0,,2008
Charlie Levi,1,0,,2015
Charlie Loventhal,3,0,,2004
Charlie Lyne,1,0,,2015
Charlie McDowell,2,0,,2017
Charlie Nguyễn,1,0,,2007
Charlie Paul,1,0,,2012
Charlie Peters,2,0,,1998
Charlie Picerni,1,0,,2009
Charlie Russell,1,0,,2011
Charlie Siskel,2,1,14.223383431743503,2016
Charlie Stratton,1,0,,2013
Charlie Vaughn,2,0,,2016
Charlotte Boisson,1,0,,2010
Charlotte Brandström,3,0,,2014
Charlotte Fantelli,1,0,,2014
Charlotte Sieling,2,0,,2017
Charlotte Zwerin,1,0,,1988
Charlton Heston,1,0,,1982
Chatrichalerm Yukol,1,0,,2001
Chaz Thorne,1,0,,2007
Chazz Palminteri,1,0,,2004
Cheech Marin,2,0,,1987
Cheik Doukouré,1,0,,1994
Chelsea McMullan,1,0,,2013
Chema de la Peña,1,0,,2004
Chen Chi-Hwa,5,0,,1986
Chen Jianbin,1,0,,2015
Chen Kaige,11,0,,2015
Chen Kuo-Fu,3,0,,2009
Chen Shi-Zheng,1,0,,2007
Chen Sicheng,1,0,,2015
Chen Yu-Hsun,1,0,,1995
Cheng Er,1,0,,2012
Cheng Kang,1,0,,1970
Cheng Wei-Hao,1,0,,2015
Cheng Yin,1,0,,1970
Cheol-hie Park,1,1,15.201804919084164,2006
Cher,1,0,,1996
Cherie Nowlan,2,0,,2007
Cherien Dabis,2,0,,2013
Cheryl Dunn,1,0,,2013
Cheryl Dunye,2,0,,2004
Cheryl Hines,1,0,,2009
Chester Erskine,3,0,,1952
Chester M. Franklin,3,0,,1935
Chester Tam,1,0,,2017
Chester Withey,1,0,,1916
Chetan Anand,1,0,,1946
Cheung Yam-Yim,2,2,15.840813618006397,1984
Chi Muoi Lo,1,0,,2000
Chi Po-Lin,1,0,,2013
Chi Y. Lee,1,0,,2011
Chiang Chin-Lin,1,0,,2014
Chiang Hsiu-Chiung,1,0,,2014
Chiara Clemente,1,0,,2008
Chiemi Karasawa,1,0,,2013
Chihiro Amano,1,0,,2014
Chihiro Ikeda,1,0,,2015
Chin Man-Kei,1,0,,1997
Ching Siu-Tung,10,0,,2011
Chinonye Chukwu,1,0,,2013
Chioke Nassor,1,0,,2013
Chip Hale,1,0,,2008
Chip Mabry,1,0,,2010
Chip Richie,1,0,,2004
Chistopher Hines,1,0,,2010
Chito S. Roño,1,0,,2004
Chiu Keng Guan,1,0,,2014
Chiva Rodriguez,1,0,,2015
Chloé Leriche,1,0,,2016
Chloé Zhao,1,0,,2015
Cho Beom-gu,2,0,,2014
Cho Jin-Gyu,1,0,,2001
Cho Jung-rae,1,0,,2016
Cho Keun-Hyun,1,0,,2012
Cho Ui-Seok,2,0,,2016
Choi Jin-sung,1,0,,2013
Choi Jin-won,1,0,,2005
Choice Skinner,1,0,,2015
Choo Chang-min,1,0,,2012
Chookiat Sakveerakul,1,0,,2006
Chor Yuen,6,0,,1983
Chris Alexander,1,0,,2015
Chris Angel,2,0,,2002
Chris Atkins,1,0,,2009
Chris Atteshlis,1,0,,2014
Chris Bailey,1,0,,1995
Chris Bell,3,1,12.637241237240223,2016
Chris Bernard,1,0,,1985
Chris Blum,1,1,11.907841796525648,1988
Chris Bouchard,1,0,,2009
Chris Bould,2,0,,1993
Chris Brandt,1,0,,2007
Chris Briant,1,0,,2011
Chris Brinker,1,0,,2014
Chris Browne,1,1,10.614400974640018,1999
Chris Buck,2,1,20.965599285915545,2015
Chris Carter,1,1,18.04043641137099,2008
Chris Chan Lee,1,0,,1998
Chris Columbus,15,13,18.76233808350249,2015
Chris Corey,1,0,,2011
Chris Crow,2,0,,2013
Chris Cullari,1,0,,2013
Chris Cunningham,2,0,,2005
Chris D'Arienzo,1,0,,2010
Chris Dapkins,1,0,,2011
Chris Delaporte,1,1,9.047821442478408,2003
Chris Dowling,2,1,13.96047632821446,2014
Chris Eigeman,1,0,,2008
Chris Eska,2,0,,2013
Chris Evans,1,1,10.52274596768403,2014
Chris Eyre,5,2,11.378289088663884,2012
Chris Fiore,1,0,,2000
Chris Fisher,4,1,15.226497531674536,2012
Chris Gerolmo,2,0,,2011
Chris Gorak,2,2,16.257206966251882,2011
Chris Graham,2,0,,2007
Chris Hall,1,0,,2005
Chris Hartwill,1,0,,2009
Chris Hegedus,3,0,,2006
Chris Holt,1,0,,2013
Chris Howe,2,0,,2015
Chris Hunt,1,0,,1997
Chris J. Ford,1,0,,2008
Chris James Thompson,1,0,,2013
Chris Jaymes,2,0,,2012
Chris Kasick,1,0,,2015
Chris Kelly,1,1,11.440354772135391,2016
Chris Kentis,2,2,17.102519329619135,2011
Chris Koch,2,1,16.673827506182427,2003
Chris Kraus,3,0,,2010
Chris LaMartina,2,0,,2014
Chris Landreth,1,0,,2004
Chris Lavis,2,0,,2010
Chris Long,1,0,,2014
Chris Lowell,1,0,,2013
Chris Lusvardi,1,0,,2009
Chris Löfvén,1,0,,1976
Chris Majors,1,0,,2016
Chris Malloy,1,0,,2010
Chris Marker,19,1,10.337799235201873,2004
Chris Matheson,1,0,,2003
Chris McCoy,1,0,,2016
Chris McKay,1,1,19.558354707486817,2017
Chris Menges,4,0,,1999
Chris Messina,1,0,,2015
Chris Metzler,1,0,,2011
Chris Miller,1,1,20.49881914316076,2007
Chris Moore,2,0,,2009
Chris Morris,2,1,15.267124385204808,2010
Chris Mortensen,1,0,,2011
Chris Moukarbel,1,0,,2014
Chris Munger,1,0,,1976
Chris Nahon,4,2,17.135615268165886,2016
Chris Nelson,2,0,,2014
Chris Newby,1,0,,1995
Chris Noonan,2,2,18.363233703694483,2006
Chris Paine,2,1,14.33363388857424,2011
Chris Peckover,1,0,,2010
Chris Perkel,1,0,,2007
Chris Petit,1,0,,1979
Chris Prynoski,2,0,,2016
Chris Randall,1,0,,2013
Chris Reading,1,0,,2016
Chris Renaud,2,1,20.59025766399003,2016
Chris Riedell,2,0,,2015
Chris Rock,4,2,16.723525869132757,2015
Chris Rodley,1,0,,2010
Chris Sanders,2,2,20.103625788739436,2013
Chris Shadley,1,0,,2010
Chris Sivertson,3,1,16.079396297873256,2013
Chris Smith,4,0,,2009
Chris Solimine,1,0,,2007
Chris Sparling,2,0,,2016
Chris Stapp,1,0,,2007
Chris Stenner,1,0,,2003
Chris Stokes,3,0,,2016
Chris Sullivan,1,0,,2012
Chris Sun,2,0,,2014
Chris Tasara,1,0,,2013
Chris Taylor,1,0,,1983
Chris Terrio,1,0,,2005
Chris Thomson,2,0,,1997
Chris Trebilcock,1,0,,2016
Chris Ver Wiel,1,0,,2001
Chris W. Mitchell,1,0,,2014
Chris Waitt,1,0,,2008
Chris Walas,2,1,17.47658652761462,1992
Chris Wedge,4,4,19.13331391761074,2016
Chris Weitz,6,5,18.489687918604538,2011
Chris Williams,2,2,19.923867573542502,2014
Chris Witherspoon,1,0,,2010
Chris Wojcik,1,0,,2012
Chris Zonnas,1,0,,2014
Chris von Hoffmann,1,0,,2016
Christian Alvart,5,2,17.01290297215694,2013
Christian Bisceglia,1,0,,2013
Christian Bonke,1,0,,2011
Christian Camargo,1,0,,2014
Christian Cantamessa,1,0,,2015
Christian Carion,4,1,16.689592295464298,2015
Christian Charles,4,1,14.825019464743828,2012
Christian Chaudet,1,0,,2005
Christian Clavier,1,0,,2011
Christian De Vita,1,0,,2014
Christian Ditter,2,2,16.92155429438187,2016
Christian Duguay,15,4,16.368462803218307,2017
Christian E. Christiansen,4,1,17.51663372596845,2014
Christian Faure,1,0,,2000
Christian Ford,1,0,,2000
Christian Forte,1,0,,2009
Christian Frei,3,0,,2014
Christian Frosch,1,0,,1996
Christian I. Nyby II,17,0,,1993
Christian J. Pinto,1,0,,2009
Christian James,1,0,,2013
Christian Keller,1,0,,2014
Christian Klandt,1,0,,2012
Christian Krönes,1,0,,2016
Christian Larson,1,0,,2014
Christian Marquand,1,0,,1968
Christian Molina,2,0,,2010
Christian Nyby,2,0,,1967
Christian Petzold,7,2,15.103701703274567,2014
Christian Poveda,1,0,,2008
Christian Robinson,1,1,16.868122236994555,2006
Christian Schwochow,1,0,,2013
Christian Sesma,2,0,,2016
Christian T. Petersen,1,0,,2008
Christian Tafdrup,1,0,,2008
Christian Theede,1,0,,2012
Christian Viel,1,0,,2004
Christian Vincent,5,1,16.24772073638975,2015
Christian Volckman,1,1,14.42056286567398,2006
Christian Vuissa,1,0,,2011
Christian Wagner,1,0,,2014
Christian Winters,1,0,,2015
Christian Zübert,5,0,,2016
Christian-Jaque,4,0,,1959
Christiane Cegavske,1,0,,2006
Christie Will,4,0,,2016
Christina Andreef,1,0,,1999
Christina Clausen,1,0,,2009
Christina Rosendahl,2,0,,2015
Christina Voros,1,0,,2013
Christina Wayne,1,0,,2001
Christina Yao,1,0,,2009
Christine Carrière,1,0,,2007
Christine Conradt,1,0,,2015
Christine Edzard,1,0,,1987
Christine Fugate,1,0,,1999
Christine Jeffs,3,2,16.35851726616952,2008
Christine Lahti,1,0,,2001
Christine Nielsen,1,0,,2011
Christine Swanson,1,0,,2016
Christjan Wegner,2,0,,1997
Christoffer Boe,5,0,,2013
Christoforos Papakaliatis,2,0,,2015
Christoph Behl,1,0,,2013
Christoph Hochhäusler,2,0,,2014
Christoph Lauenstein,1,0,,1989
Christoph Röhl,1,0,,2009
Christoph Schlingensief,1,0,,1986
Christoph Schrewe,1,0,,2006
Christoph Schuch,1,0,,2008
Christoph Stark,1,0,,2001
Christophe Barratier,3,1,13.65366787035164,2011
Christophe Blanc,1,0,,2000
Christophe Deroo,1,0,,2016
Christophe Gans,4,3,18.060179381173054,2014
Christophe Honoré,8,0,,2011
Christophe Offenstein,1,0,,2013
Christophe Van Rompaey,1,1,14.22097566607244,2008
Christopher Ashley,1,0,,1995
Christopher B. Landon,3,2,17.394148886678977,2015
Christopher Bedford,1,0,,2002
Christopher Berkeley,1,0,,2009
Christopher Bird,1,0,,2005
Christopher Butler,1,0,,2014
Christopher C. Frieri,1,0,,2015
Christopher Cain,11,3,15.332397165270812,2010
Christopher Caldwell,1,0,,2014
Christopher Cannucciari,1,0,,2016
Christopher Coppola,2,0,,1993
Christopher Crowe,2,1,15.795412802215129,1992
Christopher Denham,2,0,,2014
Christopher Dillon Quinn,1,0,,2007
Christopher Doyle,2,0,,2015
Christopher Duddy,1,0,,2007
Christopher Erskin,1,1,17.255271898702418,2004
Christopher Farah,1,0,,2011
Christopher Fitchett,1,0,,2014
Christopher Frank,1,0,,1984
Christopher Fraser,1,0,,1977
Christopher Guest,8,3,14.64948887168543,2016
Christopher Hampton,3,0,,2003
Christopher Hatton,2,0,,2013
Christopher Hool,1,0,,2014
Christopher Jacobs,1,0,,2016
Christopher K. Walker,1,0,,2015
Christopher Kenneally,1,0,,2012
Christopher Kezelos,1,0,,2011
Christopher Kublan,1,0,,1999
Christopher Kulikowski,1,0,,2004
Christopher Larkin,1,0,,1974
Christopher Leitch,6,0,,2010
Christopher Leone,1,0,,2015
Christopher Livingston,2,0,,2014
Christopher Louie,1,0,,2016
Christopher MacBride,1,0,,2012
Christopher Marshall,1,0,,2011
Christopher McQuarrie,3,3,18.769706280719678,2015
Christopher Meloni,1,0,,2011
Christopher Menaul,9,0,,2015
Christopher Miles,2,0,,1981
Christopher Monger,1,0,,1995
Christopher Morahan,1,0,,1986
Christopher Munch,3,0,,2011
Christopher N. Rowley,2,0,,2015
Christopher Neil,1,0,,2012
Christopher Nolan,11,10,18.755263729157186,2017
Christopher P. Garetano,1,0,,2005
Christopher R. Smith,1,0,,2011
Christopher R. Watson,1,0,,2011
Christopher Radcliff,1,0,,2011
Christopher Ray,6,0,,2015
Christopher Reeve,2,1,16.626549744869042,2006
Christopher Reynolds,1,0,,1989
Christopher Riley,1,0,,2014
Christopher Roberts,1,0,,1999
Christopher Roosevelt,1,0,,2013
Christopher S. Rech,1,0,,2015
Christopher Scott Cherot,2,1,14.921026958309122,2002
Christopher Shelton,1,0,,2003
Christopher Smith,8,1,12.48868438554384,2017
Christopher Spencer,1,1,18.03207369686298,2014
Christopher Storer,1,0,,2017
Christopher Sun,1,0,,2011
Christopher Sykes,1,0,,2003
Christopher Wilcha,3,0,,2015
Christopher Zalla,2,0,,2015
Christos Dimas	 	   ,1,0,,2009
Christy Cabanne,5,0,,1940
Chu Mu,2,0,,1973
Chu Yen-ping,6,1,16.94650457621978,2010
Chuan Chen,1,0,,1981
Chucho E. Quintero,1,0,,2014
Chuck Barris,1,0,,1980
Chuck Bowman,1,0,,2006
Chuck Comisky,1,0,,2002
Chuck Jones,27,0,,1988
Chuck Mitsui,1,0,,2011
Chuck O'Neil,1,0,,2012
Chuck Parello,2,1,8.649623978596727,2000
Chuck Patton,1,0,,2008
Chuck Russell,7,5,18.29002829061944,2016
Chuck Sheetz,2,1,17.610119584626165,2006
Chuck Vincent,7,0,,1986
Chuck Vinson,1,0,,2002
Chuck Wein,1,0,,1972
Chuck Workman,4,1,12.796342336281652,2014
Chukiat Sakveerakul,1,0,,2007
Chung Ji-young,1,0,,2012
Chung Keun-sup,1,0,,2013
Chung Lee,1,0,,2015
Chung Mong-Hong,2,0,,2016
Chung Yoon-chul,2,1,15.163072926487535,2008
Chung-Ryoul Lee,1,0,,2008
Chus Gutiérrez,1,0,,2014
Ciaran Creagh,1,0,,2016
Ciaran Foy,2,1,17.783573914655506,2015
Cindy Baer,1,0,,2003
Cindy Kleine,1,0,,2010
Cindy Meehl,1,1,12.865531182782323,2011
Cindy Sherman,1,0,,1997
Cirio H. Santiago,14,0,,2005
Ciro De Caro,1,0,,2013
Ciro Guerra,2,1,14.093146082434169,2015
Ciro Ippolito,2,0,,1984
Cisco Henson,1,0,,2008
Claes Eriksson,3,0,,2006
Claes Olsson,2,0,,2012
Claire Carré,1,0,,2015
Claire Denis,10,1,9.413036288021289,2013
Claire McCarthy,1,0,,2010
Claire Simon,1,0,,2006
Clara Law,2,0,,2000
Clara Mamet,1,0,,2014
Clare Beavan,2,0,,2015
Clare Kilner,3,1,17.66937545472996,2009
Clare Lewins,1,1,8.882530508433623,2014
Clare Peploe,2,0,,2001
Clarence Bricker,1,0,,1938
Clarence Brown,33,3,14.03151069782398,1952
Clarence Fok,3,1,9.446676517076376,2013
Clark Gregg,2,1,15.158411130752077,2013
Clark Johnson,3,2,18.37291458505527,2006
Clark L. Paylow,1,0,,1962
Clas Lindberg,1,0,,1996
Claude Autant-Lara,9,0,,1958
Claude Barras,1,1,12.58546410452254,2016
Claude Berri,10,1,13.035839881381422,2007
Claude Binyon,3,0,,1952
Claude Chabrol,35,1,14.479446720798627,2009
Claude Cloutier,1,0,,2007
Claude Faraldo,1,0,,1973
Claude Friese-Greene,1,0,,1926
Claude Goretta,2,0,,1977
Claude Jutra,3,0,,1981
Claude Lanzmann,3,0,,2013
Claude Lelouch,16,0,,2015
Claude Miller,10,0,,2012
Claude Nuridsany,2,0,,2011
Claude Pinoteau,4,0,,1988
Claude Sautet,7,1,14.326242777368211,1996
Claude Whatham,2,0,,1974
Claude Zidi,14,1,14.312679350282652,2003
Claudia Llosa,3,1,10.879668518983348,2014
Claudia Lorenz,1,0,,2015
Claudia Myers,2,0,,2014
Claudia Sainte-Luce,1,0,,2013
Claudia Sparrow,1,0,,2015
Claudia Weill,2,0,,1980
Claudio Amendola,1,0,,2014
Claudio Biern Boyd,1,0,,1987
Claudio Caligari,2,0,,2015
Claudio Cupellini,2,1,14.346138809026444,2010
Claudio Fragasso,3,0,,1990
Claudio Fäh,5,0,,2016
Claudio Giovannesi,1,0,,2016
Claudio Guerín,1,0,,1973
Claudio Marcone,1,0,,2015
Claus Bjerre,1,0,,2005
Clay Borris,1,0,,1992
Clay Glen,2,0,,2016
Clay Jeter,1,0,,2011
Clay Liford,2,0,,2016
Clay Staub,1,0,,2017
Clay Weiner,1,0,,2010
Clay Westervelt,1,0,,2009
Clayton Jacobson,1,1,15.866832549931576,2006
Cle Shaheed Sloan,1,0,,2005
Clea DuVall,1,0,,2016
Clemens Klopfenstein,1,0,,1979
Clenet Verdi-Rose,1,0,,2016
Cliff Owen,3,0,,1968
Cliff Roquemore,2,0,,1977
Clifford Odets,2,0,,1959
Clifton Ko Chi-Sum,1,0,,1988
Clint Eastwood,35,29,18.057735940084047,2016
Clio Barnard,2,1,9.964958874624228,2013
Clive A. Smith,1,0,,1983
Clive Barker,3,2,16.245694058970976,1995
Clive Brook,1,0,,1944
Clive Donner,10,1,13.815510557964274,1986
Clive Gordon,1,0,,2005
Clive Rees,1,0,,1989
Clive Saunders,1,0,,2003
Clive Turner,1,0,,1995
Clovis Cornillac,1,0,,2015
Clyde Bruckman,4,0,,1935
Clyde Geronimi,6,3,18.47443534559282,1959
Cláudio Assis,2,0,,2015
Cláudio Torres,2,0,,2011
Clément Cogitore,1,0,,2015
Clément Duhour,1,0,,1958
Clément Michel,1,1,8.149601735736155,2012
Clément Virgo,3,0,,2007
Coco Schrijber,1,0,,2008
Cody Blue Snider,1,0,,2013
Cody Calahan,1,0,,2013
Cody Cameron,2,1,19.33048899386863,2013
Cody Knotts,1,0,,2014
Coke Sams,1,0,,1994
Coky Giedroyc,4,0,,2013
Cole S. McKay,1,0,,2011
Coleman Francis,3,0,,1966
Colette Burson,1,0,,1999
Coley Sohn,1,0,,2012
Colin Carter,1,0,,2013
Colin Chilvers,1,0,,1988
Colin Day,1,0,,2017
Colin Dench,1,0,,2017
Colin Eggleston,1,0,,1978
Colin Gregg,1,0,,1988
Colin Hanks,1,0,,2015
Colin Higgins,3,1,18.05973436182511,1982
Colin Kennedy,1,0,,2015
Colin Levy,1,0,,2010
Colin Lowrey,1,0,,1981
Colin Minihan,3,0,,2016
Colin Nutley,6,0,,2006
Colin Offland,1,0,,2015
Colin Strause,2,2,17.782932601378302,2010
Colin Teague,3,0,,2016
Colin Theys,5,0,,2015
Colin Trevorrow,3,3,17.198898824382113,2017
Colin Webb,1,0,,1996
Coline Serreau,4,1,14.534552555007084,2001
Collin Schiffli,1,0,,2014
Colm McCarthy,1,0,,2016
Coluche,1,0,,1977
Compton Bennett,2,0,,1949
Connie Field,1,0,,1980
Connie Stevens,1,0,,2009
Conor Allyn,1,0,,2013
Conor Horgan,2,0,,2015
Conor McMahon,3,1,11.461632170582678,2014
Conor McPherson,3,0,,2009
Conrad Helten,3,0,,2016
Conrad Jackson ,1,0,,2011
Conrad Rooks,2,0,,1972
Conrad Vernon,3,3,19.65109865814264,2016
Constance Marks,1,1,12.56444964015848,2011
Constantina Voulgaris,1,0,,2012
Constantine Giannaris,1,0,,2005
Constantine Nasr,2,0,,2009
Constantine S. Gochis,1,0,,1978
Coodie Simmons,1,0,,2012
Corbin Bernsen,2,0,,2014
Corbin Billings,1,0,,2014
Corbin Timbrook,1,0,,2003
Cordell Barker,3,0,,2009
Corentin Julius,1,0,,2004
Corey Allen,2,0,,1980
Corey Asraf,1,0,,2016
Corey Grant,2,0,,2012
Corey Michael Eubanks,1,0,,1994
Corey Yuen Kwai,12,5,14.024550597532933,2006
Corin Hardy,1,0,,2015
Corinna Belz,2,0,,2012
Cornel Wilde,3,0,,1970
Corneliu Porumboiu,4,2,10.60234246309477,2015
Corrado Farina,2,0,,1973
Corrado Guzzanti,1,0,,2006
Cory Edwards,1,1,17.748390281997928,2005
Cory James Krueckeberg,1,0,,2013
Cory McAbee,2,0,,2009
Cory Shiozaki,1,0,,2012
Cosima Dannoritzer,1,0,,2010
Cosima Spender,1,0,,2015
Cosmo Feilding-Mellen,1,0,,2015
Cosmo Jarvis,1,0,,2012
Costa Botes,1,0,,1995
Costa-Gavras,17,5,14.250418642851722,2012
Costas Ferris,1,0,,1983
Courteney Cox,2,0,,2014
Courtney Daniels,1,0,,2013
Courtney Hunt,2,0,,2016
Courtney Marsh,1,0,,2015
Courtney Solomon,3,2,16.351452448393207,2013
Courtney Ware,1,0,,2015
Craig Atkinson,1,0,,2016
Craig Baldwin,3,0,,2008
Craig Bolotin,2,0,,1999
Craig Boreham,1,0,,2016
Craig Brewer,3,3,17.049025928992773,2011
Craig Carlisle,1,0,,2009
Craig Chester,1,0,,2006
Craig Clyde,4,1,15.201804919084164,2013
Craig E. Serling,1,0,,2007
Craig Efros,1,0,,2014
Craig Ferguson,1,0,,2003
Craig Gillespie,5,4,17.125210239473528,2016
Craig Goodwill,1,0,,2014
Craig Johnson,3,2,14.43552006271251,2017
Craig Lahiff,2,0,,2012
Craig Lucas,2,0,,2008
Craig M. Saavedra,1,0,,2008
Craig Macneill,1,0,,2015
Craig Mazin,2,1,17.068665444575597,2008
Craig McCall,1,0,,2010
Craig McCracken,1,1,16.25014479559586,2002
Craig Monahan,2,0,,2014
Craig Moss,8,0,,2016
Craig Pryce,5,0,,2015
Craig R. Baxley,11,2,16.430957221976136,2008
Craig Roberts,1,0,,2015
Craig Rosenberg,2,0,,2006
Craig Ross Jr.,3,0,,2003
Craig Shapiro,4,0,,2008
Craig Sheffer,1,0,,2008
Craig Singer,4,0,,2009
Craig Teper,1,0,,2010
Craig Thompson,1,0,,2017
Craig Viveiros,1,0,,2012
Craig Zisk,2,1,11.559904466164223,2013
Craig Zobel,3,2,12.190593951208191,2015
Crane Wilbur,2,0,,1959
Crayton Robey,1,0,,2011
Cris Jones,1,0,,2016
Crispian Mills,1,0,,2012
Crispin Glover,1,0,,2005
Cristi Puiu,5,0,,2016
Cristian Mungiu,5,3,12.822872541361557,2016
Cristian Nemescu,2,0,,2007
Cristiano Bortone,1,0,,2006
Cristina Comencini,2,0,,2015
Cristián Jiménez,1,0,,2011
Cristobal Valderrama,1,0,,2007
Cruz Angeles,1,0,,2009
Cruz Delgado,1,0,,1973
Crystal Moselle,1,1,14.079178587545169,2015
Cullen Blaine,1,0,,1987
Cullen Hoback,1,0,,2013
Curt Geda,6,1,15.717618084361195,2016
Curt Goetz,1,0,,1951
Curt Hahn,1,0,,2012
Curt Linda,1,0,,1969
Curt Morgan,2,0,,2016
Curt Siodmak,1,0,,1953
Curt Wiser,1,0,,2016
Curtis Bernhardt,15,1,15.082458161451598,1964
Curtis Bowers,1,0,,2010
Curtis Crawford,6,0,,2014
Curtis Hanson,12,6,17.328418217445243,2012
Curtis Harrington,9,0,,1985
Curtiss Clayton,1,0,,2003
Curzio Malaparte,1,0,,1951
Cy Endfield,10,1,15.89495209964411,1972
Cy Howard,1,0,,1970
Cy Roth,1,0,,1956
Cyll Farney,1,0,,1964
Cynthia Beatt ,1,0,,2009
Cynthia Mort,1,0,,2016
Cynthia Scott,2,0,,1990
Cynthia Wade,1,0,,2007
Cyprien Vial,1,0,,2015
Cyril Coke,1,0,,1980
Cyril Collard,1,0,,1992
Cyril Frankel,2,0,,1966
Cyril Morin,2,0,,2015
Cyril Tuschi,1,0,,2011
Cyrill Boss,2,0,,2012
Cyrus Nowrasteh,2,1,15.68583487413669,2016
Cécile Telerman,2,0,,2014
Cédric Anger,1,0,,2014
Cédric Dupire,1,0,,2009
Cédric Jimenez,2,0,,2014
Cédric Kahn,5,0,,2014
Cédric Klapisch,9,3,16.37756528510017,2013
Céline Sciamma,3,1,11.0147692443049,2014
César Augusto Acevedo,1,0,,2015
César Charlone,1,0,,2007
César Rodrigues,2,0,,2016
Cüneyt Kaya,1,0,,2013
Călin Peter Netzer,3,0,,2017
Cătălin Mitulescu,1,0,,2006
D'Urville Martin,1,0,,1975
D. Djajakusuma,1,0,,1953
D. Jud Jones,1,0,,2007
D. Kerry Prior ,1,0,,2009
D. Ross Lederman,3,0,,1942
D. Stevens,1,0,,2006
D.A. Pennebaker,13,0,,2016
D.C. Hamilton,1,0,,2016
D.J. Caruso,9,7,17.812734550743908,2017
D.J. Viola,1,0,,2016
D.J. Webster,1,0,,1990
D.M.W. Greer,1,0,,2013
D.R. Hood,1,0,,2011
D.W. Brown,1,0,,2011
D.W. Griffith,29,1,16.213405830762646,1931
D.W. Young,1,0,,2013
DJ Pooh,2,2,16.076752437597733,2001
DJ Spooky,1,0,,2008
Da Chiao Lin,1,0,,1980
Daan Veldhuizen,1,0,,2015
Dae-wung Lim,1,0,,2006
Dag Johan Haugerud,2,0,,2014
Dag Yngvesson,1,0,,1999
Dagen Merrill,2,1,10.897812823215624,2013
Dagur Kári,4,0,,2015
Daigo Matsui,1,0,,2012
Daihachi Yoshida,1,0,,2014
Daina Reid,2,0,,2014
Daisuke Miura,1,0,,2010
Daisuke Nishio,7,0,,1992
Daisuke Tengan,2,0,,2008
Daisy Asquith,1,0,,2017
Daisy von Scherler Mayer,7,2,14.48191783004269,2013
Dale Fabrigar,1,0,,2012
Dale G. Bradley,1,0,,2001
Dale Launer,1,1,13.53438693180974,1992
Dale Resteghini,1,0,,2000
Dale Rosenbloom,1,0,,1996
Dale Schott,1,0,,1986
Dalibor Matanić,4,0,,2015
Dallas Jenkins,2,0,,2010
Dallas Richard Hallam,1,0,,2014
Dalton Trumbo,1,0,,1971
Damani Baker,1,0,,2010
Damian Harris,5,0,,2008
Damian Klaus,1,0,,1991
Damian Lee,9,1,8.656955133791396,2016
Damian Nenow,1,0,,2011
Damian Nieman,1,0,,2003
Damian Pettigrew,1,0,,2003
Damiano Damiani,19,1,16.344020690345506,2002
Damien Chazelle,4,2,18.151037688425227,2016
Damien Dante Wayans,1,0,,2009
Damien Leone,2,0,,2015
Damien Macé,1,0,,2016
Damien O'Donnell,3,1,17.15483253590834,2004
Daming Chen,1,0,,2011
Damion Dietz,1,0,,2008
Damir Lukacevic,1,0,,2010
Damián Szifrón,3,1,17.11160931559792,2014
Damjan Kozole,2,0,,2015
Damon Beesley,1,0,,2014
Damon Dash,2,2,12.494620535278226,2005
Damon Gameau,1,0,,2014
Damon Russell,1,0,,2011
Damon Santostefano,4,0,,2011
Damon Thomas,1,0,,2010
Dan Abdo,1,0,,2015
Dan Aykroyd,1,1,15.95319659709279,1991
Dan Beers,1,0,,2014
Dan Bradley,1,1,17.617870092174446,2012
Dan Bush,1,0,,2015
Dan Carracino,1,0,,2012
Dan Castle,1,0,,2008
Dan Chisu,1,0,,2011
Dan Clark,1,0,,1999
Dan Cohen,1,0,,2000
Dan Curtis,11,0,,2005
Dan Cutforth,2,1,17.303709638791453,2014
Dan Eckman,1,0,,2009
Dan Fogelman,1,1,16.198361595251168,2015
Dan Forrer,1,0,,2013
Dan Fraga,1,0,,2015
Dan Garcia,2,0,,2011
Dan Gildark,1,0,,2007
Dan Gilroy,1,1,17.471278243269506,2014
Dan Harris,2,0,,2017
Dan Hartley,1,0,,2013
Dan Hoskins,1,0,,1989
Dan Ireland,6,1,14.358388765117098,2008
Dan Jury,1,0,,1985
Dan Kavanaugh,1,0,,2008
Dan Klores,2,0,,2010
Dan Krauss,3,0,,2016
Dan Kwan,1,1,15.253081038324224,2016
Dan M. Kinem,1,0,,2013
Dan Mazer,2,2,17.75782134259887,2016
Dan Merchant,1,0,,2008
Dan Milner,1,0,,1957
Dan Mintz,1,0,,2001
Dan Mirvish,1,0,,2012
Dan O'Bannon,2,1,16.471354767595884,1991
Dan Ollman,1,0,,2003
Dan Pița,1,0,,1981
Dan Povenmire,1,0,,2011
Dan Reed,4,0,,2014
Dan Rickard,1,0,,2015
Dan Rosen,2,0,,2012
Dan Rush,1,1,14.77668784482986,2010
Dan Sallitt,1,0,,2012
Dan Scanlon,1,1,20.426959491464697,2013
Dan Sickles,2,0,,2017
Dan St. Pierre,1,1,16.742001375565327,2013
Dan Sturman,1,0,,2011
Dan Trachtenberg,2,1,18.50029032091526,2016
Dan Wolman,2,0,,1983
Dan Zeff,1,0,,2008
Dan Zukovic,1,0,,1998
Dana Adam Shapiro,1,0,,2010
Dana Brown,3,0,,2014
Dana Doron,1,0,,2012
Dana Heinz Perry,1,0,,2009
Dana Janklowicz-Mann,1,0,,2002
Dana Lustig,4,1,10.691944912900398,2009
Dana Nachman,2,0,,2015
Dana Ranga,1,0,,1997
Dane Cannon,1,0,,2008
Danfung Dennis,1,0,,2011
Dang Di Phan,1,0,,2010
Dani Levy,2,0,,2007
Dani de la Orden,1,0,,2016
Dani de la Torre,1,0,,2015
Daniel Adams,2,0,,2009
Daniel Alfredson,7,3,16.797398298442587,2015
Daniel Algrant,3,0,,2012
Daniel Anker,1,0,,2004
Daniel Attias,1,0,,1985
Daniel Auteuil,3,0,,2013
Daniel B. Gold,1,0,,2002
Daniel Barber,2,1,16.150538349024355,2014
Daniel Barnz,4,3,15.913350574936901,2014
Daniel Benmayor,3,1,13.294100785858577,2015
Daniel Bitton,1,0,,2003
Daniel Bollag,1,0,,2011
Daniel Borgman,1,0,,2013
Daniel Boyd,1,0,,1987
Daniel Burman,5,0,,2014
Daniel Calparsoro,4,1,16.310257053954384,2016
Daniel Cohen,2,1,12.63370359940466,2012
Daniel De La Vega,1,0,,2016
Daniel Dencik,2,0,,2015
Daniel Duran,1,0,,2015
Daniel Espinosa,4,3,17.53209260927866,2017
Daniel Farrands,2,0,,2013
Daniel Ferguson,1,0,,2013
Daniel Filho,4,0,,2010
Daniel Fridell,2,0,,2012
Daniel G. Karslake ,1,1,12.653162625766091,2007
Daniel Geller,1,0,,2014
Daniel Gillies,1,0,,2012
Daniel Goldberg,1,1,15.07613851618278,1988
Daniel Gordon,3,0,,2016
Daniel Grou,2,0,,2014
Daniel Guzmán,1,0,,2015
Daniel Haller,5,0,,1979
Daniel Hoesl,1,0,,2016
Daniel Holechek,1,0,,2008
Daniel Hsia,1,0,,2012
Daniel J. Sullivan,1,0,,1996
Daniel Junge,3,0,,2015
Daniel Kontur,1,0,,2016
Daniel Krige,1,1,13.815510557964274,2012
Daniel Lambo,1,0,,2013
Daniel Lapaine,1,0,,2006
Daniel Lazo,1,0,,2012
Daniel LeConte,1,0,,2009
Daniel Lee,9,1,18.615800906394405,2016
Daniel Lind Lagerlöf,7,0,,2009
Daniel Lopatin,1,0,,2009
Daniel Lusko,2,1,14.259449946868235,2014
Daniel MacIvor,1,0,,2004
Daniel Mann,17,0,,1978
Daniel Maze,1,0,,2008
Daniel Millican,1,0,,2006
Daniel Minahan,1,0,,2001
Daniel Monzón,2,1,16.775640679468708,2014
Daniel Myrick,5,1,19.328939304129257,2008
Daniel Nettheim,1,1,12.082033204320146,2011
Daniel Noah,1,0,,2016
Daniel Pace,1,0,,2016
Daniel Patrick Carbone,1,0,,2014
Daniel Peddle,1,0,,2015
Daniel Percival,1,0,,2013
Daniel Petrie,15,5,14.700617670339437,1999
"Daniel Petrie, Jr.",4,2,16.853590911643302,2015
Daniel Poliner,1,0,,2013
Daniel Pyne,1,0,,1998
Daniel Ragussis,1,1,10.46310334047155,2016
Daniel Raim,2,0,,2015
Daniel Ray,1,0,,2014
Daniel Ribeiro,3,0,,2014
Daniel Robbins,1,0,,2016
Daniel Roby,3,0,,2013
Daniel Sackheim,2,1,16.977587814828482,2001
Daniel Schechter,2,1,12.489189312359024,2013
Daniel Schmid,2,0,,1982
Daniel Schweizer,1,0,,2003
Daniel Simpson,1,0,,2014
Daniel Snyder,1,0,,2007
Daniel Springen,1,0,,2002
Daniel Stamm,3,2,13.78211752069902,2014
Daniel Stern,1,1,17.796672778837237,1993
Daniel Sánchez Arévalo,4,0,,2013
Daniel Taplitz,2,0,,2004
Daniel Taradash,1,0,,1956
Daniel Vance,1,0,,1973
Daniel Vigne,1,0,,1982
Daniel Waters,2,0,,2007
Daniel Wise,1,0,,2014
Daniel Wolfe,1,0,,2015
Daniel Young,1,0,,2009
Daniel Zelik Berk,1,0,,1998
Daniel Zirilli,5,0,,2016
Daniel di Grado,1,0,,2016
Daniela Féjerman,3,0,,2009
Daniela Goggi,2,0,,2016
Daniele Anastasion,1,0,,2011
Daniele Ciprì,2,0,,2014
Daniele Gaglianone,1,0,,2013
Daniele Grieco,1,0,,2014
Daniele Luchetti,5,1,15.681648415161352,2010
Daniele Vicari,1,0,,2008
Danielle Gardner,1,0,,2012
Danielle Harris,1,0,,2012
Daniil Khrabrovitsky,1,0,,1972
Danilo Šerbedžija,1,0,,2010
Danis Tanović,4,0,,2013
Danièle Thompson,6,0,,2016
Danny Bilson,3,0,,1991
Danny Boyle,14,10,17.56559164202313,2017
Danny Cannon,5,3,17.72847299006077,2005
Danny DeVito,6,3,17.325703149002894,2003
Danny Deprez,2,0,,2002
Danny Draven,2,0,,2016
Danny Horan,1,0,,2010
Danny Huston,2,1,14.015480462475251,1996
Danny Lee Sau-Yin,1,0,,1993
Danny Leiner,3,2,17.54968734539196,2009
Danny Lerner,7,0,,2011
Danny Mooney ,1,0,,2013
Danny O'Connor,1,0,,2010
Danny Pang,9,2,15.742141052023623,2015
Danny Perez,2,0,,2016
Danny Roew,1,0,,2016
Danny Roth,1,0,,2008
Danny Steinmann,3,1,16.903385180859935,1985
Dano Johnson,1,0,,2007
Dante Ariola,1,0,,2012
Dante Desarthe,1,0,,2016
Dante Lam,11,1,18.968802152462057,2016
Dany Boon,4,1,17.789416423882706,2017
Danyael Sugawara,1,0,,2009
Daphna Kastner,1,0,,1998
Daphne Matziaraki,1,0,,2016
Daphne Pinkerson,1,0,,2011
Darcy Dennett,1,0,,2015
Darezhan Omirbayev,3,0,,2007
Daric Loo,1,0,,2013
Darin Beckstead,1,0,,2011
Darin Ferriola,1,0,,2006
Darin Scott,5,0,,2014
Darina Shmidt,1,1,16.057177235988902,2016
Dario Argento,17,2,12.560514751055308,2012
Dario Piana,1,0,,2007
Dariush Mehrjui,4,0,,1998
Dariusz Gajewski,2,0,,2015
Dariusz Jabłoński,1,0,,1998
Darko Lungulov,1,0,,2009
Darko Mitrevski,3,0,,2012
Darlo Piana,1,0,,2010
Darnell Martin,4,1,14.390448361997482,2013
Darragh Byrne,1,0,,2010
Darrell James Roodt,7,3,14.464258670492342,2011
Darrell Moore,1,0,,1987
Darrell Rooney,3,0,,2004
Darren Aronofsky,6,6,17.379499783231275,2014
Darren Ashton,1,0,,2004
Darren Doane,2,0,,2014
Darren Fisher,1,0,,2007
Darren Grant,2,0,,2008
Darren Grodsky,2,0,,2014
Darren Lynn Bousman,10,4,17.164367445851042,2016
Darren Paul Fisher,1,0,,2013
Darren Stein,2,1,14.939407154055536,2013
Darren Thornton,1,0,,2016
Darryl Roberts,2,0,,2011
Daryl Duke,4,0,,1986
Daryl Goldberg,1,0,,2007
Daryl Wein,3,1,12.439574365312565,2015
Daryn Tufts,1,0,,2010
Dasaradh,1,0,,2011
Dash Shaw,1,0,,2016
Dav Kaufman,1,0,,2008
Dave Allen,1,0,,1990
Dave Borthwick,2,0,,2005
Dave Boyle,1,0,,2015
Dave Bullock,1,1,15.470137491562072,2008
Dave Eddy,1,0,,1997
Dave Edwards,1,0,,1991
Dave Filoni,1,1,18.03916910704418,2008
Dave Fleischer,10,0,,1942
Dave Foley,1,0,,2001
Dave Green,2,2,18.474064720476864,2016
Dave Grohl,1,0,,2013
Dave Jackson,1,0,,2015
Dave Kehr,1,0,,2005
Dave Kim,1,0,,2011
Dave LaMattina,1,0,,2015
Dave Marshall,1,0,,1998
Dave McCary,1,0,,2017
Dave McKean,1,1,13.672793102359476,2005
Dave McLaughlin,1,0,,2007
Dave Meyers,2,2,16.331589049802837,2007
Dave Mullins,1,0,,2017
Dave Ohlson,1,0,,2012
Dave Parker,2,0,,2009
Dave Payne,3,0,,2008
Dave Schram,3,0,,2013
Dave Schultz,1,0,,2001
Dave Thomas,2,0,,2004
Dave Unwin,1,0,,1995
Dave Willis,1,0,,2007
David A. Armstrong,1,0,,2013
David A. Cross,2,0,,2011
David A. Prior,3,0,,2006
David A. Wilson,1,0,,2010
David A.R. White,1,0,,2010
David Alexanian,2,0,,2010
David Alvarado,1,0,,2014
David Andalman,1,0,,2013
David Anderson,1,0,,2016
David Anspaugh,6,2,17.05463598869619,2005
David Arquette,1,0,,2006
David Atkins,1,1,14.521197782480764,2001
David Attenborough,1,0,,2009
David Attwood,3,0,,2007
David Au,1,0,,2014
David Auburn,1,0,,2007
David Ayer,6,6,17.92814410741431,2016
David Bailey,1,0,,1999
David Barker,1,0,,2011
David Barnard,1,0,,2002
David Barrett,1,1,15.349398936616872,2012
David Beaird,4,0,,1991
David Beilinson,1,0,,2014
David Benullo,1,0,,2007
David Betances,1,0,,2010
David Bezmozgis,1,0,,2009
David Blair,3,0,,2014
David Block,1,0,,2012
David Blyth,1,0,,2010
David Bond,2,0,,2013
David Bowers,5,5,17.869886103769012,2017
David Boyd,1,1,14.866688762570554,2013
David Bradley,2,0,,1960
David Breashears,1,1,18.15211374222247,1998
David Brooks,1,1,8.009695357742922,2012
David Bruckner,1,1,12.428836124626088,2007
David Brundige,1,0,,2011
David Burris,1,0,,2015
David Burton,1,0,,1936
David Burton Morris,4,0,,2010
David Butler,25,0,,1967
David Byrne,1,0,,1986
David C. Thomas,1,0,,2002
David Caesar,4,0,,2016
David Caffrey,2,0,,2003
David Cage,1,0,,2012
David Campbell,1,0,,2014
David Carreras,1,0,,2004
David Carson,6,1,18.60300230074632,2007
David Cave,1,0,,2016
David Charhon,1,1,17.03875968598651,2012
David Chase,1,1,13.322511754663893,2012
David Chen,1,0,,2015
David Cherkasskiy,3,0,,1988
David Cholewa,1,0,,2012
David Chung,1,0,,1987
David Cronenberg,20,12,16.116059847208447,2014
David Cross,2,0,,2014
David Cánovas,1,0,,2016
David Daniel,1,0,,2002
David Darg,1,0,,2015
David De Vries,1,0,,2008
David DeBartolomé,1,0,,2003
David DeCoteau,16,0,,2013
David DeFalco,2,0,,2010
David Delrieux,1,0,,2006
David Denneen,1,0,,2008
David Deschamps,1,0,,2012
David Devine,1,0,,2005
David Dhawan,11,0,,2011
David Dietl,1,0,,2013
David Dobkin,6,5,18.50918623325004,2014
David Dodson,1,0,,2012
David Douglas,2,1,15.515040696694308,2014
David Drury,4,1,13.527828485512494,2009
David Duchovny,1,0,,2005
David Dunn Jr.,1,0,,2013
David Dworsky,1,0,,2011
David E. Durston,1,0,,1970
David E. Talbert,3,3,17.321952386084572,2016
David Eady,1,0,,1955
David Earnhardt,1,0,,2008
David Elliot,1,0,,2007
David Elliott,1,0,,1981
David Engelbach,1,0,,1986
David Evans,2,0,,2015
David F. Sandberg,2,1,18.818576174202953,2016
David Farr,1,0,,2015
David Farrier,1,0,,2016
David Feiss,1,0,,2015
David Field,1,0,,2014
David Fincher,10,10,19.063671514245843,2014
David Fine,1,0,,1994
David Firth,1,0,,2017
David Fisher,2,0,,1984
David Flores,3,0,,2009
David France,1,0,,2012
David Frankel,7,7,17.601463314490136,2016
David G. Hillier,1,0,,1994
David Gebroe,1,0,,2004
David Gelb,3,2,16.363962692180902,2015
David Giancola,2,0,,2000
David Gidali,1,0,,2014
David Giles,4,0,,1982
David Gladwell,1,0,,1975
David Gleeson,2,1,10.425253116340452,2006
David Gordon Green,11,8,15.0003971165728,2015
David Green,3,0,,1990
David Greene,10,1,15.509092356730177,1997
David Greenwalt,1,1,15.969915429089744,1985
David Gregory,3,0,,2014
David Grieco,1,0,,2004
David Grossman,2,0,,2003
David Grovic,1,1,10.943304794693733,2014
David Grubin,1,0,,2010
David Gumpel,1,0,,2002
David Guy Levy,1,0,,2012
David H. Brooks,1,0,,2006
David Hackl,3,1,18.550458514293055,2015
David Hamilton,4,0,,1983
David Hand,14,2,19.21994802910728,1942
David Hare,5,0,,2014
David Hartman,1,0,,2016
David Hayter,1,0,,2014
David Heeley,1,0,,2003
David Helpern,2,0,,1976
David Hemmings,4,0,,1992
David Hewlett,2,0,,2014
David Hicks,1,0,,2012
David Hickson,1,0,,2003
David Higby,3,0,,2016
David Hillenbrand,3,1,12.483480872303508,2009
David Hinton,2,0,,1988
David Hogan,3,2,15.717836677024273,2011
David Hollander,1,0,,2009
David Howard,1,0,,1934
David Hugh Jones,5,0,,1999
David Hughes,1,0,,1981
David Hunt,1,0,,2016
David Irving,2,0,,1989
David J. Burke,1,0,,2005
David Jackson,7,0,,2017
David Jacobson,3,2,12.766994444583894,2012
David Jung,1,0,,2014
David Kane,1,0,,2000
David Kaplan,1,1,12.900853490932745,2009
David Keating,3,0,,2015
David Kellogg,2,1,13.992033669553642,1999
David Kendall,1,0,,2005
David Kennard,2,0,,2014
David Kerr,1,0,,2016
David Kittredge,1,0,,2009
David Kleijwegt,1,0,,2008
David Koepp,6,4,17.424070206363858,2015
David Krentz,1,0,,2012
David Kyle,1,0,,2010
David L. Corley,1,0,,1999
David L. Cunningham,2,0,,2007
David LaChapelle,1,0,,2005
David Lambert,1,0,,2012
David Lammers,1,0,,2006
David Lane,3,0,,1972
David Langlitz,1,0,,2006
David Leaf,2,0,,2006
David Lean,16,4,17.708421226951213,1984
David Lebrun,1,0,,2008
David Lee Madison,1,0,,2010
David Lee Miller,1,0,,2009
David Leitch,1,1,18.315408502176066,2017
David Leland,4,1,15.503898088559495,2007
David Leveaux,1,0,,2017
David Lewis,3,0,,2011
David Lickley,1,1,15.860920151536147,2011
David Lipke,1,0,,2011
David Lister,3,0,,2009
David Lowell Rich,7,1,16.381665957095866,1986
David Lowery,4,3,16.397084334776796,2017
David Lynch,26,9,15.929472757338353,2014
David M. Evans,8,1,17.294180763359748,2012
David M. Rosenthal,5,2,13.873785024559488,2015
David MacDonald,3,0,,1954
David MacKay,2,0,,2016
David Mackay,3,0,,2012
David Mackenzie,8,6,14.02041019670122,2016
David Mallet,3,0,,2001
David Mamet,11,4,14.712689391471454,2013
David Maquiling,1,0,,1997
David Marconi,1,0,,2013
David Markey,1,0,,1992
David Marqués,1,0,,2012
David McKay,1,0,,2007
David McNally,2,1,18.550976053603986,2003
David Menkes,1,0,,2014
David Michael Conley,1,0,,2016
David Michael Latt,2,0,,2009
David Michôd,3,2,14.230969128091429,2017
David Miller,12,0,,1973
David Mirkin,2,1,17.190889254087164,2001
David Mitchell,3,0,,1995
David Molina,3,0,,2005
David Moore,1,0,,2006
David Moreau,3,1,17.846378541654772,2013
David Moreton,1,1,13.677111336662843,1998
David Morlet,1,0,,2009
David Morley,1,0,,2013
David Morris,2,0,,2012
David Mortin,1,0,,2012
David Mueller,1,0,,2011
David Munro,1,0,,1994
David Murphy,1,0,,2011
David Muñoz,2,0,,2012
David Naylor,1,0,,2000
David Nelson,1,0,,2006
David Nerlich,1,0,,2007
David Nixon,1,0,,2010
David Nutter,1,1,16.678132378857512,1998
David O'Malley,1,0,,1989
David O. Russell,9,6,18.37860185433343,2015
David O. Selznick,1,0,,1944
David Oelhoffen,1,0,,2014
David Ogden,1,0,,2006
David Oliver,1,0,,1985
David Oliveras,1,0,,2008
David Ondaatje,1,0,,2009
David Ondříček,2,0,,2012
David Osit,1,0,,2015
David Paul Meyer,4,0,,2017
David Paulsen,2,0,,1980
David Petrarca,2,0,,2012
David Pinillos,1,0,,2010
David Presley,1,0,,2008
David Price,2,1,15.75870072550718,1995
David Prior,2,0,,2008
David R. Brooks,1,0,,2009
David R. Ellis,7,6,17.76457000838727,2011
David Ray,1,0,,2005
David Raynr,4,2,16.061406038515454,2016
David Rebordão,1,0,,2013
David Redmon,2,0,,2012
David Ren,1,0,,2012
David Richards,1,0,,1996
David Riker,2,0,,2012
David Robert Mitchell,2,1,16.50159295747123,2015
David Rodriguez,1,0,,2013
David Ross,1,1,10.71112345958077,2007
David Rountree,1,0,,2014
David Russo,1,0,,2010
David Ryan Keith,2,0,,2017
David Rühm,1,0,,2014
David S. Cass Sr.,7,0,,2012
David S. Goyer,4,3,17.977287921108445,2009
David S. Ward,6,3,17.30455732287531,1996
David Salle,1,1,12.872626846445565,1995
David Salzberg,2,0,,2016
David Sampliner,1,0,,2014
David Sandberg,1,0,,2015
David Saperstein,1,0,,1989
David Schisgall,1,0,,2007
David Schmoeller,5,0,,2012
David Schneider,1,0,,2002
David Schwimmer,3,2,14.503632570597468,2010
David Seltzer,4,3,16.556796225020495,2001
David Sereda,1,0,,2005
David Serrano,2,1,16.317939704846452,2016
David Sieveking,2,0,,2013
David Silverman,2,1,20.082841745030876,2012
David Sington,3,0,,2015
David Slade,3,3,18.089581357050278,2010
David Smith,1,0,,2005
David Snedeker,1,0,,2000
David Soren,4,2,18.991448280018293,2017
David Spaltro,1,0,,2015
David Steiman,1,0,,2005
David Steinberg,5,0,,2011
David Steinmetz,1,0,,1977
David Stenn,1,0,,2007
David Stevens,1,0,,1988
David Storey,1,0,,2014
David Swift,6,0,,1967
David T. Friendly,1,0,,2015
David Tennant,1,0,,2016
David Thacker,1,0,,2003
David Thompson,1,0,,1993
David Thorpe,1,0,,2014
David Trueba,3,0,,2013
David Turner,1,0,,2013
David Turnley,1,0,,2012
David Twohy,7,6,16.91281615325736,2013
David Van Taylor,1,0,,1992
David Veloz,1,0,,1998
David Victori,1,0,,2015
David Von Ancken,2,1,13.99474986951695,2015
David VonAllmen,1,0,,2008
David Vyle Levy,1,0,,2014
David Wain,5,3,15.979021997833383,2014
David Weaver,3,1,7.83241092718792,2012
David Webb Peoples,1,1,13.690276079132593,1989
David Wechter,1,0,,1986
David Weisman,2,0,,1973
David Weissman,1,0,,2011
David Wellington,1,0,,1988
David Wickes,3,0,,1990
David Winkler,1,0,,2005
David Winning,7,1,14.22097566607244,2016
David Winters,4,0,,2015
David Winton,1,0,,2000
David Wnendt,3,1,17.05472815887949,2015
David Worth,5,0,,2002
David Wu,3,0,,2007
David Yarovesky,1,0,,2015
David Yates,10,6,20.535435193868796,2016
David Zellner,4,0,,2015
David Zucker,7,6,17.700030013780207,2008
David de Vos,1,0,,2006
Davide Ferrario,1,0,,1998
Davide Marengo,1,0,,2014
Davie Fairbanks,1,0,,2015
Davis Doi,3,0,,2016
Davis Guggenheim,7,5,15.447538941155162,2015
Davy Rothbart,1,0,,2013
Dawn Porter,2,0,,2016
Dax Shepard,3,2,16.793328440826514,2017
Dayyan Eng,1,0,,2011
Deagol Brothers,1,0,,2008
Dean Alioto,3,0,,2009
Dean Bennett,1,0,,2010
Dean Cundey,1,0,,1997
Dean DeBlois,3,2,19.512540962463923,2014
Dean Francis,1,0,,2010
Dean Hamilton,1,0,,2008
Dean Hewison,1,0,,2012
Dean Israelite,2,2,18.031341893268902,2017
Dean Jones,1,0,,2014
Dean Matthew Ronalds,1,0,,2013
Dean Murphy,1,0,,2009
Dean O'Flaherty,1,1,10.933106969717286,2009
Dean Parisot,6,3,17.869423598780894,2013
Dean Puckett,1,0,,2012
Dean Semler,2,0,,1998
Dean Tschetter,1,0,,1991
Dean Wellins,1,0,,2010
Dean Wright,1,1,16.07965062088512,2012
Deane Taylor,1,0,,2015
Deann Borshay,1,0,,2000
Dearbhla Walsh,2,0,,2015
Deb Ellis,1,0,,2004
Deb Hagan,1,1,15.644931191547991,2008
Deb Shoval,1,0,,2017
Debbie Isitt,4,0,,2014
Debbie Lum,1,0,,2012
Debbie Melnyk ,1,0,,2007
Debbie Tucker Green,1,0,,2014
Deborah Anderson,1,0,,2013
Deborah Brock,1,0,,1987
Deborah Chow,2,0,,2014
Deborah Hoffmann,1,0,,2000
Deborah Kampmeier,1,0,,2007
Deborah Koons,1,0,,2013
Deborah Perkin,1,0,,2014
Deborah S. Esquenazi,1,0,,2016
Deborah Scranton,1,1,12.44583729786062,2006
Deborah Stratman,2,0,,2009
Deborah Warner,1,0,,2000
Debra Granik,3,1,16.442459374525633,2014
Debs Gardner-Paterson,1,0,,2010
Declan Lowney,3,1,16.0978929436408,2013
Declan O'Brien,6,0,,2014
Dee Hibbert-Jones,1,0,,2015
Dee McLachlan,3,1,13.079662535622116,2007
Dee Rees,2,0,,2015
Deepa Mehta,6,5,13.717817579923368,2012
Deepak S. Shivdasani,1,0,,2001
Deepak Sareen,1,0,,2001
Deepak Tijori,1,0,,2006
Deepan Chakravarthy,1,0,,2013
Deidre Schoo,1,0,,2013
Dein Perry,1,0,,2000
Dejan Zečević,3,1,12.56374708980199,2016
Del Shores,2,1,13.89221786320847,2013
Del Tenney,2,0,,1971
Delbert Mann,20,1,14.914122846632385,1991
Delmer Daves,20,1,15.250595083253597,1965
Delphine Gleize,1,0,,2002
Delphine de Vigan,1,0,,2014
Demetri Martin,1,0,,2017
Demetrius Navarro,1,0,,2015
Demi Moore,1,0,,2011
Demian Lichtenstein,2,1,16.74511237726062,2010
Demofilo Fidani,8,0,,1971
Deng Chao,1,1,18.48496923383473,2014
Denis Chouinard,1,0,,2001
Denis Côté,4,0,,2016
Denis Delestrac,1,0,,2009
Denis Dercourt,3,0,,2015
Denis Hennelly,1,0,,2013
Denis Heroux,1,0,,1975
Denis Héroux,1,0,,1977
Denis Langlois,1,0,,2005
Denis Leary,1,0,,1995
Denis Neimand,1,0,,2006
Denis Rabaglia,2,0,,2008
Denis Sanders,3,0,,1973
Denis Thybaud,1,0,,2005
Denis Villeneuve,9,5,17.362459885198255,2016
Denise Di Novi,1,1,16.692910319927627,2017
Denison Clift,1,0,,1935
Deniz Gamze Ergüven,1,1,12.429216196844385,2015
Dennie Gordon,4,1,17.24910074816581,2013
Dennis Berry,2,0,,2000
Dennis Bots,3,0,,2015
Dennis Devine,1,0,,2010
Dennis Dimster,3,0,,2009
Dennis Donnelly,1,0,,1978
Dennis Dugan,14,11,18.178502242140265,2013
Dennis Feldman,1,0,,1987
Dennis Gansel,6,3,16.850214967809595,2016
Dennis Hauck,1,1,8.85366542803745,2016
Dennis Hopper,7,3,15.338042482437102,1994
Dennis Iliadis,3,1,17.30354703788804,2013
Dennis Law,3,0,,2010
Dennis Lee,2,0,,2012
Dennis Muren,1,0,,1970
Dennis Todorović,1,0,,2011
Dennis Wise,1,0,,2013
Dennis Yu,1,0,,1981
Denny Harris,1,0,,1979
Denny Tedesco,1,0,,2008
Denys Arcand,6,2,12.822694059035474,2014
Denys de La Patellière,2,0,,1968
Denzel Washington,3,3,17.390643860817843,2016
Deon Taylor,3,0,,2016
Deran Sarafian,4,2,16.628829734809006,1994
Dereck Joubert,1,0,,2011
Derek Burbidge,1,0,,1981
Derek Cianfrance,3,3,17.02647763985657,2016
Derek Cole,1,0,,2012
Derek Frankowski,1,0,,2010
Derek Franson,1,0,,2011
Derek Hui,1,0,,2017
Derek Jarman,9,2,13.903860223655421,1994
Derek Kwok Chi-Kin,2,0,,2014
Derek Lee,1,1,11.7050240702781,2014
Derek May,1,0,,2007
Derek Mungor,1,0,,2016
Derek Savage,1,0,,2015
Derek Sieg,1,0,,2006
Derek Yee Tung-Sing,8,0,,2016
Derick Martini,3,0,,2015
Derik Murray,3,0,,2017
Dermot Mulroney,1,1,7.228388451573604,2011
Derrick Borte,2,1,15.764662304503624,2017
Derviş Zaim,1,0,,1996
Derwin Abrahams,1,0,,1948
Des Doyle,1,0,,2014
Des McAnuff,3,1,17.374703219498684,2014
Desiree Akhavan,1,0,,2015
Desmond Davis,3,1,17.531331995375407,1981
Desmond Nakano,2,0,,2007
Destin Cretton,3,2,15.186876255686382,2017
Destiny Ekaragha,1,0,,2014
Detlef Bothe,1,0,,2004
Detlev Buck,6,0,,2012
Dev Benegal,2,0,,2009
Deven Bhojani,1,0,,2017
Devin Dehaven,1,0,,2016
Devin McGinn,1,0,,2013
Devon Avery,1,0,,2014
Devon Gummersall,1,0,,2011
Devyn Waitt,1,0,,2012
Dewey Nicks,1,1,15.673980406886743,2002
Dewi Humphreys,1,0,,1996
Dexter Fletcher,3,1,17.647459760235424,2016
Dez Vylenz,1,0,,2003
Dharmesh Darshan,3,0,,2000
Dhavala Satyam,1,0,,2010
Dheeraj Akolkar,1,0,,2012
Dhimitër Anagnosti,1,0,,1987
Diablo Cody,1,0,,2013
Diana Whitten,1,0,,2014
Diane Bell,1,0,,2015
Diane Bertrand,1,0,,2005
Diane Doniol-Valcroze,1,0,,1999
Diane English,1,1,17.727684472005144,2008
Diane Keaton,2,1,17.400081970153327,2000
Diane Kurys,7,0,,2013
Diane Paragas,1,0,,2012
Diarmuid Lawrence,3,0,,2013
Diastème,1,0,,2015
Dibakar Banerjee,5,0,,2015
Dick Bartlett,1,0,,1988
Dick Carruthers,1,0,,2012
Dick Clement,4,0,,1985
Dick Huemer,1,0,,1931
Dick Lowry,14,1,15.552276914453843,2011
Dick Maas,11,1,12.00254175248878,2016
Dick Powell,5,0,,1958
Dick Proenneke,3,0,,2011
Dick Randall,1,0,,1974
Dick Richards,5,1,14.50865773852422,1986
Dick Rickard,1,0,,1938
Dick Sebast,1,0,,1998
Didi Danquart,1,0,,2006
Didier Bivel,1,0,,2016
Didier Bourdon,1,0,,2009
Didier Grousset,1,0,,1986
Didier Le Pêcheur,1,0,,2008
Didier Tronchet,1,0,,2002
Diederick Koopal,2,0,,2015
Diederik Ebbinge,2,0,,2013
Diederik Van Rooijen,1,0,,2013
Diego Araujo,1,0,,2014
Diego Kaplan,2,0,,2012
Diego Lerman,3,0,,2014
Diego Luna,4,0,,2016
Diego Quemada-Díez,1,0,,2013
Diego Rafecas,1,0,,2005
Diemo Kemmesies,1,0,,2012
Dieter Hallervorden,1,0,,1985
Dietrich Brüggemann,4,0,,2015
Dietrich Johnston,1,0,,2013
Dieudonné M'bala M'bala,2,0,,2012
Digna Sinke,1,0,,2008
Dileesh Pothan,1,1,12.345834587905332,2016
Dilip Ghosh,1,0,,2013
Dilip Mehta,2,0,,2010
Dimitar Mitovski,1,0,,2010
Dimitri Buchowetzki,1,0,,1921
Dimitri Karakatsanis,1,0,,2007
Dimitri Kirsanoff,1,0,,1926
Dimitri Logothetis,1,0,,1987
Dimitris Athanitis,1,0,,2016
Dimitris Papaioannou,1,0,,2007
Dina Shturmanova,1,0,,2015
Dinesh D'Souza,1,1,16.38045991542581,2016
Ding Sheng,6,2,18.32727457459855,2016
Dino Risi,29,0,,1987
Dinos Dimopoulos,5,0,,1968
Dinos Katsouridis,2,0,,1971
Director X.,1,0,,2016
Dirk Campbell,1,0,,1990
Dirk De Villiers,1,0,,1976
Dirk Hagen,1,0,,2005
Dirk Shafer,1,1,12.2545532379777,1995
Dirk Simon,1,0,,2010
Dito Montiel,6,5,14.065923007670843,2016
Dito Tsintsadze,1,0,,2003
Djamel Bensalah,1,0,,2011
Djibril Diop Mambéty,2,0,,1992
Djinn,1,0,,2004
Djo Munga,1,1,10.689213914389166,2010
Dmitri Meskhiyev,1,1,15.836761653441917,2015
Dmitri Voronkov,1,1,16.0027767144146,2010
Dmitriy Astrakhan,3,0,,1998
Dmitriy Babichenko,1,0,,1959
Dmitriy Dyachenko,6,3,16.15851118044873,2016
Dmitriy Dyuzhev,1,0,,2012
Dmitriy Kiselev,3,2,16.49423335262311,2017
Dmitriy Suvorov,2,1,12.479909311159902,2016
Dmitry Meskhiev,1,0,,2003
Doesjka van Hoogdalem,1,0,,2016
Dollan Cannell,1,0,,2006
Dolph Lundgren,5,0,,2010
Dom DeLuise,1,0,,1979
Dom Rotheroe,3,0,,2007
Dome Karukoski,7,0,,2017
Domenico Paolella,5,0,,1979
Domenico Saverni,1,0,,1999
Dominga Sotomayor Castillo,1,0,,2012
Dominic Anciano,2,0,,2000
Dominic Brigstocke,7,0,,2008
Dominic Burns,4,0,,2014
Dominic Haxton,2,0,,2016
Dominic Howes,1,0,,2008
Dominic James,1,0,,2010
Dominic Murphy,1,0,,2009
Dominic Perez,1,0,,2009
Dominic Polcino,2,0,,2009
Dominic Savage,1,0,,2006
Dominic Sena,5,5,17.478265550346485,2011
Dominik Graf,2,0,,2014
Dominik Hartl,1,0,,2016
Dominik Moll,4,3,14.113812404968698,2016
Dominique Abel,3,0,,2011
Dominique Adams,1,0,,2010
Dominique Benicheti,1,0,,1972
Dominique Cardona,1,0,,2012
Dominique Deruddere,6,1,11.694571793849116,2014
Dominique Farrugia,4,0,,2011
Dominique Monfery,1,0,,2003
Dominique Othenin-Girard,1,1,16.27015162413294,1989
Don Allan,1,0,,1995
Don Argott,8,0,,2017
Don Askarian,1,0,,1992
Don Barton,1,0,,1971
Don Bluth,3,3,17.66852730000441,1988
Don Chaffey,10,0,,1979
Don Cheadle,1,1,15.056913820046017,2016
Don Coscarelli,8,3,16.186362088556972,2012
Don Dohler,3,0,,1985
Don E. FauntLeRoy,7,0,,2009
Don Edmonds,4,0,,1977
Don Hahn,1,0,,2009
Don Handfield,1,0,,2011
Don Hardy Jr.,2,0,,2015
Don Hartman,2,0,,1949
Don Henderson,1,0,,1971
Don Hertzfeldt,6,0,,2015
Don Hulette,1,0,,1977
Don Jones,2,0,,1982
Don Jurwich,1,0,,1987
Don Kempf,1,1,16.872739167399217,2000
Don Letts,2,0,,1997
Don Levy,2,0,,1967
Don Lusk,1,0,,1987
Don Mancini,2,1,17.0275488198866,2013
Don McBrearty,6,0,,2016
Don McGuire,1,0,,1957
Don McKellar,2,1,15.048076066941764,2014
Don Medford,3,0,,1971
Don Michael Paul,10,1,18.15192152628948,2016
Don Mischer,1,0,,1982
Don Roos,4,3,17.14928981614871,2010
Don Roy King,1,0,,2011
Don Scardino,1,1,17.127435134808035,2013
Don Schain,4,0,,1977
Don Sharp,14,0,,1979
Don Siegel,27,6,16.31579488270355,1982
Don Sikorski,1,0,,2012
Don Taylor,9,3,16.683404759789536,1980
Don Thacker,1,0,,2013
Don Weis,6,0,,1981
Donal Lardner Ward,1,0,,1999
Donal MacIntyre,1,0,,2007
Donald Cammell,2,0,,1988
Donald Crisp,1,0,,1925
Donald Crombie,1,0,,1986
Donald Driver,1,0,,1973
Donald G. Jackson,3,0,,1991
Donald L. Gold,1,0,,2002
Donald P. Borchers,2,0,,2009
Donald Petrie,12,7,17.511338554165118,2009
Donald Rice,1,0,,2012
Donald Shebib,2,0,,1990
Donald Wrye,3,0,,2010
Donato Rotunno,1,0,,2006
Donato Ursitti,1,0,,2012
Dong-hun Choi,4,1,18.240593078164903,2015
Dong-won Kim,1,0,,2012
Dong-yeob Shin,1,0,,2013
Dongseok Kuk,1,0,,2013
Donna Davies,1,0,,2011
Donna Deitch,2,1,14.690979295318174,1994
Donna Robinson,1,0,,2015
Donovan Cook,1,0,,2004
Donovan Marsh,3,0,,2013
Dony Permedi,1,0,,2006
Dore Schary,2,0,,1963
Dori Berinstein,2,0,,2013
Dorian Fernández-Moris,1,0,,2014
Dorian Supin,1,0,,2002
Dorian Walker,2,1,10.234336867263504,1989
Doris Dörrie,9,0,,2016
Doris Wishman,3,0,,1974
Doron Eran,1,0,,2002
Dorota Kędzierzawska,3,0,,2007
Dorothy Ann Puzo,1,0,,1987
Dorothy Arzner,9,0,,1943
Dorothy Davenport,1,0,,1934
Dorothée Van Den Berghe,2,0,,2009
Doru Nastase,1,0,,1979
Doug Aitken,1,0,,2014
Doug Archibald,1,0,,2017
Doug Atchison,1,1,16.75723137258213,2006
Doug Biro,1,0,,2010
Doug Block,2,0,,2014
Doug Bollinger,1,1,9.346181594887597,2006
Doug Campbell,9,0,,2016
Doug Ellin,3,1,17.712692050989443,2015
Doug Hamilton,1,0,,2013
Doug Lefler,3,1,17.04643502554022,2007
Doug Liman,9,8,17.75098719742287,2017
Doug Lodato,1,0,,2011
Doug McHenry,1,1,16.852937453188677,1994
Doug Pray,5,0,,2013
Doug Sweetland,2,1,19.02159902169455,2016
Doug Walker,3,0,,2012
Doug Wilson,1,0,,2012
Douglas A. Raine,1,0,,2008
Douglas Aarniokoski,4,2,16.348186173574618,2013
Douglas Barr,5,0,,2017
Douglas Blush,1,0,,2012
Douglas Buck,1,0,,2006
Douglas Camfield,1,0,,1982
Douglas Cheek,1,1,15.042954839354088,1984
Douglas Curtis,1,0,,1990
Douglas Day Stewart,1,1,16.153936041869905,1984
Douglas Gordon,1,0,,2006
Douglas Heyes,1,0,,1964
Douglas Hickox,8,0,,1985
Douglas Horn,1,0,,2009
Douglas Jackson,5,0,,2008
Douglas Keeve,1,0,,1995
Douglas Mackinnon,2,0,,2015
Douglas McCarthy,1,0,,2000
Douglas McGrath,7,3,16.03612679981067,2016
Douglas McKeown,1,0,,1983
Douglas Rath,1,0,,2014
Douglas Schulze,3,0,,2016
Douglas Schwartz,2,0,,1993
Douglas Sirk,22,1,14.946912669455374,1959
Douglas Tirola,3,0,,2015
Douglas Trumbull,2,1,16.139804303770493,1983
Dov Kelemer,1,0,,2001
Dover Koshashvili,2,0,,2010
Doze Niu Cheng-Tse,2,0,,2012
Dragan Bjelogrlić,2,0,,2014
Drake Doremus,4,3,13.082069404560789,2015
Drew Barrymore,1,1,16.626901336021046,2009
Drew Bolduc,1,0,,2010
Drew Casson,1,0,,2016
Drew Daywalt,1,0,,2008
Drew DeNicola,1,0,,2013
Drew Goddard,1,1,18.01250316040663,2012
Drew Hall,2,0,,2015
Drew Heriot,1,0,,2006
Drew Maxwell,1,0,,2011
Drew Pearce,1,0,,2014
Drew Taylor,1,0,,2013
Drew Tobia,1,0,,2013
Drew Van Steenbergen,1,0,,2014
Dror Moreh,1,0,,2012
Dror Shaul,1,0,,2006
Dror Soref,1,0,,2009
Dror Zahavi,2,0,,2009
Dru Brown,1,0,,2015
Duane Adler,1,1,18.61953160269753,2013
Duane Clark,1,0,,2008
Duane Crichton,1,0,,2008
Duane Hopkins,1,0,,2008
Duane Journey,1,0,,2013
Duane Stinnett,1,0,,2006
Duccio Tessari,13,0,,1992
Dudley Murphy,1,0,,1933
Dudley Nichols,3,0,,1947
Duilio Coletti,3,0,,1960
Duke Johnson,1,1,15.548808293812092,2015
Duke Mitchell,2,0,,2010
Duncan Bridgeman,1,0,,2012
Duncan Gibbins,2,0,,1991
Duncan Jones,3,3,18.26327614791757,2016
Duncan MacNeillie,1,0,,2011
Duncan McLachlan,1,0,,1995
Duncan Roy,1,0,,2002
Duncan Skiles,1,0,,2010
Duncan Tucker,1,1,16.40705458287798,2005
Duncan Ward,1,0,,2009
Dunia Ayaso,2,0,,2003
Durul Taylan,1,0,,2009
Dusan Makavejev,9,0,,1994
Dustin Harrison-Atlas,1,0,,2016
Dustin Hoffman,1,1,17.901827955197007,2012
Dustin Lance Black,1,0,,2010
Dustin Marcellino,1,0,,2014
Dustin Rikert,1,0,,2011
Dusty Bias,1,0,,2011
Duwayne Dunham,7,0,,2005
Dušan Hanák,2,0,,1989
Dušan Kovačević,2,0,,2003
Dušan Milić,1,0,,2003
Dušan Trančík,1,0,,1979
Dušan Vukotić,1,0,,1961
Dwain Esper,2,0,,1936
Dwayne Carey-Hill,2,0,,2008
Dwight H. Little,7,6,16.623982083761177,2010
Dwight Yoakam,1,0,,2000
Dylan Avery,2,0,,2009
Dylan Baker,1,0,,2014
Dylan Bank,2,0,,2017
Dylan C. Brown,1,0,,2012
Dylan Kidd,3,1,14.047226064866209,2016
Dylan Mohan Gray,1,0,,2013
Dzhanik Fayziev,2,0,,2012
Dziga Vertov,9,0,,1934
E J-yong,1,0,,2006
E. Elias Merhige,3,2,16.154847357466366,2004
E. Hardon,1,0,,1929
E. Mason Hopper,1,0,,1929
E. Max Frye,1,0,,1993
E. Niwas,1,0,,2004
E.A. Dupont,4,0,,1953
E.L. Katz,2,0,,2017
E.V.V. Satyanarayana,1,0,,1995
Eadweard Muybridge,2,0,,1883
Eagle Pennell,1,0,,1984
Earl Bellamy,4,0,,1975
Earl Duvall,1,0,,1933
Eben McGarr,1,0,,2007
Ebrahim Forouzesh,1,0,,1994
Ebrahim Hatamikia,1,0,,1999
Ebrahim Sheibani,1,0,,2013
Eché Janga,1,0,,2014
Eckhart Schmidt,1,0,,1982
Ed Bianchi,2,0,,2008
Ed Blum,1,0,,2006
Ed Bye,1,0,,2000
Ed Decter,1,0,,2002
Ed Gass-Donnelly,3,1,16.535443347319898,2017
Ed Hansen,2,0,,1992
Ed Harris,2,2,16.358354581199887,2008
Ed Herzog,1,0,,2013
Ed Hunt,3,0,,1988
Ed Radtke,1,0,,1999
Ed Ragozzino,1,0,,1976
Ed Solomon,1,1,12.250811758116384,2003
Ed Stone,1,0,,2006
Eddie Alcazar,1,0,,2013
Eddie Dew,1,0,,1956
Eddie Lebron,1,0,,2010
Eddie Martin,1,0,,2014
Eddie Mullins,1,0,,2013
Eddie Murphy,1,1,17.924166718949078,1989
Eddie Nicart,1,0,,1981
Eddie O'Flaherty,1,0,,2008
Eddie O'Keefe,1,0,,2017
Eddie Romero,3,0,,1972
Eddie Schmidt,1,0,,2016
Eddy Matalon,1,0,,1978
Eddy Moretti,1,0,,2007
Eddy Terstall,4,0,,2015
Edet Belzberg,3,0,,2014
Edgar Barens,1,0,,2013
Edgar G. Ulmer,12,0,,1964
Edgar Hagen,1,0,,2013
Edgar Kennedy,1,0,,1928
Edgar Morin,1,0,,1961
Edgar Neville,1,0,,1945
Edgar Reitz,2,0,,2013
Edgar Selwyn,2,0,,1932
Edgar Wright,6,5,17.995586074822075,2017
Edgard Navarro,1,0,,2005
Edgardo Cozarinsky,1,0,,2005
Edison Cájas,1,0,,2014
Edith Carlmar,3,0,,1959
Edmon Roch,1,0,,2009
Edmond Keosayan,4,0,,1971
Edmond T. Gréville,4,0,,1960
Edmund Entin,1,0,,2015
Edmund Goulding,15,1,14.768711643858529,1952
Edmund Purdom,1,0,,1984
Edna Luise Biesold,1,0,,2012
Edo Bertoglio,1,0,,1981
Edo Tagliavini,1,0,,2011
Edoardo Falcone,1,0,,2015
Edoardo Gabbriellini,1,0,,2012
Edoardo Leo,3,0,,2015
Edoardo Ponti,2,0,,2011
Edoardo de Angelis,2,0,,2016
Edouard Deluc,1,0,,2013
Edouard Niermans,1,0,,2008
Eduard Cortés,2,0,,2012
Eduard Galic,1,0,,1985
Eduard Grecner,1,0,,1968
Eduard Nazarov,2,0,,1983
Eduard Radzyukevich,2,0,,2013
Eduardo Casanova,1,0,,2017
Eduardo Chapero-Jackson,1,0,,2011
Eduardo Coutinho,3,0,,2007
Eduardo De Filippo,5,0,,1975
Eduardo Mignogna,3,0,,2003
Eduardo Milewicz,1,0,,2002
Eduardo Nunes,1,0,,2011
Eduardo Rodríguez,4,0,,2013
Eduardo Schuldt,2,0,,2015
Eduardo Sánchez,5,1,9.991177865663117,2014
Eduardo Villanueva Jiménez,1,0,,2013
Eduardo Williams,1,0,,2016
Edvin Laine,2,0,,1955
Edvins Snore,1,0,,2008
Edward A. Blatt,1,0,,1944
Edward A. Burger,1,0,,2005
Edward Anderson,1,0,,2008
Edward Berger,1,0,,2014
Edward Bernds,15,0,,1962
Edward Boase,1,0,,2015
Edward Burns,11,2,15.378485118885523,2012
Edward Buzzell,14,0,,1953
Edward D. Murphy,1,0,,1982
Edward D. Wood Jr.,6,0,,1960
Edward Dein,1,0,,1960
Edward Dmytryk,31,2,15.836904595618124,1975
Edward Evers-Swindell,1,0,,2016
Edward F. Cline,16,0,,1944
Edward Finney,1,0,,1947
Edward Fu,1,0,,2006
Edward H. Griffith,3,0,,1943
Edward Hall,1,0,,2012
Edward Holzman,2,0,,2002
Edward James Olmos,3,0,,2009
Edward L. Cahn,9,0,,1962
Edward L. Marin,1,0,,1939
Edward Lachman,1,1,13.011970219218428,2002
Edward Ludwig,5,0,,1957
Edward McGown,1,0,,2016
Edward McHenry,1,0,,2010
Edward Montagne,2,0,,1967
Edward Nassour,1,0,,1956
Edward Neumeier,1,0,,2008
Edward Norton,1,1,17.427401078553093,2000
Edward S. Curtis,1,0,,1914
Edward Sedgwick,12,0,,1953
Edward Steichen,1,0,,1944
Edward Yang,6,0,,2000
Edward Zwick,13,11,18.1826018744754,2016
Edwin,1,0,,2008
Edwin L. Marin,16,1,13.854731271117556,1951
Edwin S. Porter,7,0,,1906
Edwin Sherin,1,0,,1971
Edzard Onneken,1,0,,2009
Eeshwar Nivas,1,0,,2001
Efi Mouriki,1,0,,2006
Efrem Pruzhanskiy,1,0,,1981
Efren C. Piñon,1,0,,1983
Egidio Coccimiglio,1,0,,2013
Egor Baranov,3,1,13.054861536635544,2014
Ei Aoki,1,0,,2007
Eiichi Kudo,1,0,,1963
Eiichi Yamamoto,2,0,,1973
Eiichirō Hasumi,3,0,,2015
Eija-Liisa Ahtila,1,0,,1997
Eiji Okuda,1,0,,2006
Eiji Uchida,1,0,,2011
Eijirô Wakabayashi,1,0,,1959
Eirik Svensson,1,0,,2012
Eitan Arrusi,1,0,,2007
Eitan Gorlin,1,0,,2001
Eitan Reuven,1,0,,2014
Ekachai Uekrongtham,3,0,,2014
Ektoras Lygizos,1,0,,2012
Ela Thier,1,0,,2012
Elaine Constantine,1,0,,2014
Elaine Madsen,1,0,,2009
Elaine May,4,1,16.481013735872768,1987
Elan Gale,1,0,,2011
Eldar Rapaport,1,0,,2011
Eldar Ryazanov,16,0,,2003
Eldar Salavatov,2,1,14.576796645487237,2011
Eldar Shengelaya,1,0,,1984
Eleanor Bergstein,1,0,,1995
Eleanor Coppola,1,1,15.717618084361195,2016
Eleanor Lindo,1,0,,2005
Elem Klimov,6,0,,1985
Elena Hazanov,1,0,,2015
Elena Tikhonova,1,0,,2013
Elfi Mikesch,1,0,,2001
Elgin James,1,0,,2011
Eli Cohen,1,0,,1994
Eli Craig,1,1,15.516030268638632,2010
Eli Kabillio,1,0,,1998
Eli Morgan Gesner,1,0,,2015
Eli Roth,5,5,16.845626586763057,2015
Elia Kazan,19,4,15.816702129535091,1976
Elia Petridis,1,0,,2012
Elia Suleiman,2,1,13.532892972653524,2009
Eliaichi Kimaro,1,0,,2012
Elias Koskimies,1,0,,2011
Elie Chouraqui,2,0,,2000
Elie Wajeman,2,0,,2015
Elijah Drenner,1,0,,2010
Elijah Dylan Costa,1,0,,2016
Elina Hirvonen,1,0,,2017
Elina Psikou,1,0,,2013
Elio Petri,10,0,,1976
Elio Quiroga,1,0,,2006
Elisabeta Bostan,1,0,,1976
Elisabeth Kapnist,1,0,,2015
Elise Robertson,1,0,,2012
Eliseo Subiela,6,0,,2008
Elissa Down,1,0,,2008
Elite Zexer,1,0,,2016
Eliza Hittman,1,0,,2013
Elizabeth Allen Rosenbaum,3,1,16.95130251217368,2015
Elizabeth Banks,1,1,19.47675496231743,2015
Elizabeth Canner,1,0,,2009
Elizabeth Chai Vasarhelyi,1,1,14.663191773432956,2015
Elizabeth Gill,1,0,,2003
Elizabeth Harrison,1,0,,2007
Elizabeth Mims,1,0,,2012
Elizabeth Mitchell,1,0,,2011
Elizabeth Wood,1,1,12.207281914070158,2016
Ella Lemhagen,4,1,10.938432051980692,2016
Ellen Goosenberg Kent,1,0,,2013
Ellen Kuras,1,0,,2008
Ellen Perry,1,0,,2011
Ellen Seidler,1,0,,2009
Elli Vuorinen,1,0,,2009
Ellie Kanner,3,0,,2014
Elliot Goldner,1,0,,2013
Elliot Greenebaum,1,1,17.529082624668582,2005
Elliot Hegarty,1,0,,2015
Elliot Silverstein,4,1,16.844032670470288,1977
Elliott Hong,1,1,16.64250921905574,1982
Elliott Lester,3,2,10.831677683722036,2017
Elliott Nugent,12,0,,1952
Ellory Elkayem,5,0,,2009
Elmar Fischer,1,0,,2012
Elmer Clifton,3,0,,1949
Elmo Nüganen,1,0,,2015
Elodie Namer,1,0,,2015
Eloy de la Iglesia,14,7,13.32613843591326,1987
Elvis Restaino,1,0,,1999
Emad Burnat,1,0,,2011
Emanuel Hoss-Desmarais,1,0,,2013
Emanuele Crialese,3,0,,2011
Emer Reynolds,1,0,,2017
Emeric Pressburger,9,0,,1957
Emidio Greco,1,0,,1991
Emiko Hiramatsu,1,0,,2013
Emiko Omori,1,0,,2010
Emil Ben-Shimon,1,0,,2016
Emil Chiaberi,1,0,,2010
Emil Loteanu,2,0,,1978
Emil Weiss,1,0,,1988
Emile Ardolino,6,3,17.669580411247956,1993
Emile Edwin Smith,3,0,,2015
Emile de Antonio,3,0,,1971
Emiliano Rocha Minter,1,0,,2016
Emilio Aragón,2,0,,2013
Emilio Estevez,6,1,15.304082813343015,2010
Emilio Fernández,5,0,,1951
Emilio Maillé,1,0,,2005
Emilio Martínez Lázaro,5,0,,2015
Emilio Miraglia,2,0,,1972
Emilio Portes,1,0,,2011
Emilis Velyvis,5,0,,2017
Emily Abt,1,0,,2010
Emily Atef,2,0,,2008
Emily Hagins,2,0,,2017
Emily Kunstler,1,0,,2009
Emily Lou,1,0,,2011
Emily Ting,1,0,,2015
Emily Young,1,0,,2009
Emin Alper,1,0,,2012
Emir Baigazin,1,0,,2016
Emir Kusturica,12,0,,2016
Emma Cooper,2,0,,2011
Emma Franz,1,0,,2008
Emma-Kate Croghan,2,0,,1999
Emmanuel Carrère,1,0,,2005
Emmanuel Finkiel,1,0,,2016
Emmanuel Goldstein,1,0,,2001
Emmanuel Gras,1,0,,2012
Emmanuel Itier,1,0,,2013
Emmanuel Kervyn,1,0,,1988
Emmanuel Klotz,1,0,,2009
Emmanuel Laurent,1,0,,2010
Emmanuel Mouret,6,0,,2015
Emmanuelle Bercot,6,1,10.17137499765973,2016
Emmett Alston,3,0,,1990
Emmett Callinan,1,0,,2013
Emmett Malloy,2,0,,2012
Engin Orbey,1,1,12.276531109178736,1975
Enid Zentelis,2,0,,2013
Enki Bilal,3,0,,2004
Ennio De Concini,1,0,,1973
Enrico Audenino,1,0,,2014
Enrico Casarosa,1,0,,2011
Enrico Clerico Nasino,1,0,,2012
Enrico Lando,2,0,,2016
Enrico Maria Artale,1,0,,2013
Enrico Oldoini,4,0,,2009
Enrique Begné,1,0,,2016
Enrique Buchichio,1,0,,2010
Enrique Gato,2,2,16.44178827304683,2015
Enrique López Lavigne,1,1,15.029724541931875,2004
Enrique Urbizu,1,0,,2011
Enza Negroni,1,0,,1996
Enzo Barboni,11,0,,1995
Enzo D'Alò,4,0,,2012
Enzo G. Castellari,22,1,17.494300483537494,1995
Enzo Monteleone,1,0,,2009
Enzo di Gianni,1,0,,1968
Ephraim Kishon,2,0,,1971
Eran Creevy,3,2,12.285619731993581,2016
Eran Kolirin,1,0,,2007
Eran Riklis,5,1,10.65325133351497,2014
Erast Garin,1,0,,1964
Ere Kokkonen,19,0,,2004
Erez Tadmor,1,0,,2009
Ergin Orbey,1,0,,1975
Erhan Kozan,1,0,,2014
Eric Amadio,1,0,,2007
Eric Armstrong,1,0,,2002
Eric Bana,1,0,,2009
Eric Barbier,1,0,,2014
Eric Bernt,1,0,,2006
Eric Bilitch,1,0,,2016
Eric Blakeney,1,1,14.30521815767898,2000
Eric Bress,1,1,18.380492486078616,2004
Eric Brevig,2,2,18.77963777093005,2010
Eric Bricker,1,0,,2009
Eric Bross,6,0,,2010
Eric Byler,2,0,,2009
Eric Chaikin,1,0,,2004
Eric Civanyan,1,0,,2005
Eric Cochran,1,0,,2007
Eric Crosland,1,0,,2013
Eric D. Howell,1,0,,2017
Eric Darnell,4,4,19.753129187364266,2014
Eric De Kuyper,1,0,,1990
Eric Dionysius,1,0,,1980
Eric Drath,1,0,,2013
Eric Eason,2,0,,2006
Eric England,3,0,,2013
Eric Forsberg,2,0,,2010
Eric Freiser,1,0,,1999
Eric Green,1,0,,2014
Eric Guirado,1,0,,2007
Eric Hannah,1,0,,2001
Eric Hayden,1,0,,2012
Eric Heisserer,1,0,,2013
Eric Hendershot,1,0,,2005
Eric Hensman,1,0,,2016
Eric Hurt,1,0,,2013
Eric Idle,4,0,,2014
Eric Judor,1,0,,2008
Eric Karson,3,1,16.758422055334684,1988
Eric Khoo,4,0,,2015
Eric Kissack,1,0,,2014
Eric Laneuville,2,0,,2010
Eric Lartigau,5,0,,2014
Eric Lavaine,4,1,16.479157986204726,2016
Eric Le Roch,2,0,,2010
Eric Luke,2,0,,1992
Eric Mandelbaum,1,0,,2009
Eric Mendelsohn,2,0,,2010
Eric Merola,1,0,,2010
Eric Meza,2,0,,1999
Eric Nazarian,1,0,,2007
Eric Nicholas,1,1,9.212138753917564,2006
Eric Norris,1,0,,2002
Eric Notarnicola,2,0,,2015
Eric Petey,1,0,,2015
Eric Radomski,1,0,,2013
Eric Red,5,2,12.490499849891716,2015
Eric Rochant,6,0,,2013
Eric Saperston,1,0,,2001
Eric Schaeffer,6,0,,2015
Eric Schwab,1,0,,2001
Eric Schwartz,1,0,,2013
Eric Simonson,1,0,,2005
Eric Small,2,0,,2014
Eric Stanze,1,0,,2000
Eric Steel,1,0,,2006
Eric Steven Stahl,3,0,,2006
Eric Styles,4,0,,2013
Eric Summer,1,1,14.670504016842909,2016
Eric Sykes,1,0,,1967
Eric Till,11,0,,2003
Eric Toledano,3,2,15.899808488453328,2014
Eric Tsang,2,0,,2011
Eric Valette,4,0,,2011
Eric Valli,1,0,,1999
Eric Walter,1,0,,2013
Eric Weber,1,0,,2015
Eric Werthman,1,0,,2004
Eric Weston,2,0,,2010
Eric Wirix,1,1,15.826580106800687,2013
Eric Wostenberg,1,0,,2012
Eric Zala,1,0,,1989
Eric-Emmanuel Schmitt,2,0,,2009
Erica Dunton,2,0,,2011
Erica Hayes,1,0,,2016
Erich Hörtnagl,1,0,,2004
Erich Pommer,1,0,,1938
Erich Weiss,1,0,,2008
Erich von Stroheim,7,2,13.357615129548023,1929
Erick Zonca,4,1,14.077874822431763,2014
Ericson Core,2,2,18.291934291575465,2015
Erik Anjou,1,0,,2015
Erik Balling,5,0,,1976
Erik Blomberg,1,0,,1952
Erik Canuel,2,1,16.354850151611576,2015
Erik Eger,1,0,,2010
Erik Estenberg,1,0,,2008
Erik Fleming,1,0,,1999
Erik Gandini,5,1,13.980750382467695,2015
Erik Gustavson,1,0,,1999
Erik Lamens,1,0,,2009
Erik Leijonborg,1,0,,2006
Erik Leiser,1,0,,2008
Erik Løchen,2,0,,1972
Erik MacArthur,1,0,,2006
Erik Matti,3,1,13.052129736481245,2016
Erik Nelson,3,0,,2017
Erik Poppe,4,1,16.02378497148708,2016
Erik S. Weigel,1,0,,2008
Erik Sharkey,1,0,,2013
Erik Shirai,1,0,,2016
Erik Skjoldbjærg,5,0,,2013
Erik Smith Meyer,1,0,,2003
Erik Van Looy,6,1,16.125745317509818,2016
Erik Wernquist,1,0,,2014
Erik White,1,0,,2010
Erin Berry,1,0,,2006
Erin Davies,1,0,,2009
Erin Lee Carr,2,0,,2017
Eriq La Salle,2,0,,2002
Erle C. Kenton,6,0,,1945
Ermanno Olmi,8,0,,2014
Ermek Tursunov,2,0,,2012
Ernest B. Schoedsack,4,0,,1949
Ernest C. Warde,1,0,,1916
Ernest Day,2,0,,1982
Ernest Pintoff,2,0,,1981
Ernest R. Dickerson,11,5,16.201600029933754,2011
Ernest Thompson,1,1,15.603765727633888,1988
Ernesto Cabellos,2,0,,2015
Ernesto Contreras,1,0,,2007
Ernesto Daranas,1,0,,2014
Ernesto Díaz Espinoza,1,0,,2014
Ernesto Martín,1,0,,2004
Ernesto Ona,1,0,,2013
Ernie Barbarash,12,0,,2017
Ernst Gossner,1,0,,2014
Ernst Hofbauer,3,0,,1972
Ernst Lubitsch,25,1,14.63924730822782,1946
Ernst Marischka,3,0,,1957
Eron Sheean,1,0,,2012
Eros Puglielli,1,0,,2004
Errol Morris,11,2,13.385295660684115,2013
Ersoy Güler,1,0,,2012
Ertem Eğilmez,9,0,,1977
Erwin C. Dietrich,3,0,,1980
Erwin Keusch,1,0,,1979
Erwin Wagenhofer,3,0,,2013
Erwin van den Eshof,1,0,,2012
Esa Illi,1,0,,2015
Esben Tønnesen,1,0,,2006
Esen Isik,1,0,,2015
Eshom Nelms,1,0,,2015
Eskil Vogt,1,0,,2014
Esmir Filho,1,0,,2009
Esmé Lammers,1,0,,2002
Esteban Echeverría,1,0,,2012
Esteban Ramírez,1,0,,2004
Esteban Sapir,1,0,,2007
Estela Bravo,1,0,,2001
Estela Renner,2,0,,2016
Esther Robinson,1,0,,2007
Esther Rots,1,0,,2009
Etan Cohen,1,1,18.532324555298928,2015
Ethan Hawke,3,0,,2015
Ethan Spaulding,5,1,15.335248026561668,2015
Ethan Wiley,3,1,15.86963429165982,2007
Etienne Comar,1,0,,2017
Etienne Périer,3,0,,1971
Ettore Scola,18,0,,2013
Eugene Abizov,1,1,15.397486827579955,2014
Eugene Corr,1,0,,1986
Eugene Forde,7,0,,1941
Eugene Jarecki,5,0,,2012
Eugene Levy,1,0,,1992
Eugene Marner,1,0,,1987
Eugene McGing,1,0,,2016
Eugenie Jansen,1,0,,2002
Eugenio Derbez,1,1,18.411309026270303,2013
Eugenio Martín,5,0,,1972
Eugenio Mira,2,0,,2013
Eugeniusz Cekalski,1,0,,1942
Eugène Green,3,0,,2016
Eugène Lourié,3,1,15.424948470398377,1961
Eugênio Puppo ,1,0,,2014
Eun-Hyung Park,1,0,,2006
Eun-kyung Kim,1,0,,2006
Euros Lyn,1,0,,2007
Euzhan Palcy,3,0,,1998
Eva Husson,1,0,,2015
Eva Ionesco,1,0,,2011
Eva Sereny,1,0,,1994
Eva Sørhaug,1,0,,2012
Evald Schorm,2,0,,1967
Evan Beloff,1,0,,2007
Evan Clarry,1,0,,2004
Evan Dunsky,1,0,,1998
Evan Glodell,1,1,11.525209703803448,2011
Evan Kelly,1,0,,2012
Evan Leong,1,0,,2013
Evan Oppenheimer,4,0,,2017
Evan Richards,1,0,,2006
Evelyn Lambart,2,0,,1965
Evelyn Purcell,3,0,,2013
Everardo Gout,1,0,,2011
Everett Lewis,1,0,,2005
Evgeniy Abyzov,1,0,,2012
Evgeniy Bedarev,1,1,15.17069911084566,2008
Evgeniy Shelyakin,2,1,12.789934953540136,2016
Evgeny Afineevsky,2,0,,2015
Evgeny Lavrentiev,1,0,,2004
Evgeny Ruman,1,0,,2015
Ewa Ewart,1,0,,2005
Ewan McGregor,1,0,,2016
Eytan Fox,4,1,11.66312836254939,2013
Eytan Rockaway,1,0,,2016
Ezekiel Norton,2,0,,2012
Ezel Akay,1,0,,2009
Ezio Greggio,1,0,,1994
Ezna Sands,1,0,,2015
Ezra Edelman,3,0,,2016
Ezra Kemp,1,0,,2016
F. A. Brabec,1,0,,2000
F. Gary Gray,9,9,18.443696764299936,2017
F. Javier Gutiérrez,2,1,18.23532526948101,2017
F. Percy Smith,1,0,,1910
F. Richard Jones,4,1,15.89495209964411,1929
F.W. Murnau,10,0,,1931
Fabien Constant,1,0,,2013
Fabien Garcia,1,0,,2014
Fabien Onteniente,1,0,,2013
Fabien Raymond,1,0,,2001
Fabienne Berthaud,2,0,,2015
Fabio Bonifacci,1,0,,2015
Fabio Guaglione,1,0,,2016
Fabiomassimo Lozzi,1,0,,2008
Fabián Bielinsky,2,0,,2005
Fabrice Du Welz,4,0,,2014
Fabrice Genestal,1,0,,2010
Fabrice Gobert,1,0,,2010
Fabrice Joubert,2,0,,2015
Fabrizio De Angelis,1,0,,1989
Fabrizio Laurenti,1,0,,1988
Faith Granger,1,0,,2010
Faiza Ahmed Khan,1,0,,2009
Famke Janssen,1,0,,2011
Faouzi Bensaïdi,1,0,,2003
Faozan Rizal,1,0,,2012
Farah Khan,4,1,17.44536808650775,2014
Farhad Mann,4,1,14.694815676986456,2017
Farhan Akhtar,4,1,15.226253599486474,2011
Farren Blackburn,2,1,16.38675322479326,2016
Faruk Aksoy,1,0,,2012
Fatih Akin,9,3,16.536654409772975,2016
Fausto Brizzi,6,0,,2013
Fax Bahr,1,0,,1991
Faye Jackson,1,0,,2009
Faythe Levin,1,0,,2014
Fazil,1,0,,1993
Fede Alvarez,2,2,18.634100927123065,2016
Federica di Giacomo,1,0,,2016
Federico Bondi,1,0,,2009
Federico Fellini,23,2,15.1586483207425,1990
Federico Moccia,2,0,,2010
Federico Veiroj,1,0,,2015
Federico Zampaglione,1,0,,2010
Fei Mu,1,0,,1948
Fei Yan,1,0,,2015
Felicitas Korn,1,0,,2006
Feliks Falk,2,0,,2010
Felipe Braga,1,0,,2014
Felipe Cazals,1,0,,1976
Felipe Joffily,2,0,,2014
Felix Chong,5,0,,2014
Felix E. Feist,7,0,,1953
Felix Feist,1,0,,1952
Felix Fuchssteiner,2,0,,2014
Felix Herngren,3,0,,2016
Felix Moeller,1,0,,2009
Felix Thompson,1,0,,2015
Felix Van Groeningen,3,1,15.515713427218031,2016
Fellipe Barbosa,1,0,,2014
Fenar Ahmad,1,0,,2014
Feng Xiaogang,9,1,17.3647531618787,2016
Fenton Bailey,9,2,13.454298492369322,2016
Feo Aladag,2,0,,2014
Ferdinand Fairfax,2,0,,1996
Ferdinand Khittl,1,0,,1962
Ferdinando Baldi,12,0,,1988
Ferdinando Vicentini Orgnani,1,0,,2013
Ferenc András,1,0,,1982
Ferenc Rófusz,1,0,,1980
Ferenc Török,1,0,,2001
Fergal Reilly,1,1,19.67281363684893,2016
Fernanda Cardoso,1,0,,2010
Fernando Arrabal,3,0,,1975
Fernando Barreda Luna,1,0,,2010
Fernando Coimbra,2,0,,2017
Fernando Colomo,3,0,,2015
Fernando Di Leo,13,0,,1978
Fernando E. Solanas,6,0,,2008
Fernando Eimbcke,3,0,,2013
Fernando Fernán Gómez,3,0,,1964
Fernando Fragata,1,0,,2010
Fernando González Molina,5,0,,2017
Fernando Grostein Andrade,1,0,,2011
Fernando Larruquert,1,0,,1968
Fernando Lebrija,1,0,,2016
Fernando León de Aranoa,5,2,13.120840251979152,2015
Fernando Lopes,3,0,,2002
Fernando Meirelles,5,4,16.64848361440555,2012
Fernando Méndez,1,0,,1957
Fernando Pérez,1,0,,1998
Fernando Ruiz,1,0,,1987
Fernando Salem,1,0,,2015
Fernando Sariñana,2,0,,2007
Fernando Spiner,1,0,,2010
Fernando Trueba,7,0,,2012
Ferne Pearlstein,1,0,,2016
Ferzan Ozpetek,10,4,15.059001617479979,2014
Fez Ortega,1,0,,2010
Fielder Cook,4,0,,1986
Fien Troch,2,0,,2013
Filip Christensen,1,0,,2013
Filip Maciejewicz,2,0,,2013
Filip Marczewski,1,0,,2012
Filip Remunda,1,1,9.763823105408154,2004
Filip Tegstedt,1,0,,2011
Filip Van Neyghem,1,0,,1999
Filipe Matzembacher,1,0,,2015
Filipp Yankovsky,3,1,15.181533586963038,2008
Filippa Freijd,1,0,,2004
Filippo Capuzzi Lapietra,1,0,,2017
Filippo Macelloni,1,0,,2011
Filippos Koutsaftis,1,0,,2000
Filippos Tsitos,2,0,,2012
Fin Edquist,1,0,,2016
Fina Torres,3,0,,2014
Finn Taylor,2,0,,2006
Fiona Gordon,1,0,,2017
Fiorella Infascelli,1,0,,1988
Fire Lee Ka-Wing,1,0,,2015
Fisher Stevens,4,0,,2016
Flamarion Ferreira,1,0,,1991
Flavio Florencio,1,0,,2015
Flavio Mogherini,1,0,,1977
Flemming Quist Møller,1,0,,2007
Fletcher Markle,4,0,,1963
Florence Quentin,1,0,,2005
Florent-Emilio Siri,4,2,17.680480648040987,2012
Floria Sigismondi,1,1,14.912725537517211,2010
Florian Cossen,2,0,,2015
Florian David Fitz,2,0,,2016
Florian Flicker,1,0,,1993
Florian Gallenberger,2,1,15.102273492340103,2016
Florian Gottschick,1,0,,2015
Florian Gärtner,1,0,,2005
Florian Habicht,2,0,,2014
Florian Henckel von Donnersmarck,2,2,18.75488242042517,2010
Florian Hoffmeister,1,0,,2006
Florian Opitz,1,0,,2012
Florian Schwarz,1,0,,2005
Florin Şerban,1,0,,2010
Florián Rey,1,0,,1947
Floyd Mutrux,2,2,13.921082478923601,1994
Flávio Frederico,1,0,,2010
Fons Rademakers,2,1,12.224801166769156,1986
Ford Beebe,12,0,,1953
Forest Whitaker,4,1,18.215526362889133,2004
Forgács Péter,2,0,,2008
Forugh Farrokhzad,1,0,,1963
Fouad Mikati,2,0,,2015
Fow Pyng Hu,1,0,,2005
Fran Rubel Kuzui,1,1,16.62638542216631,1992
Franc Roddam,5,3,15.438813986329363,1999
Franc. Reyes,3,2,15.843658931157858,2009
Frances Marion,1,0,,1921
Francesca Archibugi,2,0,,2015
Francesca Comencini,2,0,,2012
Francesca Gregorini,2,0,,2013
Francesca Joseph,1,0,,2007
Francesco Amato,1,0,,2012
Francesco Barilli,1,0,,1974
Francesco Bruni,2,0,,2014
Francesco Calogero,1,0,,2000
Francesco Cinquemani,1,0,,2015
Francesco Dongiovanni,1,0,,2014
Francesco Laudadio,1,0,,1991
Francesco Maselli,2,0,,1975
Francesco Massaro,1,0,,1981
Francesco Munzi,2,0,,2014
Francesco Patierno,2,0,,2014
Francesco Rosi,15,0,,1997
Francesco Sframeli,1,0,,2002
Francesco Stefani,1,0,,1957
Francine McDougall,3,1,16.40154023291546,2006
Francine Parker,1,0,,1972
Francine Rzeznik,1,0,,1993
Francis D. Lyon,3,0,,1957
Francis Delia,1,0,,1988
Francis Ford Coppola,23,14,16.988779539655717,2011
Francis Giacobetti,1,0,,1975
Francis Glebas,1,0,,2003
Francis Lawrence,6,6,19.882010166502138,2015
Francis Lee,2,0,,2017
Francis Leroi,1,0,,1984
Francis Mankiewicz,1,0,,1991
Francis Megahy,1,0,,1988
Francis Palluau,1,0,,2003
Francis Schaeffer,1,0,,1992
Francis Teri,1,0,,1990
Francis Veber,12,4,16.803743788923153,2008
Francis Vose,1,0,,1990
Francis Whately,1,0,,2017
Francisco Franco,1,0,,2013
Francisco J. Lombardi,2,0,,2006
Francisco Laresgoiti,1,0,,2010
Francisco Pérez-Dolz,1,0,,1963
Francisco Ramalho Jr.,1,0,,1987
Francisco Ribeiro,1,0,,1942
Francisco Vargas,1,0,,2005
Francisco Varone,1,0,,2015
Franck Dion,1,0,,2016
Franck Ekinci,1,0,,2015
Franck Gastambide,2,1,11.547365538283769,2016
Franck Khalfoun,5,2,13.104824335866319,2017
Franck Mancuso,1,0,,2007
Franck Ribière,1,0,,2014
Franck Richard,1,0,,2010
Franck Vestiel,1,0,,2007
Franco Amurri,3,2,16.150760569814473,1994
Franco Battiato,1,0,,2006
Franco Brusati,3,0,,1979
Franco Castellano,12,0,,1992
Franco Lo Cascio,1,0,,1975
Franco Piavoli,4,0,,2003
Franco Prosperi,5,0,,1984
Franco Rossi,1,0,,1974
Franco Rosso,1,0,,1980
Franco Zeffirelli,11,4,17.11982943930036,2002
Frank A. Cappello,3,0,,2007
Frank Agrama,1,0,,1981
Frank Beal,1,0,,1913
Frank Beyer,1,0,,1974
Frank Borzage,25,1,17.034386382832476,1948
Frank C. Schröder,1,0,,1991
Frank Capra,36,5,15.74502462983626,1961
Frank Coraci,8,7,18.677427327947175,2015
Frank D. Gilroy,2,0,,1998
Frank Darabont,5,4,17.98041357861025,2007
Frank De Felitta,2,0,,1981
Frank E. Flowers,1,0,,2004
Frank Gladstone,1,0,,2014
Frank H. Woodward,1,0,,2008
Frank Hall Green,1,0,,2014
Frank Harper,1,0,,2012
Frank Henenlotter,6,1,12.231096910434909,2008
Frank Hurley,1,0,,1919
Frank Ishizaki,1,0,,2016
Frank Ketelaar,1,0,,2006
Frank LaLoggia,2,0,,1988
Frank Laughlin,1,0,,1975
Frank Launder,5,0,,1955
Frank Lin,2,0,,2016
Frank Lloyd,10,2,15.579128863628444,1945
Frank Longo,1,0,,2002
Frank Lotito,1,0,,2017
Frank Marino,1,0,,2014
Frank Marshall,4,4,18.163816264505005,2006
Frank Martin,1,0,,1989
Frank McDonald,5,0,,1959
Frank Merle,1,0,,2013
Frank Miller,1,1,17.479875394270827,2008
Frank Nissen,2,0,,2007
Frank Novak,1,0,,2000
Frank Oz,11,5,17.903243986050153,2007
Frank Packard,1,0,,1977
Frank Passingham,1,0,,2006
Frank Paur,1,0,,2009
Frank Pavich,1,0,,2013
Frank Perry,11,1,16.831998240068316,1987
Frank Piasechi Poulsen,1,0,,2010
Frank Pierson,7,1,18.89691492294874,2003
Frank Powell,1,0,,1915
Frank R. Strayer,6,0,,1941
Frank Rainone,1,0,,1994
Frank Ripploh,1,0,,1980
Frank Ross,1,0,,1952
Frank Ryan,1,0,,1944
Frank Sabatella,1,0,,2009
Frank Scheffer,1,0,,2005
Frank Sebastiano,1,0,,2006
Frank Simon,2,0,,2013
Frank Sinatra,1,0,,1965
Frank Strecker,1,0,,1988
Frank Sudol,1,0,,2008
Frank Tashlin,17,1,15.775605342011543,1967
Frank Theys,1,0,,2006
Frank Tuttle,9,0,,1959
Frank Urson,1,0,,1927
Frank Van Passel,1,0,,2011
Frank Whaley,3,1,10.24736090463765,2014
Frank Wisbar,1,0,,1936
Frank Woodruff,2,0,,1941
Frank Zappa,2,0,,1987
Frank Zuniga,1,0,,1978
Frank van Mechelen,3,0,,2011
Frankie Chen,1,0,,2015
Frankie Chung,1,0,,2007
Frankie Latina,1,0,,2010
Franklin Adreon,1,0,,1955
Franklin Guerrero Jr.,1,0,,2008
Franklin J. Schaffner,13,4,16.605347800423296,1987
Franny Armstrong,1,0,,2009
Frans Nel,1,0,,1991
Frans Zwartjes,2,0,,1979
Frant Gwo,1,1,18.146243898250606,2014
František Vláčil,9,0,,1988
František Čáp,1,0,,1946
Franz Antel,1,0,,1981
Franz Peter Wirth,2,0,,1973
Franziska Buch,1,0,,2010
Franziska Meletzky,1,0,,2004
François Alaux,2,0,,2012
François Armanet,1,0,,2002
François Bertrand,1,0,,2009
François Bouvier,1,0,,2005
François Brisson,1,0,,2015
François Desagnat,2,0,,2016
François Dupeyron,3,1,16.264481778804917,2003
François Girard,4,1,16.066318871289543,2014
François Hanss,1,0,,2003
François Leterrier,1,0,,1977
François Ozon,19,4,15.29932062492719,2017
François Ruffin,1,0,,2016
François Simard,1,0,,2015
François Truffaut,24,3,11.174974956402053,1983
François Velle,1,0,,2008
Fraser Clarke Heston,4,0,,1996
Frauke Finsterwalder,1,0,,2013
Fred  Newmeyer,1,0,,1936
Fred Allen,1,0,,1932
Fred Andrews,1,0,,2011
Fred Barzyk,2,0,,1984
Fred C. Newmeyer,8,0,,1925
Fred Cavayé,4,0,,2016
Fred Coe,2,0,,1969
Fred Dekker,3,2,15.663991468989906,1993
Fred Durst,2,0,,2008
Fred F. Sears,14,0,,1958
Fred G. Sullivan,1,0,,1982
Fred Gallo,1,0,,1996
Fred Garson,1,0,,2000
Fred Gerber,1,0,,1995
Fred Grivois,1,0,,2015
Fred Guiol,1,0,,1927
Fred Haines,1,0,,1974
Fred Kelemen,2,0,,2005
Fred M. Wilcox,6,1,14.99416555430592,1960
Fred Niblo,5,0,,1926
Fred Olen Ray,18,0,,2016
Fred Peabody,1,0,,2016
Fred Savage,1,1,16.716789174793295,2007
Fred Schepisi,17,6,15.918325475081899,2013
Fred Vogel,1,0,,2003
Fred Walton,3,0,,1993
Fred Wolf,5,2,16.884570801606277,2017
Fred Zinnemann,18,4,16.663320664562406,1982
Fredde Granberg,1,0,,2010
Freddie Francis,18,0,,1989
Frederic Golchan,1,0,,2000
Frederic Goode,1,0,,1966
Frederick Baker,1,0,,2004
Frederick King Keller,2,0,,2001
Frederick R. Friedel,1,0,,1974
Frederick S. Armitage,1,0,,1903
Frederick Schroeder,1,0,,2014
Frederick Stephani,1,0,,1936
Frederick Wiseman,23,0,,2015
Frederick de Cordova,3,0,,1966
Frederik Du Chau,3,2,17.907004173834768,2007
Frederik Valentin Bjerre-Poulsen,1,0,,2011
Frederikke Aspöck,1,0,,2011
Fredi M. Murer,2,0,,2006
Fredric Hobbs,1,0,,1973
Fredrik Boklund,2,0,,2011
Fredrik Bond,1,1,9.363061458993847,2013
Fredrik Edfeldt,2,0,,2013
Fredrik Gertten,4,0,,2016
Fredrik Hiller,1,0,,2009
Fredrik Lindström,1,0,,2001
Freida Lee Mock,3,0,,2013
Frida Barkfors,1,0,,2014
Friedrich Fehér,1,0,,1937
Friedrich Moser,1,0,,2016
Fritz Böttger,1,0,,1960
Fritz Genschow,2,0,,1955
Fritz Hippler,1,0,,1940
Fritz Kiersch,5,2,14.178218023785938,1992
Fritz Lang,38,2,14.141072560964922,1960
Fritz Mitchell,2,0,,2012
Friz Freleng,2,0,,1950
Friðrik Þór Friðriksson,8,0,,2009
Fro Rojas,1,0,,2013
Fruit Chan,5,0,,2014
Frédéric Auburtin,3,0,,2014
Frédéric Back,2,0,,1987
Frédéric Beigbeder,2,0,,2016
Frédéric Berthe,2,0,,2013
Frédéric Fonteyne,2,0,,2004
Frédéric Forestier,2,0,,2012
Frédéric Jardin,1,1,8.119100837637486,2011
Frédéric Louf,1,0,,2011
Frédéric Mermoud,2,1,11.747705054247556,2016
Frédéric Mitterrand,1,0,,1995
Frédéric Schoendoerffer,1,0,,2011
Frédéric Tcheng,1,0,,2015
Frédéric Tellier,1,0,,2015
Frédéric Videau,1,0,,2012
Frédérique Barraja,1,0,,2011
Fu Shen,1,0,,1948
Fumihiko Sori,4,0,,2012
Fuminori Kizaki,3,0,,2013
Fuwad Khan,1,0,,2015
Fyodor Bondarchuk,5,4,16.87888189795586,2017
Fyodor Khitruk,4,0,,1972
Fábio Barreto,1,0,,1995
Félix Enríquez Alcalá,2,1,16.588099280204055,2007
Félix Viscarret,1,0,,2007
Férid Boughedir,2,0,,1996
G.J. Echternkamp,1,0,,2017
G.W. Pabst,11,0,,1933
Gabe Ibáñez,2,0,,2014
Gabe Klinger,2,0,,2017
Gabe Polsky,1,1,13.45109141929211,2014
Gabe Torres,1,0,,2012
Gabe Turner,2,0,,2016
Gabriel Aghion,2,0,,2000
Gabriel Axel,3,1,15.296873706119236,1994
Gabriel Barylli,1,0,,1996
Gabriel Bologna,1,0,,2009
Gabriel Cowan,3,0,,2015
Gabriel Friedman,1,0,,2004
Gabriel Julien-Laferrière,2,0,,2016
Gabriel Le Bomin,1,0,,2006
Gabriel London,1,0,,2014
Gabriel Mascaro,2,0,,2016
Gabriel Medina,1,0,,2008
Gabriel Osorio,1,0,,2014
Gabriel Pascal,2,0,,1945
Gabriel Range,2,1,12.025749091398891,2010
Gabriel Ripstein,1,0,,2016
Gabriel Rojas Vera,1,0,,2011
Gabriel Sabloff,1,0,,2012
Gabriela Cowperthwaite,2,1,14.539823016682352,2017
Gabriela Pichler,1,0,,2012
Gabriela Tagliavini,3,0,,2012
Gabriele Albanesi,1,0,,2007
Gabriele Mainetti,1,0,,2015
Gabriele Muccino,8,2,19.241541124678186,2015
Gabriele Pignotta,1,0,,2014
Gabriele Salvatores,14,1,15.326848422528707,2014
Gabrielle Baur,1,0,,2002
Gabrielle Beaumont,1,0,,1980
Gabrielle Demeestere,1,0,,2016
Gabrielle Provaas,1,0,,2011
Gaby Dellal,3,1,13.00349425216612,2016
Gabylu Lara,1,0,,2007
Gad Elmaleh,1,0,,2009
Gael García Bernal,1,0,,2007
Gail Dolgin,1,0,,2002
Gail Harvey,1,0,,1993
Gakuryû Ishii,6,0,,2006
Gale Edwards,2,0,,2011
Galen T. Chu,3,0,,2016
Galt Niederhoffer,1,1,11.726584177073224,2010
Gan Bi,1,0,,2016
Ganesh Raj,1,1,14.648419680899378,2016
Gao Xiaosong,1,0,,2011
Gao Xixi,1,1,15.538277155705378,2014
Gareth Carrivick,1,0,,2009
Gareth Edwards,3,3,18.708408990977293,2016
Gareth Evans,4,2,15.00459723898402,2016
Gareth Lewis,1,0,,2007
Gareth Maxwell Roberts,1,0,,2011
Gareth Rhys Jones,1,0,,2001
Garin Hovannisian,1,0,,2015
Garin Nugroho,1,0,,2006
Garret Daly,1,0,,2014
Garrett Batty,2,0,,2015
Garrett Bennett,1,0,,2009
Garrett Brawith,2,0,,2012
Garrett Sander,1,0,,2013
Garrett Zevgetis,1,0,,2016
Garri Bardin,2,0,,2010
Garry Beitel,1,0,,2010
Garry Marshall,18,13,18.081460555919467,2016
Garson Kanin,7,0,,1969
Garth Davis,1,1,18.75931317424568,2016
Garth Jennings,3,3,18.157434587817665,2016
Gary Alazraki,1,0,,2013
Gary Binkow,2,0,,2009
Gary Brockette,1,0,,2004
Gary Burns,2,0,,2000
Gary Chapman,1,1,16.784801623525645,2005
Gary Cohen,1,0,,1987
Gary David Goldberg,2,2,17.3404872246785,2005
Gary Davis,1,0,,2015
Gary Entin,1,0,,2013
Gary Fleder,7,6,16.899076241012704,2013
Gary Goddard,1,1,16.668317164840904,1987
Gary Goldman,8,7,16.02602878517543,2000
Gary Graver,1,0,,1987
Gary Gulman,1,0,,2016
Gary Halvorson,2,0,,2000
Gary Hardwick,2,0,,2003
Gary Harvey,2,0,,2016
Gary Hustwit,3,0,,2011
Gary J. Tunnicliffe,2,1,11.517684124568408,2009
Gary Jones,4,0,,2013
Gary Khammar,1,0,,2014
Gary King,1,0,,2012
Gary Lennon,1,0,,2006
Gary Leva,1,0,,2007
Gary Love,1,0,,2007
Gary Lundgren,3,0,,2015
Gary McKendry,1,1,17.872103165212856,2011
Gary Michael Schultz,1,0,,2016
Gary Nelson,6,1,17.394628185959007,1989
Gary O. Bennett,1,0,,1993
Gary Oldman,1,0,,1997
Gary Preisler,1,1,13.1749558275235,2003
Gary Rosen,1,0,,1997
Gary Ross,4,3,18.734924040918514,2016
Gary Rydstrom,3,1,16.4258342155387,2015
Gary Sherman,6,2,14.37430148694262,1989
Gary Shore,1,1,19.18860696180859,2014
Gary Sinise,1,1,15.514988057727424,1992
Gary Sinyor,3,1,17.424036883312365,2005
Gary Tarn,1,0,,2005
Gary Trousdale,5,3,19.07076649569896,2007
Gary Troy,1,0,,1987
Gary Walkow,2,0,,2007
Gary Weis,1,1,16.46562206441604,1980
Gary Wheeler,1,0,,2010
Gary Winick,7,4,17.651160706353743,2010
Gary Yates,6,0,,2016
Gaspar Noé,6,2,12.97950964221852,2015
Gaston Biraben,1,0,,2004
Gaston Kaboré,2,0,,1997
Gastón Duprat,3,0,,2016
Gauri Shinde,2,2,15.650275758058175,2016
Gautham Vasudev Menon,5,3,16.44769479184529,2015
Gavin Claxton,1,0,,2007
Gavin Grazer,1,0,,2003
Gavin Hood,5,5,17.65199046621779,2015
Gavin Maxwell,1,0,,2008
Gavin Millar,3,0,,2002
Gavin O'Connor,6,6,16.543731223073983,2016
Gavin Taylor,1,0,,1995
Gavin Wiesen,2,1,14.156418655875056,2017
Gavin Wilding,2,0,,2000
Gaylen Ross,1,0,,2008
Gazdag Gyula,1,0,,1987
Gaël Lieblang,1,0,,2012
Gaël Morel,4,0,,2011
Gaëtan Brizzi,1,0,,1985
Ge Shuiying,1,0,,2014
Gee Malik Linton,1,1,14.39656684683452,2016
Geethu Mohandas,1,0,,2014
Geir Hansteen Jorgensen,1,0,,2000
Gellert Tamas,1,0,,2015
Gemma Atwal,1,0,,2010
Gen Sekiguchi,1,0,,2004
Gen Takahashi,1,0,,2008
Gene Cajayon,1,0,,2000
Gene Feldman,1,0,,1990
Gene Fowler Jr.,3,1,14.50865773852422,1959
Gene Kelly,8,1,17.318304349919917,1976
Gene Nelson,3,0,,1967
Gene Quintano,4,0,,1998
Gene Saks,5,1,17.61161155994084,1986
Gene Wilder,4,1,15.899118035072572,1986
Geneviève Jolliffe,1,0,,1998
Geneviève Mersch,1,0,,2003
Geneviève Robert,1,1,16.323245970632282,1988
Genie Joseph,1,0,,1986
Genji Nakamura,1,0,,1983
Gennadi Kazansky,1,0,,1956
Gennadi Poloka,1,0,,1966
Gennadiy Ostrovskiy,1,0,,2013
Gennady Shpalikov,1,0,,1966
Gennaro Nunziante,4,0,,2016
Genndy Tartakovsky,4,2,19.836088911388067,2015
Genrikh Oganisyan,1,0,,1963
Geo Santini,1,0,,2008
Geoff Anderson,1,0,,2012
Geoff Bowie,1,0,,2001
Geoff Browne,1,0,,2014
Geoff Burrowes,2,1,15.299232854859492,1991
Geoff Klein,1,0,,2009
Geoff Lapaire,1,0,,2016
Geoff Marslett,2,0,,2014
Geoff Moore,1,1,11.227148243803413,2014
Geoff Murphy,9,2,16.30749779457465,1999
Geoffrey Enthoven,1,0,,2014
Geoffrey Fletcher,1,0,,2011
Geoffrey Haley,1,0,,2008
Geoffrey O'Connor,1,0,,2007
Geoffrey Orthwein,1,0,,2017
Geoffrey Pepos,1,0,,2008
Geoffrey Reeve,1,0,,1971
Geoffrey Sax,7,4,16.580431268551493,2011
Geoffrey Schaaf,1,0,,2003
Geoffrey Smith,1,0,,2009
Geoffrey Wright,4,0,,2006
Geordie Sabbagh,1,0,,2016
Georg Fenady,3,0,,1983
Georg Maas,1,0,,2012
George A. Romero,16,8,16.758497471564667,2010
George Abbott,3,0,,1958
George Albert Smith,5,0,,1903
George Amy,1,0,,1933
George Archainbaud,5,0,,1952
George Armitage,4,2,16.44220651109208,2004
George Augusto,1,0,,2006
George Axelrod,1,0,,1966
George B. Seitz,13,0,,1944
George Bamber,1,1,11.936950598599305,2005
George Beck,1,0,,1951
George Bessudo,2,0,,2008
George Blair,1,0,,1960
George Bloomfield,1,0,,1994
George Bowers,4,2,14.822610477448293,1985
George Butler,4,1,14.712645381374536,2006
George C. Scott,1,0,,1972
George C. Wolfe,4,2,13.799833305771958,2017
George Case,1,0,,1995
George Casey,2,0,,1998
George Christopher McCann,1,0,,2014
George Clarke,1,0,,2016
George Clooney,5,5,17.933865364929012,2014
George Cukor,38,2,16.36422447961169,1981
George Dorobantu,1,0,,2008
George Dugdale,1,0,,1986
George Dunning,1,0,,1968
George Eastman,1,0,,1990
George Englund,2,0,,1971
George Erschbamer,4,0,,2013
George Fitzmaurice,8,1,14.616165946239503,1938
George Gallo,8,2,12.983685747886586,2012
George Griffith,1,0,,2011
George Haas,1,1,11.45776153141972,1999
George Hencken,1,0,,2014
George Hickenlooper,5,1,13.895875982789798,2010
George Huang,3,0,,2001
George Iida,1,0,,1998
George Isaac,1,0,,2013
George Jackson,1,0,,1991
George Kaczender,1,0,,1978
George King,2,0,,1949
George LaVoo,1,0,,2009
George Langworthy,1,0,,2009
George Lazopoulos,1,0,,1998
George Loane Tucker,1,0,,1913
George Lowe,1,0,,1953
George Lucas,7,6,19.238198054089665,2005
George Marshall,28,1,14.077874822431763,1967
George McCowan,7,0,,1979
George Melford,1,0,,1921
George Mendeluk,6,1,13.230753100377449,2017
George Mihalka,4,0,,1995
George Miller,9,9,18.112967856875205,2015
George More O'Ferrall,1,0,,1952
George Nichols Jr.,4,0,,1937
George Nolfi,1,1,18.66651982428068,2011
George Ovashvili,1,0,,2014
George P. Cosmatos,8,5,17.246242573500286,1997
George Pal,5,0,,1964
George Paul Csicsery,1,0,,1993
George Pavlou,1,0,,1986
George Pollock,5,0,,1965
George Randol,1,0,,1939
George Ratliff,3,1,13.48696204556011,2011
George Roy,1,0,,2005
George Roy Hill,14,6,17.647954654605527,1988
George S. Fleming,1,0,,1902
George Schaefer,6,0,,1996
George Schlatter,1,0,,1976
George Schnéevoigt,1,0,,1929
George Scott,1,0,,2016
George Scribner,2,1,18.121618778777258,1990
George Seaton,11,1,18.4255603293876,1973
George Sherman,8,0,,1971
George Sidney,21,4,15.89467252541011,1966
George Sluizer,5,0,,2012
George Stevens,20,4,16.376938025640918,1965
George T. Miller,10,3,15.843483160556863,2005
"George Tillman, Jr.",6,4,17.548715727860866,2015
George VanBuskirk,1,0,,2010
George W. Hill,6,0,,1931
George Waggner,8,0,,1962
Georges Demeny,1,0,,1897
Georges Demenÿ,1,0,,1891
Georges Franju,6,0,,1974
Georges Lautner,9,0,,1984
Georges Monca,1,0,,1912
Georges Méliès,51,0,,1912
Georges Perec,1,0,,1974
Georges Schwizgebel,1,0,,2004
Georgi Natanson,2,0,,1985
Georgi Yungvald-Khilkevich,4,0,,1993
Georgia Lee,1,0,,2005
Georgina Lightning,1,0,,2008
Georgios Papaioannou,1,0,,2011
Georgiy Daneliya,10,0,,2013
Georgiy Kropachyov,1,0,,1967
Georgiy Shengeliya,1,0,,1993
Georgy Malkov,1,0,,2014
Gerald Bezhanov,2,0,,1987
Gerald Fox,1,0,,1998
Gerald Kargl,1,0,,1983
Gerald Mayer,3,0,,1953
Gerald McMorrow,1,0,,2008
Gerald Peary,1,0,,2009
Gerald Potterton,1,0,,1981
Gerald Salmina ,1,0,,2009
Gerald Seth Sindell,1,0,,1979
Gerald Thomas,25,0,,1992
Geralyn Pezanoski,1,0,,2009
Gerard Baldwin,1,0,,1977
Gerard Barrett,2,0,,2017
Gerard Damiano,1,0,,1976
Gerard Johnson,2,0,,2014
Gerard Johnstone,1,0,,2014
Gerard McMurray,1,0,,2017
Gerard Stembridge,1,1,11.928730267063791,2000
Gerardo Herrero,3,0,,2011
Gerardo Naranjo,3,0,,2011
Gerardo Olivares,3,0,,2016
Gerardo Vera,1,0,,1999
Gerardo de Leon,2,0,,1971
Gerd Oswald,9,0,,1966
Geremy Jasper,1,0,,2017
Gereon Wetzel,1,0,,2011
Gergely Fonyó,1,0,,2009
Gerhard Hahn,3,0,,2001
Gerhard Lamprecht,1,0,,1931
Germaine Dulac,2,0,,1928
German Kral,1,0,,2015
Germinal Alvarez,1,0,,2013
Gernot Roll,1,0,,1997
Gerrard Verhage,1,0,,2004
Gerry Lively,3,0,,2012
Gert Embrechts,1,0,,2012
Gert Fredholm,1,0,,2008
Gert de Graaff,1,0,,2000
Gez Medinger,1,0,,2015
Gia Coppola,1,0,,2014
Gia Milani,1,0,,2013
Giacomo Battiato,2,0,,2005
Giacomo Campiotti,3,0,,2013
Giacomo Ciarrapico,2,1,14.037652007342016,2014
Giacomo Cimini,1,0,,2014
Giacomo Gentilomo,1,0,,1964
Giacomo Martelli,1,0,,2006
Giacomo Talamini,1,0,,2009
Giambattista Avellino,1,0,,2011
Gian Alfonso Pacinotti,1,0,,2011
Gian Luigi Polidoro,3,0,,1987
Gian Paolo Cugno,1,0,,2009
Gian Vittorio Baldi,1,0,,1968
Giancarlo Romitelli,1,0,,1971
Giancarlo Santi,1,0,,1972
Giancarlo Tallarico,1,0,,2009
Giancarlo Volpe,1,0,,2014
Gianfranco Baldanello,1,0,,1967
Gianfranco De Bosio,1,0,,1963
Gianfranco Giagni,1,0,,1988
Gianfranco Mingozzi,1,0,,1988
Gianfranco Pagani,1,0,,1978
Gianfranco Parolini,8,0,,1977
Gianfranco Piccioli,2,0,,1973
Gianfranco Rosi,3,0,,2016
Gianluca Ansanelli,1,0,,2012
Gianluca Maria Tavarelli,1,0,,2003
Gianluigi Calderone,1,0,,1974
Gianni Amelio,8,0,,2013
Gianni Crea,1,0,,1971
Gianni Di Gregorio,3,0,,2014
Gianni Manera,2,0,,1981
Gianni Puccini,2,0,,1968
Gianni Siragusa,1,0,,1984
Gianni Zanasi,2,0,,2015
Giannis Dalianidis,3,0,,1971
Giddens Ko,1,0,,2011
Giddi Dar,1,0,,2004
Gideon Bradshaw,1,0,,2013
Gideon Koppel,1,0,,2009
Gideon Raff,2,0,,2008
Giedrė Žickytė,1,0,,2015
Gigor Attila,1,0,,2008
Gil Bettman,2,0,,1986
Gil Cates Jr.,3,0,,2014
Gil Cunha,1,0,,2017
Gil Junger,9,1,17.794784016416273,2015
Gil Kenan,3,3,17.94365672398111,2015
Gil Portes,1,0,,2000
Gil-yeong Jeong,1,0,,2007
Gilbert Adler,1,1,15.538277155705378,1996
Gilbert Cates,6,0,,1988
Gilbert Gunn,1,0,,1958
Gilbert Lukalia,1,0,,2012
Gilbert M. Anderson,1,0,,1915
Gilbert M. Shilton,1,0,,2001
Gilbert Moses,1,0,,1974
Giles Badger,1,0,,2014
Giles Foster,2,0,,2002
Giles Walker,1,0,,2001
Gill Dennis,1,0,,1995
Gilles Amado,1,0,,1998
Gilles Bourdos,2,1,14.64571951699658,2012
Gilles Grangier,6,0,,1965
Gilles Legrand,1,0,,2011
Gilles Lellouche,1,1,13.621024917774148,2004
Gilles Marchand,2,0,,2010
Gilles Mimouni,1,0,,1996
Gilles Paquet-Brenner,4,2,14.463253921975227,2015
Gilles Peso,1,0,,2011
Gillian Armstrong,7,3,14.91715218053668,2007
Gillian Greene,1,0,,2014
Gillian Grisman,1,0,,2000
Gillian Laub,1,0,,2015
Gillian Robespierre,2,1,14.954612946081562,2017
Gillies MacKinnon,9,1,11.537335110699985,2014
Gillo Pontecorvo,4,1,13.73381014372078,1979
Gin Yeung-Chi,1,0,,1992
Gina Kim,1,0,,2007
Gina Prince-Bythewood,4,3,17.030545971222775,2014
Gini Reticker,1,0,,2008
Gino Nichele,1,0,,2008
Giordano Gederlini,1,0,,2002
Giorgi Shengelaia,1,0,,1969
Giorgia Cecere,1,0,,2011
Giorgia Cecere ,1,0,,2015
Giorgia Farina,2,0,,2015
Giorgio Amato,1,0,,2013
Giorgio Bianchi,2,0,,1960
Giorgio Capitani,1,0,,2004
Giorgio Cristallini,1,0,,1971
Giorgio Diritti,3,0,,2013
Giorgio Ferroni,8,0,,1972
Giorgio Gentili,1,0,,1970
Giorgio Serafini,3,0,,2013
Giorgio Simonelli,2,0,,1967
Giorgio Stegani,4,0,,1974
Giorgos Georgopoulos,1,0,,2011
Giorgos Servetas,1,0,,2013
Giorgos Zois,2,0,,2015
Giovanni Galletta,1,0,,2010
Giovanni Pastrone,1,0,,1914
Giovanni Rodríguez,1,0,,2008
Giovanni Veronesi,8,0,,2013
Gisaburō Sugii,5,0,,2012
Gitanjali Rao,1,0,,2006
Giuliano Carnimeo,14,1,13.31577982431498,1983
Giuliano Montaldo,9,0,,2011
Giulio Base,3,0,,2014
Giulio Berruti,1,0,,1979
Giulio Manfredonia,4,1,16.004658159732166,2014
Giulio Paradisi,1,0,,1979
Giulio Petroni,1,0,,1967
Giulio Questi,2,0,,1972
Giulio Ricciarelli,1,1,13.585407847778256,2014
Giuseppe Andrews,1,0,,2002
Giuseppe Bertolucci,1,0,,2006
Giuseppe Capotondi,1,1,15.27412558066379,2009
Giuseppe Colizzi,4,0,,1972
Giuseppe De Santis,1,0,,1949
Giuseppe Ferrara,1,0,,1986
Giuseppe M. Gaudino,1,0,,2015
Giuseppe Patroni Griffi,2,0,,1969
Giuseppe Piccioni,2,0,,2012
Giuseppe Rosati,4,0,,1978
Giuseppe Tornatore,10,2,16.536471817028975,2016
Giuseppe Vari,5,0,,1987
Giuseppe de Liguoro,1,0,,1911
Gjergj Xhuvani,1,0,,2009
Glauber Rocha,4,0,,1980
Gleb Orlov,2,1,16.916153280911463,2014
Gleb Panfilov,2,0,,1970
Glen Coburn,1,0,,1984
Glen Goei,1,1,13.253391639810731,1998
Glen Hill,1,0,,2000
Glen Kasper,1,0,,1998
Glen Morgan,2,1,16.884068063455274,2006
Glen Pitre,2,0,,2008
Glen Salzman,1,0,,1981
Glendyn Ivin,1,0,,2009
Glenio Bonder,1,0,,2012
Glenn A. Jordan,10,0,,2003
Glenn Aveni,1,0,,2006
Glenn Chaika,1,0,,2002
Glenn Ciano,1,0,,2011
Glenn Ficarra,4,4,17.69135491310026,2016
Glenn Gaylord,2,0,,2013
Glenn Gordon Caron,4,2,16.79153449262533,1997
Glenn Jordan,1,0,,1986
Glenn Miller,3,0,,2016
Glenn Standring,1,0,,2000
Glenn Takakjian,1,0,,1990
Glenn Triggs,1,0,,2013
Glenn Tryon,1,0,,1943
Glenn Withrow,1,0,,2013
Godfrey Cheshire,1,0,,2007
Godfrey Grayson,1,0,,1963
Godfrey Ho,2,0,,1993
Godfrey Reggio,6,3,12.38093325231978,2013
Goldie Behl,1,1,14.99416555430592,2008
Gonzalo Arijón,1,0,,2007
Gonzalo Bendala,1,0,,2015
Gonzalo López-Gallego,3,1,17.0566535784268,2016
Gonzalo Suárez,2,0,,1988
Gonzalo Tobal,1,0,,2012
Goo Mo,1,1,20.030118656386467,2016
Gor Kirakosian,1,1,15.629429026389133,2013
Goran Dukic,1,0,,2006
Goran Marković,1,0,,1992
Goran Paskaljević,5,0,,2012
Goran Radovanović,1,0,,2015
Gordian Maugg,1,0,,2016
Gordie Haakstad,1,0,,2012
Gordon Chan,14,1,14.461431425901274,2017
Gordon Davidson,1,0,,1977
Gordon Douglas,33,0,,1977
Gordon Flemyng,3,0,,1968
Gordon Hessler,12,1,16.213405830762646,1988
Gordon MacDonald,1,0,,2005
Gordon Parks,6,2,16.214298339501745,1984
Gordon Parks Jr.,4,0,,1975
Gordon Wiles,2,0,,1947
Gordon Willis,1,0,,1980
Gore Verbinski,10,10,18.960137535842954,2017
Gorman Bechard,1,0,,2013
Goro Miyazaki,2,1,18.03501826314038,2011
Gorčin Stojanović,1,0,,1995
Gotham Chopra,2,0,,2015
Gottfried Kolditz,1,0,,1976
Gottfried Reinhardt,3,0,,1961
Gough Lewis,1,0,,1999
Govind Nihalani,2,0,,1983
Govindan Aravindan,1,0,,1978
Gower Champion,1,0,,1974
Grace Lee,3,1,8.693664334532016,2013
Gracia Querejeta,2,0,,2015
Graeme Campbell,5,0,,2014
Graeme Clifford,3,2,15.130965529918196,1992
Graeme Ferguson,2,0,,1985
Graeme Harper,1,0,,2007
Graeme Rattigan,1,0,,1997
Graham Baker,4,3,16.120738018116363,1999
Graham Cutts,2,0,,1932
Graham Linehan,1,0,,2003
Graham Ralph,1,0,,1998
Graham Reznick,1,0,,2008
Graham Theakston,1,0,,1998
Graham Yost,1,0,,2010
Grant Baldwin,1,0,,2014
Grant Gee,3,0,,2012
Grant Hamilton,1,0,,2012
Grant Harvey,3,0,,2012
Grant Heslov,1,1,18.04568700215499,2009
Grant Humphreys,1,0,,2017
Grant Munro,1,0,,1978
Granz Henman,2,0,,2007
Gray Hofmeyr,1,0,,1993
Greg 'Freddy' Camalier,1,0,,2013
Greg A. Sager,2,0,,2014
Greg Antonacci,1,0,,1988
Greg Barker,6,0,,2017
Greg Beeman,9,1,16.92605590564629,2002
Greg Berlanti,2,2,16.423724265401276,2010
Greg Carson,1,0,,2006
Greg Carter,1,0,,2014
Greg Coolidge,1,1,17.46275802814675,2006
Greg D. Williams,1,0,,2013
Greg Derochie,1,0,,2009
Greg Francis,1,0,,2014
Greg Franklin,1,0,,2010
Greg Garthe,1,0,,2012
Greg Glienna,1,0,,2006
Greg Griffin,1,0,,1997
Greg Harrison,1,0,,2000
Greg Kiefer,1,0,,2016
Greg Kohs,1,0,,2015
Greg Kwedar,1,0,,2016
Greg Lamberson,1,0,,1988
Greg Lombardo,1,0,,2004
Greg MacGillivray,3,1,18.28829155590662,2012
Greg Marcks,2,1,13.122671329982063,2009
Greg McLean,5,3,16.47458623205465,2016
Greg Mottola,6,4,17.720840300593796,2016
Greg Olliver,2,0,,2012
Greg Osborne,1,0,,2007
Greg Page,1,0,,2003
Greg Pak,1,0,,2003
Greg Pritikin,1,0,,2002
Greg Richardson,3,0,,2007
Greg Spence,2,0,,1998
Greg Swartz,1,0,,2010
Greg Whiteley,3,0,,2015
Greg Williams,1,0,,2010
Greg Yaitanes,1,0,,2003
Greg Zglinski,1,0,,2011
Gregg Araki,9,6,11.315160987937135,2014
Gregg Barson,1,0,,2011
Gregg Bishop,2,0,,2016
Gregg C. Tallas,1,0,,1985
Gregg Champion,8,0,,2014
Gregg Godfrey,1,1,15.177378764740642,2012
Gregg Simon,1,0,,2008
Gregg Toland,1,0,,1943
Gregor Jordan,5,2,14.277007265630946,2010
Gregor Nicholas,1,0,,1996
Gregor Schnitzler,4,0,,2013
Gregori Viens,2,0,,2017
Gregorio Rocha,1,0,,2003
Gregory C. Parker,1,0,,2007
Gregory Colbert,1,0,,2005
Gregory Connors,1,0,,2010
Gregory Cooke,1,0,,2000
Gregory Dark,2,0,,2009
Gregory Doran,1,0,,2009
Gregory Gieras,1,0,,2001
Gregory Greene,2,0,,2007
Gregory Hatanaka,1,0,,2015
Gregory Hoblit,7,6,17.74056539149564,2008
Gregory J. Corrado,1,0,,2012
Gregory J. Read,1,0,,2006
Gregory Jacobs,3,1,18.623728170024087,2015
Gregory Kohn,2,0,,2015
Gregory La Cava,6,0,,1940
Gregory Levinson,1,0,,2008
Gregory Mackenzie,1,0,,2008
Gregory Marquette,1,0,,2013
Gregory McQualter,1,0,,2012
Gregory Mosher,1,0,,2000
Gregory Nava,5,2,17.122081175885054,2006
Gregory Orr,1,0,,2012
Gregory Plotkin,1,1,18.17345647811247,2015
Gregory Poirier,1,1,16.96956050307804,2001
Gregory Ratoff,8,0,,1947
Gregory W. Friedle,1,0,,2010
Gregory Widen,1,1,16.588099280204055,1995
Gregory Wilson,2,0,,2012
Gren Wells,1,0,,2014
Greta Schiller,2,0,,1996
Grethe Bøe,1,0,,2007
Greydon Clark,11,1,15.189845691748989,1990
Griff Furst,10,0,,2014
Griffin Dunne,6,4,17.313357876115393,2013
Griffin Hammond,1,0,,2013
Grigori Aleksandrov,3,0,,1938
Grigori Kozintsev,3,0,,1964
Grigori Kromanov,1,0,,1969
Grigorij Richters,1,0,,2015
Grigoriy Chukhray,2,0,,1959
Grover Babcock,1,0,,2003
Grzegorz Jarzyna,1,0,,2014
Grzegorz Królikiewicz,3,0,,1985
Grégoire Vigneron,1,0,,2010
Grégory Levasseur,1,1,16.44490961050308,2014
Grímur Hákonarson,2,0,,2015
Gualtiero Jacopetti,3,0,,1975
Guan Hu,2,0,,2015
Guddu Dhanoa,3,0,,2004
Guel Arraes,4,0,,2008
Guerdon Trueblood,1,0,,1973
Guido Malatesta,1,0,,1963
Guido Pieters,1,0,,1977
Guido Zurli,2,0,,1979
Guilherme Fiúza Zenha,1,0,,2014
Guillaume Canet,5,2,16.19756414128553,2017
Guillaume Coudray,1,0,,2010
Guillaume Gallienne,1,0,,2013
Guillaume Ivernel,1,0,,2008
Guillaume Nicloux,6,0,,2015
Guillem Morales,2,1,16.37156842610973,2010
Guillermo Amoedo,1,0,,2015
Guillermo Arriaga,2,0,,2014
Guillermo del Toro,9,8,18.136543537552942,2015
Gulshat Omarova,1,0,,2004
Gunasekhar,1,0,,2003
Gunnar Hellström,1,0,,1962
Gunnar Vikene,1,0,,2002
Gunter Friedrich,1,0,,1987
Gunther von Fritsch,1,0,,1953
Gunārs Piesis,1,0,,1971
Gurinder Chadha,8,1,18.153828757708137,2017
Guru Dutt,2,0,,1959
Gus Holwerda,1,0,,2013
Gus Krieger,1,0,,2016
Gus Meins,1,0,,1938
Gus Trikonis,6,0,,1981
Gus Van Sant,17,11,16.047574895962114,2016
Gust Van Den Berghe,1,0,,2014
Gustaf Edgren,1,0,,1946
Gustaf Gründgens,1,0,,1960
Gustaf Molander,3,0,,1938
Gustav Deutsch,4,0,,2013
Gustav Hofer,2,0,,2011
Gustav Machatý,2,0,,1937
Gustav Ucicky,1,0,,1937
Gustav Wiklund,2,0,,1974
Gustavo Cova,1,0,,2009
Gustavo Fontán,1,0,,2013
Gustavo Graef-Marino,2,0,,1999
Gustavo Hernández,1,0,,2010
Gustavo Lipsztein,1,0,,2002
Gustavo Loza,3,0,,2016
Gustavo Mosquera R.,1,0,,1996
Gustavo Ron,2,0,,2016
Gustavo Taretto,1,0,,2011
Guto Parente,1,0,,2014
Guy Debord,2,0,,1978
Guy Ferland,5,1,17.136401886169324,2004
Guy Goossens,1,0,,2010
Guy Green,7,1,15.73125600697332,1975
Guy Hamilton,15,8,17.32811065434088,1985
Guy J. Louthan,1,0,,2010
Guy Jenkin,1,0,,2003
Guy Lee Thys,2,0,,2012
Guy Maddin,14,1,9.966039727193092,2015
Guy Magar,2,0,,2001
Guy Manos,1,0,,2000
Guy Moshe,2,0,,2010
Guy Myhill,1,0,,2014
Guy Nattiv,1,0,,2007
Guy Pigden,1,0,,2014
Guy Ritchie,10,8,17.598463040703184,2017
Guy-Roger Duvert,1,0,,2016
Guðmundur Arnar Guðmundsson,1,0,,2016
Gwen Wetzler,1,0,,1985
Gye-byeok Lee,1,0,,2016
Gytis Lukšas,1,0,,2009
György Pálfi,4,0,,2014
Gábor Csupó,3,2,17.255592586513878,2008
Gábor Herendi,3,0,,2017
Gábor Reisz,1,0,,2014
Géla Babluani,3,2,14.282709174997173,2010
Gérald Hustache-Mathieu,1,0,,2011
Géraldine Nakache,2,0,,2012
Gérard Bitton,2,0,,2005
Gérard Blain,5,0,,1987
Gérard Corbiau,2,0,,2000
Gérard Jugnot,4,0,,2005
Gérard Kikoïne,1,0,,1989
Gérard Krawczyk,6,2,17.95970163739681,2007
Gérard Lauzier,1,0,,1991
Gérard Mordillat,1,0,,1993
Gérard Oury,10,0,,1993
Gérard Pirès,5,1,12.499689571844955,2005
Géza Kaszás,1,0,,2016
Géza von Radványi,2,0,,1958
Gísli Snær Erlingsson,1,0,,2000
Gô Ohara,1,0,,2010
Göran Graffman,2,0,,1980
Göran Olsson,2,0,,2014
Göran du Rées,1,0,,1989
Gösta Bernhard,1,0,,1954
Gösta Werner,1,0,,1981
Götz Spielmann,3,0,,2013
Günter Gräwert,1,0,,1963
H. Bruce Humberstone,16,0,,1962
H. C. Potter,9,0,,1948
H. Tjut Djalil,2,0,,1989
H.B. Halicki,1,0,,1974
H.C. Potter,1,0,,1948
H.K. Breslauer,1,0,,1924
H.M. Coakley,1,0,,2016
Ha Jung-woo,1,0,,2015
Habib Azar,1,0,,2010
Habib Faisal,3,0,,2014
Habib Louati,1,0,,2016
Hadi Hajaig,1,0,,2012
Hafsteinn Gunnar Sigurðsson,1,0,,2011
Haifaa Al-Mansour,2,1,14.11394486737933,2018
Haile Gerima,4,1,14.805757450469365,2008
Haim Tabakman,1,0,,2009
Hajime Hashimoto,1,0,,2016
Hajime Kadoi,1,0,,2008
Hajime Sato,3,0,,1968
Hajime Tsuburaya,1,0,,1967
Hajrudin Krvavac,1,0,,1972
Hakan Algul,1,0,,2010
Hakan Yonat,1,0,,2014
Hakubun,1,0,,2002
Hal Ashby,11,3,15.14303639886635,1986
Hal E. Chester,1,0,,1960
Hal Haberman,1,1,8.882114044208821,2006
Hal Hartley,13,1,14.10428153734166,2014
Hal Kanter,1,0,,1957
Hal Masonberg,1,0,,2006
Hal Needham,12,6,17.43312579499418,1999
Hal Roach,7,0,,1940
Hal Salwen,1,0,,1995
Hal Sutherland,2,1,14.997740081142885,1987
Hal Walker,6,0,,1952
Halder Gomes,2,1,15.404745763080856,2016
Hall Bartlett,6,0,,1978
Hallvard Bræin,2,0,,2016
Ham Tran,1,1,13.367659733359671,2006
Hamilton Luske,5,4,18.989829058582384,1961
Hamilton MacFadden,4,0,,1937
Hampton Fancher,1,1,12.823062062240387,1999
Han Han,2,0,,2017
Han Jae-rim,3,0,,2017
Han Jun-hee,1,0,,2015
Han Sanping,2,0,,2011
Han Yan,1,0,,2015
Hana Makhmalbaf,1,0,,2007
Hanelle M. Culpepper,1,0,,2013
Hanh Nguyen,1,0,,2015
Hank Braxtan,2,0,,2015
Hanna Sköld,2,1,8.575462099540212,2015
Hannah Fidell,2,0,,2015
Hannaleena Hauru,2,0,,2017
Hanne Larsen,1,0,,2008
Hanneke Schutte,1,0,,2013
Hannes Holm,4,1,15.03092525348132,2015
Hannes Stöhr,2,0,,2008
Hannu Kahakorpi,1,0,,2008
Hanro Smitsman,1,0,,2008
Hans Albin,1,0,,1961
Hans Alfredson,4,0,,1985
Hans Canosa,2,1,13.788678783998808,2010
Hans Christian Berger,1,0,,2015
Hans Fabian Wullenweber,1,0,,2002
Hans Fjellestad,2,0,,2012
Hans Herbots,5,0,,2014
Hans Horn,1,0,,2006
Hans Iveberg,1,0,,1981
Hans Petter Moland,7,1,15.590462908875947,2016
Hans Richter,2,0,,1947
Hans Steinbichler,1,0,,2003
Hans Van Nuffel,1,0,,2010
Hans W. Geißendörfer,1,0,,1978
Hans Weingartner,3,0,,2007
Hans Åke Gabrielsson,2,0,,1995
Hans-Christian Schmid,5,0,,2009
Hans-Jürgen Syberberg,2,0,,1982
Hansal Mehta,2,0,,2016
Hansol Sin,1,0,,2008
Hany Abu-Assad,2,1,15.026580617088836,2013
Harald Hamrell,1,0,,1998
Harald Philipp,1,0,,1965
Harald Reinl,6,0,,1973
Harald Sicheritz,2,0,,2013
Harald Zwart,6,4,18.51283522891567,2013
Hardi Volmer,2,0,,2013
Hardy Martins,1,0,,2001
Hari,2,2,15.500879645052997,2010
Harish Saluja,1,0,,1997
Harish Shankar,1,1,16.588099280204055,2012
Hark Bohm,1,0,,1976
Hark Joon Lee,1,0,,2014
Harlan Thompson,1,0,,1934
Harley Cokeliss,6,2,15.311189291980229,1994
Harmesh Malhotra,1,0,,1998
Harmon Jones,2,0,,1954
Harmony Korine,9,1,17.27259300235811,2013
Harold Becker,10,5,16.990885891861353,2001
Harold Clurman,1,0,,1946
Harold Cronk,4,2,17.091241341549015,2016
Harold Crooks,1,0,,2014
Harold D. Schuster,3,0,,1954
Harold Daniels,2,0,,1957
Harold F. Kress,2,0,,1951
Harold French,2,0,,1952
Harold Guskin,1,0,,2011
Harold L. Muller,1,0,,1930
Harold M. Shaw,1,0,,1912
Harold P. Warren,1,0,,1966
Harold Pinter,1,0,,1974
Harold Prince,2,0,,1977
Harold Ramis,11,8,17.86475259977655,2009
Harold S. Bucquet,14,1,20.12724536711719,1945
Harold Young,4,0,,1945
Harrie Geelen,1,0,,1983
Harriet Dodge,1,0,,2001
Harris Done,1,0,,1999
Harris Goldberg,1,0,,2007
Harrison Atkins,1,0,,2015
Harrison Smith,2,0,,2015
Harry A. Pollard,1,0,,1932
Harry Basil,2,0,,2006
Harry Baweja,2,1,15.424948470398377,2014
Harry Beaumont,14,1,15.287523794486702,1935
Harry Bromley Davenport,5,0,,2008
Harry Cleven,2,0,,2016
Harry Elfont,2,1,17.0582987887017,2001
Harry Freeland,1,0,,2012
Harry Harris,1,0,,1985
Harry Hook,1,0,,1990
Harry Hope,1,0,,1972
Harry Horner,4,0,,1956
Harry Hurwitz,2,0,,1978
Harry Keller,4,0,,1964
Harry Kümel,3,0,,1991
Harry L. Fraser,6,0,,1952
Harry Lachman,8,0,,1942
Harry Moses,2,0,,2006
Harry O. Hoyt,1,0,,1925
Harry Ralston,1,0,,2000
Harry Revier,1,0,,1938
Harry Shearer,1,1,10.24526710895816,2002
Harry Sinclair,1,0,,2000
Harry Smith,1,0,,1962
Harry Thomason,1,0,,2012
Harry W. Gerstad,1,0,,1960
Harry Winer,6,1,16.087403323519762,2005
Harry d'Abbadie d'Arrast,1,0,,1933
Harshavardhan Kulkarni,1,0,,2015
Hart Bochner,3,2,16.08009076072922,2008
Hartmut Bitomsky,1,0,,2008
Haruki Kadokawa,1,0,,1990
Harun Farocki,11,0,,2013
Haruyasu Noguchi,1,0,,1967
Harve Foster,1,0,,1946
Harvey Crossland,2,0,,2015
Harvey Frost,7,0,,2013
Harvey Glazer,3,0,,2009
Harvey Hart,5,0,,1973
Harvey Kahn,2,0,,2005
Harvey Miller,2,1,14.803359986778112,1996
Hasan Karacadag,2,0,,2012
Haskell Wexler,2,0,,1976
Hasko Baumann,1,0,,2007
Hasnain Hyderabadwala,1,0,,2007
Hassan Amini,1,0,,2016
Hassan Yektapanah,1,0,,2000
Hasse Ekman,1,0,,1950
Hatem Khraiche,1,0,,2017
Hatsuki Tsuji,1,1,17.188665397281635,2004
Hattie Dalton,1,0,,2010
Havana Marking,1,1,11.528237633071834,2009
Hawley Pratt,2,0,,1972
Hayao Miyazaki,14,7,18.136108213134502,2013
Hayato Date,2,1,16.667495779129688,2012
Hayato Ikeda,1,0,,1986
Hayato Kawai,1,0,,2015
Haylar Garcia,1,0,,2013
Hayley Cloake,1,1,7.424761761823209,2007
He Jianjun,1,0,,2004
He Ping,2,0,,2003
Heath Jones,1,0,,2014
Heather M. Winters,1,0,,2013
Heather Millard,1,0,,2016
Heather Rae,1,0,,2005
Heber Cannon,3,0,,2017
Hector Babenco,6,1,14.112575721211076,2003
Hector Hernández Vicens,1,0,,2015
Heddy Honigmann,3,0,,2008
Hee-chang Son,1,0,,2005
Heidi Ewing,6,1,11.54959484932724,2012
Heidi Köngäs,1,0,,1998
Heikki Häkkinen,1,0,,2015
Heiner Carow,2,0,,1989
Heinrich Breloer,1,0,,2008
Heinz Bütler,1,0,,2003
Heinz Dunkhase,1,0,,1963
Heinz Emigholz,1,0,,2001
Heinz Strunk,1,0,,2012
Heitor Dhalia,3,1,16.711432938170486,2012
Helen Ahlsson,1,0,,2004
Helen Hunt,2,0,,2014
Helen Stickler,1,0,,2004
Helena Solberg,1,0,,1995
Helena Taberna,2,0,,2016
Helge Schneider,3,0,,1997
Hella Joof,1,0,,2001
Helma Sanders-Brahms,1,0,,1980
Helmut Dietl,3,0,,2012
Helmut Krätzig,1,0,,1986
Helmut Käutner,6,0,,1959
Helmut Schleppi,2,0,,2005
Helmut Weiss,2,0,,1961
Heloisa Sartorato,1,0,,2011
Helvio Soto,1,0,,1975
Helvécio Ratton,2,0,,2006
Hemant Gaba,1,0,,2012
Hendel Butoy,1,1,17.67479630066841,1990
Hendrik Hölzemann,1,0,,2004
Henk Pretorius,1,0,,2013
Henning Carlsen,3,0,,2011
Henning Kristiansen,1,0,,1978
Henning Schellerup,2,0,,1980
Henri Cartier-Bresson,1,0,,1937
Henri Colpi,1,0,,1961
Henri Decoin,3,0,,1955
Henri Helman,1,0,,1985
Henri Sala,1,0,,1986
Henri Verneuil,14,0,,1992
Henri Xhonneux,1,0,,1989
Henri-Georges Clouzot,8,1,11.937938265920762,1960
Henrik Galeen,1,0,,1928
Henrik Georgsson,1,0,,2005
Henrik Hellström,1,0,,2009
Henrik Martin Dahlsbakken,2,0,,2016
Henrik Ruben Genz,3,1,12.100395413056203,2014
Henrique Couto,1,0,,2013
Henrique Goldman,2,0,,2009
Henry Alex Rubin,2,2,14.711374235497809,2012
Henry Barrial,2,0,,2011
Henry Bean,2,1,12.94066162848978,2008
Henry Bedwell,1,0,,2014
Henry Bromell,1,1,13.565942175885692,2000
Henry Cass,2,0,,1958
Henry Cora,1,0,,2007
Henry Cornelius,3,0,,1955
Henry Crum,1,0,,2006
Henry Edwards,1,0,,1935
Henry Hathaway,42,3,15.677270701489341,1971
Henry Hobson,1,1,12.13946264703073,2015
Henry Hughes,1,0,,2015
Henry Jaglom,11,1,12.608770595251226,2009
Henry Joost,5,5,16.8660435945161,2016
Henry King,29,3,14.89896872194013,1962
Henry Koster,32,2,15.963499772988488,1966
Henry Lehrman,1,0,,1914
Henry Levin,18,1,16.11809565095832,1973
Henry Miller,2,0,,2011
Henry Pincus,1,0,,2007
Henry S. Kesler,1,0,,1957
Henry Saine,2,0,,2013
Henry Selick,4,4,17.366442541824746,2009
Henry Singer,1,0,,2006
Henry Winkler,3,0,,1993
Henwar Rodakiewicz,1,0,,1931
Herb Freed,3,1,16.461685355348397,1985
Herb Gardner,1,0,,1996
Herb Wallerstein,1,0,,1977
Herbert B. Leonard,1,0,,1967
Herbert Blaché,1,0,,1920
Herbert Brenon,4,0,,1928
Herbert I. Leeds,2,0,,1939
Herbert J. Biberman,1,0,,1954
Herbert J. Leder,1,0,,1966
Herbert L. Strock,4,0,,1963
Herbert Ponting,1,0,,1924
Herbert Ross,23,7,17.554122293739116,1995
Herbert Wilcox,3,0,,1946
Herbert Wise,5,0,,1989
Herk Harvey,1,0,,1962
Herman Hoffman,2,0,,1957
Herman Shumlin,2,0,,1945
Herman Wuyts,1,0,,1969
Herman Yau,8,1,10.542284138345993,2016
Hermine Huntgeburth,4,0,,2011
Hernando Bansuelo,1,0,,2014
Hernán Goldfrid,1,0,,2013
Hernán Guerschuny,1,0,,2013
Hernán Jabes,1,0,,2012
Herschel Faber,1,0,,2013
Herschell Gordon Lewis,9,1,15.201804919084164,1972
Hervé Bromberger,1,0,,1962
Hervé Martin-Delpierre,1,0,,2015
Hervé P. Gustave,1,0,,2006
Hervé Palud,1,0,,1994
Hervé Renoh,2,1,11.01369897704759,2010
Herz Frank,1,0,,1978
Hesham Issawi,1,0,,2008
Hettie MacDonald,1,1,14.22097566607244,1996
Heywood Gould,4,0,,2001
Hideaki Anno,10,5,16.548044567075145,2016
Hideaki Oba,1,0,,1998
Hidehito Ueda,1,0,,2007
Hidekazu Takahara,1,0,,2004
Hideki Takeuchi,1,0,,2012
Hidenori Sugimori,1,0,,2002
Hideo Gosha,6,0,,1982
Hideo Nakata,11,4,17.21128827702107,2013
Hideo Onchi,1,0,,1980
Hideo Tanaka,2,0,,1988
Hideshi Hino,1,0,,1985
Hideyuki Hirayama,1,0,,2010
Higuchinsky,1,0,,2000
Hilary Birmingham,1,0,,2000
Hilary Brougher,3,0,,2014
Hilda Hidalgo,1,0,,2009
Hilde Van Mieghem,3,0,,2010
Hilla Medalia,1,0,,2014
Hilmar Oddsson,1,0,,1995
Hilton Lacerda,1,0,,2007
Hiner Saleem,4,0,,2014
Hiroaki Ando,2,0,,2015
Hiroaki Matsuyama,2,0,,2012
Hiroaki Miyamoto,1,1,18.008297858100242,2016
Hirokazu Koreeda,12,2,14.782892567231148,2016
Hiroki Shibata,2,0,,1995
Hiroki Yamaguchi,1,0,,2004
Hiromasa Yonebayashi,2,2,16.016900498909706,2014
Hironobu Sakaguchi,1,1,18.259711554163903,2001
Hiroshi Ando,1,0,,2002
Hiroshi Aoyama,1,0,,1998
Hiroshi Fukutomi,1,0,,1993
Hiroshi Hamazaki,1,0,,2013
Hiroshi Harada,1,0,,1992
Hiroshi Inagaki,7,0,,1970
Hiroshi Ishikawa,1,0,,2002
Hiroshi Matsuno,1,0,,1968
Hiroshi Negishi,2,0,,1999
Hiroshi Nishitani,1,0,,2008
Hiroshi Saitô,1,0,,1992
Hiroshi Shimizu,6,0,,1941
Hiroshi Shinagawa,2,0,,2015
Hiroshi Sugawara,1,0,,1996
Hiroshi Teshigahara,7,0,,1992
Hiroshi Watanabe,3,0,,1998
Hirotsugu Kawasaki,2,0,,2011
Hiroyuki Imaishi,3,0,,2009
Hiroyuki Kitakubo,2,0,,2000
Hiroyuki Morita,1,1,13.167166556482018,2002
Hiroyuki Nakano,1,0,,1998
Hiroyuki Okiura,2,1,15.724862229826437,2012
Hiroyuki Seshita,1,0,,2017
Hiroyuki Yamaga,1,0,,1987
Hiroyuki Yamashita,1,0,,2015
Hisako Matsui,1,0,,2010
Hisao Kurosawa,1,0,,2000
Hisayasu Satô,1,0,,1996
Hisayuki Toriumi,1,0,,1985
Hisonni Johnson,1,0,,2016
Hitoshi Iwamoto,1,0,,2009
Hitoshi Matsumoto,4,0,,2013
Hitoshi Ohne,2,0,,2016
Hitoshi Takekiyo,1,0,,2012
Ho Choi,2,0,,2014
Ho Meng-Hua,7,0,,1977
Ho-Young Kwon,2,0,,2013
Hobart Henley,1,0,,1932
Hoite C. Caston,1,0,,1985
Holger Haase,1,0,,2013
Holger Tappe,1,0,,2006
Hollingsworth Morse,4,0,,1972
Hollis Frampton,1,0,,1970
Holly Dale,2,0,,2007
Holly Goldberg Sloan,2,0,,1999
Holly Hardman,1,0,,2001
Holly L. De Ruyter,1,0,,2015
Holly Morris,1,0,,2015
Homi Adajania,3,1,16.749367427800177,2014
Hong Khaou,1,0,,2014
Hong Sang-soo,16,0,,2015
Hong Seok-Jae,1,0,,2015
Hong Won-chan,1,0,,2015
HongSeon Kim,2,0,,2014
Hooroo Jackson,1,0,,2016
Hope Dickson Leach,1,0,,2017
Hope Perello,1,0,,1991
Horatiu Malaele,1,0,,2009
Hossein Amini,1,1,15.3212450254846,2014
Hou Hsiao-hsien,19,1,13.357501900541276,2015
Hou Yong,1,0,,2004
Houchang Allahyari,1,0,,1999
Houda Benyamina,1,0,,2016
Howard Alk,2,0,,1974
Howard Avedis,3,0,,1984
Howard Baker,2,0,,2008
Howard Bretherton,2,0,,1946
Howard Brookner,2,0,,1989
Howard Deutch,11,6,17.000549250559498,2008
Howard E. Baker,2,0,,2010
Howard Franklin,2,0,,1996
Howard Goldberg,1,0,,1996
Howard Hall,3,0,,2009
Howard Hawks,35,7,15.246964512010697,1970
Howard J. Ford,1,0,,2013
Howard McCain,1,1,15.766221024182212,2008
Howard Michael Gould,1,0,,2009
Howard Morris,3,0,,1969
Howard R. Cohen,3,0,,1991
Howard Smith,2,0,,1977
Howard Storm,1,1,16.11809565095832,1985
Howard W. Koch,7,0,,1973
Howard Zieff,9,2,17.171524598150327,1994
Howie Askins,1,0,,2011
Howy Parkins,1,0,,2015
Hoyt Yeatman,1,1,19.49506127057218,2009
Hrishikesh Mukherjee,5,0,,1983
Hrund Gunnsteinsdottir,1,0,,2016
Hrvoje Hribar,1,0,,2005
Hsu Tseng-Hung,1,0,,1965
Hu Mei,1,0,,2010
Hu Sang,1,0,,1956
Hua Shan,2,0,,1978
Hua-Tao Teng,2,0,,2013
Huan Vu,1,0,,2010
Huang Hong,1,0,,2011
Huang Jianxin,2,0,,1994
Hubert Cornfield,4,0,,1968
Hubert Frank,1,0,,1977
Hubert Sauper,1,0,,2014
Hubertus Siegert,1,0,,2001
Huck Botko,3,1,13.242288117972572,2016
Hue Rhodes,1,1,11.623849475649008,2009
Hugh David,1,0,,1971
Hugh Harman,2,0,,1941
Hugh Hartford,1,0,,2012
Hugh Hudson,7,4,15.590140258409065,2016
Hugh Johnson,1,1,16.237119338909498,1999
Hugh Munro Neely,1,0,,1998
Hugh Sullivan,1,0,,2014
Hugh Wilson,8,4,16.868649087925412,2004
Hugo Alves,1,0,,2012
Hugo Claus,1,0,,1985
Hugo Fregonese,6,0,,1964
Hugo Grimaldi,1,0,,1965
Hugo Gélin,2,1,14.18551427779428,2016
Hugo Haas,2,0,,1957
Hugo Latulippe,1,0,,2004
Hugo Rodríguez,1,0,,2003
Hugo Santiago,1,0,,1969
Hugo Van Lawick,1,0,,1996
Huh Jong-ho,2,0,,2015
Huh Jung,1,0,,2013
Humberto Rosa,1,0,,2015
Humphrey Jennings,3,0,,1945
Hunter Adams,1,0,,2014
Hunter G. Williams,1,0,,2011
Hunter Richards,1,0,,2005
Hunter Weeks,2,0,,2010
Hur Jin-Ho  ,4,1,14.7254189660707,2012
Huseyin Karabey,1,0,,2008
Hussi Kutlucan,1,0,,1998
Hwang Dong-hyuk,2,1,17.26549810379586,2014
Hwang In-Ho,2,0,,2014
Hwang Soo-ah,1,0,,2009
Hy Averback,4,1,16.16973888411016,1984
Hyeon-il Kang,1,0,,2002
Hyeon-jin Park,1,0,,2016
Hype Williams,1,0,,1998
Håkan Alexandersson ,1,0,,1987
Håkon Liu,1,0,,2009
Håvard Bustnes,1,0,,2013
Héctor Olivera,4,0,,2011
Hélène Cattet,2,1,8.879333174786028,2013
Hélène Fillières,1,0,,2013
Hélène Giraud,1,1,17.216707939626428,2013
Héléna Klotz,1,0,,2012
I. Robert Levy,1,0,,1977
I. V. Sasi,1,0,,1993
Iain B. MacDonald,2,0,,2011
Iain Forsyth,1,0,,2014
Iain Riddick,1,0,,2010
Iain Softley,7,4,17.44421119883313,2015
Ian Barry,5,0,,2003
Ian Bonhôte,1,0,,2016
Ian Cheney,2,0,,2014
Ian Clark,1,0,,2012
Ian Cofino,1,0,,2011
Ian Connacher,1,0,,2008
Ian Corson,1,0,,1995
Ian Curteis,1,0,,1966
Ian Dalrymple,1,0,,1937
Ian Fitzgibbon,3,0,,2011
Ian Fordyce,1,0,,1969
Ian Gilmour,1,0,,2005
Ian Harris,1,0,,2016
Ian Hubert,1,0,,2012
Ian Iqbal Rashid,2,0,,2008
Ian Kessner,1,0,,2014
Ian MacNaughton,2,0,,1982
Ian McCluskey,1,0,,2007
Ian McCrudden,1,0,,2006
Ian McDonald,1,0,,2013
Ian Merrick,1,0,,1977
Ian Olds,1,0,,2016
Ian Palmer,1,0,,2011
Ian Poitier,1,0,,2007
Ian Power,1,0,,2010
Ian Roumain,2,0,,2015
Ian SBF,2,0,,2016
Ian Sharp,3,0,,2010
Ian Toynton,2,0,,1996
Ian Truitner,1,0,,2017
Ian Watson,1,0,,2003
Iara Lee,2,0,,1998
Ib Melchior,2,0,,1964
Ibai Abad,1,0,,2017
Ibrahim El-Batout,1,0,,2013
Ice Cube,2,0,,2010
Ice-T,1,1,12.57179850606932,2012
Ichiro Itano,1,0,,1989
Icíar Bollaín,3,0,,2016
Ida Lupino,6,0,,1966
Ida Panahandeh,1,0,,2016
Ideya Garanina,1,0,,1988
Ido Fluk,1,0,,2017
Ido Haar,2,0,,2016
Idrees Khan,1,0,,1980
Idrissa Ouedraogo,1,0,,1990
Ifa Isfansyah,2,0,,2014
Igal Hecht,1,0,,2014
Ignacio Agüero,1,0,,1988
Ignacio F. Iquino,3,1,13.29074826845941,1981
Ignacio Ferreras,1,0,,2011
Ignas Jonynas,1,0,,2013
Ignatiy Vishnevetsky,1,0,,2013
Igor Auzins,1,0,,1982
Igor Dobrolyubov,1,0,,1983
Igor Gotesman,1,0,,2016
Igor Kalenov,1,0,,2008
Igor Kovalyov,2,0,,1990
Igor Maslennikov,7,0,,1986
Igor Talankin,1,0,,1975
Igor Voloshin,3,1,12.517728779793613,2014
Igor Vorskla,1,0,,2008
Igor Zaritzki,1,0,,2003
Igor Zaytsev,1,1,16.681478050582875,2009
Ike Sanders,1,0,,2009
Ikegami Kazunori,1,0,,1996
Ilan Duran Cohen,2,0,,2013
Ildikó Enyedi,4,0,,2017
Ilian Metev,1,0,,2012
Ilinca Calugareanu,1,0,,2015
Ilisa Barbash,1,1,12.239159198517964,2009
Ilkka Järvi-Laturi,1,0,,1993
Ilkka Vanne,2,0,,2005
Ilksen Basarir,1,0,,2009
Illeana Douglas,1,0,,2004
Ilmar Raag,2,0,,2013
Ilppo Pohjola,1,0,,1991
Ilya Averbakh,1,0,,1972
Ilya Chaiken,1,0,,2007
Ilya Frez,1,0,,1980
Ilya Khrzhanovsky,1,0,,2005
Ilya Maksimov,2,1,15.05921058176289,2006
Ilya Motyleff,1,0,,1937
Ilya Naishuller,1,1,16.47813024494731,2015
Ilyssa Goodman,1,0,,2016
Im Kwon-taek,4,0,,2002
Im Kyung-soo,1,0,,2005
Im Sang-soo,4,0,,2012
Imanol Uribe,4,0,,2007
Imogen Kimmel,1,1,8.360539381370861,2000
Imran Naqvi,1,0,,2010
Imre Horvath,1,0,,1984
Imtiaz Ali,5,2,16.06783176707131,2015
Inari Niemi,1,0,,2014
Indar Dzhendubaev,1,1,14.390061684958324,2015
Indra Kumar,6,1,17.665658159674333,2013
Indra Siera,1,0,,2006
Ineke Houtman,3,0,,2015
Inessa Kovalevskaya,2,0,,1974
Ingmar Bergman,39,2,15.55555874034567,2003
Ingo Rasper,1,1,13.912165288001136,2007
Inna Evlannikova,2,1,15.687312734865866,2014
Inna Tumanyan,1,0,,1978
Inon Shampanier,1,0,,2012
Inés María Barrionuevo,1,0,,2014
Inés París,2,0,,2016
Inés de Oliveira Cézar,1,0,,2005
Ion De Sosa,1,0,,2014
Iosif Kheifits,2,0,,1960
Iqbal Ahmed,1,0,,2015
Ira Miller,1,0,,1980
Ira Sachs,5,1,14.631858516121712,2016
Ira Wohl,1,0,,1979
Irakli Kvirikadze,1,0,,1978
Iram Parveen Bilal,1,0,,2015
Irena Pavlásková,1,0,,2015
Irena Salina,1,0,,2008
Irene Taylor Brodsky,2,0,,2016
Irene von Alberti,1,0,,2008
Irina Poplavskaya,1,0,,1969
Irina Povolotskaya,1,0,,1978
Irina Volkova,1,0,,2014
Iris K. Shim,1,0,,2010
Irv Drasnin,1,0,,2011
Irv Spector,1,0,,1965
Irvin Berwick,2,0,,1979
Irvin Kershner,12,4,18.360809085656868,1990
Irvin S. Yeaworth Jr.,2,0,,1960
Irvin Willat,1,0,,1919
Irving Allen,1,0,,1961
Irving Brecher,1,0,,1949
Irving Cummings,13,0,,1951
Irving Lerner,2,0,,1959
Irving Pichel,13,0,,1951
Irving Rapper,12,0,,1970
Irving Reis,7,0,,1948
Irwin Allen,8,1,15.761420707019589,1979
Irwin Winkler,7,1,18.52168346319308,2006
Isaac Cravit,1,0,,2013
Isaac Ezban,2,0,,2015
Isaac Feder,1,0,,2014
Isaac Florentine,9,0,,2015
Isaac Gabaeff,1,0,,2015
Isaac Julien,3,0,,2008
Isaac Rentz,1,0,,2016
Isabel Coixet,9,4,15.764027300448594,2015
Isabelle Broué,1,0,,2004
Isabelle Doval,1,0,,2013
Isabelle Lavigne,1,0,,2011
Isabelle Mergault,2,0,,2007
Isao Takahata,10,1,17.001294103607492,2013
Isao Yukisada,4,0,,2010
Ishai Setton,3,0,,2012
Ishaya Bako,1,0,,2015
Ishi Rudell,1,0,,2015
Ishirô Honda,22,0,,1975
Isidro Ortiz,2,0,,2008
Iskra Babich,1,0,,1981
Ismael Rodríguez,1,0,,1956
Ismail Merchant,5,0,,2001
Ismaël Ferroukhi,1,0,,2011
Israel Cárdenas,2,0,,2012
Israel Horovitz,1,1,15.83403793591446,2014
Israel Luna,3,0,,2015
Issa López,2,0,,2008
Isshin Inudô,1,0,,2003
Isti Madarász,1,0,,2016
István Gaál,1,0,,1963
István Szabó,7,0,,2004
István Szőts,1,0,,1942
Italo Zingarelli,1,0,,1979
Iulia Rugină,1,0,,2013
Iva Radivojevic,1,0,,2014
Ivan Andonov,1,0,,1988
Ivan Bychkov,1,0,,2010
Ivan Calbérac,2,0,,2015
Ivan Cotroneo,1,0,,2016
Ivan Dixon,1,0,,1973
Ivan Dykhovichnyy,1,0,,2002
Ivan Engler,1,0,,2009
Ivan Frank,1,0,,2008
Ivan Galin,1,0,,1997
Ivan I. Tverdovsky,1,0,,2016
Ivan Ivanov-Vano,3,0,,1984
Ivan Kavanagh,1,0,,2014
Ivan Lukinsky,1,0,,1955
Ivan Mykolaichuk,1,0,,1979
Ivan Nagy,2,0,,1980
Ivan Passer,7,0,,1995
Ivan Petukhov,1,0,,2014
Ivan Pyryev,4,0,,1968
Ivan Reitman,16,12,18.490643206332713,2014
Ivan Sen,3,0,,2016
Ivan Shurhovetsky,1,0,,2010
Ivan Silvestrini,2,0,,2017
Ivan Tors,1,0,,1965
Ivan Ufimtsev,1,0,,1976
Ivan Vyrypaev,3,2,12.463349912266438,2012
Ivan Zuccon,1,0,,2013
Ivan Živković,1,0,,2007
Ivane Perestiani,1,0,,1922
Ivano De Matteo,2,0,,2014
Ivars Seleckis,1,0,,1988
Ivica Matić,1,0,,1976
Ivo Barnabò Micheli,1,0,,1995
Ivo Caprino,1,0,,1975
Ivo Trajkov,1,0,,2015
Ivona Juka,1,0,,2015
Iván Dariel Ortiz,1,0,,2006
Iván Zulueta,1,0,,1979
Iván Ávila Dueñas,1,0,,2008
Izidore K. Musallam,1,0,,1994
Izuru Narushima,1,0,,2011
J Blakeson,2,2,16.094378421967516,2016
J. Christian Ingvordsen,2,0,,2004
J. Clay Tweel,2,0,,2015
J. Davis,1,0,,2015
J. Elder Wills,2,0,,1937
J. F. Lawton,2,0,,1995
J. Lee Thompson,35,6,15.620946575419799,1989
J. Michael Straczynski,1,0,,2007
J. Miles Dale,1,0,,2004
J. Mills Goodloe,1,0,,2002
J. Robert Wagoner,1,0,,1979
J. Searle Dawley,2,0,,1916
J. Stuart Blackton,3,0,,1933
J. Todd Anderson,1,0,,1998
J. Walter Ruben,3,0,,1936
J.B. Ghuman Jr.,1,0,,2010
J.B. Rogers,4,1,19.47691981821942,2011
J.B.L. Noel,1,0,,1924
J.C. Calciano,2,0,,2014
J.C. Chandor,3,3,16.237455382595176,2014
J.C. Falcón,1,0,,2016
J.C. Khoury,2,0,,2014
J.C. Reifenberg,1,0,,2012
J.C. Schroder,1,0,,2013
J.D. Dillard,1,0,,2017
J.G. Quintel,1,0,,2015
J.J. Abrams,5,5,20.072248841692797,2015
J.K. Amalou,1,0,,2015
J.M. Kenny,2,0,,2006
J.M.R. Luna,1,0,,2014
J.P. Dutta,2,0,,2000
J.P. Howell,1,0,,2006
J.P. McGowan,1,0,,1932
J.P. Schaefer,1,0,,2007
J.P. Sniadecki,1,0,,2014
J.R. Bookwalter,1,0,,1989
J.S. Cardone,8,0,,2006
J.T. Petty,4,0,,2013
J.T. Tepnapa,1,0,,2011
J.T.S. Moore,1,0,,2001
JP Siili,5,0,,2013
JR,1,0,,2015
JT Mollner,1,0,,2016
Jaak Kilmi,2,0,,2015
Jaakko Pakkasvirta,1,0,,1982
Jaakko Talaskivi,1,0,,1971
Jaap van Heusden,1,0,,2010
Jabbar Raisani,1,0,,2014
Jac Mulder,1,0,,2014
Jac Schaeffer,1,0,,2009
Jace Alexander,2,0,,2013
Jacek Borcuch,2,0,,2013
Jacek Borusinski,1,0,,2006
Jacek Bromski,2,0,,2002
Jacek Filipiak,1,0,,2007
Jacek Lusiński,1,0,,2015
Jack Anderson,1,0,,2014
Jack Arnold,13,1,14.077874822431763,1974
Jack Baran,1,0,,1995
Jack Baxter,1,0,,1995
Jack Bender,4,1,16.83887040119806,2013
Jack Bernhard,2,0,,1948
Jack Bond,1,0,,1968
Jack Bravman,1,0,,1987
Jack Bryan,1,0,,2014
Jack Cardiff,9,0,,1974
Jack Chambers,1,0,,1970
Jack Clayton,8,2,16.321075102671912,1987
Jack Conway,21,1,16.03166592295993,1948
Jack Couffer,3,0,,1972
Jack Curtis,1,0,,1964
Jack Donohue,4,0,,1966
Jack Ersgard,2,0,,1993
Jack Fisk,3,1,14.133038770013044,1990
Jack Gage,1,0,,1948
Jack Garfein,2,0,,1961
Jack Gold,13,0,,1998
Jack Green,1,0,,1997
Jack Gulick,1,0,,2008
Jack Haley Jr.,5,0,,1990
Jack Hannah,2,0,,1952
Jack Hazan,1,0,,1980
Jack Heller,2,0,,2014
Jack Hill ,8,0,,1982
Jack Hively,1,0,,1941
Jack Hofsiss,1,0,,1982
Jack Kemp,1,0,,1948
Jack King,1,0,,1938
Jack Kinney,6,0,,2001
Jack Lee,3,0,,1960
Jack Lemmon,1,0,,1971
Jack Lewis,1,0,,2003
Jack McCoy,1,0,,2011
Jack Messitt,1,0,,2008
Jack Neo,1,0,,2003
Jack Nicholson,3,1,16.11809565095832,1990
Jack Perez,5,0,,2016
Jack Pettibone Riccobono,1,0,,2015
Jack Plotnick,1,0,,2014
Jack Pollexfen,1,0,,1956
Jack Regas,1,0,,1975
Jack Shea,1,0,,1969
Jack Sher,2,0,,1960
Jack Sholder,9,2,16.566854730174516,2005
Jack Smight,11,3,16.64906838777059,1987
Jack Smith,1,0,,1963
Jack Starrett,5,0,,1976
Jack Webb,3,0,,1961
Jack Witikka,1,0,,1956
Jackie Chan,15,1,11.59310354809548,2012
Jackie Earle Haley,1,0,,2015
Jackie Kong,2,0,,1987
Jackie Oudney,1,0,,2008
Jackie Raynal,1,0,,1968
Jackie Reem Salloum,1,0,,2008
Jackson Douglas,1,0,,2009
Jackson Stewart,1,0,,2016
Jaco Smit,1,0,,2014
Jaco Van Dormael,4,1,15.081671655053414,2015
Jacob Aaron Estes,2,1,13.311235101602817,2012
Jacob Berger,1,0,,2002
Jacob Bernstein,1,0,,2015
Jacob Chase,1,0,,2010
Jacob Cheung Chi-Leung,2,0,,2014
Jacob Cooney,1,0,,2014
Jacob Frey,1,0,,2014
Jacob Gentry,4,1,8.412943170042439,2015
Jacob Hatley,1,0,,2010
Jacob Kornbluth,2,1,12.433439267117254,2013
Jacob Krupnick,1,0,,2011
Jacob Roebuck,1,0,,2013
Jacob Rosenberg,1,0,,2012
Jacob Thuesen,2,0,,2007
Jacob Tierney,4,0,,2014
Jacob Vaughan,1,1,9.883947890661512,2013
Jacob Young,1,0,,1999
Jacobo Rispa,1,0,,2005
Jacqueline Audry,2,0,,1954
Jacques Audiard,7,2,14.743587783198283,2015
Jacques Becker,9,0,,1960
Jacques Besnard,1,0,,1966
Jacques Charon,1,0,,1968
Jacques Demy,11,0,,1988
Jacques Deray,12,0,,2001
Jacques Doillon,4,0,,2008
Jacques Dorfmann,2,0,,2001
Jacques Feyder,4,0,,1937
Jacques Fieschi,1,0,,2006
Jacques Lacerte,1,0,,1973
Jacques Malaterre,1,0,,2010
Jacques Meny,1,0,,1997
Jacques Nolot,1,0,,2002
Jacques Ouaniche,1,0,,2013
Jacques Perrin,3,2,16.801576062683765,2016
Jacques Poitrenaud,1,0,,1963
Jacques Rivette,18,0,,2007
Jacques Rouffio,1,0,,1982
Jacques Rozier,1,0,,1962
Jacques Sarasin,1,0,,2007
Jacques Tati,6,0,,1974
Jacques Tourneur,21,1,15.201804919084164,1965
Jacques Weber,1,0,,1998
Jacques-Rémy Girerd,1,0,,2008
Jade Castro,1,1,13.489296921508044,2011
Jae-shik Park,1,0,,2008
Jae-yeon Yun,2,0,,2009
Jafar Panahi,7,0,,2015
Jaffar Mahmood,1,0,,2008
Jag Mundhra,1,0,,2008
Jagdish A. Sharma,1,0,,1996
Jagmohan Mundhra,1,0,,2011
Jahong Koo,1,0,,2011
Jai Al-attas,1,0,,2009
Jaideep Sen,1,1,15.89495209964411,2008
Jaime Chávarri,4,0,,2005
Jaime Hellman,1,0,,1996
Jaime Humberto Hermosillo,1,0,,1977
Jaime Jiménez Pons,1,0,,1976
Jaime Maestro,1,0,,2012
Jaime Marques,1,0,,2007
Jake Clennell,1,0,,2006
Jake Gavin,1,0,,2015
Jake Goldberger,2,0,,2013
Jake Hawkins,1,0,,2014
Jake Helgren,2,0,,2016
Jake Hoffman,1,0,,2015
Jake Kasdan,6,5,16.310881063449308,2014
Jake Kennedy,1,0,,2007
Jake L. Reid,1,0,,2015
Jake Newsome,1,0,,2012
Jake Paltrow,2,1,9.922309306776716,2014
Jake Rademacher,1,0,,2009
Jake Schreier,2,2,16.64058122189376,2015
Jake Scott,2,1,10.648871332431582,2010
Jake Szymanski,3,1,18.16020189896399,2017
Jake West,3,0,,2010
Jake Witzenfeld,1,0,,2015
Jakob Lass,1,0,,2013
Jakob M. Erwa,1,0,,2016
Jakob Montrasio,1,0,,2012
Jakob Verbruggen,2,0,,2015
Jakov Sedlar,1,0,,1995
Jalil Lespert,2,1,16.861284117470245,2016
Jalmari Helander,2,1,15.83041357850654,2014
Jamaa Fanaka,3,0,,1982
Jamal Hill,1,0,,2015
Jamal Joseph,1,0,,2016
James A. Contner,2,0,,2008
James Algar,9,1,18.324990762032343,1999
James Anderson,1,0,,2002
James Aviles Martin,1,0,,1988
James B. Brown,1,0,,1984
James B. Clark,3,0,,1969
James B. Harris,4,0,,1993
James Bai,1,0,,2005
James Balsamo,1,0,,2013
James Benning,11,0,,2014
James Bickert,1,0,,2011
James Bidgood,1,0,,1971
James Blagden,1,0,,2010
James Bobin,3,3,18.880693326222765,2016
James Bogle,1,0,,1998
James Bolton,2,0,,2008
James Bonner,1,0,,2007
James Boss,1,0,,2010
James Bridges,8,2,17.06776109991472,1988
James Bruce,1,0,,1995
James Bryan,1,0,,1981
James Burrows,1,0,,1982
James C. Wasson,1,0,,1980
James C.E. Burke,1,0,,2005
James Caan,1,0,,1980
James Cameron,12,8,19.384569416944597,2020
James Chankin,1,0,,2012
James Clavell,2,0,,1971
James Colquhoun,2,0,,2012
James Cotten,1,0,,2008
James Cox,2,1,14.718287995161411,2013
James Crow,1,0,,2015
James Crump,2,0,,2015
James Cruze,2,0,,1937
James Cullen Bressack,2,0,,2015
James Cullingham,1,0,,2013
James D. Cooper,1,0,,2015
James D. Deck,1,0,,2005
James D. Parriott,1,1,15.226497531674536,1990
James D. Rolfe,1,0,,2014
James D. Scurlock,1,0,,2006
James D. Stern,3,1,10.560618878891704,2009
James D.R. Hickox,3,0,,2002
James DeMonaco,4,3,18.467953878784517,2016
James Dearden,3,1,16.55177088526292,1999
James Dirschberger,1,0,,2010
James Dodsen,1,0,,1993
James Dodson,2,0,,2008
James E. Duff,1,0,,2014
James E. Tooley,1,0,,2013
James Eaves,1,0,,2012
James Edward Grant,1,0,,1947
James Erskine,2,0,,2014
James F. Collier,3,0,,1990
James F. Robinson,1,0,,1997
James Fargo,4,3,17.2063703763725,1982
James Flood,2,0,,1935
James Foley,12,7,16.85505659781432,2017
James Ford Murphy,1,0,,2015
James Franco,11,0,,2017
James Frawley,6,2,16.5871633227849,2002
James Gartner,1,1,17.5684780176864,2006
James Gilbert,1,0,,1972
James Glickenhaus,6,0,,1993
James Goldstone,9,1,15.140989591584557,1981
James Gray,6,4,16.0832761461142,2016
James Griffiths,1,0,,2014
James Gunn,4,3,17.910515538791447,2017
James H. White,13,0,,1900
James Hacking,1,0,,2011
James Hale,1,0,,2012
James Hall,1,0,,2014
James Hanlon,1,0,,2002
James Hawes,6,0,,2013
James Hayman,3,0,,2011
James Head,3,0,,2016
James Hill,4,0,,1971
James Huth,5,0,,2016
James Ingrassia,1,0,,1988
James Isaac,4,2,15.507323012500622,2008
James Ivory,25,7,15.841089915092338,2009
James K. Jones,1,0,,2006
James K. Shea,1,0,,1977
James Keach,6,2,13.221809120387213,2014
James Kent,4,1,14.41558255924446,2014
James Kerwin,1,0,,2008
James Kirkwood,1,0,,1914
James Komack,1,1,16.836857214269912,1985
James Kondelik,2,0,,2014
James L. Brooks,6,4,18.210457838963034,2010
James L. Conway,3,1,15.60727002719233,1981
James L. George,1,0,,1991
James L. Wolcott,1,0,,1958
James Landis,1,0,,1963
James Lapine,3,0,,1993
James Larkin,1,0,,2012
James Lemmo,1,0,,1995
James Lew,1,0,,2006
James Lipscomb,1,0,,1971
James Longley,1,1,12.21602297638334,2006
James M. Hausler,2,0,,2010
James MacTaggart,1,0,,1970
James Manera,1,1,13.649106443842664,2014
James Mangold,10,7,18.93052219425102,2017
James Marcus Haney,1,0,,2015
James Marsh,6,3,15.493833375290905,2014
James McTeigue,4,3,17.94164730477615,2015
James Melkonian,2,0,,1995
James Merendino,5,1,12.60886752508246,2016
James Moll,4,0,,2014
James Moran,1,0,,2015
James Mottern,2,0,,2014
James Muro,1,0,,1987
James Napier Robertson,1,0,,2014
James Naughton,1,0,,2003
James Neilson,5,0,,1968
James Nguyen,4,0,,2013
James Nunn,3,0,,2017
James Orr,3,1,16.54852995129136,1995
James Oxford,1,0,,2008
James P. Hogan,4,0,,1939
James P. Lay,1,0,,2007
James Parrott,2,0,,1932
James Payne,1,0,,2013
James Polakof,1,0,,1982
James Ponsoldt,5,4,15.082569259414235,2017
James R. Gorrie,1,0,,2007
James Rabbitts,1,0,,2010
James Rasin,1,0,,2010
James Redford,1,0,,2003
James Riffel,1,0,,1991
James Robinson,1,0,,2002
James Roday,1,0,,2015
James Ronald Whitney,2,0,,2004
James Rouse,1,0,,2014
James Ryan,1,0,,2008
James Savoca,1,0,,2011
James Sbardellati,1,1,16.00051465739006,1983
James Schamus,1,0,,2016
James Seale,3,0,,2003
James Sibley Watson,1,0,,1928
James Signorelli,2,1,15.537610326281191,1988
James Solomon,1,0,,2015
James Spione,1,0,,2014
James Steven Sadwith,1,0,,2016
James Strong,2,0,,2011
James Szalapski,1,0,,1976
James T. Walker,1,0,,2002
James Tinling,2,0,,1938
James Toback,9,4,14.597710012635215,2013
James Tuchschmidt,1,0,,2008
James Tucker,1,1,14.88564346494014,2013
James V. Kern,2,0,,1950
James Vanderbilt,1,1,14.748286262938278,2015
James W. Griffiths,1,0,,2013
James W. Horne,4,0,,1942
James W. Roberson,1,0,,1982
James Wan,9,7,18.67254117470304,2016
James Ward Byrkit,1,1,11.5387588900012,2013
James Watkins,3,3,16.781934241209356,2016
James Westby,2,0,,2011
James Whale,10,2,16.09768465369819,1939
James Whitaker,1,0,,2011
James Whitmore Jr.,1,0,,1996
James William Guercio,1,0,,1973
James Williamson,3,0,,1904
James Wong,4,3,18.159051524690042,2009
James Wong Howe,1,0,,1954
James Wu Kuo-Ren,1,0,,1985
James Young,1,0,,1926
James Yukich,4,1,14.666220732636477,2014
Jamie Adams,1,0,,2016
Jamie Babbit,5,3,12.482356214442547,2015
Jamie Blanks,4,1,18.09947766809688,2009
Jamie Bradshaw,1,0,,2012
Jamie Cymbal,1,0,,2017
Jamie Donoughue,1,0,,2015
Jamie Johnson,2,0,,2006
Jamie Kastner,1,0,,2007
Jamie King,1,0,,2007
Jamie Linden,1,1,12.211786291522742,2011
Jamie Luk Kim-Ming,1,0,,1991
Jamie M. Dagg,2,0,,2017
Jamie Magnus Stone,1,0,,2016
Jamie Marshall,1,0,,2016
Jamie Meltzer,2,0,,2013
Jamie Mitchell,2,0,,2007
Jamie Morgan,1,0,,2007
Jamie Payne,1,0,,2009
Jamie Pickup,2,0,,2012
Jamie Root,1,0,,2015
Jamie Thraves,4,1,10.385759368884058,2010
Jamie Travis,2,1,14.03381120130751,2012
Jamie Uys,4,1,17.909855120186375,1989
Jamie Yerkes,1,0,,2000
Jamil Dehlavi,1,0,,1998
Jamin Winans,3,0,,2014
Jamshed Usmonov,1,0,,2006
Jan Balej,1,0,,2007
Jan Batory,1,0,,1966
Jan Bubeníček,1,0,,2016
Jan Bucquoy,1,0,,1994
Jan Cvitkovič,2,0,,2005
Jan Dunn,1,0,,2005
Jan Egleson,1,0,,1990
Jan Eliasberg,1,0,,1991
Jan Fehse,1,0,,2008
Jan Fethke,1,0,,1955
Jan Forsström,1,0,,2013
Jan Gissberg,2,1,13.769886426619468,1985
Jan Gruyaert,1,0,,1983
Jan Haft,1,0,,2011
Jan Halldoff,2,0,,1972
Jan Harlan,1,0,,2001
Jan Hryniak,1,0,,2010
Jan Hřebejk,6,0,,2013
Jan Jakub Kolski,5,0,,2010
Jan Kidawa-Blonski,1,0,,2005
Jan Komasa,2,0,,2014
Jan Kounen,5,1,15.56531718517166,2009
Jan Krüger,2,0,,2009
Jan Lenica,1,0,,1964
Jan Němec,1,0,,1966
Jan Ole Gerster,1,1,14.827211464643089,2012
Jan P. Matuszyński,1,0,,2016
Jan Pinkava,2,1,20.251216625723725,2007
Jan Prusinovsky,1,0,,2015
Jan Ruzicka,2,0,,2014
Jan Saska,1,0,,2016
Jan Schomburg,1,0,,2011
Jan Schütte,2,0,,2007
Jan Svěrák,6,1,15.568226658312623,2010
Jan Troell,12,0,,2012
Jan Verheyen,6,1,14.94138159477307,2013
Jan de Bont,5,5,19.1618476754885,2003
Jan Švankmajer,13,0,,2010
Jan-Willem Breure,1,0,,2012
Jane Anderson,3,0,,2005
Jane Armstrong,1,0,,1999
Jane Campion,7,3,16.334399901161458,2009
Jane Cusumano,1,0,,2001
Jane Gull,1,0,,2016
Jane Howell,1,0,,1985
Jane Preston,1,0,,2015
Jane Simpson,1,0,,1996
Jane Wagner,1,0,,1978
Jane Weinstock,1,0,,2003
Jane Wells,1,0,,2013
Janet Greek,1,0,,1998
Janet Grillo,2,0,,2015
Janet Tobias,1,0,,2012
Janez Burger,1,0,,2011
Jang Cheol-Soo,2,0,,2013
Jang Hoon,3,0,,2011
Jang Hyeon-su,1,0,,2004
Jang Jae-hyun,1,0,,2015
Jang Jin,4,1,14.6925401598684,2014
Jang Joon-hwan,2,0,,2013
Jang Sun-Woo,2,0,,2002
Jang Yoon-hyeon,1,0,,1999
Jani Volanen,1,0,,2002
Janice Karman,1,0,,1987
Janice Sutherland,1,0,,2009
Janicza Bravo,2,0,,2013
Jann Turner,1,0,,2009
Jannicke Systad Jacobsen,1,0,,2011
Jannik Hastrup,2,0,,1990
Jannik Johansen,3,0,,2007
Janus Metz Pedersen,1,0,,2010
Janusz Kamiński,1,0,,2000
Janusz Majewski,2,0,,1986
Janusz Zaorski,2,0,,2002
Jared Cohn,7,1,13.122363377404328,2016
Jared Drake,1,0,,2008
Jared Hess,6,4,15.847016295136388,2016
Jared Leto,1,0,,2012
Jared Martin,1,0,,2016
Jared Moshe,1,0,,2012
Jari Halonen,5,0,,2013
Jari Kokko,1,0,,2009
Jarl Kulle,1,0,,1969
Jarmo Lampela,4,0,,2013
Jarno Laasala,1,0,,2006
Jaromil Jireš,2,0,,1970
Jaron Henrie-McCrea,1,0,,2015
Jarret Tarnol,2,0,,2015
Jarrett Lee Conaway,1,0,,2016
Jarrett Sleeper,1,0,,2015
Jasmeet Dhodhi,1,0,,2007
Jasmila Zbanic,1,0,,2006
Jasmin Dizdar,2,0,,2016
Jasmine Dellal,1,0,,2006
Jason Alexander,1,0,,1999
Jason Aron,1,0,,2015
Jason Baffa,1,0,,2014
Jason Banker,2,0,,2014
Jason Barker,1,0,,2011
Jason Bateman,2,2,14.174621588734205,2016
Jason Benjamin,1,0,,2016
Jason Bloom,2,0,,1998
Jason Bourque,5,0,,2017
Jason Buxton,1,0,,2012
Jason Chaet,1,0,,2012
Jason Cohen,2,0,,2016
Jason Cohn,1,0,,2011
Jason Connery,4,0,,2017
Jason Cullen Bressack,1,0,,2014
Jason DaSilva,1,0,,2013
Jason Eisener,2,1,13.525763688619136,2011
Jason Flemyng,1,0,,2017
Jason Freeland,2,0,,2008
Jason Friedberg,8,5,17.779729710843196,2015
Jason Gary,1,0,,2005
Jason Hewitt,1,0,,2011
Jason Hreno,1,0,,2008
Jason Hull,1,0,,2013
Jason James,1,0,,2014
Jason Kohn,1,0,,2007
Jason Krawczyk,1,0,,2015
Jason Lapeyre,4,0,,2014
Jason Lei Howden,1,0,,2015
Jason Lew,1,0,,2016
Jason Lockhart,1,0,,2013
Jason M. Fitzpatrick,1,0,,2013
Jason Mann,1,0,,2015
Jason Massot,2,0,,2012
Jason Matzner,1,0,,2006
Jason Michael Brescia,2,0,,2014
Jason Miller,2,0,,2014
Jason Moore,2,2,18.51653070246673,2015
Jason Murphy,2,0,,2015
Jason O'Malley,1,0,,1990
Jason Osder,1,0,,2013
Jason Paul Laxamana,1,0,,2016
Jason Priestley,3,0,,2013
Jason Reitman,6,6,17.002326294823863,2014
Jason Rosette,1,0,,2000
Jason Russell,1,0,,2012
Jason Schnell,1,0,,2015
Jason Scott Sadofsky,1,0,,2013
Jason Shumway,1,0,,2009
Jason Spingarn-Koff,1,0,,2010
Jason Stephens,1,0,,2009
Jason Stoddard,1,1,12.076772289433467,2011
Jason Stone,1,0,,2014
Jason Strouse,1,0,,2015
Jason Stutter,2,0,,2015
Jason Todd Ipson,2,0,,2007
Jason Trost,2,0,,2014
Jason Wan Lim,1,0,,2012
Jason William Lee,1,0,,2016
Jason Winer,1,1,17.638383107476603,2011
Jason Wise,2,0,,2016
Jason Woliner,5,0,,2012
Jason Wulfsohn,1,0,,2003
Jason Zada,1,1,17.50577502750139,2016
Jasper James,1,0,,2001
Jaume Balagueró,7,3,15.372650415431167,2014
Jaume Collet-Serra,7,6,18.36369944836946,2016
Javier Aguirre,1,0,,1973
Javier Balaguer,1,0,,2004
Javier Cárdenas,1,1,13.74120825923806,2004
Javier Elorrieta,1,0,,1989
Javier Fesser,3,0,,2008
Javier Fuentes-León,1,0,,2009
Javier Muñoz,1,0,,2015
Javier Rebollo,2,0,,2012
Javier Recio Garcia,1,0,,2009
Javier Ruiz Caldera,3,0,,2015
Javier Setó,1,0,,1963
Javier Soto,1,0,,2004
Javier van de Couter,1,0,,2011
Javor Gardev,1,0,,2008
Jay Alaimo,2,0,,2015
Jay Anania,2,0,,2012
Jay Baruchel,1,0,,2017
Jay Bauman,1,0,,2016
Jay Bulger,1,0,,2012
Jay Chandrasekhar,6,4,16.862698818833806,2012
Jay Chapman,20,0,,2017
Jay Cheel,1,0,,2011
Jay Chou,2,0,,2013
Jay Craven,2,0,,2002
Jay Delaney,1,0,,2008
Jay DiPietro,1,1,9.330431852234003,2009
Jay Dockendorf,1,0,,2014
Jay Duplass,6,1,15.301102592802614,2012
Jay Gammill,1,0,,2012
Jay Karas,20,0,,2017
Jay Lee,2,0,,2011
Jay Lender,1,0,,2016
Jay Levey,2,0,,2003
Jay Lowi,2,0,,2005
Jay Martin,2,0,,2016
Jay Oliva,9,3,15.363089907417228,2017
Jay Roach,12,9,18.382169533397917,2016
Jay Russell,6,3,17.78201236095066,2014
Jay Sandrich,1,1,17.599607414851608,1980
Jay Schlossberg-Cohen,1,0,,1987
Jay Silverman,1,0,,2015
Jay Thames,1,0,,2009
Jay Weisman,1,0,,2014
Jay Woelfel,2,0,,2017
Jayaprakash Reddy,1,0,,2005
Jayme Monjardim,1,0,,2004
Jaymes Thompson,1,0,,2007
Jayne Loader,1,0,,1982
Jayro Bustamante,1,0,,2015
Jayson Thiessen,2,0,,2014
Jazmín López,1,0,,2012
Jazz Boon,1,1,18.300304216852552,2016
Jean Aurel,1,0,,1969
Jean Bach,1,0,,1994
Jean Beaudin,1,0,,2004
Jean Becker,9,0,,2010
Jean Benoit Lauzon,1,0,,2014
Jean Benoît-Lévy,1,0,,1937
Jean Brismée,1,0,,1971
Jean Carlomusto,1,0,,2015
Jean Châteauvert,1,0,,2006
Jean Claude Tramont,1,1,16.11809565095832,1981
Jean Cocteau,5,0,,1960
Jean Delannoy,6,0,,1995
Jean Epstein,1,0,,1928
Jean Eustache,2,0,,1973
Jean Flynn,2,0,,1997
Jean Genet,1,0,,1950
Jean Girault,10,0,,1981
Jean Grémillon,3,0,,1944
Jean Herman,2,0,,1971
Jean LaFleur,1,0,,1977
Jean Loubignac,1,0,,1954
Jean Negulesco,20,1,15.4057656509816,1964
Jean Painlevé,3,0,,1937
Jean Pellerin,1,0,,1999
Jean Pierre Lefebvre,1,0,,1969
Jean Renoir,26,0,,1970
Jean Rollin,12,0,,1989
Jean Rouch,2,0,,1967
Jean Veber,1,0,,2014
Jean Vigo,3,0,,1934
Jean Yanne,1,0,,1982
Jean Yarbrough,14,0,,1969
Jean de Limur,1,0,,1929
Jean de Segonzac,1,0,,2001
Jean van de Velde,3,0,,2011
Jean-Baptiste Andrea,2,0,,2006
Jean-Baptiste Léonetti,1,1,10.734111457653192,2014
Jean-Charles Tacchella,1,0,,1975
Jean-Christophe Dessaint,1,0,,2012
Jean-Christophe Jeauffre,1,0,,2016
Jean-Christophe Klotz,1,0,,2010
Jean-Claude Brisseau,5,1,11.562572404859642,2013
Jean-Claude La Marre,2,0,,2015
Jean-Claude Lauzon,1,0,,1992
Jean-Claude Lord,3,0,,2008
Jean-Claude Schlim,1,0,,2009
Jean-Claude Van Damme,2,2,17.18435934017768,1996
Jean-Daniel Pollet,1,0,,1973
Jean-François Brient,1,0,,2009
Jean-François Davy,1,0,,2006
Jean-François Laguionie,4,1,9.32625499657254,2016
Jean-François Lévesque,1,0,,2008
Jean-François Pouliot,3,1,12.314940503266564,2016
Jean-François Richet,6,2,17.315260702346876,2016
Jean-Jacques Annaud,12,8,17.98791687133962,2015
Jean-Jacques Beineix,6,1,14.510566914886663,2001
Jean-Jacques Jauffret,1,0,,2011
Jean-Jacques Mantello,1,0,,2009
Jean-Jacques Vierne,1,0,,1961
Jean-Jacques Zilbermann,2,0,,2004
Jean-Julien Chervier,1,0,,2009
Jean-Louis Lorenzi,1,0,,2003
Jean-Loup Hubert,2,0,,1989
Jean-Luc Godard,47,5,11.451563318868242,2014
Jean-Luc Perreard,1,0,,2011
Jean-Marc Barr,3,0,,2012
Jean-Marc Moutout,1,0,,2004
Jean-Marc Piché,1,0,,1998
Jean-Marc Rudnicki,1,0,,2013
Jean-Marc Vallée,6,4,16.806776494672537,2016
Jean-Marie Pallardy,1,0,,1984
Jean-Marie Poiré,6,0,,2016
Jean-Marie Straub,8,0,,1999
Jean-Michel Ribes,1,0,,2008
Jean-Nicolas Orhon,1,0,,2014
Jean-Pascal Hattu,1,0,,2006
Jean-Patrick Benes,1,0,,2016
Jean-Paul Civeyrac,3,0,,2014
Jean-Paul Le Chanois,1,0,,1958
Jean-Paul Lilienfeld,2,0,,2008
Jean-Paul Rappeneau,6,1,16.523560759066484,2015
Jean-Paul Rouve,1,0,,2012
Jean-Paul Salomé,4,0,,2013
Jean-Philippe Duval,1,0,,2009
Jean-Philippe Toussaint,1,0,,1998
Jean-Philippe Tremblay,1,0,,2012
Jean-Pierre Améris,6,0,,2015
Jean-Pierre Bekolo,1,0,,1992
Jean-Pierre Blanc,1,0,,1972
Jean-Pierre Dardenne,1,1,12.493748467962424,1999
Jean-Pierre Denis,1,0,,2000
Jean-Pierre Gorin,2,0,,1986
Jean-Pierre Jeunet,8,6,16.527784217651508,2013
Jean-Pierre Limosin,1,0,,2002
Jean-Pierre Marois,1,0,,2000
Jean-Pierre Melville,12,2,12.050181965518878,1972
Jean-Pierre Ponnelle,1,0,,1975
Jean-Pierre Roux,1,0,,2003
Jean-Stéphane Sauvaire,1,0,,2008
Jean-Xavier de Lestrade,3,0,,2012
Jeanne Herry,1,0,,2014
Jeanne Jordan,1,0,,2006
Jeanne Labrune,3,0,,2002
Jeanne Waltz,1,0,,2007
Jeannie Gaffigan,1,0,,2017
Jeannot Szwarc,8,3,17.50285707926106,1994
Jeb Stuart,2,1,15.684569745538758,2010
Jed Rigney,1,0,,2012
Jed Weintrob,2,0,,2007
Jeethu Joseph,3,2,16.377492547665902,2015
Jefery Levy,1,0,,1994
Jeff A. Ferrell,1,0,,1985
Jeff Abugov,1,0,,1999
Jeff Adachi,1,0,,2006
Jeff Anderson,1,0,,2002
Jeff Baena,3,1,11.388189564068671,2017
Jeff Balis,1,0,,2009
Jeff Balsmeyer,2,0,,2009
Jeff Barnaby,1,0,,2013
Jeff Beesley,2,0,,2009
Jeff Betancourt,1,0,,2007
Jeff Bleckner,10,1,12.6143969954412,2015
Jeff Blyth,1,1,15.9139795491166,1989
Jeff Broadstreet,1,1,14.187036182642874,2007
Jeff Broadway,1,0,,2013
Jeff Buhler,1,0,,2008
Jeff Burr,10,3,14.651160886543584,2012
Jeff Burton,1,0,,2004
Jeff Celentano,3,1,13.9108207377686,2009
Jeff Centauri,1,0,,2002
Jeff Chamberlain,1,0,,2013
Jeff Chan,1,0,,2014
Jeff Conaway,1,0,,1992
Jeff Crook,2,0,,2007
Jeff Daniels,1,0,,2001
Jeff Feuerzeig,2,0,,2016
Jeff Fisher,1,0,,2008
Jeff Franklin,2,0,,1999
Jeff Garlin,4,0,,2017
Jeff Gillen,1,0,,1974
Jeff Grace,1,0,,2016
Jeff Hare,1,0,,2006
Jeff Kanew,8,1,15.990262279448435,2014
Jeff King,2,0,,2009
Jeff Kopas,1,0,,2011
Jeff Kramer,1,0,,2005
Jeff Krulik,1,0,,1986
Jeff Kurtti,1,0,,2003
Jeff Leroy,1,0,,2006
Jeff Lew,1,0,,2000
Jeff Lieberman,5,0,,2004
Jeff Lipsky,1,0,,2006
Jeff Lowell,1,0,,2008
Jeff Malmberg,1,0,,2010
Jeff Margolis,1,0,,1979
Jeff McQueen,2,0,,2006
Jeff Nathanson,1,0,,2004
Jeff Newman,1,0,,2014
Jeff Nichols,5,4,15.872186054427189,2016
Jeff Orlowski,2,1,14.099536203828322,2017
Jeff Pollack,3,2,17.61746081341004,1999
Jeff Preiss,1,0,,2014
Jeff Probst,1,0,,2001
Jeff Prosserman,1,0,,2010
Jeff Prugh,1,0,,2016
Jeff Reichert,1,0,,2013
Jeff Renfroe,4,0,,2014
Jeff Schaffer,1,1,16.850311946642684,2004
Jeff Schechter,1,0,,2001
Jeff Sherman,1,0,,2009
Jeff Siergey,1,0,,2015
Jeff Smith,1,0,,2013
Jeff Stanzler,1,0,,2005
Jeff Stein,1,0,,1979
Jeff Stephenson,1,0,,2014
Jeff Stilson,1,0,,2009
Jeff Tomsic,3,0,,2016
Jeff Tremaine,7,4,18.374902694433068,2014
Jeff Wadlow,4,3,17.196191961962644,2016
Jeff Warrick,1,0,,2011
Jeff Werner,1,0,,1979
Jeff Wood,1,0,,2012
Jeff Woolnough,3,0,,2013
Jeff Zimbalist,3,1,10.215081445034222,2016
Jefferson Moneo,1,0,,2014
Jeffery Delman,1,1,14.827380887891852,1986
Jeffery Scott Lando,5,0,,2015
Jeffrey Bell,1,0,,1994
Jeffrey Blitz,4,1,15.011126137769,2017
Jeffrey Bloom,2,0,,1987
Jeffrey D. Brown,1,0,,2016
Jeffrey Donovan,1,0,,2011
Jeffrey Fine,1,0,,2011
Jeffrey G. Hunt,1,0,,2016
Jeffrey Gerritsen,1,0,,2009
Jeffrey Goodman,1,0,,2008
Jeffrey Hornaday,4,1,15.081805554183594,2015
Jeffrey Kimball,1,0,,2012
Jeffrey Kusama-Hinte,1,0,,2008
Jeffrey Lau,4,0,,2011
Jeffrey Mandel,1,0,,1989
Jeffrey Nachmanoff,1,1,16.97382207669701,2008
Jeffrey Obrow,2,0,,2004
Jeffrey Porter,1,0,,2002
Jeffrey Radice,1,0,,2014
Jeffrey Reiner,2,0,,1993
Jeffrey Roth,1,0,,2012
Jeffrey Schwarz,5,0,,2015
Jeffrey St. Jules,1,0,,2014
Jeffrey Travis,1,0,,2013
Jeffrey W. Byrd,3,0,,2005
Jehane Noujaim,2,1,14.765820421268009,2013
Jelle de Jonge,1,0,,2015
Jem Cohen,7,0,,2015
Jen McGowan,1,0,,2014
Jen Soska,4,0,,2015
Jenna Fischer,1,0,,2004
Jenna Ricker,1,0,,2016
Jennie Livingston,1,1,15.145134033441852,1990
Jennifer Arnold,1,0,,2010
Jennifer Azano,1,0,,2011
Jennifer B. White,1,0,,2015
Jennifer Baichwal,4,1,12.389389540144386,2013
Jennifer Chambers Lynch,4,2,14.163048057220633,2012
Jennifer Conrad,1,0,,2013
Jennifer Coyle,1,0,,2016
Jennifer Devoldère,2,0,,2011
Jennifer Dworkin,1,0,,2002
Jennifer Flackett,1,1,18.42144387269554,2008
Jennifer Harrington,1,0,,2015
Jennifer Kent,1,1,15.714100112503523,2014
Jennifer Lebeau,1,0,,2011
Jennifer Leitzes,1,0,,1998
Jennifer Liao,1,0,,2015
Jennifer M. Kroot,1,0,,2014
Jennifer Maytorena Taylor,1,0,,2009
Jennifer Peedom,1,0,,2015
Jennifer Phang,1,0,,2015
Jennifer Senko,1,0,,2015
Jennifer Siebel Newsom,2,0,,2015
Jennifer Warren,1,0,,1994
Jennifer Westfeldt,1,1,16.31584959683907,2011
Jennifer Wynne Farmer,1,1,9.259892150805433,1999
Jennifer Yuh Nelson,2,2,20.19396325312312,2016
Jenniphr Goodman,1,0,,2000
Jenny Deller,1,0,,2012
Jenny Gage,1,0,,2017
Jens Hoffmann,1,0,,2008
Jens Jonsson,2,0,,2013
Jens Jørgen Thorsen,1,0,,1970
Jens Lien,2,0,,2006
Jens Sjögren,1,0,,2012
Jens Östberg,1,0,,2014
Jenée LaMarque,1,1,9.530174967444372,2014
Jenö Koltai,1,0,,1991
Jenő Hódi,1,0,,1993
Jeon Yun-su,1,0,,2007
Jeong Chang-hwa,1,0,,1972
Jeong Gi-hoon,1,0,,2012
Jeong Heung-sun,1,0,,2003
Jeong Jae-eun,1,0,,2001
Jeong Yong-ki,2,0,,2009
Jeong Yoon-soo,1,0,,2007
Jeong-Kuk Lee,1,0,,2003
Jeonghwan Kim,1,0,,2011
Jeppe Rønde,1,0,,2015
Jeremiah Birnbaum,1,0,,2013
Jeremiah Buckhalt,1,0,,2014
Jeremiah Kipp,1,0,,2008
Jeremiah S. Chechik,6,3,17.58043399567089,2013
Jeremiah Zagar,1,0,,2014
Jeremy Benson,1,0,,2016
Jeremy Berg,1,0,,2013
Jeremy Borash,1,0,,2005
Jeremy Brock,1,0,,2006
Jeremy Coon,1,0,,2015
Jeremy Earp,2,0,,2007
Jeremy Frindel,1,0,,2013
Jeremy Gardner,1,0,,2012
Jeremy Garelick,1,1,18.19503255865951,2015
Jeremy Gillespie,1,0,,2016
Jeremy Grant,1,0,,2012
Jeremy Haft,1,1,12.239850689579102,2005
Jeremy Joe Kronsberg,1,0,,1981
Jeremy Kagan,9,2,15.11887579395469,2001
Jeremy Kasten,3,0,,2007
Jeremy Kipp Walker,1,0,,2012
Jeremy Konner,1,0,,2016
Jeremy Lalonde,1,0,,2015
Jeremy Leven,2,1,16.915602846842507,2013
Jeremy Lovering,2,0,,2013
Jeremy M. Inman,2,0,,2015
Jeremy Marre,1,0,,2005
Jeremy Newberger,1,0,,2013
Jeremy Podeswa,2,0,,2007
Jeremy Power Regimbal,1,0,,2012
Jeremy Saulnier,3,2,13.723604628871865,2016
Jeremy Seifert,2,0,,2013
Jeremy Sims,3,0,,2015
Jeremy Snead,1,0,,2014
Jeremy Summers,1,0,,1967
Jeremy Thomas,1,0,,1999
Jeremy Wooding,1,0,,2014
Jeremy Workman,1,0,,2014
Jericca Cleland,1,1,15.992683096903953,2016
Jeroen Berkvens,1,0,,2002
Jeroen Jaspaert,1,0,,2016
Jeroen Krabbé,2,1,11.518350721615294,2001
Jerome Hellman,1,0,,1979
Jerome Hill,1,0,,1932
Jerome Robbins,1,1,17.59187011669788,1961
Jerome Sable,1,0,,2014
Jerome Storm,1,0,,1919
Jerrold Freedman,2,1,14.078736758550386,1986
Jerrold Tarog,1,0,,2015
Jerry Aronson,1,0,,2008
Jerry Belson,1,0,,1982
Jerry Buteyn,1,0,,2009
Jerry Calà,1,0,,2008
Jerry Ciccoritti,6,0,,2016
Jerry Dugan,1,0,,2015
Jerry Garcia,1,0,,1977
Jerry Hopper,4,0,,1958
Jerry Jameson,10,2,16.031188170611447,2015
Jerry Kramer,1,0,,1986
Jerry Lewis,11,1,16.11809565095832,1983
Jerry London,4,0,,1987
Jerry P. Jacobs,3,0,,1998
Jerry Paris,8,2,17.711891720229648,1986
Jerry Rees,3,1,16.337614079447526,2013
Jerry Rothwell,1,0,,2015
Jerry Schatzberg,9,0,,1989
Jerry Seinfeld,2,0,,2016
Jerry Thorpe,2,0,,1968
Jerry Warren,2,0,,1966
Jerry Zaks,1,1,16.365213898686157,1996
Jerry Zucker,4,4,18.45059857350931,2001
Jerusha Hess,1,1,14.585174699589906,2013
Jerzy Domaradzki,1,0,,1996
Jerzy Hoffman,5,0,,2003
Jerzy Kawalerowicz,5,0,,2001
Jerzy Lukaszewicz,1,0,,1987
Jerzy Rose,1,0,,2014
Jerzy Skolimowski,15,0,,2015
Jerzy Stuhr,1,0,,2000
Jerónimo Mihura,1,0,,1950
Jesper Ganslandt,1,0,,2009
Jesper W. Nielsen,1,0,,2016
Jess Feast,1,0,,2006
Jess Manafort,1,0,,2007
Jess Weixler,1,0,,2014
Jesse Baget,2,0,,2015
Jesse Dylan,3,3,18.118829812931967,2005
Jesse Hibbs,3,0,,1958
Jesse Holland,1,0,,2016
Jesse James Miller,1,0,,2009
Jesse Lawrence,1,0,,2012
Jesse Moss,2,0,,2016
Jesse O'Brien,1,0,,2016
Jesse Peretz,4,3,14.0730288972946,2011
Jesse Quinones,1,0,,2013
Jesse Shapiro,1,0,,2015
Jesse T. Cook,2,0,,2013
Jesse Thomas Cook,1,0,,2015
Jesse V. Johnson,3,1,7.292337176173877,2013
Jesse Vaughan,1,0,,2002
Jesse Vile,1,0,,2012
Jesse Vint,1,0,,1989
Jesse Warn,1,0,,2003
Jesse Warren,1,0,,2010
Jesse Wolf,1,0,,2012
Jesse Zwick,1,0,,2014
Jessica Bendinger,1,0,,2006
Jessica Edwards,1,0,,2015
Jessica Goldberg,1,0,,2012
Jessica Hausner,3,0,,2014
Jessica Nilsson,1,0,,2005
Jessica Oreck,1,1,9.217117356255208,2009
Jessica Sanders,1,0,,2005
Jessica Sharzer,1,0,,2004
Jessica Valentine,1,0,,2014
Jessica Yu,6,0,,2017
Jessie Deeter,1,0,,2013
Jessie McCormack,1,0,,2013
Jessie Nelson,3,2,17.953235553089435,2015
Jessy Terrero,3,1,16.511646464899297,2012
Jesús Franco,22,0,,1987
Jesús García,1,0,,2016
Jesús Salvador Treviño,1,0,,1998
Jet Li,1,0,,1986
Jeta Amata,1,0,,2012
Jevons Au Man-Kit,1,0,,2016
Jez Butterworth,1,0,,2001
Jia Wei Kan,1,0,,2016
Jia Zhangke,9,1,11.945486798740092,2015
Jian Cui ,1,0,,2013
Jian Hong Kuo,1,0,,2004
Jiang Ping,1,0,,2009
Jiang Wen,3,0,,2010
Jiang Xiao,1,0,,2004
Jieho Lee,1,0,,2007
Jigar Talati,1,0,,2008
Jihun Kim,2,0,,2012
Jill Culton,1,1,19.100281722607143,2006
Jill D'Agnenica,1,0,,2014
Jill Soloway,1,0,,2013
Jill Sprecher,3,1,13.580320993888762,2011
Jillian Schlesinger,1,0,,2014
Jim Abrahams,7,5,18.16254920050988,1998
Jim Brown,1,0,,2007
Jim Bruce,1,0,,2013
Jim Capobianco,1,0,,2007
Jim Clark,1,0,,1974
Jim Cliffe,1,0,,2011
Jim Cummings,1,0,,2016
Jim Donovan,2,0,,2010
Jim Drake,2,2,16.04474323135378,1989
Jim Fall,3,2,16.1828334837627,2011
Jim Field Smith,2,2,14.899842906778472,2011
Jim Finn,2,0,,2008
Jim Gillespie,4,2,17.16142745253053,2016
Jim Goddard,2,0,,1986
Jim Hanon,2,0,,2005
Jim Hansen,1,0,,2015
Jim Hemphill,1,0,,2011
Jim Henson,7,2,16.939088718355585,1986
Jim Hickey,1,0,,2006
Jim Hosking,1,0,,2016
Jim Issa,1,0,,2010
Jim Jarmusch,14,4,15.654846896687353,2016
Jim Johnston,1,0,,1996
Jim Kammerud,3,0,,2006
Jim Kaufman,1,0,,1991
Jim Klein,1,0,,1983
Jim Kohlberg,1,1,12.444691829126526,2011
Jim Kouf,4,1,15.571720221340014,2010
Jim Larsen,1,0,,1998
Jim Loach,1,0,,2010
Jim Mallon,2,0,,1996
Jim Malone,1,1,16.853723561575773,2002
Jim Markovic,1,0,,1992
Jim McBride,11,1,16.806732776492407,1997
Jim McCullough Jr.,1,0,,1992
Jim McCullough Sr.,1,0,,1986
Jim McKay,3,0,,2004
Jim Mickle,4,3,11.561358168147736,2014
Jim Milio,1,0,,1997
Jim Monaco,1,0,,1987
Jim Munroe,1,0,,2012
Jim O'Connolly,5,0,,1972
Jim O'Hanlon,2,0,,2016
Jim O'Rear,1,0,,2014
Jim Rash,1,1,16.959604731500193,2013
Jim Sharman,2,1,18.541944993147393,1981
Jim Sheridan,9,7,16.195185047996468,2016
Jim Simpson,1,0,,2002
Jim Sonzero,1,1,17.213626028747427,2006
Jim Sotos,2,0,,1984
Jim Stenstrum,3,0,,2001
Jim Strouse,4,0,,2017
Jim Taihuttu,1,0,,2013
Jim Torres,1,0,,2008
Jim VanBebber,2,0,,2003
Jim Weedon,1,0,,2014
Jim Wheat,2,0,,1989
Jim Wilson,4,1,13.87797254960602,2014
Jim Woodring,1,0,,2007
Jim Wynorski,23,2,11.876680039523983,2015
Jim-Yuen Yu,1,0,,1962
Jimmy Hayward,3,3,18.065430475368597,2013
Jimmy Huston,2,0,,1981
Jimmy Larouche,1,0,,2013
Jimmy Nickerson,1,0,,2009
Jimmy Sangster,3,0,,1972
Jimmy ScreamerClauz,1,0,,2012
Jimmy Shaw,1,0,,1979
Jimmy T. Murakami,4,2,12.39197509883794,2001
Jimmy Wang Yu,3,0,,1976
Jimmy Weber,1,0,,2014
Jimmy Zeilinger,1,0,,1992
Jimmyo Burril,1,0,,2004
Jin Shan,1,0,,1947
Jin Yimeng,2,0,,2013
Jindřich Polák,2,0,,1977
Jingle Ma,4,1,16.409313540036514,2011
Jingming Guo,3,0,,2014
Jirô Kanai,1,0,,2009
Jirô Nagae,1,0,,2012
Jirô Shôno,1,0,,2006
Jiska Rickels ,1,0,,2006
Jiří Barta,3,0,,2009
Jiří Menzel,7,0,,2006
Jiří Trnka,3,0,,1965
Jiří Vejdělek,1,0,,2011
Jo Baier,1,0,,2006
Jo Beom-jin,1,0,,2006
Jo Dong-oh,2,0,,2013
Jo Graham,1,0,,1942
Jo Kastner,1,0,,2014
Jo Kyu-Jang,1,0,,2016
Jo Sung-hee,1,0,,2012
Joachim Back,1,0,,2009
Joachim Fest,1,0,,1977
Joachim Hedén,1,0,,2014
Joachim Lafosse,5,0,,2016
Joachim Rønning,4,2,18.329685390081586,2017
Joachim Trier,3,1,11.99404829612856,2015
Joan Brooker-Marks,1,0,,2007
Joan Carr-Wiggin,1,0,,2013
Joan Chen,2,0,,2000
Joan Darling,1,0,,1986
Joan Espinach,1,0,,2012
Joan Freeman,2,0,,1988
Joan Littlewood,1,0,,1963
Joan Micklin Silver,10,2,15.898102165309815,2003
Joan Rivers,1,0,,1978
Joann Sfar,3,0,,2015
Joanna Arnow,1,0,,2013
Joanna Coates,1,0,,2014
Joanna Hogg,3,0,,2013
Joanna Romersa,1,0,,1994
Joao G. Amorim,1,0,,2010
Joaquim Dos Santos,3,0,,2010
Joaquim Leitão,2,0,,1997
Joaquim Pedro de Andrade,1,0,,1969
Joaquim Pinto,1,0,,2013
Joaquin Baldwin,1,0,,2008
Joaquín Gutiérrez Acha,1,0,,2017
Joaquín Luis Romero Marchent,1,0,,1972
Joaquín Oristrell,2,0,,2009
Joaquín del Paso,1,0,,2016
Jobim Sampson,1,0,,2016
Joby Harold,1,1,16.48091940217643,2007
Jocelyn Moorhouse,4,3,15.623592155893391,2015
Jocelyn Towne,1,0,,2013
Jochen Alexander Freydank,2,0,,2015
Jodie Copelan,1,0,,1958
Jodie Foster,4,3,16.27194754697363,2016
Jodie Markell,1,0,,2008
Jody Dwyer,1,0,,2008
Jody Hill,2,2,14.701441498975937,2009
Jody Lee Lipes,1,0,,2014
Jody Shapiro,1,0,,2014
Joe Ahearne,2,0,,2012
Joe Alves,1,1,18.292700259349154,1983
Joe Anderson,3,0,,2014
Joe Angio,1,0,,2005
Joe Begos,2,0,,2015
Joe Berlinger,10,0,,2016
Joe Brewster,2,0,,2013
Joe Cacaci,1,0,,1999
Joe Camp,5,0,,2004
Joe Carnahan,8,5,16.178289834282705,2018
Joe Chappelle,5,2,16.036955069173906,2002
Joe Charbanic,1,0,,2000
Joe Cheung Tung-Cho,2,0,,2010
Joe Cornish,1,1,15.192936208069304,2011
Joe Cross,1,0,,2010
Joe D'Amato,16,0,,1990
Joe Dante,16,9,17.29029852978634,2014
Joe DeMaio,2,0,,2016
Joe Eckardt,1,0,,2005
Joe Finley,1,0,,1992
Joe Gantz,1,0,,2013
Joe Gayton,1,0,,1989
Joe Giannone,1,0,,1982
Joe Halderman,1,0,,2006
Joe Johnston,10,7,18.705230291556916,2014
Joe Kawasaki,1,0,,2012
Joe Lawlor,2,0,,2013
Joe Layton,1,0,,1982
Joe Lee,1,0,,2011
Joe Lynch,3,0,,2015
Joe Ma Wai-Ho,2,0,,2008
Joe Maggio,3,0,,2011
Joe Mantegna,1,0,,2000
Joe Mantello,1,1,14.880221294956703,1997
Joe Massot,2,0,,1976
Joe May,5,0,,1940
Joe Medeiros,1,0,,2012
Joe Menendez,5,0,,2016
Joe Miale,1,0,,2017
Joe Nimziki,1,0,,2011
Joe Nussbaum,4,2,16.27903362075164,2011
Joe O'Brien,1,0,,2010
Joe Otting,2,0,,2009
Joe Piscatella,2,0,,2017
Joe Pytka,2,1,19.33777115599709,1996
Joe Reese,1,0,,1987
Joe Ritter,1,0,,1988
Joe Robert Cole,1,0,,2011
Joe Roth,5,2,16.7178267937827,2006
Joe Scott,1,0,,2015
Joe Sichta,3,0,,2008
Joe Sorge,1,0,,2014
Joe Stauffer,1,0,,2012
Joe Stephenson,1,0,,2016
Joe Swanberg,12,2,12.131424464379133,2017
Joe Thomas,1,0,,2010
Joe Tornatore,1,0,,1988
Joe Whiteaker,1,0,,2009
Joe Wright,6,6,18.208751970697943,2015
Joe Zerull,1,0,,2011
Joel Allen Schroeder,1,0,,2013
Joel Anderson,1,0,,2008
Joel Bender,2,0,,2006
Joel Bergvall,1,0,,2009
Joel Coen,17,13,17.714325253042322,2016
Joel David Moore,2,0,,2017
Joel DeMott,1,0,,1980
Joel Edgerton,1,1,17.892686122840352,2015
Joel Gallen,19,1,18.012236181675522,2016
Joel Gilbert,1,0,,2010
Joel Heath,1,0,,2012
Joel Hershman,1,1,14.182281267724552,2001
Joel Hopkins,4,1,16.515489809735655,2017
Joel Kapity,1,0,,2010
Joel M. Reed,2,0,,1981
Joel Moser,1,0,,2014
Joel Oliansky,1,0,,1980
Joel Potrykus,3,1,9.523982546097496,2016
Joel Rapp,1,0,,1959
Joel Schumacher,23,17,17.70161236376025,2011
Joel Silberg,2,0,,1990
Joel Simon,1,0,,2012
Joel Soisson,5,0,,2014
Joel Steege,1,0,,2010
Joel Surnow,1,0,,2014
Joel Viertel,2,0,,2008
Joel Zwick,3,1,19.725613313623455,2004
Joerg Steineck,1,0,,2011
Joey Figueroa,4,0,,2013
Joey Klein,1,0,,2016
Joey Kuhn,1,0,,2015
Joey Lauren Adams,1,0,,2006
Joey Stewart,1,0,,2010
Joey Travolta,1,0,,1998
Johan Brisinger,1,0,,2006
Johan Bromander,1,0,,2014
Johan Earl,1,0,,2013
Johan Grimonprez,3,0,,2016
Johan Kling,2,0,,2010
Johan Renck,1,0,,2008
Johan van der Keuken,2,0,,1988
Johan von Reybekiel,1,0,,2013
Johanna Demetrakas,1,0,,2011
Johanna Hald,2,0,,1993
Johanna Hamilton,1,0,,2014
Johanna Lee,1,0,,2009
Johanna Schwartz,1,0,,2015
Johanna Vuoksenmaa,3,0,,2015
Johannes Grenzfurthner,1,0,,2016
Johannes Jaeger,1,0,,2005
Johannes Naber,1,0,,2014
Johannes Nyholm,1,0,,2016
Johannes Roberts,5,2,17.041532675076166,2017
Johannes Schaaf,1,0,,1973
Johannes Stjärne Nilsson,2,0,,2010
Johannes Wahlström,1,0,,2013
John 'Bud' Cardos,4,1,16.64872390202049,1988
John A. Alonzo,2,0,,1980
John A. Davis,2,2,18.017651865090976,2006
John A. Russo,2,0,,1996
John Ainslie,1,0,,2015
John Alan Schwartz,7,0,,1999
John Alan Simon,1,0,,2010
John Alexander,4,0,,2014
John Appel,1,0,,2000
John Asher,10,0,,2016
John August,1,0,,2007
John Badham,19,7,17.23229961081132,2004
John Bailey,1,0,,1994
John Barker,1,0,,2014
John Baumgartner,1,0,,2015
John Baxter,1,0,,1941
John Bergin,1,0,,2008
John Berry,6,0,,1978
John Blanchard,2,0,,2000
John Blizek,1,0,,1996
John Bonito,2,1,16.91405245641896,2011
John Boorman,15,8,15.926500746908411,2006
John Borowski,3,0,,2014
John Boskovich,1,1,14.013319890903134,1990
John Boulting,6,0,,1963
John Bradshaw,10,0,,2015
John Brahm,12,0,,1967
John Bruno,1,1,16.455331167635755,1999
John Burgess,1,1,8.98281222234415,2013
John Butler,2,0,,2017
John Byrum,4,0,,1986
John C. Broderick,1,0,,1984
John C. Walsh,1,0,,2002
John Cafiero,1,0,,2004
John Cameron Mitchell,4,2,15.45528113208577,2017
John Carchietta,1,0,,2016
John Carl Buechler,3,2,16.140066431965156,1991
John Carney,4,3,17.079843586551664,2016
John Carpenter,21,14,16.585315758130214,2010
John Carter,1,0,,2009
John Cassavetes,12,1,15.216612986462325,1986
John Chuldenko,1,0,,2012
John Coney,1,0,,1974
John Cornell,2,1,19.294507342066694,1990
John Corry,1,0,,2011
John Craddock,1,0,,2013
John Cregan,1,0,,2010
John Cromwell,19,0,,1958
John Crowley,5,4,15.725650780826854,2015
John Curran,5,3,15.330738934573233,2014
John D. Hancock,6,0,,2001
John D. Lamond,3,0,,1981
John Dahl,8,5,15.94194067839949,2007
John Das,1,0,,2010
John David Coles,1,0,,2006
John De Bello,4,0,,1992
John Derek,4,3,14.514824426335053,1989
John Dexter,1,0,,1970
John Donne,1,0,,1968
John Dower,3,0,,2016
John Doyle,1,0,,2010
John Duigan,11,2,15.28162430224716,2012
John Dullaghan,1,0,,2003
John Dunson,1,0,,2011
John E. Bryant,1,0,,2009
John E. Hudgens,1,0,,2006
John Edginton,2,0,,2003
John Elias Michalakis,1,0,,1987
John Emerson,2,0,,1917
John English,3,0,,1941
John Erick Dowdle,5,4,17.543548559427585,2015
John Erman,5,1,16.823177726474214,2006
John Eyres,5,0,,2001
John Farrow,18,0,,1957
John Fasano,2,0,,1988
John Fawcett,5,0,,2006
John Feldman,1,0,,1990
John Flynn,11,4,16.24061640318888,1999
John Ford,66,10,15.194572329558838,1976
John Forte,1,0,,2000
John Fortenberry,4,2,16.938635880840224,2005
John Francis Daley,1,1,18.463588766003507,2015
John Francis Dillon,3,0,,1932
John Frankenheimer,33,11,16.47361475218854,2002
John Fuhrman,1,0,,2014
John G. Adolfi,4,0,,1932
John G. Avildsen,17,10,16.884284210824774,1999
John G. Blystone,4,0,,1938
John G. Young,1,0,,1995
John Gatins,1,0,,2005
John Geddes,1,0,,2011
John Gianvito,1,0,,2007
John Gilling,7,0,,1967
John Glen,8,6,18.473775326904626,2001
John Glenister,1,0,,1972
John Glenn,1,1,13.232114241363448,2008
John Godber,1,0,,1998
John Golden,1,0,,1986
John Goldschmidt,1,0,,2015
John Gordillo,2,0,,2015
John Gorrie,1,0,,1980
John Gray,7,0,,2013
John Greyson,1,0,,1996
John Grissmer,1,0,,1987
John Guillermin,19,6,16.418780368951925,1986
John Gulager,5,2,14.676334609385117,2013
John H. Auer,1,0,,1953
John H. Collins,1,0,,1915
John H. Lee,3,1,16.85849180866887,2016
John H. Williams,1,0,,2010
John Halas,1,0,,1954
John Hamburg,4,3,18.627541084958445,2016
John Harlow,2,0,,1946
John Harrison,4,1,16.608182076582544,2009
John Hay,3,0,,2011
John Hayes,3,0,,1977
John Hazlett,1,0,,2005
John Henderson,5,0,,2005
John Henry Davis,1,0,,2001
John Herzfeld,7,3,15.919438739009713,2014
John Hillcoat,5,4,16.68001332538916,2016
John Hindman,1,0,,2009
John Holowach,1,0,,2008
John Hough,16,4,15.118997075515235,2002
John Howley,1,0,,1990
John Hubley,1,0,,1958
John Huckert,1,0,,1998
John Huddles,1,0,,2013
John Hughes,8,6,17.696925621010102,1991
John Humber,1,0,,2008
John Huston,38,10,16.329232084147,1987
John Hyams,3,2,13.918024753211732,2012
John Ireland,1,1,12.429216196844385,1955
John Irvin,21,3,16.54288101611015,2008
John Jeffcoat,1,0,,2006
John Jencks,1,0,,2017
John Johnson,3,0,,2015
John Junkerman,2,0,,2003
John Kafka,3,0,,2015
John Kahrs,1,0,,2012
John Kalangis,1,0,,2007
John Kaye,1,0,,2000
John Keitel,1,0,,1997
John Kent Harrison,7,0,,2016
John Ketcham,1,0,,2003
John Klein,1,0,,2014
John Korty,5,0,,1985
John Krasinski,2,1,13.83235292565939,2016
John Krokidas,1,0,,2013
John L'Ecuyer,2,0,,2004
John L. Spencer,1,0,,2016
John Lafia,4,2,16.88547412341164,2006
John Laing,1,0,,2006
John Landis,18,10,17.544086887778214,2010
John Lands,1,0,,2009
John Lasseter,10,5,19.913652129701184,2011
John Lawrence,1,0,,1973
John Leach,1,0,,1978
John Lechago,4,0,,2016
John Lee,1,0,,2016
John Lee Hancock,5,5,18.057613550986687,2016
John Leekley,1,0,,2000
John Lemont,2,0,,1961
John Little,1,0,,2000
John Llewellyn Moxey,7,0,,1982
John Lounsbery,2,1,18.081226230761807,1977
John Luessenhop,3,2,17.860608316032867,2013
John Lundberg,1,0,,2013
John Lyde,9,0,,2016
John M. Stahl,6,0,,1945
John Mackenzie,7,0,,2003
John Mackie,1,0,,2015
John Maclean,1,1,12.34188767866171,2015
John Madden,12,8,17.234026350854315,2016
John Magary,1,0,,2014
John Magnuson,1,0,,1967
John Malkovich,1,0,,2002
John Maringouin,1,0,,2009
John Marshall,1,0,,1957
John Mathew Matthan,1,0,,1999
John Maybury,3,1,16.866025717691944,2008
John McCauley,1,0,,1976
John McDermott,1,0,,2015
John McKay,4,0,,2013
John McKenna,1,0,,2015
John McNaughton,9,2,17.12198958766367,2013
John McTiernan,11,8,18.60991415126502,2003
John Mckenzie,1,0,,2007
John Mellencamp,1,1,19.262247929630583,1992
John Michael McDonagh,3,1,16.78901123065279,2016
John Milius,9,4,16.214417986502784,1997
John Millea,1,0,,2009
John Mills,1,0,,1965
John Moffitt,8,0,,2011
John Moore,6,5,18.317808175391626,2016
John Murlowski,8,0,,2010
John N. Carter,1,0,,1984
John N. Smith,4,1,19.00846740885449,2009
John Newland,1,0,,1973
John Nicolella,1,0,,1997
John O'Hagan,1,0,,1997
John O. Hartman,1,0,,2013
John Olsson,1,0,,2015
John Ottman,1,1,17.46809841686739,2000
John Paddy Carstairs,5,0,,1958
John Paizs,2,0,,1999
John Palmer,1,0,,2004
John Paragon,2,0,,1994
John Parker,1,0,,1955
John Pasquin,4,1,19.06165717685416,2005
John Patrick Kelley,1,1,9.218506934642576,1997
John Patrick Shanley,2,2,17.617450054429334,2008
John Patterson,1,0,,1992
John Payson,1,1,15.34569182036723,1996
John Penney,2,0,,2011
John Peyser,2,0,,1970
John Pieplow,1,1,13.355411317922346,1998
John Pilger,6,0,,2016
John Pirozzi,1,0,,2014
John Pogue,2,1,16.696665919500337,2014
John Poliquin,1,0,,2012
John Polson,4,2,17.989348453469063,2009
John Power,1,0,,1993
John Price,1,0,,1966
John Puglisi,1,0,,2010
John Putch,5,0,,2012
John Quinn,1,0,,1988
John R. Bowey,1,0,,1989
John R. Cherry III,10,2,17.063908726915095,1998
John R. Leonetti,4,2,18.55627287873829,2017
John R. Walker,1,0,,2015
John Raffo,1,0,,1998
John Rawlins,3,0,,1947
John Rice,1,0,,2005
John Rich,4,1,14.914122846632385,1967
John Ridley,2,1,12.739376725132542,2013
John Robert Hoffman,1,0,,2003
John Roberts,2,0,,1998
John Robins,1,0,,1985
John Roecker,1,0,,2015
John Ruane,1,0,,1990
John Rubino,1,0,,1995
John S. Rad,1,0,,2005
John S. Robertson,6,0,,1935
John Sayles,17,3,15.081030559634868,2013
John Scheinfeld,2,2,11.565553650087669,2017
John Schlesinger,20,6,16.535831713843674,2000
John Schmidt,1,0,,2002
John Schneider,1,0,,2016
John Schultz,7,3,17.09116166227547,2016
John Shank,1,0,,2012
John Shea,2,0,,2017
John Shepphird,3,0,,2012
John Sherwood,2,0,,1956
John Shiban,1,0,,2006
John Simpson,2,0,,2008
John Singleton,9,9,17.820036594792562,2011
John Slattery,1,1,12.043412529595477,2014
John Srebalus,1,0,,2008
John Stainton,1,1,17.31451645054645,2002
"John Stalberg, Jr.",1,0,,2010
John Stecenko,1,0,,2008
John Stephenson,3,0,,2013
John Stimpson,1,0,,2011
John Stockwell,13,4,16.248652635866467,2016
John Strickland,2,0,,1999
John Sturges,29,5,15.754436422312514,1976
John Suits,2,0,,2016
John Sullivan,2,1,17.32406645794693,2014
John Swanbeck,1,1,15.13162062384801,2000
John Swetnam,1,0,,2015
John Tatoulis,2,0,,1996
John Terlesky,3,0,,2006
John Tintori,1,0,,1997
John Trent,1,0,,1974
John Turturro,4,2,14.848765318566446,2013
John V. Soto,2,0,,2014
John Walsh,1,0,,1996
John Ward,1,0,,2013
John Warren,2,1,15.088760233445438,1998
John Waters,12,4,15.468012115113783,2004
John Watkin,1,0,,2002
John Wayne,2,2,16.047889574099948,1968
John Webster,1,0,,2008
John Weidner,1,0,,1995
John Weldon,1,0,,1978
John Wellington Ennis,1,0,,2014
John Wells,3,3,16.97968410952651,2015
John Whitesell,7,4,17.354103388852472,2012
John William Ross,1,0,,2016
John Williams,2,0,,2014
John Wilson,1,0,,1970
John Winter,1,0,,2012
John Woo,22,10,18.080411772210187,2015
John-Paul Davidson,2,0,,2014
Johnnie To,28,0,,2016
Johnny Barrington,1,0,,2012
Johnny Burke,1,0,,2015
Johnny Depp,1,0,,1997
Johnny E. Jensen,1,0,,1997
Johnny Hickey,1,0,,2011
Johnny Kevorkian,1,0,,2008
Johnny Ma,1,0,,2016
Johnny Mak,1,0,,1984
Johnny Martin,2,0,,2017
Johnny O'Hara,1,0,,2010
Johnny Remo,1,0,,2012
Johnny Tabor,1,0,,2015
Johnpaul George,1,0,,2016
Joji Matsuoka,2,0,,2014
Joko Anwar,4,0,,2012
Jon Acevski,1,1,13.92827479828789,1992
Jon Alpert,2,0,,2010
Jon Amiel,9,4,18.12360836079573,2014
Jon Avnet,7,3,17.78371770798481,2008
Jon Blair,1,0,,1995
Jon Brewer,1,0,,2012
Jon Burton,1,0,,2013
Jon Cassar,5,1,17.23841682076114,2016
Jon Drever,1,0,,2015
Jon Dunham,1,0,,2008
Jon East,1,0,,2016
Jon Else,1,0,,1981
Jon Erwin,1,1,16.160168734540182,2014
Jon Fauer,1,0,,2006
Jon Favreau,8,8,18.777169732251696,2016
Jon Foy,1,0,,2011
Jon García,1,0,,2012
Jon Greenhalgh,1,0,,2016
Jon Gunn,4,1,12.773684947384272,2017
Jon Hall,1,0,,1965
Jon Harris,1,0,,2009
Jon Hart,1,0,,2008
Jon Hess,4,0,,1998
Jon Hewitt,3,0,,2014
Jon Hurwitz,2,2,18.431582569664453,2012
Jon Jarocki,1,0,,2016
Jon Jones,5,0,,2010
Jon Jost,5,0,,2013
Jon Karthaus,1,0,,2015
Jon Kasdan,2,1,16.67771143889374,2012
Jon Knautz,4,0,,2015
Jon Kroll,1,0,,1997
Jon Long,1,0,,2015
Jon Lucas,2,2,18.359088815873086,2016
Jon M. Chu,7,6,18.35819645526204,2016
Jon Matthews,1,0,,2000
Jon Moritsugu,1,0,,1993
Jon Poll,1,0,,2008
Jon Purdy,3,1,14.114123668337614,2002
Jon Reiss,2,0,,2007
Jon Ronson,1,0,,2008
Jon S. Baird,2,1,16.025351216811725,2013
Jon Saunders,1,0,,2016
Jon Schnepp,1,0,,2015
Jon Sen,1,0,,2006
Jon Shenk,2,1,11.24371179680149,2012
Jon Sherman,2,0,,2002
Jon Spira,1,0,,2015
Jon Springer,1,0,,2011
Jon Stewart,1,0,,2014
Jon Stone,2,0,,1983
Jon Turteltaub,11,8,19.03602174542068,2013
Jon Watts,2,1,11.809706020407267,2015
Jon Wright,3,0,,2015
Jonah Bekhor,1,0,,2012
Jonah Loop,1,0,,2011
Jonah Markowitz,1,0,,2007
Jonas Alexander Arnby,1,0,,2014
Jonas Barnes,1,0,,2009
Jonas Carpignano,1,0,,2015
Jonas Cornell,1,0,,1981
Jonas Elmer,1,1,17.183179318403543,2009
Jonas Frick,1,1,15.58009819387244,1988
Jonas Govaerts,1,0,,2014
Jonas McCord,1,0,,2001
Jonas Mekas,4,0,,2000
Jonas Odenheimer,1,0,,2014
Jonas Pate,2,0,,2009
Jonas Quastel,2,0,,2008
Jonas Wolcher,1,0,,2015
Jonas Åkerlund,3,1,13.8327618942679,2012
Jonatan Relayze,1,0,,2015
Jonathan A. Rosenbaum,2,0,,2017
Jonathan Baker,2,0,,2017
Jonathan Barré,1,1,15.88237331743725,2016
Jonathan Berman,1,0,,2005
Jonathan Caouette,2,1,13.965665264514186,2009
Jonathan D. Bucari,1,0,,2016
Jonathan Darby,1,0,,1998
Jonathan Dayton,2,2,17.226392449068427,2012
Jonathan Demme,27,8,16.790519075707966,2016
Jonathan English,2,0,,2014
Jonathan Ford,1,0,,2010
Jonathan Frakes,6,4,18.01097317576332,2008
Jonathan Gershfield,1,0,,2008
Jonathan Glatzer,1,0,,2009
Jonathan Glazer,4,1,15.498245585324783,2014
Jonathan Glendening,1,0,,2010
Jonathan Gruber,1,0,,2012
Jonathan Gurfinkel,1,0,,2012
Jonathan Halperin,1,0,,2015
Jonathan Heap,1,0,,1990
Jonathan Hensleigh,3,2,15.902660626093848,2011
Jonathan Hock,3,0,,2016
Jonathan Holiff,1,0,,2013
Jonathan Jakubowicz,2,0,,2016
Jonathan Kahn,1,0,,1998
Jonathan Kaplan,14,4,16.878985015151883,1999
Jonathan Karsh,1,0,,2003
Jonathan Kesselman,2,1,12.34613454291433,2016
Jonathan King,2,1,15.414436816032635,2009
Jonathan Lee,1,0,,2011
Jonathan Levine,6,5,17.327960018714982,2017
Jonathan Liebesman,7,3,19.544051111344597,2014
Jonathan Lynn,10,7,17.040334803056833,2010
Jonathan M. Shiff,1,0,,2011
Jonathan Miller,6,0,,1987
Jonathan Mossek,1,0,,2010
Jonathan Mostow,5,4,18.72741747761862,2017
Jonathan Newman,3,1,8.76389700713946,2013
Jonathan Nossiter,4,1,19.47847103810022,2010
Jonathan Ogilvie,1,0,,2008
Jonathan Paley,2,1,10.707482665306587,2013
Jonathan Parker,3,1,12.348439886817095,2016
Jonathan Prince,1,0,,1994
Jonathan R. Betuel,2,1,15.232030489277808,1995
Jonathan Sanger,2,0,,1992
Jonathan Schiefer,1,0,,2014
Jonathan Segal,2,0,,2010
Jonathan Silverman,1,1,10.714417768752456,2014
Jonathan Singer-Vine,1,0,,2013
Jonathan Sobol,2,1,11.067653471943675,2013
Jonathan Stack,1,0,,1998
Jonathan Stern,1,0,,2009
Jonathan Straiton,1,0,,2016
Jonathan Taïeb,2,0,,2014
Jonathan Teplitzky,4,1,16.92051073837058,2017
Jonathan Wacks,2,1,15.63469370377804,1993
Jonathan Weiss,1,0,,2000
Jonathan Williams,1,0,,2014
Jonathan Winfrey,4,0,,2014
Jonathan Wright,2,0,,2015
Jonathan Yudis,1,0,,2005
Jonathan Zarantonello,2,1,6.985641817639208,2012
Jonathan auf der Heide,1,0,,2009
Jonathon Narducci,1,0,,2014
Jones,1,0,,2013
Jong-seok Yoon,1,1,15.182614454378228,2009
Jonny Campbell,1,0,,2006
Jonny Owen,1,0,,2015
Jono Oliver,1,0,,2013
Jonás Cuarón,2,0,,2015
Jonás Trueba,1,0,,2016
Joo-Young Ban,1,0,,2011
Joona Tena,2,1,14.695798497619505,2011
Joonas Berghäll,1,0,,2010
Joonas Neuvonen,1,0,,2010
Joost Wijnant,1,0,,2007
Joost van Ginkel,1,0,,2015
Joram Lürsen,4,0,,2015
Jordan Barker,2,0,,2013
Jordan Brady,5,1,12.474583366389334,2014
Jordan Downey,2,0,,2012
Jordan Galland,2,0,,2015
Jordan Leondopoulos,1,0,,1969
Jordan Melamed,1,0,,2001
Jordan Peele,1,1,19.34666137673115,2017
Jordan Roberts,2,0,,2012
Jordan Rubin,1,1,9.612265889785814,2014
Jordan Scott,1,0,,2009
Jordan Susman,1,0,,2002
Jordan Vogt-Roberts,4,1,20.155257349629817,2017
Jordan Walker-Pearlman,1,0,,2000
Jordi Mollà,1,0,,2002
Jorge Algora,1,0,,2014
Jorge Blanco,1,1,18.4689542508679,2009
Jorge Bodanzky,1,0,,1976
Jorge Coira,1,0,,2010
Jorge Colón,1,0,,2006
Jorge Costa,1,0,,2012
Jorge Dorado,1,1,13.997832114758229,2013
Jorge Durán,1,0,,2007
Jorge Fernando,1,0,,2004
Jorge Fons,1,0,,1995
Jorge Furtado,5,0,,2014
Jorge Gaggero,1,0,,2004
Jorge Grau,1,0,,1974
Jorge Hinojosa,1,0,,2012
Jorge Michel Grau,3,0,,2016
Jorge Montesi,4,0,,2002
Jorge Olguín,1,0,,2008
Jorge Paixão da Costa,1,0,,2007
Jorge R. Gutierrez,1,1,18.394717661156392,2014
Jorge Ramírez Suárez,1,0,,2013
Jorge Sanjinés,2,0,,1989
Jorge Torregrossa,2,0,,2014
Jori Hulkkonen,1,0,,2014
Joris Ivens,5,0,,1988
Jorma Taccone,1,1,15.625437331147776,2010
Jos Stelling,4,0,,2012
Jos de Putter,1,0,,1993
Jose Altonaga,1,0,,1989
Jose Antonio Vargas,1,0,,2014
Jose Montesinos,1,0,,2011
Jose Pozo,1,0,,2007
Jose Prendes,1,0,,2012
Josef Fares,4,0,,2010
Josef Hader,1,0,,2017
Josef Mach,1,0,,1966
Josef Rusnak,5,2,16.646545050789562,2012
Josef Steiff,1,0,,2014
Josef Wladyka,1,0,,2014
Josef von Báky,2,0,,1950
Josef von Sternberg,19,0,,1957
Josefina Molina,1,0,,1981
Josep Maria Domènech,1,1,11.03735436608764,2002
Joseph Anthony,4,0,,1961
Joseph Ariola,1,0,,2008
Joseph B. Vasquez,1,0,,1991
Joseph Baker,1,0,,2014
Joseph Barbera,7,0,,1990
Joseph Bologna,1,0,,1996
Joseph Brooks,1,0,,1977
Joseph Castelo,2,0,,2016
Joseph Cates,1,0,,1966
Joseph Cedar,4,0,,2017
Joseph Dorman,2,1,13.647314366800249,2012
Joseph Ellison,1,0,,1980
Joseph Francis,1,0,,1995
Joseph Garner,1,0,,2012
Joseph Gordon-Levitt,1,0,,2013
Joseph Graham,1,0,,2010
Joseph Greco,1,0,,2006
Joseph Green,1,0,,1962
Joseph Guzman,2,0,,2010
Joseph H. Lewis,14,0,,1958
Joseph Hahn,1,0,,2014
Joseph Henabery,4,0,,1932
Joseph Infantolino,1,0,,2010
Joseph Itaya,1,0,,2016
Joseph J. Lawson,4,0,,2014
Joseph Jacoby,1,0,,1978
Joseph Kahn,3,1,17.655955861250067,2015
Joseph Kane,6,0,,1945
Joseph Kosinski,2,2,19.639611803999863,2013
Joseph Kuo,4,0,,1987
Joseph L. Mankiewicz,21,2,14.568201386449354,1972
Joseph Levy,1,0,,2013
Joseph Losey,27,0,,1979
Joseph M. Newman,8,0,,1961
Joseph Manduke,2,0,,1977
Joseph Mangine,2,0,,1986
Joseph Mazzello,1,0,,2016
Joseph McGrath,4,0,,1977
Joseph Mealey,1,0,,2004
Joseph Merhi,4,0,,1997
Joseph P. Mawra,1,0,,1964
Joseph Pelling,1,0,,2011
Joseph Pevney,13,0,,1960
Joseph Ruben,12,7,16.85147033723789,2017
Joseph Sargent,35,2,16.738847902385785,2007
Joseph Sims-Dennett,1,0,,2016
Joseph Strick,2,0,,1971
Joseph Tosconi,1,0,,2015
Joseph V. Mascelli,1,0,,1963
Joseph Vilsmaier,7,0,,2010
Joseph W. Sarno,2,0,,1974
Joseph Wartnerchaney,1,0,,2015
Joseph Zito,5,3,16.501015768938103,1988
Joseph-Louis Mundwiller,1,0,,1909
Josephine Decker,1,0,,2016
Josh Appignanesi,1,0,,2009
Josh Aronson,1,0,,2000
Josh Bear,1,0,,2015
Josh Becker,3,1,7.375255778009755,2005
Josh Binney,1,0,,1947
Josh Bishop,1,0,,2016
Josh Boone,2,2,15.422991092047331,2014
Josh C. Waller,2,0,,2016
Josh Cooley,2,0,,2015
Josh Feldman,1,0,,2013
Josh Forbes,1,0,,2015
Josh Fox,3,0,,2016
Josh Gilbert,1,0,,2006
Josh Gordon,3,2,18.140118338736293,2016
Josh Greenbaum,2,0,,2017
Josh Hasty,1,0,,2014
Josh Johnson,1,0,,2013
Josh Kim,1,0,,2015
Josh Koury,1,0,,2012
Josh Kriegman,1,0,,2016
Josh Lawson,1,0,,2014
Josh Lowell,1,0,,2007
Josh Mond,1,0,,2015
Josh Oreck,2,0,,2004
Josh Pate,1,0,,1997
Josh Radnor,2,2,12.489919367073895,2012
Josh Reed,1,0,,2010
Josh Schwartz,1,1,16.250645737259248,2012
Josh Shelov,1,0,,2010
Josh Sternfeld,1,0,,2004
Josh Stolberg,5,0,,2014
Josh Trank,2,2,18.865792735858335,2015
Josh Vietze,1,0,,2016
Joshua Brand,1,0,,1995
Joshua Butler,1,0,,2001
Joshua Caldwell,1,0,,2016
Joshua Goldin,1,0,,2009
Joshua Grannell,1,0,,2010
Joshua Leonard,2,1,10.939976179722388,2011
Joshua Lim,1,0,,2010
Joshua Locy,1,0,,2016
Joshua Logan,8,2,17.346082977036684,1969
Joshua Marston,3,1,12.139638996438146,2016
Joshua Michael Stern,3,2,17.04026593065027,2013
Joshua Oppenheimer,2,2,12.859950283637616,2014
Joshua Overbay,1,0,,2014
Joshua Rofe,1,0,,2013
Joshua Safdie,5,1,9.939240722241946,2017
Joshua Seftel,1,1,14.074935121125458,2008
Joshua Sinclair,1,0,,2005
Joshua Tickell,2,0,,2014
Joshua Tunick,1,0,,2017
Joshua Weigel,1,0,,2009
Joshua White,1,0,,1980
Joshua Zeman,2,1,10.476047770106955,2014
Josiane Balasko,3,0,,2008
Joss Whedon,5,3,19.893665073048737,2015
Jossi Wieler,1,0,,1999
Josué Méndez,1,0,,2004
José Alvarenga Jr.,2,0,,2009
José Antonio Sistiaga,1,0,,1970
José Antonio de la Loma,1,1,13.114050924496471,1978
José Bénazéraf,1,0,,1965
José Corbacho,1,0,,2015
José Cottinelli Telmo,1,0,,1933
José Estrada,1,0,,1979
José Ferrer,5,0,,1962
José Giovanni,4,0,,1983
José Henrique Fonseca,2,0,,2012
José Luis Cuerda,5,1,15.60727002719233,2008
José Luis Garci,5,0,,2005
José Luis García Sánchez,1,0,,1993
José Luis Guerin,5,0,,2007
José Luis López-Linares,3,0,,2016
José Luis Rugeles Gracia,1,0,,2015
José Luis Sáenz de Heredia,1,0,,1948
José Manuel Cravioto,2,0,,2015
José María Forqué,3,0,,1973
José María Goenaga,1,0,,2014
José María Sánchez,1,0,,1995
José María Zabalza,1,0,,1972
José María de Orbe,1,0,,2010
José Mojica Marins,3,0,,2008
José Padilha,5,3,16.51831808063304,2014
José Pedro Goulart,1,0,,2016
José Pinheiro,1,0,,1985
José Quintero,1,0,,1961
José Ramón Larraz,3,0,,1978
José Ramón Novoa,1,0,,1994
José Skaf,1,0,,2015
José Val del Omar,3,0,,1995
Josée Dayan,3,0,,2001
Joung Yumi,1,0,,2013
Jouni Hokkanen,1,0,,2010
Jourdan McClure,1,0,,2012
Jovan B. Todorović,1,0,,2009
Joy Mathew,1,0,,2013
Joy N. Houck Jr.,1,0,,1976
Joyce Buñuel,1,0,,2008
Joyce Chopra,4,0,,2006
Joyce E. Bernal,1,0,,2013
João Canijo,2,0,,2011
João César Monteiro,14,0,,2003
João Daniel Tikhomiroff,1,0,,2009
João Falcão,1,0,,2006
João Jardim,3,0,,2014
João Mendes,1,0,,1954
João Moreira Salles,1,0,,2007
João Pedro Rodrigues,5,0,,2016
João Salaviza,1,0,,2012
Joël Séria,1,0,,1971
Joël Vanhoebrouck,1,0,,2012
Joëlle Oosterlinck,1,0,,2012
Jsu Garcia,1,0,,2011
Juan Antonio Bardem,4,0,,1973
Juan Antonio Bayona,3,3,18.089310722274067,2016
Juan Antonio de la Riva,1,0,,1997
Juan Bautista Stagnaro,1,0,,1999
Juan Bosch,4,0,,1975
Juan Bustillo Oro,3,0,,1950
Juan Carlos Cremata Malberti,1,0,,2005
Juan Carlos Fresnadillo,3,1,17.97811234337268,2011
Juan Carlos Maneglia,1,0,,2012
Juan Carlos Medina,1,0,,2012
Juan Carlos Pineiro-Escoriaza,1,0,,2009
Juan Carlos Tabío,1,0,,2000
Juan Carlos Valdivia,1,0,,2009
Juan Cavestany,1,0,,2013
Juan Diego Solanas,1,1,15.908173683022524,2012
Juan Feldman,1,0,,2015
Juan Felipe Orozco,1,0,,2011
Juan José Campanella,6,2,17.16721517413953,2013
Juan López Moctezuma,3,0,,1987
Juan Manuel Cotelo,1,0,,2010
Juan Martínez Moreno,2,0,,2011
Juan Miguel del Castillo,1,0,,2015
Juan Pablo Buscarini,2,0,,2016
Juan Pablo Rebella,2,0,,2004
Juan Padrón,1,0,,1985
Juan Piquer Simón,6,2,13.578252489576169,1990
Juan Reina,1,0,,2016
Juan Taratuto,4,0,,2016
Juan Vautista,1,0,,2012
Juan Vicente Córdoba,1,0,,2005
Juan de Orduña,1,0,,1942
Juana Macías,1,0,,2010
Juanfer Andrés,1,0,,2014
Juanita Wilson,2,0,,2017
Juanjo Giménez Peña,1,0,,2016
Juanma Bajo Ulloa,2,0,,2015
Juanra Fernandez,1,0,,2013
Jud Taylor,3,0,,1990
Judd Apatow,5,5,18.541223975947666,2015
Judd Ehrlich,2,0,,2014
Jude Anthany Joseph,1,1,14.22097566607244,2014
Judith Ehrlich,1,0,,2009
Judy Chaikin,1,0,,2013
Judy Irving,2,0,,2014
Jugal Hansraj,1,0,,2010
Juha Lehtola,1,0,,2014
Juha Rosma,1,0,,1986
Juha Wuolijoki,3,0,,2011
Juhn Jai-hong,2,0,,2011
Juho Kuosmanen,2,0,,2016
Jukka Kärkkäinen,2,0,,2012
Jukka Sipilä,1,0,,1970
Jukka Virtanen,1,0,,1968
Jukka-Pekka Valkeapää,2,0,,2014
Julaluck Ismalone,1,0,,2012
Jules Bass,18,1,15.680447685786174,1985
Jules Bishop,1,0,,2013
Jules Dassin,16,2,14.467212525903374,1964
Jules Stewart,1,0,,2013
Jules White,1,0,,1933
Julia Bacha,1,0,,2010
Julia Ducournau,1,1,15.226497531674536,2016
Julia Dyer,2,0,,2013
Julia Hart,1,0,,2016
Julia Kuperberg,1,0,,2011
Julia Kwan,1,0,,2005
Julia Leigh,1,0,,2011
Julia Loktev,2,0,,2011
Julia Montejo,1,0,,2002
Julia Murat,1,0,,2011
Julia Patricia Perez,1,0,,2014
Julia Rezende,1,0,,2013
Julia Solomonoff,1,0,,2009
Julia St. Vincent,1,0,,1981
Julia Sweeney,2,0,,2008
Julia von Heinz,1,0,,2014
Julian Amyes,2,0,,1983
Julian Aymes,1,0,,1978
Julian Doyle,1,0,,2008
Julian Farino,2,1,12.811418136886044,2015
Julian Fellowes,2,0,,2009
Julian Gilbey,3,1,17.048092029888586,2014
Julian Goldberger,2,0,,2007
Julian Henriques,1,0,,1998
Julian Jarrold,9,4,15.542403596145792,2015
Julian Johnson,1,0,,1930
Julian Józef Antonisz,1,0,,1971
Julian Kemp,1,0,,2009
Julian Pölsler,1,0,,2012
Julian Radlmaier,1,0,,2017
Julian Richards,1,0,,2004
Julian Roffman,1,0,,1961
Julian Rosefeldt,1,0,,2017
Julian Schlossberg,1,0,,1980
Julian Schnabel,4,4,15.33302637439822,2010
Julian T. Pinder,2,0,,2016
Juliane Lorenz,2,0,,2010
Julianna Lavin,1,0,,1995
Julie Anne Robinson,3,1,17.423551931929833,2012
Julie Benasra,1,0,,2012
Julie Bertuccelli,2,0,,2010
Julie Brown,1,0,,1994
Julie Cypher,1,0,,1994
Julie Dash,2,0,,2002
Julie Davis,4,1,13.866154241400311,2009
Julie Delpy,5,3,13.736648661267843,2015
Julie Gavras,2,0,,2011
Julie Lopes-Curval,2,0,,2006
Julie Shaw,1,0,,2003
Julie Taymor,3,1,17.84617798794684,2007
Julien Abraham,1,0,,2012
Julien Bocabeille,1,0,,2007
Julien Duvivier,32,1,11.944292210601049,1967
Julien Fezans,1,0,,2013
Julien Leclercq,2,0,,2010
Julien Magnat,1,0,,2011
Julien Neel,1,0,,2014
Julien Nitzberg,1,0,,2009
Julien Rambaldi,1,0,,2016
Julien Rappeneau,1,0,,2016
Julien Temple,13,1,15.180658654511577,2015
Juliet Lamont,1,0,,2009
Julio Bracho,1,0,,1943
Julio Buchs,1,0,,1969
Julio DePietro,1,0,,2009
Julio Médem,8,2,14.363049667973213,2015
Julio Quintana,1,0,,2016
Julio Saraceni,1,0,,1954
Julius Avery,1,0,,2014
Julius Ševčík,2,0,,2009
Juliusz Machulski,13,0,,2013
Julián Hernández,4,0,,2014
July Jung,1,0,,2014
Jun Falkenstein,2,1,17.634420693733023,2000
Jun Fukuda,6,0,,1977
Jun Ichikawa,2,0,,2007
Jun Lana,2,1,10.453312711151128,2016
Jun'ya Satô,1,0,,1976
Jung Byung-gil,1,0,,2012
Jung Ji-woo ,3,0,,2012
Jung Sik,1,0,,2007
Jung Sung-il,1,0,,2009
Jung-hoon Kim,1,0,,2014
Junichi Mori,3,0,,2015
Junichi Sato,2,0,,2001
Junichi Suzuki,1,0,,2006
Junji Kurata,1,0,,1977
Junji Nishimura,2,0,,1999
Junji Sakamoto,1,0,,2008
Junji Shimizu,1,0,,1999
Juno John Lee,1,0,,2011
Juno Mak,1,1,8.970177815492379,2013
Juraj Herz,3,0,,1982
Juraj Jakubisko,2,0,,2008
Juris Kursietis,1,0,,2014
Juris Podnieks,1,0,,1986
Juris Poškus,1,0,,2011
Jussi Eerola,1,0,,2015
Just Jaeckin,4,1,14.106143771512311,1984
Justin Barber,1,1,15.096444403426338,2017
Justin Bare,1,0,,2016
Justin Chadwick,3,1,17.12349555790425,2013
Justin Dec,1,0,,2013
Justin Dillon,1,0,,2008
Justin Dix,1,0,,2012
Justin Donnelly,1,0,,2011
Justin Edgar,2,0,,2014
Justin Giddings,1,0,,2013
Justin Hardy,4,0,,2015
Justin Hunt,1,0,,2017
Justin Johnson,1,0,,2009
Justin Jones,1,0,,2010
Justin Kelly,2,0,,2016
Justin Kerrigan,2,1,15.201804919084164,2009
Justin Kreutzmann,1,0,,2016
Justin Krook,1,0,,2016
Justin Kurzel,3,3,14.896851377892602,2016
Justin Lerner,1,0,,2015
Justin Lin,7,6,19.27742298486242,2016
Justin Lo,1,0,,2006
Justin McCarthy,1,0,,2001
Justin Meeks,1,0,,2013
Justin Paul Miller,1,0,,2014
Justin Pemberton,1,0,,2016
Justin Price,2,0,,2016
Justin Reardon,1,0,,2014
Justin Rhodes,1,0,,2008
Justin Salerian,1,0,,2010
Justin Schwarz,1,0,,2014
Justin Simien,1,0,,2014
Justin Steele,2,0,,2014
Justin Theroux,1,0,,2007
Justin Thomas Ostensen,1,0,,2011
Justin Timpane,2,0,,2012
Justin Tipping,1,0,,2016
Justin Trefgarne,1,0,,2015
Justin Webster,1,1,9.869775638050593,2015
Justin Zackham,1,1,16.898307657079496,2013
Justine Shapiro,1,0,,2001
Justine Triet,1,0,,2016
Justus von Dohnányi,1,0,,2007
Juzo Itami,7,0,,1996
Jyoti Swaroop,1,0,,1968
Jyri Kähönen,1,0,,2012
Ján Kadár,4,0,,1979
János Szász,3,1,11.105844051343766,2013
Jérémy Clapin,2,0,,2012
Jérôme Boivin,1,0,,1989
Jérôme Bonnell,2,0,,2015
Jérôme Cornuau,1,0,,2006
Jérôme Deschamps,1,0,,2009
Jérôme Enrico,1,1,10.291942131810886,2013
Jérôme Laperrousaz,2,0,,2006
Jérôme Le Gris,1,0,,2011
Jérôme Salle,5,0,,2016
József Gémes,2,0,,1992
Jörg A. Hoppe,1,0,,2015
Jörg Bundschuh,1,0,,2006
Jörg Buttgereit,3,0,,1991
Jörg Ihle,1,0,,2008
Jörgen Bergmark,1,0,,2012
Jörn Donner,8,0,,2015
Jørgen Lerdam,2,1,16.64872390202049,2013
Jørgen Leth,9,0,,2010
Júlio Bressane,3,0,,2008
Júlíus Kemp,1,0,,2009
Jürgen Goslar,1,0,,1976
Jürgen Staal,1,0,,2011
Jānis Nords,1,0,,2013
Jānis Streičs,1,0,,1981
K Raghavendra Rao,1,0,,2001
K. Asher Levin,1,0,,2011
K. Asif,1,0,,1960
K. Ryan Jones,1,0,,2007
K. S. Adiyaman,1,0,,2002
K. S. Ravikumar,5,2,13.122363377404328,2009
K. Selvaraghavan,2,0,,2006
K. V. Anand,4,1,16.70588231586044,2017
Kaare Andrews,2,0,,2014
Kaat Beels,1,0,,2011
Kabeer Kaushik,1,0,,2005
Kabir Khan,5,1,18.400478036634848,2017
Kabir Sadanand,1,0,,2014
Kad Merad,1,0,,2012
Kader Ayd,1,0,,2013
Kadir Balci,2,0,,2015
Kadri Kõusaar,1,0,,2007
Kahane Cooperman,1,0,,2016
Kai Parlange Tessman,1,0,,2013
Kai S. Pieck,1,0,,2002
Kai Wessel,2,0,,2016
Kaisa Rastimo,1,0,,2008
Kaj Pindal,1,0,,1966
Kallan Kagan,1,0,,2005
Kamal Ahmed,1,0,,2012
Kamal Amrohi,1,0,,1972
Kamal Haasan,4,2,16.576040976884727,2013
Kamal Sadanah,1,0,,2014
Kamal Tabrizi,1,0,,2004
Kambuzia Partovi,2,0,,2013
Kamen Kalev,1,0,,2009
Kandice King,1,0,,2015
Kane Senes,1,0,,2015
Kaneto Shindô,7,0,,2010
Kang Hyeong-Cheol,2,1,17.686711568872166,2014
Kang Je-gyu,3,0,,2011
Kang Woo-Suk,5,0,,2013
Kang Yi-kwan,1,0,,2012
Kanji Nakajima,3,0,,2008
Kankuro Kudo,1,0,,2005
Kannan Iyer,1,0,,2013
Kanta Kamei,1,0,,2009
Kanti Shah,1,0,,1998
Kanu Behl,1,0,,2015
Kara Mulrooney,1,0,,2016
Karan Johar,8,4,16.741813652257722,2016
Karan Malhotra,2,1,17.707902121443194,2015
Kareem Mortimer,1,0,,2007
Karel Kachyňa,3,0,,1970
Karel Reisz,8,1,14.804705223142491,1990
Karel Zeman,7,0,,1980
Karen Arthur,4,0,,2008
Karen Collins,1,0,,2016
Karen Disher,3,0,,2011
Karen J. Lloyd,2,0,,2015
Karen Leigh Hopkins,1,0,,2014
Karen Moncrieff,4,1,13.047639831208391,2014
Karen Oganesyan,3,1,12.91111134093286,2014
Karen Peterson,1,0,,1990
Karen Shakhnazarov,7,1,15.789591583986285,2012
Karen Thomas,1,0,,2009
Karey Kirkpatrick,2,1,19.65439848950559,2009
Kari Skogland,10,1,13.068947832635676,2008
Kari Väänänen,2,0,,2010
Karim Aïnouz,2,0,,2014
Karim Dridi,3,0,,2009
Karim Hussain,1,0,,2000
Karim Traïdia,2,0,,2005
Karin Albou,2,0,,2008
Karin Babinská,1,0,,2007
Karin Brandauer,1,0,,1989
Karin Fahlén,1,0,,2013
Karin Howard,1,0,,1992
Karin Julsrud,1,0,,1998
Karin Steinberger,1,0,,2014
Karin af Klintberg,1,0,,2015
Karl DiPelino,1,0,,2007
Karl Freund,2,0,,1935
Karl Geurs,1,0,,1997
Karl Golden,1,0,,2011
Karl Hartl,2,0,,1957
Karl Malden,1,0,,1957
Karl Markovics,1,0,,2011
Karl Mueller,2,0,,2016
Karl Slovin,1,0,,1995
Karl Zwicky,1,1,14.391219580890574,1997
Karlheinz Martin,1,0,,1920
Karll Panaka,1,0,,2008
Karra Elejalde,1,0,,2000
Karsten Kjær,1,0,,2007
Karsten Wedel,1,0,,1979
Kartal Tibet,5,1,13.456260873653072,1987
Karthik Subbaraj,2,1,14.845129975145433,2014
Kary Antholis,1,0,,1996
Karyn Kusama,5,4,14.433021359212269,2017
Karzan Kader,1,0,,2012
Kasi Lemmons,4,2,15.571813531649042,2013
Kaspar Heidelbach,1,0,,2009
Kaspar Jancis,1,0,,2004
Kaspar Munk,1,0,,2012
Kasper Barfoed,2,0,,2013
Kasper Juhl,1,0,,2015
Kasra Farahani,1,0,,2016
Kat Candler,1,0,,2014
Kat Coiro,3,2,9.33920651405626,2013
Katarina Peters,1,0,,2012
Katarzyna Roslaniec,2,0,,2012
Kate Barker-Froyland,1,1,10.381304329495126,2014
Kate Davis,5,0,,2014
Kate Freund,1,0,,2014
Kate Geis,1,0,,2014
Kate Logan,1,0,,2014
Kate Robbins,1,0,,2006
Katell Quillévéré,3,0,,2016
Katerina Kitidi,1,0,,2012
Katherine Brooks,2,0,,2011
Katherine Dieckmann,2,0,,2009
Katherine Fairfax Wright,1,0,,2012
Kathleen Behun,1,0,,2014
Kathleen Collins,1,0,,1982
Kathleen Marshall,1,0,,2005
Kathleen Slattery-Moschkau,1,0,,2005
Kathrine Windfeld,2,0,,2012
Kathryn Bigelow,11,6,16.560708499795293,2017
Kathy Brew,1,0,,2012
Katie Aselton,2,0,,2012
Katie Dellamaggiore,1,0,,2012
Katie Graham,1,0,,2013
Katie Green,1,0,,2014
Katie Holmes,1,0,,2016
Katie Wolfe,1,0,,2010
Katina Medina Mora,1,0,,2016
Katja Gauriloff,1,0,,2012
Katja Raganelli,1,0,,2001
Katja von Garnier,4,0,,2013
Katrin Gebbe,1,0,,2013
Katrin Laur,1,0,,2006
Katrin Ottarsdóttir,1,0,,1999
Katrina Holden Bronson,1,0,,2005
Katsuhide Motoki,1,0,,2014
Katsuhiko Nishijima,2,0,,2000
Katsuhiro Ōtomo,3,1,13.22342245512822,2006
Katsuhisa Yamada,1,0,,1986
Katsuhito Akiyama,1,0,,2002
Katsuhito Ishii,4,0,,2005
Katsuyoshi Yatabe,1,0,,1999
Katsuyuki Motohiro,1,0,,2005
Katt Shea,2,1,16.692611592489087,1999
Katy Chevigny,1,0,,2007
Katya Bankowsky,1,0,,1999
Kay Pollak,2,0,,2004
Kayo Hatta,1,0,,1995
Kayvan Mashayekh,1,0,,2005
Kazuaki Kiriya,3,3,15.312499677281338,2015
Kazuchika Kise,4,0,,2015
Kazuhiko Yamaguchi,1,0,,1974
Kazuhiro Furuhashi,2,0,,2001
Kazuhisa Takenouchi,1,0,,1988
Kazuhisa Takenôchi,1,0,,2003
Kazuho Mitsuta,1,0,,1987
Kazui Nihonmatsu,2,0,,1968
Kazuki Omori,3,0,,2000
Kazuo Hara,2,0,,1987
Kazuo Ikehiro,4,0,,1972
Kazuo Inoue,1,0,,1983
Kazuo Kuroki,1,0,,1990
Kazuo Mori,7,0,,1972
Kazuo Yamazaki,1,0,,1995
Kazuto Nakazawa,1,0,,2003
Kazuya Konaka,1,0,,2008
Kazuya Murata,1,1,15.817190538177064,2011
Kazuya Sasahara,1,0,,2010
Kazuya Shiraishi,1,0,,2013
Kazuyoshi Katayama,1,0,,2009
Kazuyoshi Kumakiri ,2,0,,2014
Kazuyoshi Okuyama,1,0,,1994
Kazuyuki Shibuya,1,0,,2001
Keanu Reeves,1,1,14.535757695038033,2013
Keefe Brasselle,1,0,,1975
Keegan Kuhn,1,0,,2014
Keenen Ivory Wayans,6,5,18.47709076651672,2006
Kees Van Oostrum,2,0,,2013
Kees van Nieuwkerk,1,0,,2015
Kei Kumai,2,0,,2002
Kei Morikawa,1,0,,2015
Kei'ichi Sato,2,0,,2012
Keiichi Hara,4,0,,2015
Keiichi Kobayashi,1,0,,2012
Keiichi Ozawa,4,0,,1969
Keiichi Sato,2,1,14.621361228437303,2016
Keiichi Sugiyama,1,0,,2006
Keiichirou Kawaguchi,1,0,,2013
Keir Burrows,1,0,,2016
Keishi Ohtomo,4,1,17.937794488875618,2014
Keisuke Kinoshita,15,0,,1963
Keisuke Toyoshima,1,0,,2004
Keita Kono,1,0,,2006
Keith Allen,1,0,,2011
Keith Allen Burns,1,0,,2011
Keith Arem,1,0,,2015
Keith Bearden,1,1,10.362461831496551,2010
Keith Beauchamp,1,0,,2005
Keith Behrman,1,0,,2002
Keith Cossrow,1,0,,2008
Keith Coulouris,1,0,,2007
Keith Fulton,3,0,,2005
Keith Gordon,4,1,12.698992921027328,2003
Keith Hartman,1,0,,2010
Keith Maitland,1,0,,2016
Keith Melton,1,0,,2007
Keith Miller,1,0,,2014
Keith Parmer,1,0,,2014
Keith Samples,3,0,,2008
Keith Snyder,1,0,,2002
Keith Truesdell,7,0,,2011
Keith Wright,1,0,,2011
Keizou Shimizu,2,0,,1993
Kelli Herd,1,0,,1997
Kelly Asbury,3,3,18.92826855517448,2017
Kelly Dolen,1,0,,2014
Kelly Duane,1,0,,2011
Kelly Fremon Craig,1,1,16.749561451529548,2016
Kelly Makin,3,0,,1999
Kelly Nyks,1,1,10.707616917521952,2015
Kelly Reichardt,8,2,13.810803277212333,2016
Kelly Smith,1,0,,2011
Kelsey T. Howard,1,1,9.701616136497458,2005
Kelvin Tong,1,0,,2016
Kemp Curly,1,1,13.51398645849039,2005
Ken Annakin,20,3,15.312495210987686,1988
Ken Blakey,1,0,,1997
Ken Blancato,1,0,,1986
Ken Burns,11,0,,2014
Ken Cameron,2,1,13.959610901938031,1989
Ken Dixon,1,0,,1987
Ken Finkleman,3,1,17.116907272659084,2002
Ken Ghosh,3,0,,2010
Ken Hannam,1,0,,1975
Ken Hughes,8,0,,1981
Ken Jacobs,2,0,,2005
Ken Kwapis,11,6,17.233049538692864,2015
Ken Liotti,1,0,,1999
Ken Loach,25,6,14.39962894173278,2016
Ken Marino,2,1,17.08324888724243,2017
Ken Mills,1,0,,2009
Ken Ochiai,1,0,,2014
Ken Olin,4,0,,2003
Ken Rodgers,1,0,,2013
Ken Russell,17,5,14.935158685611976,1991
Ken Sanzel,3,0,,2015
Ken Scott,3,2,17.117727774717807,2015
Ken Shapiro,2,0,,1981
Ken Wiederhorn,5,1,16.035357747839694,1993
Ken Winkler,1,0,,2012
Ken Yip Wing-Kin,1,0,,2009
Ken'ichi Takeshita,1,0,,2010
Kenichi Shimizu,1,0,,2014
Kenji Kamiyama,5,0,,2012
Kenji Kodama,2,0,,1999
Kenji Misumi,14,0,,1973
Kenji Mizoguchi,17,0,,1956
Kenji Uchida,3,0,,2012
Kenn MacRae,1,0,,2014
Kenneth A. Carlson,1,0,,2001
Kenneth Anger,10,0,,2010
Kenneth Bi,2,0,,2013
Kenneth Bowser,3,0,,2003
Kenneth Branagh,14,7,17.01696074084052,2015
Kenneth Eng,1,0,,2006
Kenneth Glenaan,2,0,,2005
Kenneth J. Berton,1,0,,1996
Kenneth J. Hall,1,0,,2004
Kenneth Johnson,10,2,15.613859849960232,1999
Kenneth Kainz,1,0,,2015
Kenneth Kokin,1,0,,2016
Kenneth Lonergan,3,2,14.440229099564796,2016
Kenneth Macpherson,1,0,,1930
Kenny Bee,1,0,,1986
Kenny Gage,1,0,,2015
Kenny Leon,3,0,,2015
Kenny Ortega,10,2,16.626802174274886,2017
Kenny Young,2,0,,2016
Kensaku Watanabe,1,0,,2008
Kensho Yamashita,1,0,,1994
Kent Alterman,1,1,17.326245220443766,2008
Kent Jones,2,0,,2015
Kent MacKenzie,1,0,,1961
Kenta Fukasaku,2,0,,2006
Kentaro Hagiwara,1,0,,2017
Kentaro Moriya,1,0,,2010
Kentarô Ôtani,3,0,,2014
Keoni Waxman,12,0,,2016
Kerem Sanga,2,0,,2016
Keren Yedaya,2,0,,2009
Keri Collins,1,0,,2015
Kern Konwiser,1,0,,2007
Kern Saxton,1,0,,2012
Kerri O'Kane,1,0,,2008
Kerry Anne Mullaney,1,0,,2008
Kerry Asmussen,1,0,,2005
Kerry Bellessa,1,0,,2012
Kerry Beyer,1,0,,2009
Kerry Conran,1,1,17.875241176888995,2004
Kerry Valderrama,1,0,,2013
Kerstin Karlhuber,1,0,,2017
Kerthy Fix,1,0,,2011
Ketan Mehta,2,0,,2015
Ketche,1,0,,2010
Keva Rosenfeld,2,0,,2014
Keven McAlester,2,0,,2008
Kevin Allen,3,1,17.176545276310687,2004
Kevin Altieri,1,0,,2000
Kevin Asch,2,0,,2014
Kevin Bacon,2,0,,2005
Kevin Billington,2,0,,1971
Kevin Booth,3,0,,2007
Kevin Bray,3,2,17.458000719973967,2008
Kevin Brodie,1,0,,1999
Kevin Brownlow,6,0,,2000
Kevin Burke,1,0,,2016
Kevin Burns,3,0,,2006
Kevin Carraway,3,0,,2015
Kevin Conner,3,0,,2014
Kevin Connolly,2,0,,2016
Kevin Connor,18,0,,2014
Kevin Costner,3,3,18.196667141390368,2003
Kevin Derek,1,0,,2015
Kevin Deters,2,0,,2009
Kevin Donovan,1,0,,2002
Kevin Dowling,1,0,,1994
Kevin Dunn,1,0,,2004
Kevin Elders,1,0,,1999
Kevin Fair,6,0,,2016
Kevin Flynn,1,0,,2016
Kevin G. Cremin,1,0,,1995
Kevin Goetz,2,0,,2016
Kevin Greutert,4,2,18.383859529932074,2015
Kevin Hamedani,1,0,,2009
Kevin Heffernan,1,0,,2009
Kevin Hooks,8,3,16.705257638843893,2003
Kevin James Dobson,1,0,,1995
Kevin Jerome Everson,1,0,,2005
Kevin Jordan,1,0,,1999
Kevin Kerslake,1,0,,1994
Kevin King,1,0,,2016
Kevin Kolsch,1,0,,2014
Kevin Lima,6,4,18.99382415398689,2007
Kevin Macdonald,12,6,15.973573624504226,2017
Kevin Mazur,1,0,,2013
Kevin McDonagh,1,0,,2015
Kevin McManus,1,0,,2012
Kevin Miller,1,0,,2012
Kevin Munroe,3,2,16.862360913404217,2017
Kevin Noland,1,0,,2005
Kevin O'Neill,5,0,,2015
Kevin Padden,1,0,,1987
Kevin Pollak,2,0,,2016
Kevin Rafferty,2,1,12.50034917666498,2008
Kevin Reynolds,9,7,17.184847081540244,2016
Kevin Rodney Sullivan,4,3,17.827938256380822,2005
Kevin Romeo,1,0,,2016
Kevin Smith,14,11,16.23987183913974,2016
Kevin Spacey,2,0,,2004
Kevin Sullivan,2,0,,1987
Kevin Tancharoen,2,1,16.74206626458891,2011
Kevin Tenney,8,2,13.491446264449337,2008
Kevin Tostado,1,0,,2011
Kevin Van Stevenson,1,0,,2016
Kevin VanHook,2,0,,2008
Kevin Williamson,1,1,16.006743554911072,1999
Kevin Willmott,1,0,,2004
Kevin Yagher,1,1,16.62942114976596,1996
Khaled Marei,1,0,,2008
Khalid Mohammed,1,1,13.343570655350574,2000
Khalil Sullins,1,0,,2015
Khavn,1,0,,2014
Kheiron,1,0,,2015
Khoa Lê,1,0,,2015
Khuat Akhmetov,1,0,,2001
Khwaja Sarfraz,1,0,,1967
Khyentse Norbu,2,0,,2003
Ki-hyeong Park,3,0,,2006
Kiah Roache-Turner,1,0,,2014
Kidlat Tahimik,1,0,,1977
Kief Davidson,3,0,,2016
Kiefer Sutherland,2,0,,1999
Kieran Darcy-Smith,2,1,8.411832675758411,2016
Kieran Parker,1,0,,2013
Kieron Hawkes,1,0,,2012
Kieron J. Walsh,2,0,,2012
Kieth Merrill,2,0,,2005
Kihachi Okamoto,6,0,,1970
Kike Maíllo,2,0,,2016
Kilian Manning,1,0,,2010
Kilian Riedhof,1,0,,2011
Kim A. Snyder,1,0,,2016
Kim Bartley,1,0,,2003
Kim Bass,1,0,,2010
Kim Bong-joo,1,0,,2015
Kim Byung-gon,1,0,,2011
Kim Chapiron,3,1,12.971635831961542,2014
Kim Dae-seung,3,0,,2012
Kim Dong-won,1,0,,2004
Kim Druzhinin,1,0,,2016
Kim Eun-tae,1,0,,2005
Kim Farrant,1,1,9.768354878544631,2015
Kim Finn,1,0,,2004
Kim Gok,1,0,,2011
Kim Hae-gon,1,0,,2008
Kim Hak-Soon,1,0,,2015
Kim Han-min,2,2,18.121369702162475,2014
Kim Henkel,1,1,12.132953415179363,1994
Kim Ho-joon,1,0,,2004
Kim Hwi,1,0,,2012
Kim Hyun-suk,2,0,,2013
Kim Hyung-joon,1,0,,2010
Kim Jee-woon,8,0,,2016
Kim Jeong-kwon,1,0,,2000
Kim Jho Gwang-soo,2,0,,2010
Kim Jin-Yeong,1,0,,2008
Kim Joon-Sung,1,0,,2017
Kim Jung-Hoon,2,0,,2015
Kim Ki-duk,21,5,11.620557048898046,2014
Kim Ki-young,3,0,,1977
Kim Kwang-sik,2,1,15.254081380005069,2014
Kim Kwang-tae,1,0,,2015
Kim Longinotto,7,0,,2015
Kim Min-suk,1,0,,2010
Kim Moon-saeng,1,0,,2003
Kim Mordaunt,1,0,,2013
Kim Nguyen,2,0,,2016
Kim Rocco Shields,1,0,,2016
Kim Rossi Stuart,1,0,,2006
Kim Saarniluoto,1,0,,2012
Kim Sang-jin,3,0,,2010
Kim Sang-man,1,0,,2010
Kim Seong-hoon,2,0,,2016
Kim Seong-soo,2,0,,2014
Kim Suk-Yoon,2,0,,2015
Kim Sung-ho,1,0,,2003
Kim Sung-su,4,0,,2016
Kim Tae-gyun,4,0,,2014
Kim Tae-kyung,2,0,,2012
Kim Tae-yong,1,1,15.388284486026784,2010
Kim Tae-yoon,1,0,,2017
Kim Yong-Han,1,0,,2012
Kim Yong-Hwa,1,0,,2006
Kim Yong-gyun,2,0,,2013
Kim Yoo-jin,1,0,,2008
Kim Young-tak,1,0,,2010
Kimani Ray Smith,1,0,,2013
Kimberly Levin,1,0,,2015
Kimberly Peirce,3,3,16.906823276754228,2013
Kimberly Reed,1,0,,2008
Kimberly Senior,1,0,,2017
Kimble Rendall,2,0,,2012
Kimio Yabuki,2,0,,1981
Kimiyoshi Yasuda,6,0,,1973
King Hu,3,0,,1971
King Vidor,30,4,16.598946045528262,1959
Kinga Debska,1,0,,2015
Kinji Fukasaku,14,1,17.034386382832476,2000
Kinji Yoshimoto,2,0,,1994
Kinka Usher,1,1,17.20874333957088,1999
Kip Andersen,1,0,,2017
Kira Muratova,4,0,,2009
Kiran Ramsay,1,0,,1990
Kiran Rao,1,0,,2011
Kiran Yadnyopavit,1,0,,2011
Kirby Dick,10,3,12.404557604538448,2015
Kirill Belevich,1,0,,2015
Kirill Kozlov,1,1,15.384889726195144,2013
Kirill Kuzin,2,1,16.09955808713181,2011
Kirill Serebrennikov,3,0,,2016
Kirk Browning,2,0,,2000
Kirk Caouette,1,0,,2013
Kirk De Micco,1,1,17.971269155823908,2008
Kirk Douglas,1,0,,1975
Kirk Jones,6,3,18.373534283296333,2016
Kirk R. Thatcher,3,0,,2015
Kirk Sullivan,1,0,,2014
Kirk Wong,2,2,14.64546492637843,1998
Kirsi Liimatainen,1,0,,2006
Kirsten Johnson,2,0,,2016
Kirsten Sheridan,2,1,18.00701247170598,2007
Kit Ryan,1,0,,2007
Kitaji Ishikawa,1,0,,2006
Kitarou Kousaka,1,0,,2003
Kitty Green,1,0,,2017
Kiyo Sumi Fukazawa,1,0,,1987
Kiyoshi Kurosawa,18,1,11.502875129116727,2016
Kjell Grede,3,0,,1990
Kjell Sundvall,7,0,,2015
Kjell-Åke Andersson,2,0,,2013
Klaartje Quirijns,1,0,,2012
Klaus Huttmann,1,0,,2013
Klaus Händl,1,0,,2016
Klaus Härö,5,0,,2015
Klaus Lemke,2,0,,2007
Klaus Maeck,1,0,,1991
Klay Hall,2,1,19.208177242837063,2013
Kleber Mendonça Filho,2,1,12.563502304599782,2016
Klim Shipenko,1,0,,2014
Knate Gwaltney,1,0,,2016
Knut Andersen,1,0,,1976
Ko Kyeong-Ah,1,0,,2013
Koan Hui On,1,0,,2016
Kobun Shizuno,2,0,,2008
Kodi Rama Krishna,1,1,16.454567887579532,2009
Koen Mortier,1,0,,2007
Kogonada,1,0,,2017
Kohl Harrington,1,0,,2016
Koichi Ishiguro,1,0,,1989
Koichi Ohata,1,0,,1996
Koichi Sakamoto,1,0,,2013
Koji Fukada,2,0,,2013
Koji Hashimoto,1,1,15.226497531674536,1984
Koji Masunari,2,0,,2001
Koji Masutani,1,0,,2008
Koji Ota,1,0,,1961
Koji Shima,1,0,,1956
Koji Yamamura,3,0,,2007
Koki Mitani,3,0,,2013
Koldo Serra,2,0,,2016
Koltai Róbert,2,0,,2001
Komkris Triwimol,1,0,,2003
Kompim Kemgumnird,1,0,,2012
Kon Ichikawa,9,0,,1994
Kong Yeung,1,0,,1987
Kongkiat Khomsiri,1,0,,2009
Konkona Sen Sharma,1,0,,2016
Konrad Niewolski,3,0,,2006
Konrad Wolf,2,0,,1964
Konstantin Bojanov,1,0,,2012
Konstantin Bromberg,2,0,,1982
Konstantin Bronzit,4,1,14.363631966473962,2014
Konstantin Buslov,1,1,14.627572133951716,2011
Konstantin Feoktistov,2,0,,2015
Konstantin Khudyakov,1,0,,1984
Konstantin Lopushanskiy,5,0,,2006
Konstantin Maksimov,1,1,14.445250310792586,2009
Konstantin Voynov,1,0,,1964
Koratala Siva,1,0,,2015
Koreyoshi Kurahara,7,0,,1983
Kornél Mundruczó,5,1,12.550931048328067,2014
Kostas Haralambous,1,0,,2004
Kostas Ouzas,1,0,,2014
Kota Yoshida,1,0,,2010
Kote Mardjanishvili,1,0,,1929
Kote Miqaberidze,1,0,,1929
Kouichi Mashimo,1,0,,1992
Kouji Morimoto,7,0,,2008
Kouzou Morishita,1,0,,1987
Kresten Vestbjerg Andersen,2,0,,2011
Kris Avedisian,1,0,,2017
Kris Booth,1,0,,2009
Kris Elgstrand,2,0,,2014
Kris Hulbert,1,0,,2012
Kris Isacsson,1,0,,2000
Kris Swanberg,1,0,,2015
Krish (Radhakrishna Jagarlamudi),2,1,17.529082624668582,2015
Krishna D.K.,4,1,15.702580206996654,2014
Krishna Rao,1,0,,1996
Kristen Coury,1,0,,2001
Kristi Jacobson,1,0,,2012
Kristian Fraga,1,0,,2010
Kristian Levring,4,1,17.554845455566703,2014
Kristian Petri,1,0,,2003
Kristian Pithie,1,0,,2004
Kristijan Milić,1,0,,2007
Kristijonas Vildziunas,1,0,,2016
Kristin Canty,1,0,,2011
Kristin Hanggi,3,0,,2015
Kristina Borjesson,1,0,,2013
Kristina Buozyte,1,0,,2012
Kristina Goolsby,1,0,,2015
Kristina Grozeva,1,0,,2014
Kristina Lindström,1,0,,2012
Kristine Peterson,4,0,,1997
Kristoffer Metcalfe,1,0,,2011
Kristoffer Nyholm,1,0,,2015
Kristoffer Tabori,10,0,,2016
Kristopher Belman,1,1,13.695632955233023,2008
Kristy Guevara-Flanagan,1,0,,2012
Kristín Björk Kristjánsdóttir,1,0,,2011
Kristín Jóhannesdóttir,1,0,,1992
Kristóf Deák,1,0,,2016
Krisztian Majdik,1,0,,2015
Krisztina Deák,1,0,,2012
Krisztina Goda,3,0,,2008
Kritsaman Wattananarong,1,0,,2007
Kriv Stenders,4,0,,2016
Krsto Papić,2,0,,1980
Krzysztof Gradowski,2,0,,1988
Krzysztof Kieślowski,13,1,14.50863523827109,1994
Krzysztof Krauze,3,0,,2013
Krzysztof Lang,1,0,,1995
Krzysztof Lukaszewicz,1,0,,2010
Krzysztof Skonieczny,1,0,,2014
Krzysztof Zanussi,10,0,,2014
Krzysztof Łukaszewicz,1,0,,2015
Kuba Czekaj,1,0,,2015
Kuei Chih-Hung,2,0,,1983
Kuku Kohli,1,0,,1991
Kunal Deshmukh,2,1,15.201804919084164,2014
Kunal Kohli,4,1,16.91451703233401,2012
Kundan Shah,2,0,,1993
Kunihiko Ikuhara,2,0,,1999
Kunihiko Yuyama,16,5,17.555369653503583,2015
Kunio Katō,1,0,,2008
Kunio Miyoshi,1,0,,1997
Kunio Watanabe,1,0,,1958
Kunle Afolayan,1,0,,2014
Kuntaa Nikkil,1,1,12.611537753638338,2006
Kurando Mitsutake,1,0,,2014
Kurt Engfehr,1,0,,2014
Kurt Hale,1,0,,2004
Kurt Hoffmann,4,0,,1955
Kurt Kuenne,3,0,,2012
Kurt Maetzig,1,0,,1960
Kurt Mattila,1,0,,2006
Kurt Neumann,10,1,14.914122846632385,1958
Kurt P. Vincent,1,0,,2015
Kurt Voss,3,0,,1997
Kurt Wimmer,3,2,16.373084185986656,2006
Kutlug Ataman,1,0,,1999
Kwak Jae-yong,4,1,15.489120111743784,2016
Kwak Kyung-taek,3,0,,2015
Kwang-chun Park,1,0,,2005
Kwon Chil-in,1,0,,2012
Kwon Hyeok-Jae,1,0,,2010
Kwon Nam-Ki,1,0,,2006
Kwon Soo-kyeong,1,0,,2016
Kwon-tae Ahn,1,0,,2008
Kyle Ambrose,2,0,,2015
Kyle Balda,5,3,20.42737305303538,2017
Kyle Lawrence,1,1,9.256651274839433,2010
Kyle Newman,3,2,11.237420518975531,2015
Kyle Patrick Alvarez,3,1,13.37476588018409,2015
Kyle Rankin,3,0,,2015
Kyle Rideout,1,0,,2015
Kyle Schickner,1,0,,2007
Kyran Kelly,1,0,,2013
Kyung Ho Lee,1,0,,2016
Kyung-Mook Kim,1,0,,2012
Kyungmin Woo,1,0,,2014
Károly Makk,6,0,,1997
Kátia Lund,1,0,,1999
Kô Nakahira,1,0,,1956
Kôhei Oguri,1,0,,1981
Kôichi Chigira,1,0,,2006
Kôji Kawano,2,0,,2007
Kôji Maeda,1,0,,2011
Kôji Shiraishi,4,0,,2016
Kôsei Saitô,1,0,,1982
Kôtarô Terauchi,2,0,,2007
Kôyû Ohara,1,0,,1982
Kôzaburô Yoshimura,1,0,,1947
Kıvanç Baruönü,1,0,,2015
Kōji Wakamatsu,6,0,,2010
L. Gabriel Gonda,1,0,,2014
L. Gustavo Cooper,1,0,,2015
L.A. Puopolo,1,0,,1992
L.M. Kit Carson,1,0,,1971
L.Q. Jones,1,0,,1975
Lab Ky Mo,1,0,,2003
Lacey Schwartz,1,0,,2014
Ladd Ehlinger Jr.,1,0,,2007
Ladislao Vajda,2,0,,1954
Ladislav Smoljak,1,0,,1981
Laetitia Colombani,2,1,15.449887686725884,2008
Laetitia Masson,2,0,,1998
Laila Pakalnina,3,0,,2012
Lajos Koltai,2,0,,2007
Lake Bell,1,1,14.902017201423709,2013
Lal,1,1,13.458835614025542,1991
Lam Nai-Choi,2,0,,1991
Lambert Hillyer,5,0,,1943
Lamberto Bava,10,0,,2007
Lamont Johnson,13,1,16.61887093887081,1983
Lana Wachowski,2,2,17.85869528093609,1999
Lance Bangs,13,0,,2017
Lance Comfort,2,0,,1948
Lance Daly,3,1,8.55756708555451,2013
Lance Doty,1,0,,2008
Lance Edmands,1,0,,2014
Lance Hammer,1,0,,2008
Lance Hendrickson,1,0,,2006
Lance Hool,3,1,16.190922881884443,1999
Lance Kawas,2,0,,2015
Lance Kinsey,1,0,,2014
Lance Mungia,2,1,11.732012800954504,2005
Lance Rivera,3,1,15.573368475516649,2010
Lance W. Dreesen,1,0,,2006
Lance Weiler,1,0,,2006
Lance Young,1,1,12.591552709705256,1997
Landon Van Soest,1,0,,2009
Lane Slate,1,0,,1971
Lang Elliott,2,0,,1994
Lara Shapiro,1,0,,2009
Larisa Shepitko,4,0,,1977
Larry Bishop,2,1,12.177091726282084,2008
Larry Blamire,4,0,,2010
Larry Brand,1,0,,2014
Larry Buchanan,3,0,,1970
Larry Carroll,1,0,,1998
Larry Charles,6,2,19.193618698877874,2016
Larry Clark,6,3,14.087263498074359,2012
Larry Cohen,14,1,14.918778658168575,1996
Larry David,1,0,,1998
Larry Elikann,5,0,,1996
Larry Ferguson,2,0,,1997
Larry Fessenden,4,0,,2013
Larry Gross,1,0,,1985
Larry Hagman,1,0,,1972
Larry Latham,2,0,,1999
Larry Leichliter,2,0,,2003
Larry Osborne,1,0,,1994
Larry Parr,1,0,,1988
Larry Peerce,12,0,,1996
Larry Roemer,1,0,,1964
Larry Savadove,1,0,,1978
Larry Semon,1,0,,1925
Larry Shaw,3,0,,2002
Larry Stewart,1,0,,1984
Larry Wade Carrell,1,0,,2011
Larry Weinstein,2,0,,2016
Larry Williams,1,0,,1998
Larry Yang,1,0,,2013
Larry Yust,1,0,,1974
Lars Becker,1,0,,2000
Lars Büchel,1,0,,2004
Lars Henning Jung,1,0,,2008
Lars Kraume,4,1,11.90807757646995,2016
Lars Lennart Forsberg,3,0,,1983
Lars Molin,1,0,,1998
Lars von Trier,20,8,14.58649654565666,2013
Larysa Fenyn,1,0,,2007
Larysa Kondracki,1,0,,2010
Lasse Hallström,22,13,17.75854992751632,2017
Lasse Keso,1,0,,2014
Lasse Spang Olsen,2,0,,2002
Lasse Åberg,6,2,15.699822114335356,2011
Lau Kar-Wing,3,0,,1989
Lau Lauritzen Jr.,1,0,,1945
Lau Shut-Yue,1,0,,1985
Laura Archibald,1,0,,2013
Laura Beth Love,1,0,,2016
Laura Bispuri,1,0,,2015
Laura Dern,1,0,,2013
Laura Gabbert,2,0,,2016
Laura Israel,1,0,,2015
Laura Mañá,2,0,,2012
Laura Morante,1,0,,2016
Laura Nix,1,0,,2014
Laura Poitras,4,1,14.91517862243825,2017
Lauren Greenfield,1,1,13.479399855981535,2012
Lauren Himmel,1,0,,2001
Lauren Lazin,2,1,15.870726515478983,2012
Lauren MacMullan,1,0,,2013
Lauren Montgomery,9,0,,2012
Laurence Connor,2,0,,2016
Laurence Dunmore,1,0,,2004
Laurence Fishburne,1,0,,2000
Laurence Harvey,2,0,,1968
Laurence Malkin,2,0,,2006
Laurence Merrick,1,0,,1973
Laurence Olivier,5,0,,1970
Laurence Rees,1,0,,1997
Laurence Trimble,1,0,,1911
Laurent Bouhnik,2,0,,2011
Laurent Boutonnat,1,0,,1994
Laurent Bouzereau,5,0,,2017
Laurent Bécue-Renard,1,0,,2014
Laurent Bénégui,1,0,,2004
Laurent Cantet,7,1,17.176392067004876,2014
Laurent Firode,1,0,,2000
Laurent Herbiet,1,0,,2006
Laurent Heynemann  ,1,0,,1991
Laurent Malaquais,1,0,,2012
Laurent Salgues,1,0,,2008
Laurent Tirard,6,0,,2016
Laurent Tuel,2,0,,2009
Laurent Witz,1,0,,2013
Laurent de Bartillat,1,0,,2007
Lauri Maijala,1,0,,2012
Lauri Nurkse,1,0,,2010
Lauri Törhönen,5,0,,2012
Laurice Guillen,1,1,15.201804919084164,2001
Laurie Anderson,2,0,,2015
Laurie Collyer,3,1,13.341990352806942,2015
Laurie Gwen Shapiro,1,0,,2000
Laurie Lynd,2,0,,2016
Laurie Weltz,2,0,,2015
Lauro Chartrand,1,0,,2010
Lav Diaz,4,0,,2013
Lavinia Currier,1,0,,1997
Law Chi,1,0,,1979
Law Chi-Leung,3,1,11.675290882685672,2012
Law Kei,1,0,,1977
Law Wing-cheong,5,0,,2014
Lawrence Ah Mon,1,0,,1991
Lawrence Bassoff,2,2,15.618946148062655,1987
Lawrence Blume,2,0,,2012
Lawrence D'Souza,1,0,,1991
Lawrence Elman,1,0,,2010
Lawrence Gough,1,0,,2010
Lawrence Guterman,2,1,18.352135818551155,2005
Lawrence Huntington,1,0,,1947
Lawrence Jordan,1,0,,1999
Lawrence Kasanoff,1,1,11.20783948598991,2012
Lawrence Kasdan,11,3,17.391656600612553,2012
Lawrence Lanoff,1,0,,1998
Lawrence Michael Levine,1,0,,2010
Lawrence O'Neil,1,0,,1997
Lawrence Roeck,2,0,,2016
Lawrence Schiller,2,0,,1982
Lawrence Shapiro,1,0,,2013
Lawrence Silverstein,2,0,,2014
Lawrence Trilling,1,0,,2010
Lawrie Brewster,1,0,,2013
LazRael Lison,2,0,,2016
Lazar Stojanović,1,0,,1971
Laís Bodanzky,3,0,,2010
Laïla Marrakchi,2,0,,2013
LeVar Burton,1,0,,1999
Leah Meyerhoff,1,0,,2014
Leah Shore,1,0,,2015
Leah Wolchok,1,0,,2015
Leander Haußmann,4,0,,2013
Leandro Lucchetti,1,0,,1989
Leanne Pooley,3,0,,2015
Lech Kowalski,1,0,,1980
Lech Majewski,5,1,12.744082409598322,2011
Lee Alan McConnell,1,0,,2002
Lee Bennett Sobel,1,0,,1996
Lee Biu-Cheung,1,0,,2014
Lee Byeong-heon,1,0,,2015
Lee Chang-dong,5,1,12.76539982039228,2010
Lee Cheol-ha,1,0,,2006
Lee Daniels,4,3,16.787974636061914,2013
Lee David Zlotoff,1,1,16.35267563624803,1996
Lee Davis,2,0,,2007
Lee Demarbre,3,0,,2009
Lee Do-Yoon,1,0,,2014
Lee Eon-hee,2,0,,2007
Lee Friedlander,5,0,,2015
Lee Frost,5,0,,1975
Lee Fulkerson,1,1,13.40716179612028,2011
Lee Galea,1,0,,2013
Lee Grant,2,0,,1989
Lee H. Katzin,8,0,,1988
Lee Hae-Jun,1,0,,2009
Lee Hae-young,1,0,,2015
Lee Han,1,0,,2014
Lee Harry,1,1,11.94680308751507,1987
Lee Hirsch,2,1,12.912459296244624,2011
Lee Ho-jae,1,0,,2016
Lee Hwan-kyung,1,0,,2013
Lee Hyeon-jong,1,0,,2013
Lee Hyeon-seung,2,0,,2011
Lee Il-hyeong,1,1,17.72753356339242,2016
Lee Isaac Chung,1,0,,2007
Lee Jae-gyoo,1,0,,2014
Lee Jeong-Beom,3,1,17.57810017297267,2014
Lee Jeong-hyang,1,0,,2002
Lee Joon-ik,5,0,,2015
Lee Ju-hyoung,1,0,,2013
Lee Jung-ho,2,0,,2014
Lee Kang-Sheng,1,0,,2007
Lee Kirk,2,0,,2016
Lee Kwon,1,0,,2007
Lee Kwong-Yiu,1,0,,2014
Lee Kyoo-Man,1,0,,2011
Lee Kyoung-mi,1,0,,2008
Lee Man-hui,2,0,,1969
Lee Myung-Se,2,0,,2005
Lee Rose,3,0,,2012
Lee Sang-Il,2,0,,2013
Lee Sang-gi,1,1,16.222026384965332,2008
Lee Savage,1,0,,1968
Lee Seok-hoon,1,0,,2014
Lee Sholem,7,0,,1967
Lee Stanley,1,0,,2001
Lee Su-Jin,1,0,,2015
Lee Tamahori,9,7,17.475819196028016,2016
Lee Toland Krieger,3,2,16.47264420221322,2015
Lee Tso-Nam,1,0,,1983
Lee Unkrich,1,1,20.788088414298695,2010
Lee Won-Suk,1,0,,2014
Lee Yong-Seung,1,0,,2014
Lee Yong-joo,1,0,,2012
Lee Yoon-jeong-II,1,0,,2016
Lee Yoon-ki,1,0,,2008
Leehom Wang,1,0,,2010
Leena Yadav,2,1,14.946912669455374,2015
Leesong Hee-il,2,0,,2014
Leif Erlsboe,1,0,,1984
Leif Lindblom,2,0,,2014
Leif Tilden,1,0,,2017
Leigh Janiak,1,1,9.139703292376742,2014
Leigh Jason,4,0,,1938
Leigh Scott,6,0,,2015
Leigh Whannell,1,1,18.462818841628792,2015
Leila Djansi,1,0,,2013
Len Kabasinski,3,0,,2012
Len Talan,1,0,,1988
Len Wiseman,4,4,18.94441901544027,2012
Lena Dunham,1,1,12.939636938656736,2010
Lena Koppel,1,0,,2011
Leni Riefenstahl,6,0,,2002
Leni Sinclair,1,0,,1999
Lenka Hellstedt,1,0,,2001
Lenny Abrahamson,5,2,15.379782982093788,2015
Leo D. Paur,1,0,,1993
Leo Hurwitz,1,0,,1942
Leo Matsuda,1,0,,2016
Leo McCarey,19,2,16.74044664822832,1962
Leo Penn,2,0,,1988
Leo Riley,1,0,,2014
Leon Capetanos,1,0,,1974
Leon Ford,1,0,,2011
Leon Gast,3,1,14.796134039806564,2014
Leon Hirszman,1,0,,1965
Leon Ichaso,6,0,,2006
Leonard Ho,1,0,,1984
Leonard Kastle,1,0,,1970
Leonard Nimoy,6,3,16.773267391473222,1994
Leonard Retel Helmrich,1,0,,2011
Leonard Schrader,1,0,,1981
Leonardo Araneo,1,0,,2012
Leonardo Defilippis,1,0,,2004
Leonardo Favio,2,0,,1975
Leonardo Pieraccioni,2,0,,2013
Leonardo Ricagni,1,0,,2002
Leone Marucci,1,0,,2013
Leone Pompucci,1,0,,1993
Leonel Vieira,1,0,,2002
Leonid Boyko,1,0,,1997
Leonid Bykov,2,0,,1976
Leonid Gayday,13,0,,1993
Leonid Kvinikhidze,5,0,,1988
Leonid Nechayev,2,0,,1989
Leonid Nosyrev,1,0,,1979
Leonide Moguy,1,0,,1944
Leopold Grün,1,0,,2007
Leopold Lindtberg,1,0,,1945
Leos Carax,5,1,13.370940729975349,2012
Les Blank,11,0,,2007
Les Clark,1,0,,1959
Les Claypool,1,0,,2007
Les Mayfield,7,7,17.38102999679682,2007
Les Rose,1,0,,1981
Leslee Udwin,1,0,,2015
Lesley Selander,10,0,,1966
Lesli Linka Glatter,2,1,17.126053571358298,1998
Leslie Arliss,2,0,,1945
Leslie Fenton,2,0,,1945
Leslie Goodwins,3,0,,1967
Leslie Greif,2,1,10.955217855304108,2014
Leslie H. Martinson,6,0,,1978
Leslie Harris,1,0,,1993
Leslie Hope,1,0,,2012
Leslie Howard,3,0,,1942
Leslie Iwerks,1,0,,2007
Leslie Libman,2,0,,2017
Leslie Megahey,2,0,,1993
Leslie Norman,4,0,,1961
Leslie Pearce,1,0,,1932
Leslie Small,4,1,17.288436394878747,2015
Leslie Stevens,3,0,,1966
Leslie Woodhead,1,0,,1999
Leslie Zemeckis,2,1,10.079916783625244,2012
Leslye Headland,2,2,15.639566762509677,2015
Leste Chen,3,1,12.445089546000672,2014
Leszek Dawid,2,0,,2012
Letia Clouston,1,0,,2016
Letia Miller,1,0,,2011
Leticia Dolera,1,0,,2015
Leticia Jorge,1,0,,2013
Lev Atamanov,2,0,,1957
Lev Kalman,1,0,,2014
Lev Kuleshov,2,0,,1926
Lev L. Spiro,4,0,,2016
Levan Akin,1,0,,2015
Levan Bakhia,2,0,,2015
Levan Gabriadze,3,1,17.956771943446345,2015
Levan Koguashvili,1,0,,2010
Levent Semerci,1,1,16.41820024340866,2009
Lew Landers,9,0,,1952
Lew Lehman,1,0,,1981
Lewin Fitzhamon,2,0,,2016
Lewin Webb,1,0,,2004
Lewis Abernathy,1,0,,1992
Lewis Allen,12,1,14.253765488895429,1955
Lewis D. Collins,2,0,,1948
Lewis Farinella,1,0,,2014
Lewis Gilbert,17,3,18.91087140485775,1995
Lewis H. Moomaw,1,0,,1924
Lewis Jackson,1,0,,1980
Lewis John Carlino,3,0,,1983
Lewis Milestone,23,1,16.43144547015868,1962
Lewis R. Foster,4,0,,1951
Lewis Seiler,14,0,,1953
Lewis Teague,10,2,17.628696197026123,2001
Lexi Alexander,3,2,15.545642496059818,2010
Leyla Bouzid,1,0,,2015
Leyla Yılmaz,1,0,,2011
Leythum,2,0,,2011
Lezli-An Barrett,1,0,,1987
León Klimovsky,2,0,,1966
Li Han-Hsiang,1,0,,1963
Li Yang,2,0,,2007
Li Yu,3,0,,2010
Liam Gavin,1,0,,2016
Liam Lynch,4,1,16.411182715090124,2017
Liam O'Donnell,1,0,,2017
Lian Lunson,1,0,,2006
Liang Xuan,1,1,18.252880244427285,2016
Liang Zhao,1,0,,2015
Libby Spears,1,0,,2009
Lidiya Ishimbaeva,1,0,,1968
Lidya Bobrova,1,0,,2004
Liev Schreiber,1,1,14.807995370268706,2005
Lieven Debrauwer,1,0,,2001
Ligy J. Pullappally,1,0,,2004
Liisa Helminen,1,0,,2004
Lijo Jose Pellissery,1,1,12.506177237980513,2013
Lili Fini Zanuck,1,0,,1991
Lilian Franck,1,0,,2009
Liliana Cavani,3,0,,2002
Lilly Wachowski,4,4,19.419111612511934,2015
Lim Chan-ik,1,0,,2011
Lim Soon-rye,1,0,,2014
Lin Li-Sheng,1,0,,2012
Lina Chamie,1,0,,2007
Lina Esco,1,0,,2014
Lina Mannheimer,1,0,,2014
Lina Plioplyte,1,0,,2014
Lina Wertmüller,10,0,,1999
Linas Phillips,2,0,,2016
Lincoln Ruchti,1,0,,2007
Linda Bloodworth-Thomason,1,0,,2013
Linda Feferman,1,0,,1985
Linda Goldstein Knowlton,1,0,,2012
Linda Hassani,1,0,,1994
Linda Hawkins,1,0,,2006
Linda Kandel,1,0,,1999
Linda Lautrec,1,0,,1983
Linda Mendoza,2,1,15.628091253187728,2009
Linda Otto,1,0,,1990
Linda Shayne,1,0,,2003
Linda Wendel,1,0,,2011
Linda Yellen,1,0,,1993
Linda-Maria Birbeck,1,0,,2015
Lindsay Anderson,7,1,13.122363377404328,1987
Lindsay Mackay,1,0,,2014
Lindsay Shonteff,2,0,,1970
Lino Brocka,1,0,,1976
Lino Del Fra,1,0,,1977
Linus Torell,1,0,,2003
Linus Tunström,1,0,,2000
Linus de Paoli,1,0,,2011
Lionel Baier,1,0,,2004
Lionel Bailliu,1,0,,2006
Lionel Barrymore,1,0,,1930
Lionel C. Martin,2,1,16.451721196740053,2001
Lionel Chetwynd,2,1,13.541073712262516,2001
Lionel Coleman,1,0,,2000
Lionel Delplanque,2,0,,2006
Lionel Jeffries,2,0,,1972
Lionel Rogosin,2,0,,1959
Lionel Steketee,1,0,,2014
Lisa Addario,1,0,,2016
Lisa Arnold,1,0,,2013
Lisa Aschan,2,0,,2015
Lisa Azuelos,4,0,,2016
Lisa Barros D'Sa,2,0,,2012
Lisa Cholodenko,4,2,15.917509099228493,2014
Lisa Gottlieb,1,0,,1985
Lisa Hamil,1,0,,2013
Lisa Immordino Vreeland,2,0,,2015
Lisa James Larsson,1,0,,2013
Lisa Krueger,2,1,12.97461946368475,2000
Lisa Langseth,2,0,,2013
Lisa Lax,2,1,10.068069352852072,2010
Lisa Leeman,1,0,,2011
Lisa Mulcahy,1,0,,2014
Lisa Ohlin,2,0,,2011
Lisa R. Cohen,1,0,,2011
Lisa Robinson,1,0,,2017
Lisa Siwe,2,0,,2015
Lisandra Rivera,1,0,,2013
Lisandro Alonso,5,0,,2014
Lisanne Pajot,1,0,,2012
Lisanne Skyler,1,0,,1999
Lise Birk Pedersen,1,0,,2011
Liu Chia-Liang,16,0,,2002
Liu Jian,1,0,,2017
Liv Corfixen,1,0,,2014
Liv Ullmann,5,1,15.424948470398377,2014
Livia Ungur,1,0,,2016
Lixin Fan,1,0,,2009
Liz Friedlander,1,1,17.363461787360123,2006
Liz Garbus,9,0,,2016
Liz Holzman,1,0,,1999
Liz Marshall,1,0,,2013
Liz Miller,1,0,,2007
Liz Patrick,1,0,,2016
Liz Plonka,2,0,,2017
Liz Tuccillo,1,0,,2014
Liz W. Garcia,1,0,,2013
Liza Johnson,3,1,13.869323325811392,2016
Lizzie Borden,2,0,,1986
Lloyd A. Simandl,1,0,,1993
Lloyd Bacon,30,1,14.640124501266524,1951
Lloyd Corrigan,1,0,,1935
Lloyd Handwerker,1,0,,2015
Lloyd Ingraham,1,0,,1916
Lloyd Kaufman,13,0,,2017
Lloyd Kramer,3,0,,2012
Lloyd Richards,1,0,,1995
Lluís Quílez,1,0,,2014
Lo Lieh,1,0,,1980
Lo Wei,9,0,,1983
Lodewijk Crijns,2,0,,2003
Lodge Kerrigan,3,0,,2004
Logan Kibens,1,0,,2016
Logan McMillan,1,0,,2009
Logan Miller,1,1,8.72371943690701,2013
Logan Sekulow,1,0,,2014
Lois Patiño,1,0,,2013
Lois Weber,2,0,,1921
Lola Doillon,2,0,,2016
Lone Scherfig,8,4,16.46771424596598,2017
Lonny Price,5,0,,2016
Lorena Muñoz,1,0,,2016
Lorene Machado,2,0,,2016
Lorene Scafaria,2,2,15.673759642294334,2016
Lorenz Knauer,1,0,,2011
Lorenzo Bianchini,1,0,,2013
Lorenzo Doumani,1,0,,2000
Lorenzo Gabriele,2,0,,2014
Lorenzo Gicca Palli,1,0,,1971
Lorenzo Vigas,1,1,10.314570186095,2016
Lori Petty,1,0,,2008
Lori Silverbush,1,0,,2004
Lorraine Bracco,1,0,,2010
Lorraine Lévy,1,0,,2012
Lotfy Nathan,1,0,,2013
Lothar Mendes,3,0,,1936
Lou Adler,2,1,17.54339178299616,1982
Lou Antonio,2,0,,1985
Lou Diamond Phillips,2,0,,2009
Lou Howe,1,0,,2014
Lou Kennedy,1,0,,1991
Lou Lombardo,1,0,,1975
Lou Peterson,1,0,,2006
Lou Place,1,0,,1958
Lou Simon,1,0,,2013
Lou Ye,5,0,,2014
Louie Psihoyos,2,1,13.966016317418363,2015
Louis Aimé Augustin Le Prince,3,0,,1888
Louis C.K.,11,1,13.815510557964274,2017
Louis Choquette,1,0,,2010
Louis D'Esposito,2,0,,2013
Louis Feuillade,7,0,,1916
Louis Garrel,1,0,,2015
Louis J. Gasnier,3,0,,1936
Louis King,8,0,,1952
Louis Lefebvre,1,0,,2012
Louis Leterrier,7,7,18.201039365707793,2016
Louis Lumière,6,0,,1898
Louis Malle,22,3,14.89189434729826,1994
Louis Morneau,6,0,,2012
Louis Mouchet,1,0,,1994
Louis Myles,1,0,,2014
Louis Saïa,1,0,,1997
Louis Schwartsberg,1,0,,2004
Louis de Funès,1,0,,1980
Louis-Pascal Couvelaire,1,0,,2003
Louise Archambault,1,0,,2013
Louise Hooper,1,0,,2013
Louise Osmond,3,0,,2015
Louise Wadley,1,0,,2015
Lourens Blok,2,0,,2015
Lowell Dean,2,0,,2014
Lowell Sherman,5,1,14.603967918328545,1934
Loyd Price,1,0,,2002
Lu Chuan,4,1,16.18130497660683,2017
Lu Yang,1,0,,2014
Lu Zhang,1,0,,2010
Lubomir Levitski,2,0,,2016
Luc Besson,16,11,17.156096526996432,2017
Luc Bondy,1,0,,2017
Luc Dardenne,6,2,15.631472405067381,2016
Luc Dionne,2,0,,2012
Luc Jacquet,3,1,18.66278138087939,2015
Luc Picard,1,0,,2008
Luc Vinciguerra,1,0,,2010
Luca Barbareschi,1,0,,2013
Luca Bercovici,1,1,17.37085861945369,1984
Luca Boni,1,0,,2014
Luca Guadagnino,4,2,14.977377439442488,2017
Luca Lucini,2,0,,2016
Luca Miniero,3,2,17.684855647130632,2014
Luca Tóth,1,0,,2016
Luca Vecchi,1,0,,2016
Luca Verdone,1,0,,1986
Lucas Belvaux,6,0,,2014
Lucas Helth Postma,1,0,,2014
Lucas Lowe,1,0,,1990
Lucas Pavetto,1,0,,2017
Lucas Platt,1,0,,1995
Lucas Reiner,1,0,,1990
Lucas Santa Ana,1,0,,2016
Luchino Visconti,14,0,,1976
Lucho Bender,1,0,,2000
Lucia Aniello,1,1,17.623433830391793,2017
Lucian Alexandrescu,1,0,,2014
Lucian Pintilie,6,1,11.087543323021706,2001
Luciano Ercoli,5,0,,1975
Luciano Moura,1,0,,2013
Luciano Saber,1,0,,2014
Luciano Salce,14,0,,1982
Luciano Vidigal,1,0,,2013
Lucien Castaing-Taylor,1,0,,2012
Lucien Förstner,1,0,,2013
Lucien Hubbard,1,0,,1929
Lucien Jean-Baptiste,2,0,,2017
Lucile Hadzihalilovic,3,0,,2015
Lucio De Caro,1,0,,1976
Lucio Fulci,31,0,,1990
Lucio Pellegrini,3,0,,2011
Lucky McKee,4,1,11.920235536752422,2011
Lucrecia Martel,3,0,,2008
Lucy Bailey,1,1,8.421122722665503,2009
Lucy Hetherington,1,0,,2009
Lucy Mulloy,1,0,,2012
Lucy Walker,7,1,12.142685461349773,2014
Lucía Puenzo,3,0,,2013
Ludo Cox,1,0,,1997
Luigi Batzella,2,0,,1977
Luigi Bazzoni,4,0,,1975
Luigi Comencini,13,0,,1987
Luigi Cozzi,6,1,16.1835269609413,1989
Luigi Magni,5,0,,1990
Luigi Scattini,4,0,,1974
Luigi Vanzi,2,0,,1967
Luigi Zampa,10,0,,1979
Luis Alcoriza,1,0,,1972
Luis Berdejo,1,0,,2009
Luis Buñuel,26,1,8.979668554241181,1977
Luis Carlos Hueck,1,0,,2013
Luis Esteban	,1,0,,1997
Luis Estrada,4,0,,2014
Luis Figueroa,1,0,,1961
Luis García Berlanga,5,1,14.29927161828731,1978
Luis Llosa,5,3,18.14925498465703,2006
Luis Lopez,1,0,,2014
Luis Mandoki,9,8,15.75255812612039,2012
Luis Oliveros,1,0,,2011
Luis Ortega,1,0,,2006
Luis Piedrahita,1,0,,2007
Luis Prieto,2,1,17.0152915513897,2017
Luis Puenzo,3,0,,1992
Luis Trenker,1,0,,1936
Luis Valdez,2,1,17.80847585401217,1987
Luis de la Madrid,1,0,,2005
Luiso Berdejo,1,0,,2014
Luiz Bolognesi,1,0,,2013
Luiz Fernando Carvalho,1,0,,2001
Luiz Villaça,1,0,,2009
Luk Wyns,1,0,,2013
Lukas Bossuyt,1,0,,2015
Lukas Moodysson,7,1,12.10398454744639,2013
Lukasz Karwowski,1,0,,2008
Luke Dodd,1,0,,2014
Luke Greenfield,4,4,18.031686945130605,2014
Luke Korem,1,0,,2013
Luke Massey,1,0,,2013
Luke Matheny,2,0,,2014
Luke Meyer,3,0,,2015
Luke Moran,1,0,,2014
Luke Ricci,1,0,,2008
Luke Rivett,1,0,,2013
Luke Scott,1,1,15.991465078522792,2016
Luke Sparke,1,0,,2016
Luke Wilson,1,0,,2005
Lulu Wang,1,0,,2014
Luo Dong,1,0,,2016
Lupu Pick,1,0,,1924
Lutz Dammbeck,1,0,,2003
Lutz Gregor,1,0,,2016
Lutz Hachmeister,2,0,,2012
Luv Ranjan,1,0,,2011
Luís Galvão Teles,1,0,,2016
Lydia B. Smith,1,0,,2013
Lydia Tenaglia,1,0,,2016
Lyes Salem,1,0,,2014
Lyman Dayton,2,0,,2003
Lyndall Hobbs,2,0,,1987
Lyndon Chubbuck,1,0,,1996
Lynn Hershman Leeson,3,0,,2010
Lynn Roth,2,0,,2009
Lynn Shelton,4,3,13.107578935130604,2014
Lynn Shores,2,0,,1940
Lynne Littman,1,1,14.53085553432851,1983
Lynne Ramsay,3,1,15.613739389004804,2011
Lynne Stopkewich,5,0,,2016
Lyric R. Cabral,1,0,,2015
László Benedek,6,0,,1971
László Kardos,2,0,,1953
László Nemes,1,1,14.390461304930682,2015
Léa Fazer,1,0,,2015
Léa Fehner,1,0,,2016
Léa Mysius,1,0,,2017
Léa Pool,4,1,10.126631103850338,2011
Léo Lania,1,0,,1928
Lê Thanh Sơn,1,0,,2009
Lírio Ferreira,2,0,,2005
Lütfi Akad,1,0,,1966
M. Blash,1,0,,2013
M. David Melvin,1,0,,2000
M. Manikandan,1,0,,2015
M. Night Shyamalan,12,10,19.20543439199049,2016
M. Raja,1,0,,2015
M. Saravanan,1,0,,2011
M. Sasikumar,1,0,,2008
M.A. Taylor,1,0,,2016
M.A. Thirumugham,1,0,,1971
M.G. MacPherson,1,0,,1933
M.J. Delaney,1,0,,2013
M.S. Sathyu,1,0,,1973
MJ Dixon,1,0,,2012
MLB Productions,1,0,,2010
Maarit Lalli,1,0,,2012
Maarten Groen,1,0,,2015
Maarten Treurniet,2,0,,2014
Maartje Seyferth,3,0,,2009
Mabel Cheung,1,0,,1987
Mabrouk El Mechri,2,2,14.586023104355085,2012
Mac Ahlberg,1,0,,1965
Mac Carter,1,0,,2014
Maccio Capatonda,2,1,15.328833967212706,2017
Maciej Bochniak,1,0,,2015
Maciej Dejczer,2,0,,1997
Maciej Pieprzyca,3,0,,2016
Maciej Slesicki,1,0,,1997
Maciej Ślesicki,2,0,,2003
Maciej Żak,1,0,,2012
Mack Lindon,1,0,,2014
Mack Sennett,2,0,,1914
Mack V. Wright,4,0,,1936
Maclain Nelson,3,1,13.504430201583936,2015
Macon Blair,1,0,,2017
Madeleine Olnek,2,0,,2013
Madeleine Sackler,1,0,,2010
Madellaine Paxson,1,0,,2014
Madhur Bhandarkar,5,0,,2012
Madonna,2,1,13.674452626157482,2011
Mads Brügger,2,0,,2011
Mads Matthiesen,3,0,,2016
Mady Saks,1,0,,1990
Mae Czarina Cruz,2,0,,2015
Magdalena Piekorz,2,0,,2008
Magdalena Łazarkiewicz,1,0,,1989
Maggie Carey,1,1,15.087018171320535,2013
Maggie Greenwald,5,0,,2016
Maggie Kiley,3,0,,2015
Maggie Peren,1,0,,2012
Magnus Hedberg,1,0,,2015
Magnus Martens,2,0,,2011
Magnus von Horn,1,0,,2015
Mahamat-Saleh Haroun,4,0,,2013
Mahesh Bhatt,4,0,,1999
Mahesh Kothare,3,0,,2013
Mahesh Manjrekar,8,1,13.16158409055761,2016
Mahesh Nair,1,0,,2009
Mahmut Fazıl Coşkun,1,0,,2009
Mahsun Kırmızıgül,2,0,,2010
Mai Suzuki,1,0,,2015
Mai Tominaga,1,0,,2006
Mai Zetterling,3,0,,1986
Maiken Baird,1,0,,2012
Mairzee Almas,1,0,,2014
Maite Alberdi,1,0,,2014
Maite Ruiz de Austri,1,0,,1992
Maja Borg,1,0,,2012
Maja Classen,1,0,,2006
Maja Miloš,1,0,,2012
Majid Barzegar,1,0,,2012
Majid Majidi,7,2,12.684042264593327,2015
Makinov,1,0,,2012
Makis Papadimitratos,2,0,,2007
Makoto Kamiya,2,0,,2012
Makoto Shinkai,10,1,19.688468191854717,2016
Makoto Tezuka,1,0,,2004
Maksim Korostyshevsky,1,0,,2012
Maksim Pezhemskiy,1,0,,2008
Maksim Voronkov,1,1,12.095141084822892,2014
Malcolm Clarke,1,0,,2013
Malcolm D. Lee,9,6,17.76357782904089,2017
Malcolm Ingram,1,0,,2007
Malcolm Leo,1,0,,1985
Malcolm Marmorstein,1,0,,1993
Malcolm McDonald,1,0,,2013
Malcolm Mowbray,4,0,,1998
Malcolm St. Clair,3,0,,1945
Malcolm Venville,2,1,12.230472532353708,2010
Malik Bader,3,0,,2015
Malik Bendjelloul,1,0,,2012
Malik Vitthal,1,0,,2014
Malu De Martino,1,0,,2010
Mami Sunada,1,0,,2013
Mamoru Hosoda,5,3,13.184439935300453,2015
Mamoru Oshii,13,3,15.577707702675015,2014
Man Ray,1,0,,1923
Manabu Asô,1,0,,2006
Mandeep Kumar,1,0,,2012
Mandie Fletcher,2,1,17.450882979706165,2016
Mandy Stein,1,0,,2006
Maneesh Sharma,4,1,17.191444694256138,2016
Manfred Stelzer,2,0,,2014
Manfred Wong,1,0,,2010
Mani Haghighi,3,0,,2016
Mani Maserrat Agah,1,0,,2007
Mani Ratnam,13,5,15.986514777203144,2015
Mani Shankar,1,0,,2004
Mania Akbari,1,0,,2011
Manijeh Hekmat,1,0,,2002
Manish Gupta,1,0,,2009
Manmohan Desai,1,0,,1977
Mannie Davis,2,0,,1947
Manny Coto,5,1,15.944150870798529,2001
Manny Rodriguez,11,0,,2016
Manoel de Oliveira,14,0,,2010
Manousos Manousakis,1,0,,2015
Mansoor Khan,2,1,16.523560759066484,2000
Mansour Sora Wade,1,0,,2001
Manu Payet,1,0,,2014
Manuel Boursinhac,1,0,,2002
Manuel Carballo,2,0,,2013
Manuel De Landa,1,0,,1983
Manuel Gómez Pereira,3,0,,1999
Manuel Huerga,1,0,,2006
Manuel Iborra,1,0,,2006
Manuel Martín Cuenca,1,0,,2013
Manuel Poirier,2,0,,2007
Manuel Pradal,2,0,,2010
Manuel Sicilia,2,0,,2013
Manuel von Stürler,1,0,,2012
Manuela Burló Moreno,1,0,,2016
Manuk Depoyan,1,0,,2017
Mar Targarona,1,0,,2016
Mara Eibl-Eibesfeldt,1,0,,2015
Marah Strauch,1,1,11.386193759131087,2015
Marc Abraham,2,1,14.314337281991971,2016
Marc Allégret,5,0,,1956
Marc Bauder,1,0,,2013
Marc Brummund,1,0,,2015
Marc Caro,2,0,,2008
Marc Clebanoff,1,0,,2014
Marc Connelly,1,0,,1936
Marc Crehuet,1,0,,2016
Marc Daniels,2,0,,1986
Marc Didden,1,0,,1985
Marc Erlbaum,1,0,,2011
Marc Esposito,2,0,,2007
Marc Evans,6,1,14.138799851610075,2012
Marc F. Adler,1,0,,2008
Marc Fienberg,1,0,,2009
Marc Fitoussi,2,0,,2014
Marc Forby,1,1,13.556090654608232,2010
Marc Forster,9,8,17.883032394331504,2013
Marc Furmie,1,0,,2015
Marc Fusco,1,0,,2001
Marc Goldstein,1,0,,2010
Marc Gracie,2,0,,2005
Marc H. Simon,2,1,10.167465898288674,2012
Marc Lawrence,5,4,17.680246575079064,2014
Marc Levie,1,0,,2004
Marc Levin,6,0,,2014
Marc Meyers,1,0,,2011
Marc Moody,1,0,,2005
Marc Munden,4,0,,2011
Marc Pierschel,1,0,,2013
Marc Riba,1,0,,2010
Marc Rocco,3,1,16.670942409188797,1995
Marc Rosenbush,1,0,,2004
Marc Rothemund,7,0,,2017
Marc Rylewski,1,0,,2002
Marc S. Grenier,3,0,,2006
Marc Schölermann,1,0,,2008
Marc Silver,1,0,,2015
Marc Singer,1,0,,2000
Marc Waltman,1,0,,2017
Marc Webb,4,4,19.04347505734772,2017
Marc van Fucht,1,0,,2006
Marc-Andreas Bochert,1,0,,2012
Marcel Barrena,1,0,,2016
Marcel Camus,1,0,,1959
Marcel Carné,10,0,,1960
Marcel Gisler,1,0,,1998
Marcel L'Herbier,4,0,,1942
Marcel Langenegger,1,1,16.691405700151023,2008
Marcel Ophüls,2,0,,1988
Marcel Pagnol,9,0,,1952
Marcel Rasquin,1,0,,2010
Marcel Roels,1,0,,2013
Marcel Sarmiento,3,1,7.921535632133549,2014
Marcel Varnel,1,0,,1939
Marcel Łoziński,1,0,,1995
Marcell Iványi,1,0,,1996
Marcell Jankovics,3,0,,1981
Marcello Aliprandi,1,0,,1975
Marcello Andrei,2,0,,1975
Marcello Avallone,1,0,,1987
Marcello Cesena,2,0,,2008
Marcello Fondato,5,1,17.42054038602754,1977
Marcelo Epstein,1,0,,1984
Marcelo Galvão,2,0,,2012
Marcelo Gomes,2,0,,2012
Marcelo Laffitte,1,0,,2011
Marcelo Machado,1,0,,2012
Marcelo Piñeyro,7,0,,2013
Marcie Hume,1,0,,2016
Marcin Bortkiewicz,1,0,,2015
Marcin Koszałka,1,0,,2015
Marcin Krzyształowicz,1,0,,2014
Marcin Wrona,2,0,,2015
Marco Amenta,1,0,,2008
Marco Antonio Cury,1,0,,1990
Marco Bechis,3,0,,2008
Marco Bellocchio,11,0,,2016
Marco Bellone,1,0,,2013
Marco Berger,5,0,,2016
Marco Brambilla,3,1,18.884765440827227,2002
Marco Danieli,1,0,,2016
Marco De Angelis,1,0,,2010
Marco Dutra,1,0,,2011
Marco Ferreri,20,0,,1991
Marco Kalantari,1,0,,2015
Marco Kreuzpaintner,3,0,,2008
Marco Mak Chi-Sin,1,0,,2012
Marco Martani,1,0,,2007
Marco Martins,3,0,,2016
Marco Niemeijer,1,0,,2015
Marco Petry,2,0,,2012
Marco Pontecorvo,1,0,,2015
Marco Ponti,2,0,,2015
Marco Pozzi,1,0,,2012
Marco Risi,4,0,,2014
Marco Schnabel,1,1,17.548862870078707,2008
Marco Simon Puccioni,1,0,,2013
Marco Tullio Giordana,5,1,14.40656078055291,2012
Marco van Belle,1,0,,2015
Marco van Geffen,1,0,,2011
Marcos Bernstein,1,0,,2013
Marcos Cabotá,1,0,,2015
Marcos Carnevale,3,0,,2013
Marcos Efron,1,0,,2010
Marcos Jorge,1,0,,2007
Marcos Paulo,1,0,,2011
Marcos Prado,2,0,,2016
Marcos Siega,3,1,12.390375571448596,2008
Marcos Zurinaga,1,0,,1996
Marcus Adams,3,1,16.38829796366695,2005
Marcus Alqueres,1,0,,2013
Marcus Baldini,2,0,,2014
Marcus Cole,2,0,,1997
Marcus DeLeon,1,0,,1996
Marcus Dunstan,3,2,17.14515406394801,2016
Marcus Graves,1,0,,2011
Marcus H. Rosenmüller,8,0,,2012
Marcus Lenz,1,0,,2004
Marcus Markou,1,0,,2012
Marcus Mittermeier,1,0,,2004
Marcus Nispel,6,4,17.941610424960604,2015
Marcus Olsson,1,0,,2013
Marcus Ovnell,1,0,,2016
Marcus Raboy,14,2,13.220237002176923,2017
Marcus Robbin,1,0,,2002
Marcus Spiegel,1,0,,2000
Marcus Vetter,1,0,,2016
Marcus Warren,1,0,,2010
Mardana M. Mayginnes,1,0,,2015
Marek Brodzki,1,0,,2001
Marek Kanievska,3,1,16.33291529447604,2000
Marek Koterski,7,0,,2011
Marek Losey,1,0,,2008
Marek Najbrt,1,0,,2009
Marek Nowicki,1,0,,1984
Marek Piestrak,1,0,,1979
Marek Piwowski,2,0,,1993
Marek Polgar,1,0,,2011
Maren Ade,3,1,14.144938038458784,2016
Margaret Brown,2,0,,2014
Margaret Whitton,1,0,,2011
Margarethe von Trotta,6,1,13.483116992244865,2012
Margarita Manda,1,0,,2014
Margot Benacerraf ,1,0,,1959
Margreth Olin,1,0,,2009
Marguerite Abouet,1,0,,2013
Marguerite Duras,5,0,,1985
Margus Paju,1,0,,2015
Mari Asato,2,0,,2014
Mari Rantasila,1,0,,2012
Mari-Lynn C. Evans,1,0,,2016
Maria Beatty,1,0,,2009
Maria Blom,2,0,,2014
Maria Demopoulos,1,0,,2011
Maria Giese,2,0,,2001
Maria Ivanova,1,0,,2016
Maria João Ganga,1,0,,2006
Maria Kravchenko,1,0,,2014
Maria Lease,1,0,,1991
Maria Lindberg,1,0,,2010
Maria Maggenti,2,1,11.401066099683684,2006
Maria Peters,3,0,,2011
Maria Procházková,1,0,,2004
Maria Sadowska,2,0,,2017
Maria Schrader,2,0,,2016
Maria Sole Tognazzi,1,0,,2013
Maria Speth,1,0,,2001
Maria de Medeiros,1,0,,2000
Maria von Heland,2,0,,2013
Mariah Carey,1,0,,2015
Marialy Rivas,1,0,,2012
Marian Crișan,1,0,,2010
Marian Dora,1,0,,2006
Marian Quinn,1,0,,2007
Mariana Chenillo,2,0,,2013
Mariana Rondón,1,0,,2013
Marianna Kaat,1,0,,2010
Marianna Palka,1,0,,2008
Mariano Barroso,2,0,,2001
Mariano Galperin,1,0,,2004
Mariano Llinás,2,0,,2008
Mariano Ozores,3,0,,1982
Mariano Peralta,1,0,,2007
Marie Amachoukeli,1,1,13.065517855784972,2014
Marie Hopkins,1,0,,2008
Marie Noëlle,1,0,,2016
Marie Nyreröd,1,0,,2004
Marie-Castille Mention-Schaar,1,0,,2014
Marie-Monique Robin,1,0,,2008
Marielle Heller,1,1,14.20552491560874,2015
Marija Miletic Dail,1,0,,1999
Marijan David Vajda,1,0,,1989
Marilyn Agrelo,2,1,7.153833801578843,2010
Marilyn Ness,1,0,,2010
Marin Karmitz,3,0,,1972
Marina Lyubakova,1,0,,2007
Marina Person,1,0,,2015
Marina Razbezhkina,1,0,,2004
Marina Rice Bader,1,0,,2014
Marina Sargenti,1,0,,1990
Marina Spada,2,0,,2011
Marina Zenovich,5,0,,2017
Marina de Van,3,0,,2013
Marino Girolami,8,0,,1981
Marinus Groothof,1,0,,2015
Mario Andreacchio,3,0,,2003
Mario Bava,25,0,,1977
Mario Bianchi,7,0,,1982
Mario Caiano,2,0,,1965
Mario Camerini,1,0,,1954
Mario Camus,2,0,,1984
Mario Caserini,1,0,,1913
Mario Fanfani,1,0,,2014
Mario Gariazzo,1,0,,1979
Mario Imperoli,1,0,,1973
Mario Martone,2,0,,2014
Mario Mattoli,4,0,,1954
Mario Monicelli,30,1,14.088761500761072,2006
Mario Moroni,1,0,,1974
Mario Muñoz,1,0,,2008
Mario Peixoto,1,0,,1931
Mario Philip Azzopardi,4,0,,2012
Mario Piluso,3,0,,2003
Mario Pinzauti,3,0,,1975
Mario Siciliano,8,0,,1984
Mario Van Peebles,10,3,15.408227363541785,2016
Mario Zampi,2,0,,1957
Marion Cajori,1,0,,2008
Marion Gering,1,0,,1934
Marion Hänsel,3,0,,2007
Marion Laine,1,0,,2012
Marion Lipschutz,1,0,,2005
Marion Vernoux,4,0,,2013
Maris Curran,1,0,,2016
Marisa Miller Wolfson,1,0,,2011
Marisa Silver,3,1,14.453746855916222,1990
Marisa Sistach,1,0,,2007
Marita Giovanni,1,0,,1994
Marita Grabiak,2,0,,2016
Marius Balchunas,5,3,16.083962793351606,2015
Marius Holst,1,0,,2010
Marius Markevicius,1,0,,2012
Marja Pyykkö,2,0,,2013
Marjane Satrapi,1,0,,2014
Marjut Komulainen,1,0,,2015
Mark A. Lewis,1,0,,2009
Mark A. Reyes,1,0,,2008
Mark A. Walsh,1,0,,2012
Mark A.Z. Dippé,8,1,18.291028013867457,2014
Mark Achbar,2,1,15.319587954740548,2003
Mark Adams,1,0,,2006
Mark Aizenberg,1,0,,1990
Mark Altman,1,0,,2016
Mark Anthony Galluzzo,1,0,,2002
Mark Atkins,13,0,,2015
Mark Baldo,3,0,,2011
Mark Beal,1,0,,2012
Mark Becker,1,0,,2005
Mark Bessenger,1,0,,2014
Mark Blutman,1,0,,2008
Mark Borchardt,1,0,,2000
Mark Borchetta,1,0,,2004
Mark Brian Smith,1,0,,2003
Mark Brooks,1,0,,2013
Mark Brown,1,0,,2001
Mark Brownlow,1,0,,2014
Mark Burton,1,1,17.90484257836283,2015
Mark Caballero,1,0,,2014
Mark Christopher,3,2,14.909981851623275,2005
Mark Christopher Covino,1,0,,2013
Mark Cousins,8,0,,2016
Mark Cowen,1,0,,2001
Mark Craig,1,0,,2016
Mark Cullen,1,0,,2017
Mark David,1,0,,2003
Mark Decena,1,1,10.011354923405134,2003
Mark Devries,1,0,,2013
Mark DiSalle,1,1,16.45894123909304,1991
Mark Dindal,3,3,17.86692019141195,2005
Mark Donskoy,2,0,,1939
Mark Edlitz,1,0,,2010
Mark Edwin Robinson,3,0,,2013
Mark Elijah Rosenberg,1,0,,2016
Mark Farrell,1,0,,2012
Mark Fergus,1,1,12.85387459631449,2006
Mark Flanagan,1,0,,2008
Mark Freed,1,0,,1991
Mark Frost,1,0,,1992
Mark Goffman,1,0,,2009
Mark Goldblatt,2,0,,1989
Mark Griffiths,13,0,,2015
Mark H. Baker,1,0,,1997
Mark Haber,2,0,,2014
Mark Hall,1,0,,2012
Mark Hamill,1,0,,2004
Mark Hammond,1,0,,2006
Mark Hanlon,1,0,,1999
Mark Harris,1,0,,2014
Mark Hartley,4,0,,2014
Mark Helenowski,1,0,,2015
Mark Helfrich,1,1,17.896299118039572,2007
Mark Henderson,1,0,,2010
Mark Henn,1,0,,2000
Mark Herman,6,1,16.83185704115709,2008
Mark Herrier,1,0,,1991
Mark Illsley,2,1,14.48007769214485,2003
Mark Jackson,1,0,,2014
Mark Jarrett,1,0,,2012
Mark Jay,1,0,,2007
Mark Jean,6,0,,2016
Mark Joffe,4,0,,2001
Mark Jonathan Harris,2,0,,2000
Mark Jones,3,1,15.962253207572408,2013
Mark Kassen,1,1,11.141064364275842,2011
Mark Kemble,1,0,,2016
Mark Kidel,1,0,,2016
Mark Kitchell,2,0,,2013
Mark Krenzien,1,0,,2015
Mark L. Bussler,1,0,,2005
Mark L. Lester,16,5,16.091755603437083,2014
Mark Lafferty,1,0,,2008
Mark Lamprell,2,1,11.727221996559642,2017
Mark Landsman,1,0,,2010
Mark Levin,1,1,13.926980373786275,2005
Mark Levinson,1,0,,2013
Mark Lewis,2,1,15.2000055511923,2010
Mark Linfield,1,1,16.62858583847186,2015
Mark Lund,1,0,,2013
Mark Malone,2,0,,2002
Mark Mann,1,0,,2012
Mark McQueen,1,0,,2010
Mark Medoff,1,0,,2002
Mark Milgard,1,0,,2004
Mark Monheim,1,0,,2015
Mark Monroe,1,0,,2008
Mark Mori,1,0,,2013
Mark Moskowitz,1,0,,2002
Mark Mylod,3,1,17.230811219196447,2011
Mark Neale,2,0,,2015
Mark Netter,1,0,,2014
Mark Neveldine,1,1,14.394796191271505,2015
Mark Noonan,1,0,,2015
Mark Obenhaus,1,0,,2007
Mark Osborne,3,2,19.330044565755664,2015
Mark Palansky,1,0,,2006
Mark Pavia,2,1,11.4246296270501,2016
Mark Pellington,7,5,14.98857955615702,2017
Mark Peploe,1,0,,1996
Mark Piznarski,2,0,,2010
Mark Polonia,2,0,,2015
Mark Punt,1,0,,2013
Mark Quod,2,0,,2013
Mark Rappaport,6,0,,1997
Mark Raso,1,0,,2014
Mark Region,1,0,,2009
Mark Robson,23,2,17.96044760653598,1974
Mark Romanek,2,2,16.916559112681913,2010
Mark Roper,2,0,,2005
Mark Rosenthal,1,1,11.735108555189314,1988
Mark Rosman,8,3,16.921790347742995,2011
Mark Rucker,1,1,12.676363733455704,2003
Mark Ruffalo,1,0,,2011
Mark Rydell,12,6,16.64783664027929,2006
Mark S. Cartier,1,0,,2015
Mark Sandrich,11,1,14.979286172538798,1946
Mark Sawers,1,0,,2015
Mark Schippert,1,0,,2004
Mark Schmidt,1,0,,2014
Mark Simon Hewis,1,0,,2012
Mark Sobel,1,0,,1987
Mark Steensland,1,0,,2001
Mark Steilen,1,0,,2008
Mark Steven Grove,1,0,,2015
Mark Steven Johnson,5,5,16.596755695953938,2013
Mark Stevens,1,0,,1956
Mark Tarlov,1,1,15.29688529975942,1999
Mark Thiedeman,1,0,,2013
Mark Tonderai,2,1,17.606204696199054,2012
Mark Vadik,2,0,,2010
Mark W. Curran,1,0,,2015
Mark Waters,10,9,17.582514663053704,2016
Mark Webber,1,1,9.02713842775492,2013
Mark Wexler,2,1,10.617319324288903,2011
Mark Whiting,1,0,,2003
Mark Wilkinson,1,0,,2001
Mark Williams,1,0,,2017
Mark Woods,1,0,,1990
Mark Young,3,0,,2014
Mark Zakharov,6,0,,1988
Mark von Sternberg,1,0,,2009
Markku Pölönen,6,0,,2009
Markku Tuurna,1,0,,2011
Marko Mäkilaakso,1,0,,2011
Marko Naberšnik,1,0,,2007
Markus Dietrich,1,0,,2013
Markus Goller,2,0,,2013
Markus Imboden,3,0,,2011
Markus Imhoof,3,0,,2012
Markus Schleinzer,1,0,,2011
Markus Sehr,1,0,,2011
Marleen Gorris,5,1,15.012283807580877,2003
Marlen Khutsiyev,4,0,,1983
Marlon Brando,1,1,15.27412558066379,1961
Marlon Riggs,1,0,,1992
Marlon Rivera,2,0,,2016
Marni Banack,1,0,,2003
Marni Zelnick,1,0,,2014
Maro Chermayeff,1,0,,2012
Maroun Bagdadi,1,0,,1991
Mars Callahan,2,0,,2007
Marshall Brickman,3,1,15.176487111099874,1986
Marshall Cook,1,0,,2011
Marshall Curry,4,0,,2014
Marshall Herskovitz,2,0,,1998
Marshall Lewy,2,0,,2012
Marshall Neilan,3,0,,1919
Marta Arribas,1,0,,2005
Marta Cunningham,1,0,,2013
Marten Persiel,1,0,,2012
Martha Burr,1,0,,2012
Martha Coolidge,15,5,16.14369334086153,2009
Martha Fiennes,2,1,12.236252614031306,2005
Martha Holmes,2,0,,2011
Martha Shane,1,0,,2013
Martha Stephens,1,0,,2012
Marti Noxon,1,0,,2017
Martial Fougeron,1,0,,2006
Martijn Heijne,1,0,,2016
Martin Asphaug,1,0,,1990
Martin Barnewitz,2,0,,2009
Martin Bell,2,0,,1992
Martin Bourboulon,1,0,,2015
Martin Brest,6,5,18.065411515148835,2003
Martin Butler,1,0,,2015
Martin Campbell,12,8,18.88477090256088,2011
Martin Clapp,1,0,,2011
Martin Clunes,1,0,,1994
Martin Curland,1,0,,2005
Martin Davidson,4,3,15.722395769974844,1991
Martin Donovan,5,1,13.416187548490091,2011
Martin Duffy,1,0,,2000
Martin Durkin,2,0,,2016
Martin E. Johnson,1,0,,1935
Martin Edralin,1,0,,2014
Martin Enlen,1,0,,1995
Martin Frič,2,0,,1959
Martin G. Goldman,1,0,,1972
Martin Gabel,1,0,,1947
Martin Gero,1,0,,2007
Martin Gooch,1,0,,2012
Martin Guigui,3,0,,2016
Martin Gypkens,1,0,,2006
Martin Hollý,1,0,,1983
Martin Huberty,1,0,,2002
Martin Hynes,1,0,,2007
Martin Jern,1,0,,2011
Martin Kemp,1,0,,2010
Martin Kitrosser,2,0,,1997
Martin Koolhoven,3,2,13.480931734108163,2017
Martin Kunert,1,0,,1998
Martin Laroche,1,0,,2012
Martin Lawrence,2,1,16.76958793815071,2002
Martin Le Gall,1,0,,2013
Martin Lund,1,0,,2012
Martin McDonagh,3,2,17.06968953034365,2012
Martin Miehe-Renard,1,0,,2013
Martin Owen,2,0,,2016
Martin Persson,1,0,,2014
Martin Prakkat,1,1,15.590462908875947,2015
Martin Provost,3,0,,2017
Martin Rejtman,3,0,,2014
Martin Ritt,22,6,16.12689545096367,1990
Martin Rosen,2,1,15.12755755260012,1982
Martin Schmidt,1,0,,2005
Martin Scorsese,40,19,17.47416825448183,2016
Martin Sheen,1,0,,1990
Martin Shore,1,0,,2014
Martin Stellman,1,0,,1988
Martin Villeneuve,1,0,,2012
Martin Walz,2,0,,1999
Martin Weisz,3,0,,2014
Martin Witz,1,0,,2011
Martin Wood,1,0,,2008
Martin Zandvliet,3,0,,2015
Martin Šulík,2,0,,2000
Martina Kudlácek,1,0,,2002
Martine Dugowson,2,0,,1996
Marton Jelinko,1,0,,2013
Martti Helde,1,0,,2014
Marty Callner,14,0,,2016
Marty Feldman,2,0,,1980
Marty Langford,1,0,,2015
Marty Pasetta,1,0,,1982
Marty Thomas,1,0,,2013
Marty Weiss,2,0,,2008
Martyn Atkins,1,0,,2012
Martyn Burke,5,0,,2002
Martyn Friend,1,0,,1986
Martyn Pick,1,0,,2010
Martín Carranza,1,0,,2009
Martín Garrido,1,0,,2005
Martín Hodara,1,1,14.180153671552183,2017
Martín Rosete,1,0,,2016
Marv Newland,1,0,,1969
Marvin J. Chomsky,2,1,16.464155847267936,1984
Marvin Kren,3,0,,2015
Marwan Hamed,2,0,,2014
Mary Agnes Donoghue,2,1,16.74053293321266,2015
Mary Bronstein,1,0,,2008
Mary Dore,1,0,,2014
Mary Harron,5,4,13.543310987645025,2013
Mary Lambert,10,3,16.66281348988907,2011
Mary Mazzio,2,0,,2017
Mary McDonagh Murphy,1,1,10.184447079227082,2011
Mary McGuckian,1,0,,2004
Mary Stuart Masterson,1,0,,2007
Mary Wharton,1,0,,2009
Marya Cohn,1,0,,2015
Maryam Keshavarz,1,0,,2011
Maryam Shahriar,1,0,,2000
Maryann DeLeo,1,0,,1995
Marzieh Makhmalbaf,2,0,,2004
Marçal Forés,1,0,,2012
María José Cuevas,1,0,,2016
María Lidón,2,0,,2004
María Luisa Bemberg,3,0,,1993
María Novaro,1,0,,2010
María Ripoll,4,2,13.899288465861337,2015
María Verónica Ramírez,1,0,,2012
Masaaki Akahori,1,0,,2012
Masaaki Taniguchi,1,0,,2010
Masaaki Tezuka,3,0,,2003
Masaaki Yuasa,3,0,,2013
Masahiko Maesawa,1,0,,2004
Masahiko Murata,1,0,,2013
Masahiko Nagasawa,1,0,,2005
Masahiko Ookura,1,0,,2002
Masahiro Andô,1,0,,2007
Masahiro Hosoda,1,1,17.734568797992996,2013
Masahiro Kobayashi,1,0,,2005
Masahiro Shinoda,9,0,,1997
Masahiro Takada,1,0,,2006
Masakazu Hashimoto,1,0,,2009
Masakazu Higuchi,1,0,,2008
Masaki Kobayashi,18,0,,1983
Masami Hata,3,0,,1989
Masami Ôbari,2,0,,1996
Masamitsu Hidaka,1,0,,2000
Masanori Hata,1,0,,1986
Masanori Tominaga,1,0,,2010
Masao Adachi,1,0,,2007
Masashi Yamamoto,1,0,,2006
Masato Harada,4,0,,2015
Masato Hijikata,1,0,,2016
Masaya Fujimori,1,0,,2010
Masaya Kakei,1,0,,2008
Masayuki Akehi,1,0,,1989
Masayuki Asao,1,0,,1987
Masayuki Kojima,1,0,,2007
Masayuki Miyaji,1,0,,2012
Masayuki Ochiai,4,0,,2014
Masayuki Suo,3,0,,2007
Massimiliano Bruno,4,0,,2017
Massimo Coglitore,1,0,,2013
Massimo D'Anolfi,1,0,,2011
Massimo Dallamano,9,0,,1976
Massimo Martelli,2,0,,2011
Massimo Pirri,1,0,,1977
Massimo Pupillo,2,0,,1967
Massimo Troisi,3,0,,1991
Massimo Venier,8,1,14.074793155894357,2013
Massy Tadjedin,1,1,15.849554156631164,2010
Mastan Alibhai Burmawalla,6,0,,2012
Mat Hodgson,1,0,,2011
Mat Kirkby,1,0,,2013
Mat Whitecross,3,1,12.32955496492666,2016
Matej Minac,1,0,,2011
Mateo Gil,4,1,13.343148950872571,2016
Matheson Muir,1,0,,2014
Matheus Souza,3,0,,2016
Mathew Levin II,1,0,,2012
Mathew Orzel,1,0,,2016
Mathias Dinter,2,0,,2004
Mathias Ledoux,1,0,,2003
Mathieu Amalric,2,0,,2014
Mathieu Auvray,1,0,,2015
Mathieu Demy,1,0,,2011
Mathieu Denis,1,0,,2014
Mathieu Kassovitz,7,2,18.431069725512785,2011
Mathieu Peteul,1,0,,2011
Mathieu Ratthe,1,0,,2017
Mathieu Roy,1,0,,2011
Matias Mariani,1,0,,2014
Mats Helge,1,0,,1989
Mats Lindberg,1,0,,2009
Mats Stenberg,1,0,,2008
Matt Adams,1,0,,2014
Matt Aselton,1,1,12.019068140831838,2008
Matt Austin,1,0,,2010
Matt Berman,1,0,,2014
Matt Besser,1,0,,2016
Matt Bettinelli-Olpin,2,1,17.41101227640042,2015
Matt Bissonnette,1,0,,2009
Matt Brown,1,1,16.25545941565494,2016
Matt Cimber,5,0,,1983
Matt Codd,1,0,,2001
Matt Cooper,3,0,,2016
Matt Cunningham,1,0,,1998
Matt D'Avella,1,0,,2015
Matt D'Elia,1,0,,2012
Matt Dillon,1,0,,2002
Matt Dorff,1,0,,1998
Matt Drummond,1,0,,2014
Matt Eskandari,2,0,,2016
Matt Flynn,1,0,,2007
Matt Harlock,1,1,11.410615846145658,2010
Matt Hish,1,0,,2014
Matt Hullum,1,0,,2016
Matt Johnson,2,0,,2016
Matt King,1,0,,2009
Matt Kugelman,1,0,,2016
Matt L. Lockhart,1,0,,2011
Matt Lang,2,0,,2010
Matt Lipsey,1,0,,2013
Matt Mahurin,1,1,9.546812608597396,2004
Matt Mamula,1,0,,2015
Matt McCormick,1,0,,2011
Matt Mitchell,1,0,,2012
Matt Murphy,1,0,,2017
Matt Myers,1,0,,2009
Matt Norman,1,0,,2008
Matt O'Casey,1,0,,2011
Matt O'Mahoney,1,0,,2014
Matt Orlando,1,0,,2013
Matt Osterman,2,0,,2015
Matt Peters,1,0,,2016
Matt Piedmont,2,0,,2014
Matt Reeves,5,4,19.016463550345737,2017
Matt Riddlehoover,1,0,,2015
Matt Riggle,1,0,,2014
Matt Ross,2,1,15.587022420907685,2016
Matt Russell,1,0,,2011
Matt Shakman,1,0,,2014
Matt Sobel,1,0,,2016
Matt Spicer,1,0,,2017
Matt Stuertz,2,0,,2016
Matt Tauber,1,0,,2006
Matt Thompson,1,0,,2011
Matt Tyrnauer,2,0,,2017
Matt Vancil,4,0,,2014
Matt Walsh,1,0,,2012
Matt Weston,1,0,,2013
Matt Wilde,1,0,,2016
Matt Williams,1,1,17.335118156341426,2000
Matt Winn,1,0,,2015
Matt Wolf,3,0,,2015
Matt Zettell,1,0,,2008
Matteo Garrone,5,2,10.048138722091394,2015
Matteo Oleotto,1,0,,2013
Matteo Rovere,2,0,,2016
Matteo Vicino,1,0,,2013
Matteo Zoppis,1,0,,2016
Matthew A. Brown,1,1,7.904703913873747,2014
Matthew A. Cherry,1,0,,2012
Matthew Aeberhard,1,0,,2008
Matthew Akers,1,0,,2012
Matthew Arnold,1,0,,2013
Matthew Avant,1,0,,2009
Matthew Barney,4,0,,2005
Matthew Bate,1,0,,2011
Matthew Bennett,1,0,,2015
Matthew Berkowitz,1,0,,2014
Matthew Bright,4,0,,2003
Matthew Broderick,1,0,,1996
Matthew Carnahan,1,0,,2001
Matthew Chapman,2,1,13.322829324634265,2011
Matthew Cole Weiss,1,1,9.454227284428292,2005
Matthew Cooke,1,0,,2012
Matthew Diamond,2,0,,2012
Matthew Fuller,1,0,,2015
Matthew Galkin,1,0,,2010
Matthew George,1,0,,1995
Matthew Gordon,1,0,,2011
Matthew Hammett Knott,1,0,,2014
Matthew Harrison,1,0,,1997
Matthew Hastings,2,0,,2005
Matthew Hausle,1,0,,2015
Matthew Heineman,3,0,,2017
Matthew Holmes,1,0,,2016
Matthew Hope,1,0,,2011
Matthew Irmas,1,0,,1996
Matthew J. Pellowski,1,0,,2011
Matthew Jason Walsh,1,0,,1997
Matthew Kohnen,1,0,,2007
Matthew Kowalchuk,1,0,,2014
Matthew Lauyer,1,0,,2011
Matthew Leutwyler,5,0,,2015
Matthew Lillard,1,0,,2012
Matthew Longfellow,2,0,,2010
Matthew McDuffie,1,0,,2016
Matthew Miele,1,0,,2013
Matthew Mishory,1,0,,2012
Matthew O'Callaghan,3,1,18.061643225617047,2008
Matthew Ogens,2,0,,2014
Matthew Ornstein,1,0,,2016
Matthew Parkhill,2,0,,2011
Matthew Patrick,2,0,,1993
Matthew Porterfield,1,1,10.781702515558052,2010
Matthew Robbins,5,4,16.489189807138025,1991
Matthew Ross,1,1,9.125653563808989,2016
Matthew Ryan Hoge,1,1,12.747861909533276,2003
Matthew Saville,2,0,,2016
Matthew Smiley,1,0,,2014
Matthew Spradlin,1,0,,2012
Matthew Tabak,1,0,,2000
Matthew Thompson,1,0,,2013
Matthew Vaughn,5,5,18.584115312657218,2015
Matthew Warchus,2,2,14.788037971664853,2014
Matthew Weiner,1,0,,2013
Matthias Emcke,1,0,,2009
Matthias Glasner,1,0,,2006
Matthias Hoene,2,0,,2016
Matthias Luthardt,1,0,,2006
Matthias Schweighöfer,2,0,,2013
Matthias Steurer,1,0,,2015
Matthias X. Oberg,1,0,,2004
Matthieu Delaporte,1,0,,2014
Matthieu Lietaert,1,0,,2012
Matthiew Klinck,1,0,,2008
Matthijs van Heijningen Jr.,1,1,17.15229989886481,2011
Matti Grönberg,3,0,,2008
Matti Ijäs,6,0,,2013
Matti Kassila,9,0,,1987
Matti Kinnunen,1,0,,2012
Matti Kuortti,1,0,,1981
Mattie Do,1,0,,2013
Matty Beckerman,1,0,,2014
Matty Rich,1,1,15.999391503708877,1994
Matías Bize,1,0,,2005
Matías Cruz,1,0,,2012
Matías Lira,1,0,,2015
Matías Lucchesi,1,0,,2014
Matías Piñeiro,3,0,,2014
Maud Nycander,1,0,,2007
Mauri Kunnas,1,0,,1996
Maurice Barthélemy,1,0,,2005
Maurice Cloche,1,0,,1947
Maurice Devereaux,1,0,,2007
Maurice Elvey,5,0,,1946
Maurice Hatton,1,0,,1988
Maurice Joyce,1,0,,1999
Maurice Lemaître,1,0,,1951
Maurice Murphy,1,0,,1980
Maurice Phillips,2,0,,1991
Maurice Pialat,9,1,11.83500896413934,1995
Maurice Schwartz,1,0,,1939
Maurice Sendak,1,0,,1975
Maurice Tourneur,3,0,,1943
Mauricio Chernovetzky,1,0,,2013
Mauricio Kagel,1,0,,1970
Mauritz Stiller,3,0,,1924
Maurizio Casagrande,1,0,,2012
Maurizio Lucidi,5,0,,1976
Maurizio Nichetti,3,0,,1993
Maurizio Ponzi,4,0,,1988
Maurizio Pradeaux,2,0,,1977
Maurizio del Piccolo,1,0,,2011
Mauro Bolognini,12,0,,1976
Mauro Borrelli,1,0,,2011
Mauro Lima,2,0,,2014
Mauro Morassi,1,0,,1963
Maury Dexter,2,0,,1964
Maurício Farias,3,0,,2013
Max Adams,1,1,11.51949384584826,2016
Max Allan Collins,1,0,,1995
"Max Baer, Jr.",1,0,,1975
Max Fleischer,1,0,,1948
Max Färberböck,3,0,,2013
Max Giwa,3,1,16.713852138947402,2014
Max Joseph,1,1,16.224443778766677,2015
Max Kestner,1,0,,2016
Max Landis,1,0,,2016
Max Lang,1,0,,2009
Max Lewkowicz,1,0,,2016
Max Linder,2,0,,1922
Max Makowski,1,0,,2002
Max Mannix,1,0,,2009
Max Mayer,3,1,14.638543242968234,2013
Max McGuire,1,0,,2012
Max Mitchell,1,0,,2000
Max Nichols,1,1,9.83156181296454,2014
Max Nosseck,2,0,,1951
Max Ophüls,10,0,,1955
Max Pécas,1,0,,1971
Max Skladanowsky,1,0,,1895
Max Tash,1,0,,1994
Max Winkler,1,1,10.010995760251411,2010
Max Zähle,1,0,,2016
Maxim Korostyshevsky,1,0,,2005
Maxim Pozdorovkin,1,0,,2014
Maxim Volkov,1,0,,2016
Maxime Giroux,2,0,,2015
Maxime Govare,1,0,,2015
Maximilian Erlenwein,2,0,,2014
Maximilian Leo,1,0,,2014
Maximilian Schell,5,0,,1984
Maxine Trump,1,0,,2012
Maxwell Shane,5,0,,1956
Maya Angelou,1,0,,1998
Maya Deren,5,0,,1985
Maya Forbes,1,1,14.173642939324935,2014
Maya Newell,1,0,,2015
Maysaloun Hamoud,1,0,,2016
Maz Jobrani,1,0,,2015
Maïwenn,4,2,14.689721175759304,2015
Małgorzata Szumowska,4,1,13.722809571253205,2015
McG,6,6,18.789439477516034,2014
Med Hondo,2,0,,1986
Meera Menon,2,1,14.288922746466016,2016
Meg McLagan,1,0,,2008
Meg Ryan,1,0,,2015
Megan Griffiths,3,0,,2016
Megan Peterson,1,0,,2012
Megan Simpson Huberman,1,0,,1996
Meghan Eckman,1,0,,2010
Meghna Gulzar,1,0,,2015
Megumi Nishikura,1,0,,2013
Megumi Sasaki,1,0,,2009
Mehboob Khan,1,0,,1957
Mehdi Ben Attia,1,0,,2009
Mehdi Charef,1,0,,2007
Mehdi Idir,1,0,,2017
Mehdi Karampoor,1,0,,2012
Mehmet Aslan,1,0,,1971
Mehul Kumar,1,0,,1994
Meiert Avis,2,1,13.860642610824318,2005
Meir Zarchi,1,0,,1978
Mekhi Phifer,1,0,,2006
Mel Brooks,11,6,17.707061617870718,1995
Mel Chionglo,1,0,,1994
Mel Damski,8,2,15.626044105202858,2017
Mel Ferrer,1,0,,1950
Mel Gibson,5,5,18.801186997816593,2016
Mel Smith,5,2,15.060383359537244,2003
Mel Stuart,4,1,15.201804919084164,1973
Mel Welles,1,0,,1971
Melanie Aitkenhead,1,0,,2016
Melanie Mayron,5,0,,2011
Melis Ubukeyev,1,0,,1964
Melissa Martin,1,1,13.83840252597656,2001
Melissa Painter,2,0,,2004
Melody Gilbert,1,0,,2003
Melville Shavelson,9,0,,1972
Melville W. Brown,1,0,,1931
Melvin Frank,14,0,,1987
Melvin Van Peebles,2,1,16.536805985816503,1971
Menachem Daum,1,0,,1998
Menahem Golan,7,2,16.642325933164962,2002
Menelaos Karamaghiolis,1,0,,2011
Menelik Shabazz,1,0,,1981
Menhaj Huda,1,1,12.013700752882718,2006
Mennan Yapo,2,1,18.248073830833597,2007
Menno Meyjes,4,0,,2013
Merata Mita,1,0,,1988
Meredith Edwards,1,0,,2014
Meredith Monk,1,0,,1989
Merian C. Cooper,4,1,16.11809565095832,1933
Merle S. Gould,1,0,,1957
Merlin Dervisevic,1,0,,2014
Mert Baykal,1,0,,2005
Mervyn LeRoy,37,1,17.216707939626428,1962
Merzak Allouache,2,0,,2003
Metin Erksan,4,0,,1977
Mia Halme,1,0,,2011
Mia Hansen-Løve,5,2,11.820105295624092,2016
Miao Wang,1,0,,2011
Mic Rodgers,1,1,16.18274913423749,1999
Micael Preysler,1,0,,2015
Micah Magee,1,0,,2015
Micha Lewinsky,1,0,,2008
Micha X. Peled,1,0,,2005
Michael A. Goorjian,1,0,,2009
Michael A. Nickles,3,0,,2012
Michael A. Pierce,1,0,,2010
Michael A. Simpson,4,0,,1989
Michael Addis,2,1,7.247080584585756,2007
Michael Almereyda,8,1,14.265789044411829,2015
Michael Anderson,21,3,17.030712810557844,1998
Michael Angelo,1,0,,2016
Michael Apted,34,11,17.20304175841974,2017
Michael Arias,1,0,,2006
Michael Armstrong,1,0,,1983
Michael Audley,1,0,,1957
Michael Austin,1,1,14.921306647898533,1994
Michael Bafaro,4,0,,2015
Michael Bakewell,1,0,,1973
Michael Ballif,1,0,,2012
Michael Barnett,3,0,,2017
Michael Bartlett,1,0,,2013
Michael Baumgarten,1,0,,2012
Michael Bay,13,13,19.685470787599737,2017
Michael Benson,1,0,,1996
Michael Benveniste,1,0,,1974
Michael Berry,1,0,,2014
Michael Berz,1,0,,1987
Michael Bidinger,1,0,,2014
Michael Biehn,1,0,,2011
Michael Blakemore,2,0,,1994
Michael Blieden,4,0,,2007
Michael Blum,1,0,,1971
Michael Bonfiglio,1,0,,2012
Michael Brandt,1,1,15.122824480336494,2011
Michael Bregman,1,0,,2005
Michael Burke,1,1,11.048538035310022,2003
Michael C. Martin,1,0,,2015
Michael Caine,1,0,,2006
Michael Caleo,1,0,,2006
Michael Campus,4,0,,2008
Michael Carreras,4,0,,1968
Michael Caton-Jones,10,6,16.961439956389114,2012
Michael Cera,1,0,,2013
Michael Chandler,1,0,,2014
Michael Chang,2,0,,2012
Michael Chapman,2,1,16.662346340898804,1986
Michael Cimino,7,4,16.60714406339188,1996
Michael Clancy,1,0,,2004
Michael Cohn,3,0,,1997
Michael Coldewey,2,0,,2000
Michael Cooney,2,0,,2000
Michael Corrente,6,3,14.081887360323913,2012
Michael Cort,1,0,,1969
Michael Covert,2,1,7.554858521040676,2001
Michael Craft,1,0,,2009
Michael Crichton,6,0,,1989
Michael Criscione,1,0,,2002
Michael Cristofer,3,2,14.88512017538687,2001
Michael Cuesta,4,3,13.502477629382525,2014
Michael Curtiz,65,5,15.650191972641915,1961
Michael D. Akers,2,0,,2012
Michael D. Moore,1,0,,1966
Michael D. Olmos,1,0,,2013
Michael D. Sellers,3,1,11.183087174985056,2010
Michael Damian,6,2,10.714510121951212,2016
Michael David Pate,1,0,,2015
Michael Davis,4,2,13.10980626138915,2007
Michael DeCarlo,1,0,,2013
Michael DeLorenzo,1,0,,2008
Michael DeLuise,1,0,,2008
Michael Deak,1,0,,1996
Michael Di Jiacomo,2,0,,2011
Michael Dimich,2,0,,2012
Michael Dinner,4,1,15.677450570895116,2000
Michael Doneger,1,0,,2013
Michael Dorsey,1,0,,2015
Michael Dougherty,3,1,17.93533940306295,2015
Michael Dowse,6,4,14.75299405950016,2013
Michael Drumm,5,0,,2006
Michael Dudok de Wit,3,1,13.734272302574954,2016
Michael Elias,1,0,,1993
Michael Elliott,1,0,,1983
Michael Epstein,1,0,,2010
Michael Evans,1,0,,2013
Michael F. Sears,1,0,,2011
Michael Feifer,18,0,,2015
Michael Ferris Gibson,1,0,,2006
Michael Findlay,3,0,,1974
Michael Fiore,1,0,,2016
Michael Fischa,3,0,,1989
Michael Flynn,1,0,,2011
Michael French,1,0,,1991
Michael G. Bartlett,1,1,14.99416555430592,2014
Michael Galinsky,1,0,,2011
Michael Gilio,1,0,,2001
Michael Glawogger,5,0,,2011
Michael Gleissner,1,0,,2011
Michael Goguen,2,0,,2012
Michael Goi,1,0,,2011
Michael Goldbach,1,0,,2010
Michael Goldenberg,1,1,16.761563549700856,1996
Michael Goode,1,0,,2015
Michael Gordon,14,0,,2013
Michael Gornick,1,1,16.454567887579532,1987
Michael Gottlieb,3,1,17.570205748479008,1995
Michael Gramaglia,1,0,,2003
Michael Grandage,1,1,15.552747313312157,2016
Michael Graziano,1,0,,2015
Michael Grecco,1,0,,2009
Michael Greenspan,2,1,8.98969370086056,2013
Michael Grossman,5,0,,2012
Michael Haertlein,1,0,,2015
Michael Haigney,3,3,18.555742617440494,2000
Michael Haneke,12,5,15.61200807947987,2012
Michael Haussman,1,0,,2003
Michael Hegner,1,0,,2006
Michael Henger,1,0,,2008
Michael Herbig,2,0,,2007
Michael Herz,2,0,,1989
Michael Hewitt,1,0,,2014
Michael Hoffman,12,5,15.75429059672588,2014
Michael Hoffman Jr.,1,0,,2012
Michael Hofmann,2,0,,2006
Michael Hurst,3,0,,2016
Michael Ian Black,1,0,,2006
Michael J. Bassett,4,3,16.093018708506843,2012
Michael J. Gallagher,2,0,,2016
Michael J. Sarna,1,0,,2014
Michael J. Weithorn,1,0,,2010
Michael J.F. Scott,1,0,,1990
Michael Jai White,2,0,,2016
Michael James Johnson,1,0,,2014
Michael James Rowland,1,0,,2007
Michael John Warren,2,0,,2017
Michael Jones,1,0,,1986
Michael Kalesniko,1,0,,2002
Michael Kang,1,0,,2005
Michael Kantor,2,0,,2013
Michael Karbelnikoff,1,1,16.823506820432915,1991
Michael Karen,3,0,,2008
Michael Katleman,1,1,16.17615076264456,2007
Michael Keaton,1,0,,2008
Michael Kennedy,1,0,,1996
Michael Keusch,5,0,,2007
Michael Kirk,1,0,,2014
Michael Kloft,1,0,,1999
Michael Knowles,1,0,,2011
Michael Kreihsl,1,0,,1996
Michael Kristoff,1,0,,2013
Michael Kruzan,1,0,,1995
Michael LaBash,1,0,,2005
Michael Lander,1,0,,2010
Michael Landon,1,0,,1974
Michael Landon Jr.,9,0,,2013
Michael Lange,2,0,,2011
Michael Lantieri,1,0,,1999
Michael Laughlin,3,1,14.124687207909842,1985
Michael Lee Nirenberg,1,0,,2014
Michael Lehmann,9,5,15.524653884829942,2007
Michael Lembeck,8,4,18.000573617832206,2016
Michael Lessac,1,0,,1993
Michael Levine,2,0,,2015
Michael Lindsay-Hogg,9,0,,2001
Michael Lucas,1,0,,2014
Michael Madsen,2,0,,2015
Michael Mak,1,1,12.889177065965498,1991
Michael Maney,1,0,,2016
Michael Mann,12,11,17.61248229586699,2015
Michael Maren,1,0,,2014
Michael Martin,1,0,,1998
Michael Matessino,1,0,,1998
Michael Matheson,2,0,,2006
Michael Matheson Miller,1,0,,2014
Michael Mayer,5,2,15.556562031832033,2013
Michael Mazo,2,0,,1994
Michael McCullers,1,1,17.97178788992567,2008
Michael McDonald,1,0,,1995
Michael McGowan,4,0,,2012
Michael McNamara,1,0,,1996
Michael Medaglia,1,0,,2015
Michael Melski,1,0,,2008
Michael Meredith,1,0,,2009
Michael Mfume,1,0,,1992
Michael Miller,3,2,15.407652748013565,1982
Michael Miner,1,0,,1999
Michael Mohan,1,0,,2012
Michael Moore,10,7,15.852583588794406,2016
Michael Morrissey,1,0,,2010
Michael Nankin,1,0,,1980
Michael Noer,1,0,,2013
Michael O'Donoghue,1,0,,1979
Michael O'Herlihy,2,0,,1968
Michael O'Shea,1,0,,2017
Michael O. Gallant,1,0,,2001
Michael O. Sajbel,2,1,16.410106391195093,2006
Michael Oblowitz,6,0,,2010
Michael Oswald,1,0,,2014
Michael Palm,1,0,,2004
Michael Palmieri,1,0,,2009
Michael Paris,1,0,,2014
Michael Parkhurst,1,0,,1973
Michael Pataki,1,0,,1976
Michael Pate,1,1,13.603554196040628,1979
Michael Patrei,1,0,,2008
Michael Patrick Jann,1,1,16.17366355616529,1999
Michael Patrick King,2,2,19.66203779473927,2010
Michael Pattinson,3,0,,2000
Michael Paul Girard,2,0,,1997
Michael Pavone,2,0,,2011
Michael Paxton,1,0,,1998
Michael Petroni,1,0,,2015
Michael Philip,1,0,,2005
Michael Pilz,1,0,,1976
Michael Polish,10,4,13.181665395523165,2016
Michael Powell,13,1,11.338060041995572,1969
Michael Preece,2,0,,2000
Michael Pressman,8,3,16.72442778126721,1999
Michael Radford,8,1,15.735309470801234,2014
Michael Rae,1,0,,1978
Michael Rapaport,1,0,,2011
Michael Ray Rhodes,2,0,,1996
Michael Reeves,2,0,,1968
Michael Rissi,1,0,,1990
Michael Ritchie,21,6,17.030461139461277,1997
Michael Roemer,1,0,,1989
Michael Roesch,1,0,,2008
Michael Rosenbaum,1,0,,2014
Michael Rossato-Bennett,1,0,,2014
Michael Rowe,1,0,,2010
Michael Rubbo,3,0,,2001
Michael Ryan Hahn,1,0,,2013
Michael Rymer,4,2,17.04407467677702,2002
Michael S. Ojeda,1,0,,2014
Michael Salomon,1,1,13.409112514807507,2008
Michael Samonek,1,0,,2009
Michael Sarne,1,1,14.914122846632385,1970
Michael Schaack,5,0,,2006
Michael Schorr,1,0,,2003
Michael Schroeder,3,0,,2007
Michael Schultz,12,4,16.25581721692101,2004
Michael Schwarz,1,0,,2009
Michael Scott,8,0,,2015
Michael Seater,1,0,,2016
Michael Selditch,1,0,,2002
Michael Seresin,1,0,,1988
Michael Shapiro,1,0,,2007
Michael Showalter,3,2,17.13223457649698,2017
Michael Shumway,1,0,,2016
Michael Simon,4,0,,2015
Michael Snow,4,0,,1983
Michael Spiccia,1,0,,2012
Michael Spierig,3,2,16.33479591852656,2014
Michael Staininger,1,0,,2009
Michael Steinberg,2,1,13.546431700991352,1998
Michael Steiner,2,0,,2010
Michael Stephenson,3,0,,2017
Michael Stevens,1,0,,2011
Michael Stillwater,1,0,,2012
Michael Storey,1,0,,2009
Michael Su,1,0,,2007
Michael Sucsy,2,1,19.09420958723368,2012
Michael Swan,1,0,,2010
Michael Switzer,4,0,,2005
Michael Taverna,1,0,,2012
Michael Thelin,1,0,,2016
Michael Tiddes,3,2,17.390031827458373,2016
Michael Tolajian,1,0,,2010
Michael Tolkin,2,1,14.060338102949464,1994
Michael Toshiyuki Uno,1,0,,1996
Michael Traeger,1,0,,2005
Michael Tuchner,5,0,,2001
Michael Tully,2,1,10.15739306550038,2014
Michael Valverde,1,0,,2006
Michael Vejar,4,0,,2002
Michael Verhoeven,4,0,,2006
Michael W. Watkins,3,0,,2010
Michael Wadleigh,2,2,16.767750299756827,1981
Michael Walker,3,0,,2014
Michael Webber,1,0,,2011
Michael Williams,1,0,,2015
Michael Wilson,1,0,,2014
Michael Winner,14,4,16.237237435686154,1988
Michael Winnick,3,0,,2016
Michael Winterbottom,25,4,14.425706302490735,2017
Michael Worth,2,0,,2014
Michael Wright,1,0,,2011
Michaela Kezele,1,0,,2013
Michal Leszczylowski,1,0,,1988
Michal Marczak,2,0,,2016
Michal Siewierski,1,0,,2016
Michal Vinik,1,0,,2015
Michalis Konstantatos,1,0,,2013
Michaël Cohen,1,0,,2010
Michaël R. Roskam,2,1,16.762815636467572,2014
Michaël Weill,1,0,,1972
Michaël Youn,1,0,,2013
Michealene Cristini Risley,1,0,,2010
Michel Audiard,3,0,,1972
Michel Blanc,2,0,,2002
Michel Boisrond,4,0,,1960
Michel Brault,1,0,,1974
Michel Comte,1,0,,2013
Michel Deville,4,0,,1999
Michel Franco,3,0,,2015
Michel Gondry,13,6,15.702631332186195,2015
Michel Hazanavicius,6,1,18.70910895797128,2014
Michel Houellebecq,1,0,,2008
Michel Khleifi,2,0,,2004
Michel Lang,1,0,,1976
Michel Leclerc,2,0,,2015
Michel Levesque,2,0,,1972
Michel Mardore,1,0,,1971
Michel Monty,1,0,,2012
Michel Munz,1,0,,2009
Michel Negroponte,2,0,,2005
Michel O. Scott,1,0,,2009
Michel Ocelot,5,0,,2011
Michel Poulette,5,0,,2015
Michel Spinosa,1,0,,2007
Michel Welterlin,1,0,,2002
Michelangelo Antonioni,15,1,13.815510557964274,1982
Michelangelo Frammartino,1,0,,2010
Michele Josue,1,0,,2014
Michele Lupo,16,0,,1982
Michele Massimo Tarantini,6,0,,1985
Michele Mulroney,1,0,,2009
Michele Placido,3,1,15.394745724869848,2015
Michele Soavi,6,0,,2006
Michelle Boyaner,1,0,,2015
Michelle Danner,2,0,,2016
Michelle Johnston,1,0,,2016
Michelle MacLaren,1,0,,2006
Michelle Manning,1,0,,1986
Michelle Mower,1,0,,2012
Michelle Schumacher,1,0,,2013
Michiel ten Horn,2,0,,2014
Michiel van Erp,2,0,,2009
Michèle Hozer,2,1,12.024370896615626,2015
Michèle Ohayon,2,0,,2007
Mick Davis,2,0,,2004
Mick Garris,7,2,16.19402624603597,2011
Mick Jackson,13,3,16.955026434623424,2016
Mickalene Thomas,1,0,,2012
Mickey Blaine,1,0,,2016
Mickey Keating,4,0,,2016
Mickey Liddell,1,0,,2008
Midi Z,1,0,,2014
Miel Van Hoogenbemt,1,0,,2007
Miguel A. Ferrer,1,0,,2017
Miguel Albaladejo,1,0,,1999
Miguel Alexandre,1,0,,2000
Miguel Arteta,7,3,16.93626805010906,2017
Miguel Cohan,1,0,,2010
Miguel Courtois,2,0,,2008
Miguel Faria Jr.,1,0,,2015
Miguel Ferrari,1,0,,2012
Miguel Gomes,4,0,,2015
Miguel Gonçalves Mendes,1,0,,2010
Miguel Hermoso,2,0,,2003
Miguel Larraya,1,0,,2013
Miguel Littín ,1,0,,1976
Miguel Llansó,1,0,,2015
Miguel M. Delgado,15,0,,1982
Miguel Martí,1,0,,2008
Miguel Rey,1,0,,1993
Miguel Sapochnik,1,1,16.728398632496457,2010
Miguel Ángel Lamata,2,0,,2016
Miguel Ángel Vivas,2,0,,2015
Mihalis Kakogiannis,8,1,18.720785336402702,1999
Miika Ullakko,1,0,,2009
Mijke de Jong,4,0,,2010
Mika Kaurismäki,18,0,,2015
Mika Kemmo,1,0,,2001
Mika Lehtinen,1,0,,2004
Mika Ninagawa,2,0,,2012
Mika Ronkainen,1,0,,2012
Mika Rättö,1,0,,2016
Mika Taanila,1,0,,2016
Mikael Ekman,4,0,,1989
Mikael Håfström,7,4,18.310074991167177,2013
Mikael Kristersson,1,0,,1998
Mikael Marcimain,2,0,,2014
Mikael Salomon,10,2,16.58838543130673,2014
Mikael Syrén,1,0,,2012
Mike Barker,6,0,,2009
Mike Barth,1,0,,2015
Mike Bigelow,1,1,16.924578391801635,2005
Mike Binder,7,2,16.901738173435298,2014
Mike Birbiglia,3,1,15.301122286649315,2017
Mike Bonanno,1,0,,2009
Mike Brett,1,0,,2014
Mike Cahill,3,3,13.653167874541973,2014
Mike Carter,1,0,,2015
Mike Clattenburg,6,1,15.159290607986984,2014
Mike Cockayne,1,0,,2013
Mike Corbera,1,0,,2004
Mike Dacko,1,0,,2009
Mike Davis,1,0,,2008
Mike Disa,4,1,16.419815900494523,2014
Mike Dudko,1,0,,2017
Mike Elliott,4,0,,2015
Mike Eschmann,2,0,,2007
Mike Fetterly,1,0,,2012
Mike Figgis,12,5,16.185150206523094,2003
Mike Flanagan,5,3,16.942376112828264,2016
Mike Fleiss,2,0,,2014
Mike Gabriel,2,1,19.6621798642511,2004
Mike Gunther,2,1,14.570780531639029,2011
Mike Hodges,9,3,14.798175438018143,2003
Mike Judge,4,3,15.226538234485473,2009
Mike Kaplan,1,0,,1993
Mike Leigh,18,5,15.866457043719842,2014
Mike Lerner,1,0,,2013
Mike Malloy,1,0,,2012
Mike Marvin,2,1,15.068273526459642,1986
Mike McCoy,1,1,18.21332153684937,2012
Mike Mendez,6,0,,2016
Mike Million,1,0,,2009
Mike Mills,4,3,15.177662539247146,2016
Mike Mitchell,6,6,18.756299082029138,2016
Mike Myers,1,0,,2014
Mike Nawrocki,4,0,,2008
Mike Newell,16,8,16.876024415346183,2012
Mike Nichols,21,10,17.98938864290024,2011
Mike Ott,1,0,,2010
Mike Phillips,1,0,,2012
Mike Radford,1,0,,2014
Mike Ramsdell,1,0,,2009
Mike Reilly,1,0,,2010
Mike Robe,4,0,,2009
Mike Rohl,4,0,,2016
Mike Rutkowski,1,0,,2015
Mike Slee,2,0,,2013
Mike Smith,1,0,,2009
Mike Southon,1,0,,2003
Mike Stoklasa,2,0,,2010
Mike Testin,1,0,,2015
Mike Thurmeier,1,1,19.82819593702495,2016
Mike Tollin,3,2,17.28394769165334,2009
Mike Wallis,1,0,,2011
Mike White,1,0,,2007
Mike Woolf,1,0,,2010
Mike Young,2,0,,2016
Mike de Leon,3,0,,2000
Mike van Diem,2,0,,2015
Mikel Conrad,1,0,,1950
Mikel Rueda,1,0,,2014
Mikhail Agranovich,1,0,,2000
Mikhail Aldashin,1,0,,1994
Mikhail Grigoryev,1,0,,1992
Mikhail Kalatozov,6,0,,1969
Mikhail Kamenetskiy,2,0,,1984
Mikhail Khleborodov,1,0,,2007
Mikhail Kozakov,1,0,,1982
Mikhail Mestetskiy,1,0,,2015
Mikhail Romm,5,0,,1965
Mikhail Segal,1,0,,2012
Mikhail Shvejtser,3,0,,1980
Mikhail Zharov,1,0,,1974
Mikhaël Hers,2,0,,2015
Mikheil Chiaureli,1,0,,1949
Miki Mistrati,1,0,,2010
Mikio Naruse,17,0,,1967
Mikkel Brænne Sandemose,2,1,15.129595720042358,2013
Mikkel Munch-Fals,1,0,,2010
Mikkel Nørgaard,4,0,,2015
Mikkel Serup,1,0,,2014
Mikko Kuparinen,2,0,,2015
Mikko Niskanen,8,0,,1988
Miklós Jancsó,14,0,,1999
Miklós Lente,1,0,,1984
Mila Turajlic,1,0,,2010
Milagros Mumenthaler,1,0,,2011
Milan Cieslar,1,0,,2010
Milan Konjević,1,0,,2009
Milan Luthria,6,0,,2011
Milan Todorović,1,0,,2014
Milap Zaveri,1,0,,2016
Miles Brandman,1,0,,2007
Miles Doleac,1,0,,2016
Miles Joris-Peyrafitte,1,0,,2016
Miles Kahn,1,0,,2011
Miles Swain,1,0,,2002
Milind Ukey,1,0,,2010
Millicent Shelton,1,0,,1998
Millie Loredo,1,0,,2015
Milorad Milinković,1,0,,2002
Miloš Forman,13,6,16.79580819961448,2006
Milton Katselas,4,0,,1979
Milton Lage,1,0,,2007
Milton Moses Ginsberg,2,0,,1973
Milčo Mančevski,3,1,13.546122786313486,2007
Mimi Chakarova,1,0,,2011
Mimi Leder,5,2,18.298045130719174,2009
Mimmo Cattarinich,1,0,,1978
Min Bahadur Bham,1,0,,2015
Min Byung-chun,1,0,,2003
Min Joon-ki,1,0,,2005
Min Kyu-dong,4,0,,2015
Min-Ho Cho,2,0,,2009
Mina Laamo,1,0,,2014
Mina Shum,1,1,13.540274708933826,1994
Minhal Baig,1,0,,2017
Mink ,1,0,,2005
Minkyu Lee,1,0,,2013
Minna Virtanen,1,0,,2004
Mino Guerrini,2,0,,1971
Minoru Kanaya,2,0,,1987
Minoru Kawasaki,2,0,,2008
Minoru Ohara,1,0,,2002
Mio Ezaki,1,0,,1968
Miquel Pujol,1,0,,2009
Mir-Jean Bou Chaaya,1,0,,2015
Mira Fornay,1,0,,2013
Mira Nair,13,8,15.516959675124236,2016
Miranda Bowen,1,0,,2011
Miranda July,2,0,,2011
Miraz Bezar,1,0,,2009
Mircea Veroiu,3,0,,1978
Mirjana Karanović,1,0,,2017
Mirko Locatelli,1,0,,2013
Miroslav Lekić,1,0,,2002
Miroslav Momčilović,2,0,,2012
Mischa Kamp,4,0,,2014
Mischa Rozema,1,0,,2015
Mischa Webley,1,0,,2012
Mitch Davis,2,1,15.367397956167702,2015
Mitch Dickman,1,0,,2015
Mitch Glazer,1,0,,2010
Mitch Hedberg,1,0,,1999
Mitch Marcus,1,0,,1996
Mitch Rouse,1,0,,2004
Mitch Schauer,1,0,,2015
Mitch Schultz,1,0,,2010
Mitchell Altieri,2,0,,2016
Mitchell Klebanoff,1,0,,2013
Mitchell Leisen,18,0,,1951
Mitchell Lichtenstein,2,0,,2009
Mitja Okorn,1,0,,2011
Mitra Farahani,1,0,,2013
Mitsuo Hashimoto,2,0,,1991
Mitsuo Yanagimachi,2,0,,2005
Mitsuru Meike,1,0,,2003
Mitsuru Obunai,1,0,,2008
Mitsutoshi Tanaka,1,0,,2015
Mizuho Nishikubo,1,0,,2014
Mladen Đorđević,1,0,,2009
Mo Ali,1,0,,2010
Mo Ogrodnik,2,0,,2013
Mo Perkins,1,0,,2015
Moacyr Góes,1,0,,2007
Mogens Hagedorn,1,0,,2012
Mohamed Al Daradji,1,0,,2009
Mohamed Amin Benamraoui,1,0,,2013
Mohamed Diab,1,0,,2016
Mohamed Hamidi,1,0,,2015
Mohamed Khan,1,0,,2013
Mohammad Hossein Mahdavian,1,0,,2017
Mohammad Rasoulof,3,0,,2013
Mohammad-Ali Talebi,1,0,,2000
Mohammed Abou Nasser,1,0,,2015
Mohammed Lakhdar-Hamina,1,0,,1975
Mohammed Naqvi,1,0,,2015
Mohana Krishna Indraganti,1,0,,2016
Mohit Suri,7,1,16.588099280204055,2015
Mohsen Amiryousefi,1,0,,2004
Mohsen Makhmalbaf,7,1,10.534706136473906,2014
Moira Armstrong,1,0,,1977
Moisés Kaufman,1,0,,2002
Mojtaba Mirtahasebi,1,0,,2001
Mollie Miller,1,0,,1989
Molly Bernstein,1,0,,2012
Molly Smith,1,0,,2017
Mona Achache,2,0,,2014
Mona Lerche,1,0,,2014
Monica Mingo,1,0,,2013
Monica Stambrini,1,0,,2001
Monika Mitchell,3,0,,2016
Monika Treut,1,0,,1999
Monique Gardenberg,1,0,,2007
Monta Bell,2,0,,1932
Monte Hellman,9,1,10.205294399033304,2011
Monteith McCollum,1,0,,2000
Montgomery Tully,1,0,,1954
Monthon Arayangkoon,1,0,,2006
Montxo Armendáriz,1,0,,1997
Monty Banks,2,0,,1941
Monty Miranda,1,0,,2007
Moon Hyun-sung,1,0,,2012
Mora Stephens,1,0,,2015
Morag McKinnon,1,0,,2013
Morgan Dews,1,0,,2007
Morgan Freeman,1,1,12.266617264146438,1993
Morgan J. Freeman,5,0,,2009
Morgan Knibbe,1,0,,2014
Morgan Matthews,1,0,,2015
Morgan Neville,2,0,,2015
Morgan O'Neill,2,0,,2013
Morgan Spurlock,6,2,15.254331043891662,2013
Mori Masaki,1,0,,1983
Morio Asaka,2,0,,2000
Morrie Ruvinsky,1,0,,2003
Morris Engel,2,0,,1958
Mort Nathan,3,2,15.79363619762145,2007
Mort Ransen,1,0,,1995
Morten Lindberg,1,0,,1992
Morten Skallerud,1,0,,1991
Morten Tyldum,5,3,18.455934264005418,2016
Morton DaCosta,3,1,15.89495209964411,1963
Morton Lewis,1,0,,1970
Moshé Mizrahi,3,0,,1980
Motoyoshi Oda,1,0,,1955
Mou Tun-fei,1,0,,1988
Moufida Tlatli,2,0,,2004
Mouli,1,0,,2002
Mounir Chakor,1,0,,2016
Moustapha Akkad,3,0,,1981
Mrinal Sen,1,0,,1969
Mudassar Aziz,1,0,,2016
Mukesh Saigal,1,0,,2006
Mukunda Michael Dewil,1,0,,2013
Mun Chee Yong,1,0,,2011
Munehisa Sakai,1,1,17.785802471516394,2009
Murali K. Thalluri,1,0,,2006
Murat Kepez,1,0,,2017
Muriel Coulin,2,1,12.21407553679877,2016
Murilo Salles,1,0,,2008
Murray Battle,1,0,,1999
Murray Lerner,4,0,,2004
Murray Roth,1,0,,1929
Murray Siple,1,0,,2008
Muscha,1,0,,1984
Mushon Salmona,1,0,,2007
Muzhi Yuan,1,0,,1937
Mwezé Ngangura,1,0,,1987
Myles Berkowitz,1,0,,1998
Myles Connell,1,0,,2000
Myroslav Slaboshpytskyi,1,0,,2014
Mysskin,3,0,,2013
Márcio Garcia,2,0,,2013
Márk Bodzsár,1,0,,2013
Márta Mészáros,1,0,,1996
Måns Herngren,2,0,,2008
Måns Månsson,1,0,,2016
Måns Mårlind,4,2,16.273081531386836,2013
Mårten Klingberg,3,0,,2015
Mårten Knutsson,1,0,,2000
Mélanie Laurent,3,1,10.679849328089071,2015
Māris Martinsons,1,0,,2010
N. Chandra,3,0,,2009
N. Krishna,1,0,,2006
N. Maharajan,1,0,,2001
N.C. Heikin,2,0,,2016
N.D. Wilson,1,0,,2016
Na Hong-jin,3,0,,2016
Nabi Ganiyev,1,0,,1945
Nabil Ayouch,4,0,,2015
Nabil Ben Yadir,1,0,,2009
Nabwana I.G.G.,1,0,,2010
Nacer Khemir,1,0,,2005
Nacho Cerdà,3,0,,2006
Nacho G. Velilla,3,0,,2016
Nacho Vigalondo,5,2,14.07234195894073,2017
Nadav Lapid,2,0,,2014
Nadav Schirman,1,0,,2014
Nadeem Soumah,1,0,,2015
Nadezhda Kosheverova,3,0,,1982
Nadia Conners,1,0,,2007
Nadia Tass,9,1,17.032062444578568,2016
Nadine Labaki,2,0,,2011
Nadine Truong,1,0,,2015
Nadir Moknèche,1,0,,2004
Nae Caranfil,2,0,,2013
Nagaoka Hisaaki,1,0,,2008
Nagesh Kukunoor,4,0,,2015
Nagisa Ōshima,16,0,,1983
Nagraj Manjule,2,0,,2016
Nahid Persson Sarvestani,1,0,,2008
Nailah Jefferson,1,0,,2014
Naji Abu Nowar,1,0,,2014
Najwa Najjar,1,0,,2014
Nalan Kumarasamy,2,1,16.300417207752275,2016
Nam Yin,1,0,,2002
Nana Dzhordzhadze,2,0,,2000
Nana Ekvtimishvili,1,0,,2013
Nana Neul,1,0,,2008
Nana Patekar,1,0,,1991
Nancy Bardawil,1,0,,2009
Nancy Buirski,1,0,,2011
Nancy Criss,1,0,,2015
Nancy Florence Savard,1,1,16.523560759066484,2013
Nancy Kates,1,0,,2014
Nancy Kelly,1,0,,1991
Nancy Leopardi,2,0,,2015
Nancy Meckler,2,0,,1996
Nancy Meyers,6,5,19.303475262536246,2015
Nancy Savoca,5,0,,2011
Nancy Walker,1,0,,1980
Nandita Das,1,0,,2009
Nanette Burstein,6,2,15.86527672545261,2016
Nanfu Wang,1,0,,2016
Nanni Loy,8,0,,1985
Nanni Moretti,9,0,,2015
Nanouk Leopold,1,0,,2005
Nao Kubota,1,0,,2014
Naohisa Inoue,1,0,,2007
Naoko Ogigami,4,0,,2012
Naoko Yamada,1,1,16.791377669266815,2016
Naomi Foner Gyllenhaal,1,0,,2013
Naomi Kawase,10,1,11.732205562749716,2015
Naoto Kumazawa,2,0,,2010
Naoyuki Tomomatsu,1,0,,2001
Naphat Chaithiangthum,1,0,,2014
Narciso Ibáñez Serrador,2,0,,1976
Narendra Bedi,1,0,,1974
Nash Edgerton,2,0,,2008
Nat Christian,1,0,,1990
Nat Hiken,1,0,,1969
Natalia Leite,1,0,,2015
Natalia Meta,1,0,,2014
Natalia Smirnoff,1,0,,2010
Natalie Portman,2,1,15.901141157850754,2015
Natalya Kudryashova,1,0,,2015
Natalya Meshchaninova,1,0,,2014
Natalya Uglitskikh,1,1,14.486923246378211,2011
Natasha Arthy,1,0,,2007
Nate Cash,1,0,,2014
Nate Meyer,1,0,,2013
Nate Parker,1,1,16.579409508262557,2016
Nate Taylor,1,0,,2012
Nate Watt,1,0,,1961
Nathan Adloff,1,0,,2017
Nathan Clarke,1,0,,2011
Nathan Drillot,1,0,,2016
Nathan Frankowski,2,1,15.856730886823913,2015
Nathan H. Juran,15,1,13.081541382884074,1964
Nathan Holt,1,0,,2016
Nathan Hope,1,0,,2009
Nathan Hynes,1,0,,2010
Nathan Marshall,1,0,,2013
Nathan Morlando,2,0,,2016
Nathan Schiff,1,0,,1979
Nathan Silver,1,0,,2012
Nathanael Coffman,1,0,,2011
Nathaniel Kahn,1,0,,2003
Nati Baratz,1,1,12.618182296357007,2009
Natsuki Imai,1,1,17.600563455526867,2007
Nattawut Poonpiriya,1,0,,2012
Natuk Baytan,4,0,,1983
Naum Birman,1,0,,1979
Navdeep Singh,1,0,,2015
Navot Papushado,1,1,10.411268546115894,2013
Nawapol Thamrongrattanarit,3,0,,2015
Nayan Padrai,1,1,10.552186379610337,2011
Neal Brennan,3,0,,2017
Neal Fischer,1,0,,2014
Neal Israel,7,2,16.436268455052222,2003
Neal Jimenez,1,0,,1992
Neal Slavin,1,0,,2001
Neal Sundstrom,1,0,,1989
Neal Wu,1,0,,2016
Ned Benson,3,1,13.80040402672796,2014
Ned Crowley,1,0,,2017
Ned Farr,2,0,,2010
Neele Leana Vollmar,2,0,,2014
Neema Barnette,1,0,,2003
Neeraj Ghaywan,1,0,,2015
Neeraj Pandey,3,2,15.88707792116004,2015
Neeraj Vora,1,0,,2006
Neil Abramson,2,1,16.03990500216445,2008
Neil Armfield,2,1,14.54680239216384,2015
Neil Barsky,1,0,,2013
Neil Berkeley,2,0,,2014
Neil Breen,3,0,,2016
Neil Burger,5,3,18.887894361292336,2014
Neil Gaiman,1,0,,2003
Neil Hardwick,1,0,,2010
Neil Hunter,1,0,,2002
Neil Johnson,3,0,,2014
Neil Jones,3,0,,2015
Neil Jordan,16,9,16.131079362708693,2012
Neil LaBute,10,6,15.429642038806023,2015
Neil Mackay,1,0,,2012
Neil Marshall,4,2,16.32536153032037,2010
Neil Mcenery-West,1,0,,2015
Neil Nightingale,1,1,18.65612052976059,2013
Neil Thompson,1,0,,2008
Neil Turitz,1,0,,2000
Neil Young,3,0,,2008
Neill Blomkamp,9,3,19.03408117045652,2017
Neill Fearnley,9,0,,2016
Nejc Gazvoda,1,0,,2013
Nello Rossati,2,0,,1987
Nelson George,2,0,,2015
Nelson McCormick,3,1,16.509883382064103,2013
Nelson Pereira dos Santos,6,0,,1974
Nelson Shin,1,1,15.581891875507052,1986
Nely Reguera,1,0,,2016
Nenad Cicin-Sain,1,0,,2012
Nenad Đurić,1,0,,2006
Neri Parenti,20,0,,2007
Nesli Çölgeçen,1,0,,1985
Neten Chokling,1,0,,2008
Neto Villalobos,1,0,,2013
Nettie Wild,1,0,,1998
Neus Ballús,1,0,,2013
Newt Arnold,2,1,16.284128514352506,1988
Ng See-Yuen,2,0,,1981
Ngozi Onwurah,1,0,,2006
Nia Di Nata,1,0,,2011
Nia Dinata,1,0,,2003
Nia Vardalos,1,0,,2009
Niall Johnson,2,1,16.73677259375428,2005
Niall MacCormick,3,0,,2013
Nic Auerbach,1,0,,2010
Nic Balthazar,2,0,,2012
Nic Mathieu,1,0,,2016
Nicanor Loreti,1,0,,2015
Nicholas Barker,1,0,,1997
Nicholas Brooks,1,0,,2015
Nicholas D. Wrathall,1,0,,2013
Nicholas David Lean,1,0,,2012
Nicholas DiBella,3,0,,2016
Nicholas Dimitropoulos,1,0,,2007
Nicholas Eliopoulos,1,0,,2008
Nicholas Fackler,1,0,,2008
Nicholas Gyeney,1,0,,2016
Nicholas Hytner,6,4,17.068383103756744,2015
Nicholas Jarecki,2,1,17.38462220807158,2012
Nicholas Jasenovec,1,1,14.075542103757938,2009
Nicholas Kalikow,1,0,,2013
Nicholas Kazan,1,0,,1993
Nicholas Mastandrea,1,1,14.331612636725664,2006
Nicholas McCarthy,2,0,,2014
Nicholas Meyer,7,4,15.938641163758874,1991
Nicholas Mross,1,0,,2014
Nicholas Ozeki,1,0,,2012
Nicholas Ray,22,2,16.303303030401402,1980
Nicholas Sgarro,1,0,,1975
Nicholas Smith,1,0,,2011
Nicholas Stoller,5,5,18.500263027380093,2016
Nicholas Webster,1,0,,1964
Nicholaus Goossen,3,1,15.693168938399074,2015
Nick Berardini,1,0,,2015
Nick Bicanic,1,0,,2006
Nick Broomfield,15,1,12.648335662374995,2017
Nick Cannon,1,0,,2014
Nick Cassavetes,7,5,18.205402615246747,2014
Nick Castle,9,4,16.89135358460535,2004
Nick Cheung,1,0,,2015
Nick Cohen,1,0,,2009
Nick Copus,2,0,,2011
Nick Doob,3,0,,2005
Nick Everhart,1,0,,2008
Nick Gaitatjis,1,0,,2006
Nick Giannopoulos,1,0,,2003
Nick Gillespie,1,0,,2015
Nick Gomez,6,1,16.551642224628694,2014
Nick Grinde,4,0,,1939
Nick Guthe,1,0,,2006
Nick Hamm,6,1,17.220516909614553,2017
Nick Holt,1,0,,2007
Nick Hurran,5,2,16.36157763599418,2015
Nick Jongerius,1,0,,2016
Nick Love,6,1,15.65513293619671,2015
Nick Lyon,7,0,,2015
Nick Marck,2,0,,2003
Nick Matthews,1,0,,2014
Nick McKinney,1,0,,2006
Nick Millard,2,0,,1987
Nick Moore,1,1,16.905294765517784,2008
Nick Moran,1,0,,2009
Nick Morris,3,0,,2011
Nick Murphy ,2,1,12.253414141839224,2012
Nick Nevern,1,0,,2014
Nick Noe,1,0,,2002
Nick Oceano,1,0,,2008
Nick Ormerod,1,1,15.93215888717141,2012
Nick Park,7,2,19.153118535854745,2008
Nick Powell,1,0,,2014
Nick Quinn,1,0,,2013
Nick Read,2,0,,2015
Nick Redman,1,0,,2006
Nick Robertson,1,0,,2015
Nick Rosen,1,0,,2014
Nick Ryan,1,0,,2012
Nick Sandow,1,0,,2015
Nick Sherman,1,0,,2010
Nick Simon,2,0,,2016
Nick Slatkin,1,0,,2015
Nick Stillwell,1,0,,2006
Nick Szostakiwskyj,1,0,,2014
Nick Tomnay,1,1,9.6071010394542,2010
Nick Vallelonga,3,0,,2011
Nick Weiss,2,0,,2015
Nick Wernham,1,0,,2015
Nick Whitfield,1,0,,2010
Nick Willing,8,0,,2014
Nick Zedd,7,0,,1999
Nickolas Dylan Rossi,1,0,,2014
Nickolas Perry,2,0,,2004
Nicky Li Chung-Chi,1,0,,2008
Nicky Phelan,1,0,,2008
Nico Mastorakis,5,0,,1989
Nicola Roberts,1,0,,2010
Nicolai Albrecht,1,0,,2004
Nicolas Alberny,1,0,,2008
Nicolas Bary,2,0,,2013
Nicolas Bedos,1,0,,2017
Nicolas Benamou,2,0,,2016
Nicolas Boukhrief,2,0,,2015
Nicolas Cage,1,0,,2002
Nicolas Charlet,1,0,,2008
Nicolas Cuche,2,0,,2014
Nicolas Gessner,5,0,,1990
Nicolas Kleiman,1,0,,2014
Nicolas Klotz,2,0,,2007
Nicolas Monette,1,0,,2015
Nicolas Pesce,1,0,,2016
Nicolas Philibert,2,0,,2002
Nicolas Provost,1,0,,2011
Nicolas Rey,1,0,,2012
Nicolas Roeg,14,2,14.135946274382679,2007
Nicolas Saada,2,0,,2015
Nicolas Steiner,1,0,,2015
Nicolas Vanier,3,0,,2013
Nicolas Wadimoff,1,0,,2016
Nicolas Winding Refn,10,5,14.677684408216573,2016
Nicole Conn,3,1,13.591959423599375,2012
Nicole Garcia,4,1,10.77369246021493,2016
Nicole Gomez Fisher,1,0,,2013
Nicole Holofcener,5,3,16.23392020635219,2013
Nicole Jones-Dion,1,0,,2017
Nicole Kassell,2,2,14.716991843162903,2011
Nicole Lucas Haimes,1,0,,2016
Nicole N. Horanyi,1,0,,2015
Nicole Nielsen Horanyi,1,0,,2014
Nicole Oppermann,1,0,,2009
Nicole Rittenmeyer,2,0,,2010
Nicole van Kilsdonk,4,0,,2015
Nicolette Krebitz,1,0,,2016
Nicolo Donato,2,0,,2016
Nicolás Alcalá,1,0,,2013
Nicolás Amelio-Ortiz,1,0,,2012
Nicolás Echevarría,1,0,,1991
Nicolás Entel,1,0,,2009
Nicolás Goldbart,1,0,,2011
Nicolás López,3,1,10.97695295878228,2016
Nicolás Pereda,2,0,,2014
Nida Manzoor,1,0,,2014
Niels Arden Oplev,4,2,17.586617315751482,2013
Niels Mueller,1,1,15.079061130464176,2004
Niels Nørløv Hansen,1,0,,2011
Nigel Bach,1,0,,2016
Nigel Cole,6,3,17.681933302961514,2012
Nigel Dick,2,0,,2000
Nigel Finch,1,0,,1995
Nigel Wingrove,1,0,,2000
Nik Sheehan,1,0,,2009
Nikhil Advani,5,2,16.22598294610296,2013
Nikhil Mahajan,1,0,,2013
Niki Caro,4,4,17.1532042475336,2017
Niki Drozdowski,1,0,,2011
Niki List,1,0,,1990
Niki Stein,1,0,,2012
Nikias Chryssos,1,0,,2015
Nikita Mikhalkov,12,2,15.306372067936252,2014
Niko von Glasow,2,0,,2013
Nikolai Aleksandrovich,1,0,,1979
Nikolai Dostal,3,0,,2016
Nikolai Gubenko,1,0,,1977
Nikolai Kalinin,1,0,,1973
Nikolai Müllerschön,1,1,10.6025919535702,2008
Nikolai Rasheyev ,1,0,,1978
Nikolai Solovtsov,1,0,,2004
Nikolai Stambula,2,0,,2003
Nikolai Volev,1,0,,1983
Nikolaj Arcel,4,2,16.960575353435406,2017
Nikolaj Steen,1,0,,2009
Nikolaus Geyrhalter,4,0,,2016
Nikolay Khomeriki,2,0,,2009
Nikolay Lebedev,3,2,15.36307775065563,2016
Nikole Beckwith,1,0,,2015
Nikoloz Sanishvili,1,0,,1970
Nikos Grammatikos,1,0,,2002
Nikos Koundouros,4,0,,1998
Nikos Nikolaidis,8,0,,2005
Nikos Panayotopoulos,1,0,,1978
Nikos Perakis,2,0,,2005
Nikos Tzimas,1,0,,1980
Nikos Zapatinas,2,0,,2008
Nils Gaup,5,0,,2016
Nils Malmros,5,0,,2013
Nils Tavernier,1,0,,2001
Nils Timm,1,0,,2014
Nils Wåhlin,1,0,,2003
Nima Javidi,1,0,,2014
Nima Nourizadeh,2,2,17.768591208740638,2015
Nimród Antal,5,4,17.218308438264536,2013
Nina Brownfield-Berry,1,0,,2010
Nina Companéez,1,0,,1995
Nina Conti,1,0,,2012
Nina Davenport,1,0,,2013
Nina Gilden Seavey,1,0,,2008
Nina Menkes,2,0,,2007
Nina Paley,2,0,,2012
Ning Hao,4,0,,2013
Nino Jacusso,1,0,,2014
Nino Manfredi,1,0,,1971
Nir Bergman,2,0,,2010
Nir Paniry,1,0,,2012
Nirpal Bhogal,2,0,,2016
Nisha Ganatra,3,0,,2013
Nisha Pahuja,1,0,,2012
Nishikant Kamat,4,0,,2016
Nissim Dayan,1,0,,2014
Nitchapoom Chaianun,1,0,,2014
Nitesh Tiwari,2,1,19.552082855443462,2016
Nithiwat Tharathorn,1,0,,2014
Nitin Kakkar,1,0,,2012
Nitzan Giladi,1,0,,2015
Nizou Yamamoto,1,0,,2007
Nnegest Likké,1,0,,2006
No Deok,2,0,,2015
Noah Baumbach,11,6,15.188816171630704,2017
Noah Buschel,5,0,,2016
Noah Miller,1,0,,2008
Noah Stern,1,0,,1991
Noah Thomson,1,0,,2007
Noam Gonick,1,0,,2001
Noam Murro,2,2,17.905420090137653,2014
Noboru Furuse,1,0,,1993
Noboru Iguchi,6,0,,2011
Noboru Ishiguro,3,0,,1988
Noboru Tanaka,2,0,,1976
Nobuhiko Ôbayashi,7,0,,1998
Nobuhiro Doi,3,0,,2015
Nobuhiro Suwa,1,0,,2009
Nobuhiro Yamashita,3,0,,2007
Nobuo Mizuta,2,0,,2008
Nobuo Nakagawa,3,0,,1968
Nobuyoshi Habara,5,0,,2011
Noel Black,4,0,,1983
Noel Clarke,3,1,13.967344556356172,2014
Noel M. Smith,3,0,,1952
Noel Marshall,1,1,14.50865773852422,1981
Noel Nosseck,3,0,,1999
Noel Tan,1,0,,2012
Nolan Lebovitz,1,0,,2008
Nomura Kazuya,1,1,11.524883679664894,2015
Nonzee Nimibutr,2,1,14.70134208235372,2002
Nopporn Watin,1,0,,2010
Nora Ephron,8,5,18.91166826452086,2009
Norbert A. Myles,1,0,,1920
Norberto Barba,1,0,,1996
Noriaki Tsuchimoto,2,0,,1971
Noriaki Yuasa,6,0,,1971
Norifumi Suzuki,3,0,,1980
Norihiro Koizumi,1,0,,2006
Noriko Takao,1,0,,2013
Norio Tsuruta,2,0,,2004
Noriyuki Abe,2,0,,2008
Norm Hunter,1,0,,2007
Norm McCabe,1,0,,1942
Norma Bailey,3,0,,2014
Norman Cohen,5,0,,1977
Norman Foster,14,0,,1974
Norman J. Warren,3,0,,1987
Norman Jewison,24,10,17.227388367473925,2003
Norman Krasna,2,0,,1950
Norman Lear,1,1,16.213405830762646,1971
Norman Lee,2,0,,1937
Norman Mailer,4,1,13.66265071131994,1987
Norman McLaren,16,0,,1983
Norman Panama,5,0,,1969
Norman René,3,1,16.937773759216324,1995
Norman Taurog,34,1,14.28551418721001,1968
Norman Tokar,12,0,,1978
Norman Z. McLeod,19,0,,1959
Norry Niven,1,0,,2014
Norton Virgien,3,1,18.425585525820015,2009
Nouchka van Brakel,1,0,,1987
Nour Eddine Lakhmari,2,0,,2012
Nozim To'laho'jayev,1,0,,1984
Noémie Lvovsky,1,0,,2012
Noémie Saglio,1,0,,2015
Noël Burch,1,0,,2010
Ntshaveni Wa Luruli,1,0,,2004
Nunnally Johnson,4,0,,1957
Nuno Rocha,1,0,,2009
Nurbek Egen,2,0,,2016
Nuri Bilge Ceylan,7,1,11.84028487707477,2014
Nyrki Tapiovaara,3,0,,1940
O.H. Krill,1,0,,2008
Obie Benz,1,0,,1989
Oddvar Einarson,1,0,,1990
Oded Davidoff,1,0,,2006
Ognjen Glavonić,1,0,,2016
Ognjen Sviličić,1,0,,2004
Oh In-Chun,1,0,,2014
Oh Ki-hwan,2,0,,2007
Oh Seong-yun,1,0,,2011
Oh-Kwang Kwon,1,0,,2015
Okihiro Yoneda,2,0,,1998
Oklahoma Ward,1,0,,2014
Oksana Bayrak,1,0,,2006
Oksana Bychkova,3,1,13.74000761328865,2014
Oksana Karas,1,0,,2016
Oktay Ortabasi,1,0,,2009
Ol Parker,2,1,14.71397575480666,2012
Ola Solum,1,0,,1991
Olaf Ittenbach,4,0,,2006
Olaf Kreinsen,1,0,,2014
Olaf Lubaszenko,2,0,,2002
Olaf Saumer,1,0,,2010
Olaf de Fleur Johannesson,2,1,8.566935283311052,2013
Olallo Rubio,1,0,,2011
Olatunde Osunsanmi,2,1,17.561084450242536,2013
Oldřich Lipský,3,0,,1977
Ole Bornedal,8,2,16.121787454523748,2017
Ole Christian Madsen,5,0,,2011
Ole Giæver,2,0,,2014
Ole Martin Hafsmo,1,0,,2007
Ole Schell,1,1,9.305650551780507,2010
Oleg Assadulin,4,1,14.566393957624776,2016
Oleg Bondarev,1,0,,1973
Oleg Churkin,1,0,,1981
Oleg Fesenko,1,0,,2006
Oleg Fomin,2,0,,2009
Oleg Pogodin,2,0,,2011
Oleg Stepchenko,2,1,17.359136410608592,2014
Oleg Teptsov,1,0,,1988
Oles Sanin,2,1,13.120697991418597,2014
Oley Sassone,1,0,,1994
Olga Malea,1,0,,2005
Olga Subbotina,1,1,14.053576612823544,2010
Olias Barco,1,0,,2010
Oliver Dieckmann,1,0,,2011
Oliver Dommenget,1,0,,2016
Oliver Frampton,1,0,,2014
Oliver Hirschbiegel,6,4,15.915945301321155,2015
Oliver Hockenhull,1,0,,2013
Oliver Hodge,1,0,,2007
Oliver Irving,2,0,,2016
Oliver Parker,8,3,16.996967075427357,2016
Oliver Rihs,1,0,,2006
Oliver Robins,1,0,,2004
Oliver Schmitz,2,0,,2017
Oliver Stone,25,17,17.516179509506134,2017
Oliver Storz,1,0,,2009
Oliver Thompson,1,0,,2015
Oliver Ussing,1,0,,2010
Oliver Ziegenbalg,1,0,,2012
Olivia Neergaard-Holm,1,0,,2017
Olivia Silver,1,0,,2012
Olivier Abbou,1,0,,2010
Olivier Assayas,12,4,13.385828265206552,2016
Olivier Babinet,1,0,,2011
Olivier Baroux,5,0,,2016
Olivier Coussemacq,1,0,,2010
Olivier Dahan,6,0,,2014
Olivier Ducastel,5,1,9.542230699092284,2016
Olivier Horlait,1,0,,2011
Olivier Loustau,1,0,,2016
Olivier Marchal,4,0,,2011
Olivier Masset-Depasse,1,0,,2010
Olivier Megaton,6,4,18.944919319567454,2014
Olivier Nakache,1,0,,2006
Olivier Ringer,1,0,,2015
Olivier Smolders,1,0,,2005
Olivier Treiner,1,0,,2011
Olivier Van Hoofstadt,2,0,,2008
Olivier de Plas,1,0,,2007
Olivo Barbieri,1,0,,2006
Olle Hellbom,8,0,,1981
Olli Saarela,4,0,,2007
Olly Blackburn,2,0,,2014
Olmo Omerzu,1,0,,2016
Om Raut,1,0,,2015
Omar Al-Qattan,1,0,,2002
Omar Lulu,1,0,,2016
Omar Majeed,1,0,,2009
Omar Mullick,1,0,,2013
Omar Naim,2,1,13.214101731281051,2010
Omar Regan,1,0,,2015
Omar Rodriguez-Lopez,1,0,,2010
Omar Shargawi,1,0,,2008
Omer Fast,1,0,,2015
Omid Nooshin,1,0,,2013
Omung Kumar,1,1,16.55869158154579,2014
Ondi Timoner,4,1,11.752469785385491,2015
Ondrej Hudecek,1,0,,2015
Ondřej Trojan,1,0,,2003
One9,1,0,,2014
Ong-Art Singlumpong,1,0,,2004
Onur Tukel,3,0,,2017
Onur Ünlü,5,0,,2014
Orelsan,1,0,,2015
Oren Jacoby,2,0,,2014
Oren Kaplan,2,0,,2013
Oren Moverman,4,4,13.53568424210496,2017
Oren Peli,2,1,19.08004257298168,2015
Oren Rudavsky,1,1,11.322986972837104,2006
Oren Shai,1,0,,2016
Oren Uziel,1,0,,2017
Orhan Aksoy,2,0,,1978
Orhan Oğuz,1,0,,1993
Ori Sivan,1,0,,2016
Oriol Paulo,2,0,,2016
Orlando Bagwell,1,0,,2004
Orlando Lübbert,1,0,,2001
Orlando von Einsiedel,2,0,,2016
Orson Welles,20,2,15.792868914649539,2018
Orville O. Dull,1,0,,1948
Osamu Dezaki,6,0,,2007
Osamu Fukutani,1,0,,2003
Osamu Kasai,1,0,,1997
Osamu Katayama,1,0,,2011
Osamu Minorikawa,1,0,,2007
Osamu Tezuka,1,0,,1987
Osamu Yamazaki,1,0,,1997
Oscar Micheaux,5,0,,1938
Oscar Ruiz Navia,1,0,,2010
Oscar Sharp,1,0,,2016
Oscar Williams,1,0,,1972
Oskar Fischinger,1,0,,1937
Oskar Jónasson,2,0,,2008
Oskar Roehler,2,0,,2006
Oskar Santos,2,0,,2016
Oskari Pastila,2,0,,2015
Oskari Sipola,2,0,,2015
Osman F. Seden,2,0,,1975
Osman Sınav,1,0,,2012
Osmany Rodriguez,2,0,,2016
Ossama Mohammed,1,0,,2014
Ossi Skurnik,1,0,,1963
Ossie Davis,3,0,,1973
Osvaldo Civirani,3,0,,1971
Otakar Vávra,1,0,,1970
Otar Iosseliani,7,0,,2006
Otis Turner,1,0,,1910
Ottavio Alessi,1,0,,1969
Otto Bell,1,1,14.96676368267771,2016
Otto Brower,1,0,,1946
Otto Guerra,1,0,,2006
Otto Jongerius,1,0,,1981
Otto Preminger,30,2,15.701891027011595,1979
Ounie Lecomte,1,0,,2009
Ousmane Sembene,9,1,12.276554408068543,2004
Ovidio G. Assonitis,3,1,14.914122846632385,1981
Owen Egerton,1,0,,2015
Owen Harris,3,0,,2015
Owen Hurley,5,0,,2013
Oxide Pang Chun,4,0,,2011
Oz Perkins,2,1,9.902487052202543,2016
Oz Scott,5,0,,2003
Ozan Aciktan,1,0,,2014
Ozualdo Ribeiro Candeias,1,0,,1974
P. Bharathiraja,1,0,,1980
P. Ramlee,1,0,,1956
P. Vasu,1,0,,1999
P.J. Castellaneta,1,0,,1998
P.J. Hogan,6,4,18.292117177231972,2012
P.J. Pesce,5,0,,2010
P.J. Pettiette,1,0,,2011
P.J.C. Janssen,1,0,,1874
PES,3,0,,2012
Pa. Ranjith,1,1,18.119575651168443,2016
Pablo Aragüés,1,0,,2015
Pablo Berger,2,2,13.477810418053059,2012
Pablo Croce,1,0,,2011
Pablo Fendrik,2,0,,2014
Pablo Giorgelli,1,0,,2011
Pablo Hernando,1,0,,2015
Pablo José Meza,1,0,,2005
Pablo Larraín,6,4,13.936031508548858,2016
Pablo Malo,1,0,,2014
Pablo Moreno,1,0,,2016
Pablo Proenza,1,0,,2007
Pablo Stoll,1,0,,2009
Pablo Trapero,7,1,16.83016247105625,2015
Paco Arango,1,0,,2011
Paco Cabezas,4,1,10.454322040321356,2016
Paco León,3,0,,2016
Paco Plaza,3,1,16.133772130343328,2012
Paco del Toro,1,0,,2007
Paddy Breathnach,5,2,14.386327409063622,2015
Paddy Considine,1,1,10.013283218359012,2011
Paddy Wivell,2,0,,2008
Padraig Reynolds,2,0,,2016
Paiman Kalayeh,1,0,,2011
Paloma Aguilera Valdebenito,1,0,,2016
Paloma Lommel,1,0,,2015
Pamela Romanowsky,1,1,9.48729005784892,2016
Pan An-Zi,1,0,,2016
Pan Nalin,5,1,14.54498966777161,2015
Pan Wenzhan,1,0,,1970
Pang Eun-jin,3,0,,2013
Pang Ho-cheung,6,0,,2014
Panna Rittikrai,1,0,,2004
Panos Cosmatos,1,0,,2010
Panos Glykofrydis,2,0,,1981
Panos H. Koutras,2,0,,2014
Pantelis Voulgaris,4,0,,2013
Pao Hsueh-Li,1,0,,1977
Paola Mendoza,1,0,,2009
Paola di Florio,2,0,,2014
Paolo Agazzi,1,0,,1999
Paolo Barzman,3,0,,2009
Paolo Campana,1,0,,2012
Paolo Cavara,4,0,,1976
Paolo Costella,1,0,,1999
Paolo Franchi,1,0,,2012
Paolo Genovese,7,0,,2016
Paolo Heusch,2,0,,1961
Paolo Mazzucato,1,0,,1997
Paolo Solvay,1,0,,1974
Paolo Sorrentino,7,4,15.742149198086043,2015
Paolo Taviani,9,0,,2015
Paolo Virzì,7,2,15.418702672331246,2016
Paolo Zucca,1,0,,2013
Paprika Steen,1,0,,2004
Papu Curotto,1,0,,2016
Paquito del Bosco,1,0,,2000
Paresh Mokashi,2,0,,2014
Paris Barclay,1,0,,1996
Paris Leonti,2,0,,2011
Park Chan-kyong,1,0,,2014
Park Chan-ok,1,0,,2009
Park Chan-wook,9,6,15.681204555123736,2016
Park Chul-soo,2,1,14.50865773852422,2005
Park Dae-min,1,0,,2009
Park Han-jun,1,0,,2004
Park Heung-sik,2,0,,2016
Park Hong-soo,1,0,,2013
Park Hoon-Jung,2,1,16.220963472433798,2015
Park In-je,1,0,,2011
Park Je-hyun,1,0,,2014
Park Jeong-woo,1,0,,2012
Park Jin-Pyo,3,0,,2015
Park Joong-hoon,1,0,,2013
Park Jung-woo,1,0,,2016
Park Ki-yong,1,0,,1997
Park Kwang-hyun,2,1,17.329435640807215,2017
Park Sang-Joon,1,0,,2014
Park Shin-woo,1,0,,2009
Park Young-hoon,2,0,,2005
Park Young-kyun,1,0,,2013
Parkman Wong,1,0,,1988
Parmeet Sethi,1,1,15.955576721460544,2010
Partho Ghosh,2,0,,1996
Partho Sen-Gupta,1,0,,2014
Parvez Sharma,1,0,,2015
Parviz Saghizadeh,1,0,,2008
Pascal Bergamin,1,0,,2012
Pascal Bonitzer,4,0,,2016
Pascal Bourdiaux,3,0,,2017
Pascal Chaumeil,4,2,16.72974397735636,2016
Pascal Franchot ,1,0,,2010
Pascal Jongen,1,0,,2000
Pascal Lahmani,1,0,,2011
Pascal Laugier,3,0,,2012
Pascal Morelli,1,0,,2002
Pascal Plisson,2,1,8.912473274466036,2013
Pascal Rabaté,2,0,,2011
Pascal Rémy,1,0,,2010
Pascal Thomas,4,0,,2012
Pascale Bailly ,1,0,,2001
Pascale Ferran,2,0,,2014
Pascale Pouzadoux,2,0,,2008
Pasquale Festa Campanile,7,0,,1983
Pasquale Squitieri,4,0,,1978
Pasupuleti Krishna Vamsi,2,0,,2002
Pat Bermel,1,0,,2003
Pat Healy,1,0,,2017
Pat Holden,3,0,,2012
Pat Jackson,1,0,,1950
Pat Kiely,2,0,,2016
Pat Mills,1,0,,2014
Pat Murphy,1,0,,2000
Pat O'Connor,8,2,16.798158068874805,2001
Pat O'Neill,1,0,,1989
Pat Proft,1,0,,1998
Pat Shields,1,0,,1975
Pat Verducci,1,0,,1996
Pat Williams,2,0,,2016
Patrice Chéreau,5,0,,2005
Patrice Leconte,19,1,14.733331718135384,2014
Patrice Rhomm,1,0,,1977
Patrice Toye,2,0,,2012
Patricia Birch,1,1,16.53492764388894,1982
Patricia Cardoso,1,0,,2002
Patricia Harrington,1,0,,2007
Patricia Martínez de Velasco,1,1,14.829139956326358,2012
Patricia Riggen,5,3,17.37097952465282,2016
Patricia Rozema,4,0,,2016
Patricio Guzmán,8,0,,2015
Patricio Henríquez,1,0,,2010
Patricio Valladares,1,0,,2014
Patrick Alessandrin,1,1,15.988712784145845,2009
Patrick Archibald,1,0,,2007
Patrick Bokanowski,3,0,,1982
Patrick Bouchitey,1,0,,1991
Patrick Brice,2,1,13.9108207377686,2015
Patrick Creadon,4,0,,2015
Patrick Desmarattes,1,0,,2012
Patrick Deval,1,0,,1969
Patrick Dewolf,1,0,,1995
Patrick Dinhut,1,0,,2006
Patrick Durham,1,0,,2011
Patrick Forbes,1,0,,2015
Patrick G. Donahue,3,0,,1994
Patrick Garland,1,0,,1973
Patrick Hasburgh ,1,1,15.90007010528115,1993
Patrick Hasson,1,0,,2014
Patrick Hoelck,1,0,,2009
Patrick Hughes,3,1,19.14422396840224,2014
Patrick Jean,2,0,,2010
Patrick Jenkins,1,0,,1952
Patrick Johnson,1,0,,2016
Patrick Keiller,2,0,,1997
Patrick Kelly,1,0,,1985
Patrick Leung,2,0,,2012
Patrick Levis,1,0,,2001
Patrick Lussier,7,3,17.64015583314058,2011
Patrick McBrearty,1,0,,2011
Patrick McConnell,1,0,,2016
Patrick McGuinn,1,0,,2013
Patrick McManus,1,0,,2014
Patrick Meaney,2,0,,2013
Patrick Morris,1,0,,2014
Patrick O'Brien,1,0,,2015
Patrick O'Dell,1,0,,2017
Patrick Osborne,2,0,,2016
Patrick Paulson,1,0,,2004
Patrick Rand,1,0,,1991
Patrick Rea,1,0,,2013
Patrick Read Johnson,4,2,16.588555933165985,2001
Patrick Ridremont,1,0,,2012
Patrick Ryan,1,0,,2015
Patrick Schulmann,2,0,,1985
Patrick Sheane Duncan,1,0,,1989
Patrick Sisam,1,0,,2008
Patrick Stettner,2,0,,2006
Patrick Tam Kar-Ming,1,0,,2006
Patrick Tatopoulos,1,1,18.330247165177052,2009
Patrick Viersen Brown,1,0,,2011
Patrick Vollrath,1,0,,2015
Patrick Wang,2,0,,2015
Patrick Wright,1,0,,1976
Patrick Yau,1,0,,1998
Patrik Eklund,1,0,,2012
Patrik Syversen,3,0,,2017
Patrik-Ian Polk,3,0,,2014
Patryk Vega,3,0,,2016
Patty Jenkins,2,2,19.2208337702477,2017
Patxi Amézcua,2,0,,2013
Pau Freixas,1,0,,2010
Pau Masó,1,0,,2013
Pau Teixidor,1,0,,2014
Paul A. Kaufman,4,0,,2016
Paul Aaron,2,1,16.821193162371433,1979
Paul Abascal,1,1,16.62526036175237,2004
Paul Andresen,1,0,,2010
Paul Andrew Williams,5,1,14.344545776117156,2015
Paul Angunawela,1,0,,2012
Paul Annett,2,0,,1990
Paul Ashton,1,0,,2015
Paul Auster,3,1,14.058456736574664,2007
Paul Barnett,1,0,,2003
Paul Bartel,5,2,15.057963882858274,1989
Paul Bettany,1,0,,2014
Paul Blackthorne,1,0,,2013
Paul Bogart,5,1,15.397782185802605,1988
Paul Borghese,1,0,,2016
Paul Breuls,2,0,,2010
Paul Brickman,2,1,17.967208153049775,1990
Paul Cade,1,0,,2002
Paul Campion,1,0,,2011
Paul Catalanotto,1,0,,2015
Paul Chart,1,0,,1997
Paul China,1,0,,2011
Paul Cotter,1,0,,2009
Paul Cox,5,0,,2005
Paul Crowder,4,0,,2013
Paul Currie,1,0,,2017
Paul D. Hannah,1,0,,2012
Paul Dalio,1,0,,2016
Paul Davids,1,0,,2006
Paul Davis,1,0,,2009
Paul Devlin,1,0,,2003
Paul Dickson,1,0,,1956
Paul Dinello,1,0,,2006
Paul Donovan,2,0,,1989
Paul Duddridge,1,0,,2016
Paul Dugdale,2,0,,2016
Paul Emerson,1,0,,2011
Paul Etheredge,2,0,,2009
Paul F. Ryan,1,0,,2002
Paul Feig,6,4,19.22249220962562,2016
Paul Fenech,1,1,15.880866106215484,2003
Paul Fierlinger,1,1,12.415417430252782,2009
Paul Flaherty,3,1,15.818564858853073,1994
Paul Fox,2,0,,2009
Paul Frees,1,0,,1960
Paul G. Volk,1,0,,1995
Paul Glickler,2,0,,1980
Paul Golding,1,0,,1987
Paul Goldman,3,0,,2006
Paul Goodwin,1,0,,2014
Paul Gordon,1,0,,2010
Paul Grau,1,1,11.991405567196791,1981
Paul Greengrass,9,7,18.239959772975805,2016
Paul Grimault,1,0,,1980
Paul Gross,3,1,15.261457303725283,2015
Paul Haggis,4,4,16.93272159464447,2013
Paul Harather,1,0,,1993
Paul Harrill,1,0,,2015
Paul Harrison,1,0,,1974
Paul Henreid,1,0,,1964
Paul Hoen,12,0,,2015
Paul Hough,2,0,,2013
Paul Hunter,1,0,,2003
Paul Hyett,2,0,,2015
Paul Jarrett,1,0,,2015
Paul Jay,1,0,,1998
Paul Johansson,1,1,15.347500310639232,2011
Paul Joyce,1,0,,1993
Paul Justman,2,0,,2002
Paul Katis,1,0,,2014
Paul Kelly,1,0,,2003
Paul Kenworthy,1,0,,1957
Paul King,2,2,15.33773314341134,2014
Paul Kyriazi,1,0,,1976
Paul Landres,2,0,,1959
Paul Lazarus,2,0,,2014
Paul Leder,1,0,,1976
Paul Leni,4,0,,1928
Paul Leyden,1,0,,2014
Paul Lovelace,2,0,,2012
Paul Lynch,5,1,16.509883382064103,2004
Paul Machliss,1,0,,2011
Paul Madden,1,0,,1989
Paul Magnus Lundø,1,0,,2014
Paul Magwood,1,0,,1971
Paul Marchand,1,0,,2014
Paul Marcus,4,0,,2005
Paul Mariano,2,0,,2016
Paul Maslansky,1,0,,1974
Paul Matthews,2,0,,1998
Paul May,1,0,,1954
Paul Mazursky,15,7,16.746795175226428,1996
Paul McCartney,1,0,,1967
Paul McEvoy,2,0,,2015
Paul McGuigan,7,4,17.301978358087347,2015
Paul Michael Glaser,5,4,16.688312054667072,1996
Paul Middleditch,2,0,,2013
Paul Miller,6,0,,2011
Paul Moloney,1,0,,2002
Paul Morrison,2,0,,2008
Paul Morrissey,11,0,,2005
Paul Murphy,1,0,,2011
Paul Negoescu,1,0,,2016
Paul Newman,5,0,,1987
Paul Nicholas,3,0,,1986
Paul Norman,1,0,,1995
Paul Oremland,1,0,,1998
Paul Osborne,2,0,,2013
Paul Owens,1,0,,2012
Paul Powell,1,0,,1916
Paul Provenza,1,0,,2005
Paul Quinn,1,0,,1999
Paul Rachman,1,0,,2006
Paul Reubens,2,0,,1988
Paul Rodríguez,1,1,14.015861929720764,1994
Paul Ruven,2,0,,2013
Paul Sabella,3,1,15.969674293839132,2000
Paul Salahadin Refsdal,1,0,,2016
Paul Saltzman,2,0,,2012
Paul Scheuring,1,0,,2010
Paul Schibli,1,0,,1990
Paul Schneider,7,1,12.368455065710975,2008
Paul Schrader,19,8,14.171913741333091,2016
Paul Sen,2,0,,2012
Paul Seydor,1,0,,1996
Paul Shapiro,2,0,,2005
Paul Sharits,1,0,,1969
Paul Sloane,3,0,,1931
Paul Solet,2,0,,2015
Paul Sommers,1,0,,1987
Paul Soter,2,0,,2013
Paul Spurrier,1,0,,2005
Paul Tanter,5,0,,2016
Paul Tarnopol,1,0,,2014
Paul Tassie,1,0,,1996
Paul Terry,1,0,,1916
Paul Thomas Anderson,8,7,16.539882587133324,2015
Paul Tibbitt,1,1,19.557211719017506,2015
Paul Todisco,1,0,,2007
Paul Tomborello,1,0,,2014
Paul Turner,1,0,,1992
Paul Vecchiali,3,0,,1988
Paul Verhoeven,15,8,17.887687826126488,2016
Paul W.S. Anderson,12,11,18.4909685542335,2016
Paul Warner,1,0,,1995
Paul Wegener,2,0,,1920
Paul Weiland,6,2,16.830823802447934,2008
Paul Weitz,7,6,16.365427496388502,2015
Paul Wendkos,15,0,,1986
Paul Wheeler,6,0,,2015
Paul Williams,2,0,,1995
Paul Wilmshurst,3,0,,2014
Paul Wittenberger,1,0,,2015
Paul Wright,1,0,,2013
Paul Ziller,15,0,,2012
Paula Hernández,2,0,,2011
Paula Markovitch,1,0,,2011
Paula Ortiz,1,0,,2015
Paula van der Oest,4,0,,2016
Paule Baillargeon,1,0,,1993
Pauline Chan,1,0,,2011
Paulo Henrique Fontenelle,1,0,,2008
Paulo Machline,1,0,,2011
Paulo Morelli,1,1,12.634850552935411,2007
Paulo Rocha,1,0,,1963
Pauly Shore,2,0,,2009
Pavel Arsyonov,2,0,,1987
Pavel Bardin,1,0,,2009
Pavel Chukhray,3,1,14.51455879300346,2007
Pavel Kadochnikov,1,0,,1968
Pavel Khvaleev,1,0,,2015
Pavel Klushantsev,2,0,,1968
Pavel Lungin,6,0,,2016
Pavel Lyubimov,1,0,,1965
Pavel Parkhomenko,1,0,,2013
Pavel Ruminov,1,0,,2007
Pavel Sanaev,3,2,14.885498603899308,2010
Pawan Kripalani,1,0,,2014
Pawan Kumar,1,1,12.0435537160324,2013
Pawel Chochlew,1,0,,2013
Paweł Pawlikowski,4,1,16.5432558642425,2013
Paz Encina,1,0,,2006
Paz Fábrega,1,0,,2015
Pearry Reginald Teo,3,0,,2016
Peder Norlund,1,0,,2003
Pedro Almodóvar,20,10,16.125421414141417,2016
Pedro Amorim,2,0,,2015
Pedro Arantes,1,0,,2012
Pedro Costa,6,0,,2014
Pedro González-Rubio,2,0,,2012
Pedro Lazaga,3,0,,1969
Pedro Luis Ramírez,2,0,,1959
Pedro Morelli,1,0,,2015
Pedro Olea,1,0,,1984
Pedro Pablo Ibarra,2,0,,2015
Pedro Serrazina,1,0,,1997
Pedro Ultreras,1,0,,2010
Pedro Urrutia,1,0,,2014
Peeter Simm,2,0,,2007
Peggy Holmes,3,1,16.826131444012017,2014
Pekka Hyytiäinen,1,0,,1982
Pekka Karjalainen,1,0,,2006
Pekka Lehto,2,0,,2013
Pekka Lehtosaari,1,0,,2007
Pekka Mandart,1,0,,1998
Pekka Parikka,2,0,,1989
Pema Tseden,1,0,,2015
Pen Densham,2,0,,1996
Pen Tennyson,1,0,,1940
Pen-Ek Ratanaruang,7,0,,2011
Penelope Buitenhuis,2,0,,2015
Penelope Spheeris,17,3,17.67501198882142,2011
Peng Sanyuan,1,0,,2015
Peng-Yi Chang ,2,0,,1986
Pengau Nengo,1,0,,1991
Penny Lane,1,0,,2013
Penny Marshall,7,6,17.86437946632938,2001
Penny Panayotopoulou,1,0,,2013
Penny Woolcock,2,0,,2013
Pepa San Martín,1,0,,2016
Pepe Danquart,3,0,,2013
Per Berglund,4,1,14.960612907273177,1995
Per Fly,5,0,,2013
Per Gunvall,1,0,,1957
Per Hanefjord,1,0,,2013
Per Lindberg,1,0,,1940
Per Åhlin,3,0,,2000
Per-Olav Sørensen,2,0,,2015
Percy Adlon,6,1,15.09291122465026,2010
Percy Stow,1,0,,1913
Pere Portabella,5,0,,2007
Pericles Lewnes,1,0,,1989
Peris Romano,1,0,,2008
Pernilla August,2,1,15.3841431424059,2016
Pernille Fischer Christensen,1,0,,2011
Perri Peltz,1,0,,2017
Perry Andelin Blake,1,0,,2002
Perry Bhandal,1,0,,2012
Perry Blackshear,1,0,,2016
Perry Henzell,1,0,,1972
Perry Lang,1,0,,1994
Perry Moore,1,0,,2008
Perry Ogden,1,0,,2005
Perttu Leppä,3,0,,2008
Pete Docter,4,3,20.37788033268405,2015
Pete Jones,2,0,,2004
Pete McCormack,2,0,,2012
Pete McGrain,1,0,,2011
Pete Michels,1,0,,2005
Pete Middleton,1,0,,2016
Pete Riski,1,0,,2008
Pete Travis,5,2,18.181931018968733,2017
Pete Walker,7,0,,1983
Peter A. Dowling,2,0,,2016
Peter Andrikidis,2,0,,2010
Peter Anthony,1,0,,2014
Peter Askin,2,0,,2014
Peter Atencio,2,1,16.839165684674043,2016
Peter Avanzino,2,0,,2009
Peter B. Hutton,1,0,,2007
Peter Baldwin,2,0,,1997
Peter Barsocchini,1,0,,2016
Peter Berg,10,9,18.387065955451604,2016
Peter Billingsley,2,2,14.463248511031672,2016
Peter Bo Rappmund,1,0,,2011
Peter Bogdanovich,20,6,15.057733311263206,2014
Peter Bonerz,1,1,16.26368553436784,1989
Peter Bratt,1,0,,2009
Peter Brook,4,0,,1989
Peter Brosens,4,0,,2016
Peter Brown,1,0,,2011
Peter Bull,1,0,,2009
Peter Burger,2,0,,2014
Peter Byck,1,0,,2011
Peter Callahan,1,0,,2009
Peter Care,1,0,,2002
Peter Carter,1,0,,1977
Peter Cattaneo,3,2,17.67696268439245,2008
Peter Chan,6,1,18.29284737244248,2013
Peter Chelsom,9,6,17.09627498884247,2017
Peter Chung,1,0,,2004
Peter Coe,1,0,,1986
Peter Coggan,1,0,,2015
Peter Cohen,1,0,,1989
Peter Cohn,1,0,,1997
Peter Collinson,10,0,,1980
Peter Cornwell,3,1,18.166146262574944,2014
Peter Cousens,1,0,,2014
Peter Dalle,3,0,,2003
Peter Davis,1,1,10.308952660644293,1974
Peter DeLuise,4,0,,2015
Peter Del Monte,2,0,,2014
Peter Delpeut,2,0,,1993
Peter Duffell,3,0,,1984
Peter Duncan,3,0,,2007
Peter Engert,1,0,,2012
Peter Ettinger,1,0,,2009
Peter Faiman,2,2,17.475782523203076,1991
Peter Farrelly,1,1,19.326013148075138,1994
Peter Fleischmann,3,0,,1989
Peter Flinth,6,0,,2014
Peter Foldes,1,0,,1974
Peter Fonda,3,1,14.695612296375232,1979
Peter Foott,1,0,,2016
Peter Franzén,1,0,,2013
Peter Gantzler,1,0,,2011
Peter George,1,0,,1987
Peter Gersina,1,0,,2004
Peter Glanz,1,0,,2014
Peter Glenville,5,1,15.464169183551656,1967
Peter Godfrey,11,0,,1956
Peter Greenaway,16,2,12.26671405100955,2015
Peter Grönlund,1,0,,2015
Peter H. Hunt,1,0,,1972
Peter Hall,4,0,,1995
Peter Handke,2,0,,1992
Peter Hanson,1,0,,2009
Peter Hastings,1,0,,2002
Peter Hayman,1,0,,1999
Peter Hearn,1,0,,2015
Peter Hedges,3,2,17.902259570397863,2012
Peter Hewitt,11,2,17.72978832249443,2014
Peter Horton,1,0,,1995
Peter Howitt,6,4,17.6760531808567,2014
Peter Hutchings,1,0,,2017
Peter Hyams,18,11,17.104021737554476,2013
Peter Israelson,1,0,,1990
Peter J. Eaton,1,0,,2008
Peter Jackson,13,11,18.834091942350433,2014
Peter Jaysen,1,0,,2001
Peter Jones,1,0,,1998
Peter Joseph,3,0,,2011
Peter Kassovitz,1,0,,1999
Peter Keglevic,1,0,,1990
Peter Kosminsky,4,0,,2015
Peter Krüger,1,0,,2014
Peter Kubelka,3,0,,1966
Peter Kuran,2,0,,1999
Peter Landesman,2,2,15.562555935654807,2015
Peter Lauer,1,0,,2000
Peter Lehner,1,0,,1990
Peter Lepeniotis,1,0,,2014
Peter Levin,3,0,,2008
Peter Liapis,1,0,,2000
Peter Liechti,2,0,,2009
Peter Lindholm,3,0,,2010
Peter Lindmark,2,0,,2006
Peter Lord,2,1,18.58905854519296,2012
Peter Lorre,1,0,,1951
Peter Luisi,1,0,,2011
Peter Lynch,1,0,,1997
Peter M. Cohen,1,0,,2000
Peter MacDonald,4,1,19.0573401674965,1998
Peter Madsen,1,0,,1986
Peter Malota,1,0,,2017
Peter Manoogian,3,0,,1992
Peter Manus,1,0,,2008
Peter Maris,1,0,,1992
Peter Markle,10,1,14.973758116456397,2011
Peter Masterson,6,2,14.26119018712006,2005
Peter Mattei,1,0,,2002
Peter McCarthy,1,0,,1994
Peter McWilliams,1,0,,1971
Peter Medak,12,3,16.023683240369436,2001
Peter Medek,1,0,,2001
Peter Mervis,1,0,,2006
Peter Mettler,3,0,,2012
Peter Meyer,1,0,,1998
Peter Miller,1,1,10.370173183307918,2006
Peter Monsaert,1,0,,2012
Peter Mullan,3,2,13.833865737745878,2010
Peter N. Alexander,1,0,,2001
Peter Navarro,1,0,,2012
Peter Newbrook,1,0,,1972
Peter Nicholson,1,0,,2015
Peter Nicks,1,0,,2012
Peter O'Brian,1,0,,2004
Peter O'Fallon,2,0,,2000
Peter Orton,2,0,,2009
Peter Paige,2,0,,2008
Peter Pau,1,0,,2002
Peter Payer,1,0,,2004
Peter Pilafian,1,0,,2012
Peter R. Hunt,7,1,18.22191869586342,1987
Peter R. Simpson,1,0,,1990
Peter Rader,1,0,,1995
Peter Ramsey,2,1,19.542168287499184,2012
Peter Richardson,5,0,,2011
Peter Rinaldi,1,0,,2011
Peter Rodger,1,0,,2009
Peter Rosen,1,0,,2009
Peter Rowe,1,0,,1999
Peter Sanders,1,0,,2008
Peter Sasdy,10,0,,1991
Peter Sattler,1,1,10.99782404634145,2014
Peter Schildt,1,0,,2010
Peter Schønau Fog,1,0,,2007
Peter Segal,9,8,18.47634406007046,2013
Peter Sehr,2,0,,2003
Peter Sellars,1,0,,1991
Peter Shaner,1,0,,1996
Peter Skillman Odiorne,1,0,,2011
Peter Sohn,2,1,19.62042305334018,2015
Peter Sollett,3,3,15.14044089173091,2015
Peter Spirer,1,0,,1997
Peter Stanley-Ward,1,0,,2007
Peter Stebbings,2,1,10.702390170761936,2013
Peter Strickland,4,0,,2014
Peter Stuart,1,0,,1984
Peter Sullivan,5,0,,2016
Peter Sunde,1,0,,2006
Peter Svatek,4,0,,2014
Peter Sykes,3,0,,1979
Peter Templeman,2,0,,2012
Peter Tewksbury,3,0,,1969
Peter Thorwarth,3,0,,2014
Peter Timm,2,0,,2009
Peter Tolan,1,0,,2008
Peter Tscherkassky,6,0,,2006
Peter Ustinov,3,0,,1984
Peter Vacz,1,0,,2013
Peter W. Kunhardt,2,0,,2017
Peter Wade,1,0,,2005
Peter Wang,1,0,,1986
Peter Watkins,9,0,,2001
Peter Webb,1,0,,1984
Peter Webber,3,3,16.837366001595775,2012
Peter Weck,1,0,,1996
Peter Weir,13,10,17.08205246570542,2010
Peter Wellington,1,0,,2013
Peter Werner,7,0,,2013
Peter Whitehead,2,0,,1967
Peter Winther,5,0,,2015
Peter Yates,21,6,16.814478134083664,2000
Peter de Baan,1,0,,2010
Peter von Bagh,1,0,,2008
Petr Jákl ml.,1,0,,2015
Petr Kazda,1,0,,2016
Petr Zelenka,5,0,,2015
Petra Costa,2,0,,2015
Petra Epperlein,4,0,,2016
Petra Haffter,1,0,,1991
Petra Seeger,1,0,,2008
Petri Kotwica,4,0,,2015
Petri Luukkainen,1,0,,2013
Petrus Cariry,1,0,,2015
Petter Næss,6,1,11.350018224795502,2012
Peyton Reed,6,5,18.717778018097967,2015
Phedon Papamichael,1,1,11.104295353518909,2009
Phelim McAleer,1,0,,2013
Phie Ambo,1,0,,2013
Phil Alden Robinson,5,3,18.600445966996087,2014
Phil Benson,1,0,,2004
Phil Borg,1,0,,2011
Phil Churchward,1,0,,2012
Phil Claydon,2,0,,2016
Phil Davis,1,0,,1996
Phil Donahue,1,0,,2007
Phil Dornfeld,1,0,,2011
Phil Flores,4,0,,2012
Phil Grabsky,1,0,,2006
Phil Guidry,1,0,,2017
Phil Hawkins,2,0,,2015
Phil Joanou,9,3,16.609782752829442,2016
Phil Karlson,21,2,15.649383122615323,1975
Phil Lord,4,4,19.3627506300765,2014
Phil Monroe,1,0,,1981
Phil Morrison,2,0,,2013
Phil Nibbelink,1,1,17.523359964365383,1991
Phil Roman,8,1,14.515232576826836,2000
Phil Rosen,9,0,,1946
Phil Tippett,1,0,,2004
Phil Traill,2,2,15.940920549626526,2011
Phil Tucker,1,1,13.815510557964274,1953
Phil Victor,1,0,,1957
Phil Vischer,4,0,,2002
Phil Volken,1,0,,2017
Phil Weinstein,2,0,,2004
Phil Whitman,1,0,,1933
Philip Anagnos,1,0,,2004
Philip Boston,1,0,,2003
Philip Brophy,1,0,,1994
Philip Casson,1,0,,1979
Philip Chidel,1,0,,2006
Philip Cox,1,0,,2014
Philip D'Antoni,1,0,,1973
Philip Dunne,6,0,,1965
Philip Frank Messina,1,0,,1998
Philip G. Atwell,2,1,17.51564253926005,2007
Philip G. Flores,1,0,,2010
Philip Gelatt,1,0,,2011
Philip Gröning,2,0,,2005
Philip Haas,6,0,,2006
Philip J. Cook,2,0,,2003
Philip J. Jones,1,0,,2002
Philip Jackson,1,0,,1997
Philip John,1,0,,2007
Philip Kaufman,10,8,16.81437282297862,2012
Philip Leacock,7,0,,1973
Philip Martin,4,0,,2014
Philip Moeller,1,0,,1934
Philip Ridley,3,0,,2009
Philip Rosenthal,1,0,,2011
Philip Sansom,1,0,,2008
Philip Saville,5,1,15.21892994519584,2003
Philip Seymour Hoffman,1,1,13.195613839143922,2010
Philip Spink,3,0,,2009
Philip Yung,1,0,,2015
Philip Zlotorynski,1,0,,2005
Philipp Eichholtz,1,0,,2014
Philipp Kadelbach,2,0,,2015
Philipp Leinemann,1,0,,2014
Philipp Stölzl,4,2,15.802002021611933,2013
Philippa Lowthorpe,2,0,,2016
Philippe Aractingi,1,0,,2007
Philippe Caland,1,1,13.98913776150155,2014
Philippe Claudel,3,0,,2013
Philippe Diaz,2,0,,2009
Philippe Falardeau,7,1,15.699836294394135,2017
Philippe Faucon,1,0,,2015
Philippe Gagnon,2,0,,2016
Philippe Garrel,12,0,,2015
Philippe Godeau,1,0,,2013
Philippe Grandrieux,3,0,,2008
Philippe Grimond,1,0,,1989
Philippe Haïm,2,0,,2008
Philippe Kotlarski,1,0,,2013
Philippe Labro,1,0,,1976
Philippe Lacheau,2,1,12.312367724347776,2017
Philippe Le Guay,4,1,16.191334402592176,2013
Philippe Leclerc,1,0,,2003
Philippe Lefebvre,1,0,,2012
Philippe Lellouche,1,1,12.273731294003989,2013
Philippe Lesage,1,0,,2015
Philippe Lioret,3,0,,2009
Philippe Locquet,1,0,,2010
Philippe Martinez,3,0,,2014
Philippe Mora,12,1,14.467654998503814,2001
Philippe Muyl,3,0,,2014
Philippe de Broca,9,0,,2004
Philippe de Chauveron,5,0,,2017
Phillip Andrew Morton,1,0,,2014
Phillip Badger,1,0,,1989
Phillip Baribeau,1,0,,2015
Phillip Borsos,5,1,15.27412558066379,1995
Phillip Escott,1,0,,2016
Phillip Guzman,2,0,,2017
Phillip J. Bartell,2,0,,2006
Phillip J. Roth,6,1,10.811766273800105,2002
Phillip Lopez,1,0,,2014
Phillip Montgomery,1,0,,2010
Phillip Neel,1,0,,2010
Phillip Noyce,15,11,17.707813274515328,2014
Phillip Rhee,2,0,,2015
Phillips Smalley,1,0,,1916
Philly de Lacey,1,0,,2015
Phyllida Lloyd,2,2,19.394387977469343,2011
Pia Marais,1,0,,2010
Pier Francesco Pingitore,1,0,,1982
Pier Giuseppe Murgia,1,0,,1977
Pier Ludovico Pavoni,1,0,,1974
Pier Paolo Pasolini,17,0,,2008
Piergiorgio Gay,1,0,,2010
Piero Messina,1,0,,2015
Piero Schivazappa,1,0,,1969
Piero Vivarelli,2,0,,1970
Pierre Adidge,2,0,,1972
Pierre B. Reinhard,1,0,,1987
Pierre Coffin,2,2,20.40357888258867,2013
Pierre Coré,1,1,15.86963429165982,2017
Pierre David,1,0,,1994
Pierre De Moro,1,0,,1982
Pierre Deschamps,1,0,,2015
Pierre Falardeau,2,0,,2001
Pierre Gang,1,0,,1999
Pierre Gaspard-Huit,1,0,,1958
Pierre Gill,1,0,,2004
Pierre Godeau,1,0,,2016
Pierre Granier-Deferre,7,0,,1981
Pierre Grimblat,1,0,,1969
Pierre Isoard,1,0,,2013
Pierre Jolivet,1,0,,1999
Pierre Koralnik,1,0,,1970
Pierre Lamoureux,1,0,,2012
Pierre Morath,1,0,,2016
Pierre Morel,4,4,17.381672571973386,2015
Pierre Perrault,2,0,,1982
Pierre Pinaud,1,0,,2012
Pierre Rehov,1,0,,2006
Pierre Richard,2,0,,1978
Pierre Salvadori,4,1,14.526594901432963,2014
Pierre Schoendoerffer,3,0,,1992
Pierre Schöller,2,0,,2011
Pierre Tchernia,1,0,,1972
Pierre Thoretton,1,0,,2010
Pierre Étaix,5,0,,1971
Pierre-Antoine Hiroz,1,0,,2007
Pierre-François Martin-Laval,2,0,,2013
Pierre-Paul Renders,2,0,,2006
Pierre-William Glenn,1,0,,1987
Piers Haggard,6,0,,1992
Piet De Rycker,2,0,,2004
Pieter Christian Colson,1,0,,2008
Pieter Jan Brugge,1,1,16.342901739491325,2004
Pieter Kramer,2,0,,2004
Pieter Kuijpers,3,0,,2016
Pieter Van Hees,2,0,,2009
Pieter Verhoeff,1,0,,2008
Pieter van Huystee,1,0,,2015
Pieter-Rim de Kroon,1,0,,2003
Pietro Francisci,5,0,,1973
Pietro Germi,10,0,,1968
Pietro Marcello,1,0,,2015
Pif,2,0,,2016
Pilar Miró,1,0,,1980
Pin-Chuan Kao,1,0,,2012
Pinchas Perry,2,0,,2011
Pino Van Lamsweerde,1,0,,1986
Piotr Dumala,2,0,,2009
Piotr Kamler,1,0,,1982
Piotr Mularuk,1,0,,2012
Piotr Szulkin,4,0,,1986
Piotr Wereśniak,2,0,,2011
Pip Chodorov,1,0,,2012
Pip Karmel,1,1,12.821190714770047,2000
Pipilotti Rist,1,0,,1988
Pirjo Honkasalo,4,0,,2013
Piti Jaturaphat,1,0,,2007
Pitof,3,1,18.223477550860327,2008
Pjer Žalica,2,0,,2004
Po-Chih Leong,4,0,,2006
Pola Rapaport,1,0,,2005
Polaris Banks,1,0,,2011
Pollo de Pimentel,1,0,,2002
Pongpat Wachirabunjong,1,0,,2008
Pontus Klänge,1,0,,2002
Pontus Löwenhielm,1,0,,2000
Pooja Bhatt,2,0,,2010
Poul Bang,1,0,,1961
Poul-Erik Heilbuth,1,0,,2015
Poull Brien,1,0,,2012
Prabhu Deva,5,2,17.981424060182302,2015
Prachya Pinkaew,6,2,16.063820218618247,2013
Pradeep Sarkar,3,0,,2014
Prakash Jha,6,0,,2016
Prakash Mehra,1,0,,1973
Prakash Rao,1,0,,2011
Prapas Cholsaranon,1,0,,2012
Prashant Nair,2,0,,2015
Pratibha Parmar,1,0,,2006
Praveen Gandhi,1,0,,1997
Prawaal Raman,1,0,,2003
Predrag Antonijević,2,0,,2013
Preston A. Whitmore II,3,1,15.761420707019589,2007
Preston Sturges,9,0,,1948
Priit Pärn,1,0,,1992
Prince,3,1,16.12709790876986,1990
Priyadarshan,15,2,16.11809565095832,2010
Przemyslaw Angerman,1,0,,2011
Puja Bedi,1,0,,2012
Puk Grasten,1,0,,2016
Puneet Issar,1,1,16.213405830762646,2004
Punit Malhotra,1,0,,2010
Pupi Avati,18,1,14.916120849295057,2015
Puri Jagannath,4,0,,2012
Putrama Tuta,1,0,,2011
Puttipong Pormsaka Na-Sakonnakorn,1,0,,2010
Pyotr Buslov,4,1,14.28551418721001,2015
Pyotr Chardynin,1,0,,1918
Pyotr Lutsik,1,0,,1998
Pyotr Tochilin,1,0,,2006
Pyotr Todorovskiy,3,0,,1989
Pál Fejős,4,0,,1933
Päivi Hartzell,1,0,,1986
Pål Sletaune,3,0,,2011
Pål Øie,3,0,,2015
Péter Gothár,1,0,,1982
Péter Rudolf,1,0,,2001
Péter Tímár,2,0,,1997
Q. Allan Brocka,3,1,12.302068953531068,2011
Qasim Basir,1,1,12.706993377410631,2011
Qaushiq Mukherjee,2,0,,2016
Quang Hai Ngo,1,0,,2006
Quentin Dupieux,5,1,11.49289621199639,2014
Quentin Lawrence,3,0,,1964
Quentin Lee,3,0,,2016
Quentin Masters,3,0,,1982
Quentin Reynaud,1,0,,2016
Quentin Tarantino,10,9,18.486834826195377,2015
Quincy Jones III,1,0,,2016
Quinton Peeples,1,0,,1997
R. Ajay Gnanamuthu,1,0,,2015
R. Balki,3,0,,2016
R. Ellis Frazier,1,0,,2010
R. J. Cutler,3,0,,2013
R. Kelly,3,0,,2012
R. Michael Givens,2,0,,2015
R. Paul Miller,1,0,,1997
R. Ravi Kumar,1,1,14.151982794585487,2015
R. W. Goodwin,1,0,,2009
R. Winer,1,0,,1972
R.D. Braunstein,2,0,,2015
R.D. Robb,1,1,8.747828608488742,2001
R.G. Springsteen,3,0,,1966
R.J. Cutler,1,1,18.183372888332386,2014
R.J. Kizer,1,0,,1988
RZA,1,1,16.56332907866624,2012
Ra Hee-Chan,1,1,16.52096198517691,2007
Raam Reddy,1,0,,2015
Raam Shetty,1,0,,1996
Rachel Goldenberg,3,0,,2015
Rachel Lang,1,0,,2016
Rachel Moriarty,1,0,,2016
Rachel Perkins,1,1,15.761420707019589,2009
Rachel Samuels,1,0,,2008
Rachel Seifert,1,0,,2012
Rachel Talalay,5,2,16.292497890611138,2014
Rachel Tunnard,1,0,,2016
Rachel Ward,1,0,,2009
Rachid Bouchareb,6,1,16.949425309805175,2016
Rachid Dhibou,1,0,,2011
Rachyd Kusolkulsiri,1,0,,2015
Radek Wegrzyn,1,0,,2011
Radha Bharadwaj,2,1,12.464629671654713,1998
Radhika Rao,2,0,,2016
Radim Špaček,1,0,,2010
Radivoje 'Raša' Andrić,1,0,,2004
Radley Metzger,6,0,,1979
Radu Jude,2,1,11.56263901221407,2015
Radu Mihaileanu,4,0,,2011
Radu Muntean,4,1,9.9362451167743,2015
Rafa Martínez,1,0,,2015
Rafael Corkidi,1,0,,1977
Rafael Eisenman,1,0,,1993
Rafael Gil,1,0,,1976
Rafael Montero,1,0,,2016
Rafael Palacio Illingworth,1,0,,2016
Rafael Portillo,1,0,,1958
Rafal Zielinski,8,0,,2003
Raffaele Andreassi,1,0,,1969
Raffaele Donato,1,0,,1990
Raffaele Mertes,1,0,,2002
Raffaello Matarazzo,4,0,,1955
Rafi Pitts,1,0,,2010
Ragnar Bragason,4,0,,2013
Rahul Jain,1,0,,2017
Rahul Rawail,1,0,,1985
Raimo O. Niemi,2,0,,2011
Raimund Huber,2,0,,2012
Rain Rannu,1,0,,2016
Rain Tolk,1,0,,2012
Rainer Erler,1,0,,1977
Rainer Kaufmann,2,0,,1999
Rainer Kirberg,1,0,,1982
Rainer Matsutani,2,0,,2009
Rainer Sarnet,1,0,,2007
Rainer Werner Fassbinder,34,0,,1982
Raj Kanwar,3,0,,2000
Raj Kapoor,3,0,,1970
Raj Kumar Gupta,3,0,,2013
Raja Amari,1,0,,2002
Raja Gosnell,9,9,18.95496937247387,2013
Raja Menon,1,1,17.281246460764002,2016
Raja Nawathe,1,0,,1965
Raja Sen,1,0,,2015
Rajat Kapoor,2,0,,2013
Rajat Mukherjee,2,0,,2002
Rajeev Ravi,1,0,,2016
Rajeev Virani,1,0,,2006
Rajesh M. Selva,1,0,,2015
Rajiv Mehra,1,0,,1992
Rajiv Menon,1,1,13.122363377404328,2000
Rajiv Rai,3,0,,2004
Rajko Grlić,3,0,,2016
Rajkumar Hirani,4,2,18.333504050379975,2014
Rajkumar Kohli,2,0,,2002
Rajkumar Santoshi,10,2,16.340438561589043,2009
Rakesh Kumar,1,0,,1992
Rakesh Roshan,7,0,,2013
Rakeysh Omprakash Mehra,3,3,16.406051586821544,2013
Rakhshan Bani-Etemad,1,0,,2001
Ralf Gregan,1,0,,1975
Ralf Huettner,4,0,,2012
Ralf Westhoff,3,0,,2014
Ralitza Petrova,1,0,,2017
Ralph A. Villani,1,0,,2012
Ralph Arlyck,1,0,,2006
Ralph Bakshi,10,6,15.512991921335205,1992
Ralph Brooke,1,0,,1961
Ralph E. Portillo,2,0,,2000
Ralph Eggleston,1,0,,2000
Ralph Fiennes,2,2,13.955787663553801,2013
Ralph Hemecker,3,0,,2009
Ralph Levy,2,1,15.478489237326404,1965
Ralph Nelson,16,1,13.610533492274572,1976
Ralph Richardson,1,0,,1952
Ralph S. Singleton,1,1,16.265039653527463,1990
Ralph Smart,1,0,,1947
Ralph Steiner,1,0,,1935
Ralph Thomas,14,0,,1969
Ralph Ziman,3,0,,2014
Ralph Zondag,1,1,19.68550796863021,2000
Ram,1,0,,2007
Ram Gopal Varma,16,4,15.620760515335284,2010
Ram Madhvani,1,1,14.9070962175947,2016
Rama Burshtein,2,1,14.389488993215531,2017
Ramaa Mosley,1,0,,2012
Raman Hui,4,1,19.76949340316203,2015
Ramesh Sippy,1,0,,1975
Ramin Bahrani,6,1,14.160465995982134,2014
Ramin Niami,2,0,,2014
Ramin Serry,1,0,,2002
Ramiro Meneses,1,0,,2011
Ramon Fernandez,1,0,,2015
Ramon Zürcher,1,0,,2013
Ramona S. Diaz,1,0,,2013
Ramón Menéndez,3,2,15.156781986366047,2002
Ramón Obón,1,1,14.29304823486409,2012
Ranald MacDougall,2,0,,1959
Rand Ravich,1,1,16.790968080789355,1999
Randa Haines,6,3,15.756960329512301,2006
Randal Kleiser,13,6,17.571619906214423,2006
Randall Churchill,1,0,,2009
Randall Cole,2,0,,2011
Randall Lobb,1,0,,2014
Randall M. Badat,1,0,,1984
Randall Miller,7,4,13.905789488143423,2013
Randall Rubin,1,0,,2006
Randall Wallace,4,3,18.30181560483761,2014
Randall Wright,1,0,,2014
Randy Barbato,1,0,,2000
Randy Moore,1,0,,2013
Randy Olson,1,0,,2006
Randy Redroad,1,0,,2001
Rani Singh,1,0,,2007
Rania Attieh,1,0,,2014
Ranjith,2,1,14.626683855744997,2015
Ranjith Sankar,2,0,,2016
Raoul Lévy,2,0,,1966
Raoul Peck,3,0,,2017
Raoul Servais,1,0,,1994
Raoul Walsh,43,1,14.009332398928436,1960
Raphael Nussbaum,2,0,,1987
Raphaël Frydman,1,0,,2014
Rashaad Ernesto Green,1,0,,2011
Rashane Limtrakul,1,0,,2009
Rashid Nugmanov,2,0,,1993
Rasmus A. Sivertsen,1,0,,2013
Rasmus Breistein,1,0,,1926
Rasmus Heide,3,0,,2011
Rasmus Heisterberg,1,0,,2016
Rasmus Tirzitis,1,0,,2014
Rasool Mollagholi Poor,1,0,,2006
Rasoul Sadrameli,1,0,,2002
Raul Garcia,1,0,,2015
Raul Inglis,1,0,,2008
Rauni Mollberg,4,0,,1985
Ravi Chopra,1,1,13.9108207377686,2003
Ravi Jadhav,2,0,,2014
Ravi Kapoor,1,0,,2016
Ravi Kumar,1,0,,2013
Ravi Patel,1,0,,2015
Ravi Udyawar,1,0,,2017
Ravikant Nagaich,1,0,,1977
Rawson Marshall Thurber,4,3,19.18233745397203,2016
Ray Argall,1,0,,1990
Ray Ashley,1,0,,1953
Ray Austin,1,0,,1972
Ray Bengston,1,0,,2013
Ray Brady,1,0,,1994
Ray Burdis,1,0,,2013
Ray C. Smallwood,1,0,,1921
Ray Cameron,1,0,,1984
Ray Danton,1,0,,1975
Ray Dennis Steckler,4,0,,1971
Ray Enright,18,0,,1950
Ray Goossens,1,0,,1967
Ray Gower,1,0,,2006
Ray Griggs,1,1,10.340289815953332,2009
Ray Kellogg,2,0,,1959
Ray Laurent,1,0,,1970
Ray Lawrence,3,1,13.400808419543612,2006
Ray Manzarek,1,0,,2012
Ray McKinnon,1,0,,2007
Ray Milland,2,0,,1968
Ray Müller,1,1,13.016351538570497,1993
Ray Nazarro ,4,0,,1958
Ray Patterson,1,0,,1988
Ray Taylor,2,0,,1947
Ray William Johnson,1,0,,2013
Raya Martin,2,0,,2010
Rayhana Obermeyer,1,0,,2016
Raymond Bernard,2,0,,1934
Raymond De Felitta,5,2,13.97663576044203,2014
Raymond Depardon,2,0,,2008
Raymond Jafelice,3,1,14.77409420202868,2001
Raymond Leblanc,1,0,,1972
Raymond Lee Wai-Man,1,0,,1992
Raymond Martino,1,0,,1996
Raymond Saint-Jean,1,0,,1998
Raymond Yip Wai-Man,2,0,,2016
Raúl Arévalo,1,0,,2016
Raúl Campos,2,0,,2016
Raúl Fuentes,1,0,,2012
Raúl Rodríguez Peila,1,0,,2002
Raúl Ruiz,17,0,,2012
Raúl de la Fuente,1,0,,2006
Reb Braddock,1,1,10.812149257245792,1996
Rebecca Cammisa,3,0,,2012
Rebecca Cremona,1,0,,2014
Rebecca Daly,1,0,,2016
Rebecca Johnson,1,0,,2015
Rebecca Miller,5,2,14.250617353346776,2016
Rebecca Parrish,1,0,,2015
Rebecca Richman Cohen,1,0,,2010
Rebecca Thomas,1,0,,2012
Rebecca Zlotowski,3,0,,2016
Reed Cowan,1,0,,2010
Reed Morano,1,0,,2015
Reem Kherici,1,0,,2013
Reema Kagti,1,0,,2012
Reese Eveneshen ,1,0,,2010
Reg Traviss,3,0,,2015
Regan Hall,1,0,,2012
Regardt van den Bergh,1,0,,2006
Reggie Rock Bythewood,3,1,16.97296198377947,2014
Regina Crosby,1,0,,2009
Regina Russell Banali,1,0,,2014
Reginald Barker,2,0,,1915
Reginald Harkema,2,0,,2014
Reginald Hudlin,5,4,17.05782313715664,2002
Reginald Le Borg,13,0,,1963
Reha Erdem,4,0,,2010
Rein Raamat,2,0,,1980
Reinert Kiil,1,0,,2016
Reinhard Klooss,3,0,,2013
Reinhold Schünzel,1,0,,1939
Reinier van Brummelen,1,0,,2016
Reinout Oerlemans,2,0,,2011
Relic,1,0,,2012
Remo D'Souza,2,1,12.310432660854415,2016
Remy van Heugten,1,0,,2015
Renars Vimba,1,0,,2016
Renat Davletyarov,1,1,15.473591004623424,2015
Renata Litvinova,2,1,13.095890030246862,2012
Renato Castellani,3,0,,1969
Renato De Maria,1,0,,2002
Renato Polselli,4,0,,1980
Rene Daalder,1,0,,1976
Rene Martinez Jr.,1,0,,1977
Rene Perez,3,0,,2014
Renee Tajima-Pena,1,0,,1987
Renny Harlin,19,16,16.96603578085626,2016
Renny Rye,1,0,,1999
Renos Haralambidis,2,0,,2000
Renpei Tsukamoto,1,0,,2005
Renzo Arbore,1,0,,1980
Renzo Martens,1,0,,2009
Renzo Martinelli,1,0,,2012
Renzo Merusi,1,0,,1960
René Bonnière,1,0,,1995
René Cardona,1,0,,1959
René Cardona Jr.,1,0,,1985
René Clair,14,0,,1955
René Clément,13,1,9.228965836099349,1972
René Féret,1,0,,2010
René Gainville,1,0,,1979
René Goscinny,4,0,,1978
René Laloux,8,0,,1988
René Manzor,2,0,,2003
René Pinnell,1,0,,2008
René Sampaio,1,0,,2013
René Vilbre,1,0,,2008
René Viénet,1,0,,1973
Reshef Levy,2,1,15.319587954740548,2013
Reto Salimbeni,1,0,,2006
Reuben Atlas,1,0,,2016
Reverge Anselmo,1,1,12.06863649639986,2004
Rex Ingram,4,0,,1926
Rex Piano,1,0,,2007
Reynaldo Villalobos,1,0,,1991
Reynir Lyngdal,1,0,,2012
Reza Bagher,1,1,17.14771506813948,2004
Rezo Chkheidze,1,0,,1964
Rezo Gigineishvili,2,0,,2017
Rhian Skirving,1,0,,2008
Rhys Davies,1,0,,2010
Rhys Thomas,2,0,,2015
Riad Sattouf,2,0,,2014
Rian Johnson,3,3,16.12459992822087,2012
Ribhu Dasgupta,1,1,15.38779515470548,2016
Ric Burns,2,0,,2014
Ric Esther Bienstock,1,0,,2013
Ric Klass,1,0,,2012
Ric Roman Waugh,4,1,17.575092201847937,2017
Ricardo Curtis,1,0,,2016
Ricardo Darín,1,0,,2007
Ricardo Herrera,1,0,,2017
Ricardo Larraín,1,0,,2008
Ricardo Maldonado,2,0,,2015
Ricardo Trogi,3,0,,2015
Ricardo de Montreuil,3,1,14.692596736554576,2017
Riccardo Donna,1,0,,2009
Riccardo Freda,10,0,,1981
Riccardo Milani,4,1,16.06680235657077,2017
Riccardo Paoletti,1,0,,2013
Rich Christiano,3,0,,2014
Rich Correll,2,1,15.95956557890975,2008
Rich Cowan,1,0,,2011
Rich Fox,1,0,,2016
Rich Moore,1,1,19.970841765098108,2012
Rich Murray,1,1,11.16434623356714,2001
Rich Thorne,1,0,,2006
Rich Wilkes,1,0,,1995
Richard A. Colla,6,1,18.896925469476972,1997
Richard Ashe,1,0,,1976
Richard Attenborough,11,3,17.46007738698405,2007
Richard Ayoade,2,2,12.939095538200124,2014
Richard Bartlett,1,0,,1957
Richard Bates Jr.,3,0,,2016
Richard Bell,1,0,,2005
Richard Benjamin,15,9,16.285042803142773,2004
Richard Benner,1,0,,1977
Richard Berge,1,0,,2006
Richard Berry,3,0,,2010
Richard Blackburn,1,0,,1973
Richard Boden,1,0,,1988
Richard Boleslawski,7,1,13.928839243271277,1936
Richard Bracewell,1,0,,2015
Richard Brander,1,0,,1981
Richard Brandes,1,0,,2006
Richard Brooks,21,4,16.537416752772202,1982
Richard C. Bennett,1,0,,1978
Richard C. Kahn,2,0,,1939
Richard C. Parish,1,0,,1964
Richard C. Sarafian,10,1,18.095868548074293,1990
Richard Chase,1,0,,1983
Richard Ciupka,2,1,13.234437704904842,1999
Richard Clabaugh,2,0,,2009
Richard Claus,1,0,,2006
Richard Compton,4,0,,1993
Richard Condie,1,0,,1985
Richard Crudo,1,0,,2009
Richard Curson Smith,1,0,,2012
Richard Curtis,4,3,18.335911376413257,2017
Richard Dale,2,0,,2009
Richard Danto,3,0,,2004
Richard Day,2,0,,2004
Richard De Aragues,1,0,,2011
Richard Dembo,1,0,,1984
Richard Desjardins,1,0,,2007
Richard Donner,18,14,18.131829678238194,2006
Richard Dutcher,3,1,13.655583560623962,2009
Richard E. Cunha,1,0,,1958
Richard E. Grant,1,0,,2005
Richard Elfman,2,0,,1998
Richard Eyre,6,3,15.076529492786749,2015
Richard Fleischer,35,8,16.450250991504312,1987
Richard Franklin,6,2,14.437947955787454,1991
Richard Friedenberg,4,0,,2005
Richard Friedman,2,0,,2003
Richard Gabai,11,2,11.12428509302774,2014
Richard Gale,1,0,,2008
Richard Glatzer,5,1,17.597075204160348,2014
Richard Goldgewicht,1,0,,2012
Richard Gray,3,0,,2016
Richard Greenberg,2,1,13.58455532475604,2002
Richard Griffin,1,0,,2005
Richard Hankin,1,0,,2012
Richard Harrah,1,0,,2009
Richard Hawkins,1,0,,2004
Richard Hobert,3,0,,2011
Richard Holm,6,0,,2013
Richard Howard,1,0,,1998
Richard Irving,1,0,,1973
Richard J. Lewis,2,1,15.950185863922648,2010
Richard Jefferies,1,0,,1982
Richard Jobson,2,0,,2008
Richard Kelly,3,3,14.737002839849135,2009
Richard Kern,2,0,,1985
Richard Kwietniowski,2,0,,2003
Richard L. Bare,4,0,,1957
Richard LaGravenese,5,4,17.67190607196418,2014
Richard Lang,2,0,,1987
Richard Laxton,5,0,,2015
Richard LeMay,1,0,,2013
Richard Ledes,1,0,,2008
Richard Lester,19,3,17.844768427075454,1989
Richard Levine,1,1,9.798127036878302,2010
Richard Linklater,18,15,15.939574715590254,2016
Richard Loncraine,12,5,16.025705030402648,2014
Richard Lowenstein,2,0,,2001
Richard Mans,1,0,,2011
Richard Marquand,5,3,17.36608414163302,1985
Richard Martin,3,1,16.140259801387984,2008
Richard Mears,1,0,,2015
Richard Meech,1,0,,2010
Richard Moore,1,0,,1978
Richard Murphy,1,0,,1960
Richard Oswald,2,0,,1919
Richard Parry,1,0,,2012
Richard Pearce,7,1,16.325427168356423,2006
Richard Pepin,2,0,,1995
Richard Press,1,1,14.107918943780142,2010
Richard Pryor,2,0,,1986
Richard Quine,15,0,,1979
Richard Raaphorst,1,0,,2013
Richard Ramsey,1,1,13.825084580398547,2014
Richard Ray Perez,1,0,,2002
Richard Raymond,1,0,,2014
Richard Rich,8,3,14.636785782686601,2014
Richard Robbins,2,0,,2013
Richard Robinson,1,0,,1975
Richard Roxburgh,1,0,,2007
Richard Rush,7,2,16.600362624205296,1994
Richard Sale,3,0,,1957
Richard Schenkman,5,0,,2013
Richard Schickel,5,0,,2003
Richard Schlansker,1,0,,2015
Richard Sears,2,0,,2017
Richard Shepard,7,2,14.91718553095371,2013
Richard Speight Jr.,1,0,,2000
Richard Spence,2,0,,1999
Richard Stanley,5,1,15.56104334948204,2002
Richard T. Heffron,7,0,,1984
Richard Talmadge,1,0,,1953
Richard Tanne,1,0,,2016
Richard Temtchine,1,0,,2009
Richard Thorpe,40,0,,1967
Richard Trank,1,0,,2010
Richard Tuggle,2,2,16.56715765213356,1986
Richard Van Vleet,1,0,,2008
Richard Viktorov,3,0,,1980
Richard W. Bean,1,0,,2002
Richard W. Haines,3,0,,1989
Richard W. Munchkin,3,0,,1995
Richard Wallace,11,0,,1949
Richard Wenk,3,1,15.382234270118756,2002
Richard Wherrett,1,0,,1995
Richard Whorf,3,0,,1950
Richard Williams,2,0,,2015
Richard Wilson,4,0,,1964
Richard Yeung Kuen,1,0,,1983
Richie Adams,1,0,,2016
Richie Keen,1,0,,2017
Richie Mehta,3,0,,2013
Richie Smyth,1,0,,2016
Rick Alverson,4,0,,2015
Rick Avery,1,0,,1995
Rick Beyer,1,0,,2013
Rick Bieber,1,0,,2008
Rick Bota,4,0,,2016
Rick Ernst,1,0,,2006
Rick Famuyiwa,5,4,16.936482956946172,2016
Rick Friedberg,1,0,,1996
Rick Harper,1,0,,2016
Rick Hauser,1,0,,1979
Rick Jacobson,1,1,12.203248661839073,2009
Rick King,3,0,,1996
Rick Minnich,1,0,,2005
Rick Morales,3,0,,2016
Rick Moranis,1,0,,1983
Rick Ostermann,1,0,,2013
Rick Popko,1,0,,2003
Rick Ray,2,0,,2012
Rick Reinert,2,1,16.300417207752275,1983
Rick Roessler,1,0,,1987
Rick Rosenthal,7,4,16.283111193331624,2005
Rick Rowley,2,0,,2013
Rick Sloane,1,0,,1988
Rick Stevenson,2,0,,2001
Rick de Oliveira,1,0,,2003
Rickard Petrelius,2,0,,2013
Ricki Stern,5,0,,2016
Ricky Blitt,1,0,,2014
Ricky Gervais,5,1,17.278517521844996,2016
Ricky Lau,2,0,,1986
Ricky Rijneke,1,0,,2013
Ricky Schroder,1,0,,2004
Ricky Tognazzi,3,0,,2010
Ricky Wood,1,0,,2012
Ridley Scott,24,23,18.305356502520972,2017
Rigoberto Castañeda,1,0,,2006
Rigoberto Pérezcano,1,0,,2014
Rik Swartzwelder,1,0,,2014
Riki Lindhome,1,0,,2016
Riki Okamura,1,0,,2005
Riley Stearns,1,0,,2014
Riley Thomson,1,0,,1941
Ringan Ledwidge,1,0,,2006
Ringo Lam,5,1,17.761016365404696,2015
Rino Di Silvestro,3,0,,1976
Rintaro,4,1,18.377661984142456,2001
Rip Torn,1,0,,1988
Riri Riza,2,0,,2009
Risa Bramon Garcia,1,1,15.74011681052538,1999
Risto Jarva,7,0,,1977
Risto Orko,1,0,,1980
Rita Merson,1,0,,2014
Ritesh Batra,2,1,15.258929540686497,2017
Rithy Panh,2,1,10.862147880776792,2014
Riton Liebman,1,0,,2013
Ritu Sarin,1,0,,2013
Rituparno Ghosh,1,0,,2004
Ritwik Ghatak,5,0,,1974
Riyad Barmania,1,0,,2013
Roar Uthaug,3,1,16.3785460081501,2015
Rob Ashford,1,0,,2014
Rob Baard,1,0,,2014
Rob Bowman,4,4,17.338084701394333,2005
Rob Bruce,1,0,,2013
Rob Burke,1,0,,2014
Rob Burnett,1,0,,2016
Rob Cohen,11,10,18.434865270256957,2015
Rob Connolly,1,0,,2016
Rob Cowan,1,0,,2009
Rob Diamond,1,0,,2010
Rob Dipple,1,0,,2014
Rob Epstein,9,2,13.80454319660571,2014
Rob Gibbs,1,0,,2011
Rob Grant,1,0,,2013
Rob Green,1,0,,2001
Rob Hardy,3,1,13.96416157088095,2005
Rob Hedden,2,1,16.454567887579532,2011
Rob Heydon,1,0,,2011
Rob Hodselmans,1,0,,2007
Rob Kuhns,1,0,,2013
Rob LaDuca,1,0,,2000
Rob Lemkin,1,0,,2009
Rob Letterman,2,2,19.082159815094272,2015
Rob Marshall,6,5,19.238360862487674,2014
Rob McKittrick,1,1,16.7406964325035,2005
Rob McLellan,1,0,,2013
Rob Meltzer,1,0,,2013
Rob Meyer,1,0,,2013
Rob Minkoff,6,6,18.42396692922932,2014
Rob Moretti,1,0,,2013
Rob Morrow,1,0,,2000
Rob Pearlstein,1,0,,2014
Rob Pritts,1,1,16.992664066477452,2001
Rob Reiner,19,15,16.631985399961113,2015
Rob Schmidt,2,1,17.170684070731653,2008
Rob Schneider,2,0,,2010
Rob Sitch,3,1,13.666765740100052,2012
Rob Spera,4,0,,2016
Rob Stefaniuk,1,0,,2009
Rob Stewart,2,0,,2013
Rob Thomas,1,1,15.064015043406602,2014
Rob VanAlkemade,1,0,,2007
Rob Walker,1,0,,2000
Rob Weiss,1,0,,1993
Rob Williams,7,0,,2016
Rob Zombie,8,5,15.97299609277008,2016
Robb Moss,1,0,,2003
Robb Wells,1,0,,2014
Robbe De Hert,2,0,,1997
Robbie Bryan,1,0,,2008
Robbie Cavolina,1,0,,2007
Robbie Pickering,2,2,11.045023034465263,2015
Robbins Barstow,1,0,,1956
Robby Grewal,1,0,,2007
Robby Henson,4,0,,2008
Robert A. Endelson,1,0,,1977
Robert A. Masciantonio,1,0,,2009
Robert Abel,1,0,,1973
Robert Adetuyi,1,0,,2000
Robert Alan Aurthur,1,0,,1969
Robert Aldrich,29,3,17.08539799260828,1981
Robert Allan Ackerman,3,0,,2008
Robert Allen Schnitzer,2,0,,1976
Robert Altman,37,8,16.21926941529327,2006
Robert Alton,1,0,,1950
Robert Amram,1,0,,1979
Robert Asher,1,0,,1960
Robert B. Weide,4,2,13.317115899518328,2011
Robert Baca,1,0,,2008
Robert Barry Ptolemy,1,0,,2009
Robert Benton,11,3,16.53177307222906,2007
Robert Berger,1,0,,2014
Robert Berlinger,1,0,,2007
Robert Bierman,2,1,13.494107607169576,1997
Robert Boris,3,0,,2001
Robert Bralver,1,0,,2011
Robert Bresson,12,1,10.581216480367694,1983
Robert Brinkmann,1,0,,2006
Robert Budreau,1,1,13.629336389382829,2015
Robert Butler,9,1,16.25490436728583,1997
Robert C. Cooper,1,1,16.00156183470237,2008
Robert C. Dertano,1,0,,1951
Robert C. Ramirez,2,0,,2004
Robert Cannan,2,0,,2016
Robert Capelli Jr.,1,0,,2003
Robert Carl Cohen,1,0,,1967
Robert Carlyle,1,0,,2015
Robert Cary,3,0,,2007
Robert Celestino,2,0,,2011
Robert Clarke,1,0,,1958
Robert Clouse,8,2,16.938325162768994,1990
Robert Cohen,1,0,,2015
Robert Collector,1,0,,1985
Robert Connolly,4,0,,2014
Robert Conway,4,0,,2017
Robert Cooley,1,0,,2013
Robert Cormack,1,0,,1946
Robert Crombie,1,0,,2008
Robert Cuffley,3,0,,2016
Robert Culp,1,0,,1972
Robert D. Siegel,1,1,12.35764285595108,2009
Robert D. Webb,4,1,16.012735135300492,1956
Robert Dalva,1,1,16.0978929436408,1983
Robert Davi,1,0,,2007
Robert Day,12,0,,1987
Robert De Niro,2,2,17.28692365914143,2006
Robert DeFranco,1,0,,1998
Robert Denny,1,0,,1989
Robert Deubel,1,0,,1982
Robert Dornhelm,5,0,,2007
Robert Downey Sr.,5,0,,1997
Robert Drew,3,0,,1964
Robert Duvall,3,0,,2015
Robert Dyke,3,0,,2017
Robert Edwards,2,0,,2016
Robert Eggers,1,1,17.51493286537508,2016
Robert Ellis Miller,7,0,,1989
Robert Emmett Tansey,2,0,,1943
Robert Englund,2,1,14.899319482171585,2008
Robert Enrico,7,0,,1993
Robert Erickson,1,0,,1997
Robert Ethan Gunnerson,1,0,,2006
Robert F. Hill,3,0,,1933
Robert F. McGowan,2,0,,1929
Robert F. Slatzer,2,0,,1970
Robert Fantinatto,1,0,,2014
Robert Favreau,1,0,,2006
Robert Florey,13,0,,1949
Robert Fortier,1,0,,1981
Robert Fowler,1,0,,1980
Robert Frank,2,0,,1972
Robert Freeman,1,0,,1982
Robert Fuest,6,0,,1980
Robert G. Vignola,1,0,,1921
Robert Gardner,5,0,,1986
Robert Gist,1,0,,1966
Robert Gliński,1,0,,2001
Robert Gordon,3,0,,2015
Robert Greene,3,0,,2016
Robert Greenwald,10,3,13.814086109132246,2012
Robert Guenette,1,0,,1981
Robert Guédiguian,5,0,,2011
Robert H. Gardner,1,0,,2014
Robert H. Gwinn,1,0,,2010
Robert H. Lieberman,1,0,,2012
Robert Hall,4,0,,2014
Robert Hamer,3,0,,1959
Robert Hammer,1,0,,1980
Robert Harling,1,0,,1996
Robert Harmon,16,2,14.203049363506093,2015
Robert Hartford-Davis,5,0,,1974
Robert Hasfogel,1,0,,2012
Robert Heath,1,0,,2012
Robert Hiltzik,2,0,,2008
Robert Hossein,1,0,,1969
Robert Houston,2,0,,1984
Robert Hutton,1,0,,1963
Robert Iscove,10,3,16.901082736978356,2015
Robert J. Flaherty,6,0,,1948
Robert J. Gurney Jr.,2,0,,1958
Robert J. Rosenthal,2,0,,1982
Robert J. Siegel,1,0,,2000
Robert Jan Westdijk,2,0,,2003
Robert Kane Pappas,1,0,,2003
Robert Kaylor,2,0,,1990
Robert Kenner,3,1,12.167331817213745,2016
Robert Kirbyson,2,0,,2017
Robert Kirk,1,0,,1988
Robert Kiviat,1,0,,2014
Robert Klane,2,0,,1993
Robert Kouba,1,0,,2016
Robert Krakower,1,0,,2005
Robert Kramer,4,0,,1977
Robert Krause,1,0,,2006
Robert Kubilos,1,0,,1999
Robert Kurtzman,3,1,16.570387663969683,2007
Robert L. Collins,2,0,,1992
Robert L. Levy,1,0,,1998
Robert L. Lippert,1,0,,1948
Robert Lamoureux,2,0,,1977
Robert Leacock,1,0,,1995
Robert Lee,1,0,,1995
Robert Lee King,2,0,,2000
Robert Legato,1,0,,2017
Robert Lepage,4,0,,2003
Robert Lewis,1,0,,1956
Robert Lieberman,11,4,16.241187532629887,2011
Robert Lillhonga,1,0,,2007
Robert Longo,1,1,16.76392688016294,1995
Robert Lorenz,1,0,,2012
Robert Luketic,7,7,18.045325592022433,2013
Robert Lynn,1,0,,1964
Robert Löbel,1,0,,2013
Robert M. Young,9,0,,1996
Robert Malenfant,2,0,,2013
Robert Mandel,8,3,15.807746424184835,2002
Robert Manganelli,1,0,,2001
Robert Mann,1,0,,2006
Robert Marcarelli,3,1,14.690979295318174,2003
Robert Markowitz,8,0,,2006
Robert Martin Carroll,1,0,,1990
Robert May,1,0,,2014
Robert McCallum,1,0,,2015
Robert McKimson,2,0,,1954
Robert Mearns,1,0,,2015
Robert Meyer Burnett,1,0,,1998
Robert Michaels,1,0,,2008
Robert Mond,1,0,,2015
Robert Montgomery,3,0,,1960
Robert Moore,3,0,,1979
Robert Moresco,1,1,11.873748792455272,2006
Robert Mugge,2,0,,1992
Robert Mullan,1,0,,2013
Robert Mulligan,19,3,16.004836800788084,1991
Robert N. Bradbury,13,0,,1935
Robert Nathan,1,0,,2014
Robert Nelson,1,0,,1965
Robert Nixon,1,0,,2014
Robert O'Hara,1,0,,2011
Robert Olsen,2,0,,2016
Robert Oppel,1,0,,2010
Robert Parigi,1,0,,2003
Robert Parrish,11,0,,1974
Robert Patton-Spruill,2,1,9.239899174217728,1998
Robert Pirosh,2,0,,1954
Robert Pratten,1,0,,2004
Robert Radler,3,1,15.687312734865866,2001
Robert Redford,9,6,17.57224158162656,2012
Robert Resnikoff,1,1,16.92565106782891,1990
Robert Riskin,1,0,,1937
Robert Rodriguez,17,15,17.64873303085993,2014
Robert Rossen,9,1,15.84365880525656,1964
Robert Rugan,1,0,,2014
Robert S. Baker,1,0,,1961
Robert S. Fiveson,1,0,,1979
Robert Sahakyants,2,0,,1984
Robert Saitzyk,1,0,,2009
Robert Salis,1,0,,2004
Robert Sarkies,3,0,,2012
Robert Scheerer,2,0,,1980
Robert Schmidt,1,1,10.180891990576775,2000
Robert Schwartzman,1,0,,2016
Robert Schwentke,7,6,18.698226805018592,2016
Robert Scott,1,0,,1987
Robert Shallcross,1,0,,2003
Robert Shaye,2,1,17.122303885832572,2007
Robert Sigl,1,0,,2010
Robert Siodmak,15,0,,1957
Robert Smithson,1,0,,1970
Robert Sparks,1,0,,1941
Robert Sparr,1,0,,1969
Robert Stevenhagen,1,1,17.744924363000397,2008
Robert Stevens,1,0,,1962
Robert Stevenson,29,2,17.57173243397437,1976
Robert Stone,5,0,,2013
Robert Stromberg,1,1,20.4469058075856,2014
Robert Taleghany,1,0,,2013
Robert Taylor,1,0,,1974
Robert Thalheim,2,0,,2013
Robert Tinnell,2,0,,1998
Robert Totten,1,0,,1979
Robert Towne,4,1,13.563739882761425,2006
Robert Townsend,9,2,16.76641171681495,2013
Robert Uth,1,0,,2000
Robert Valley,1,0,,2016
Robert Vernay,1,0,,1954
Robert Vernon,1,0,,2001
Robert Veze,1,0,,1991
Robert Vince,15,0,,2015
Robert Vincent O'Neill,3,0,,1985
Robert Voskanian,1,0,,1977
Robert Wiene,2,0,,1924
Robert Wilde,1,0,,2012
Robert Wise,36,6,17.141135540598224,2000
Robert Wuhl,1,0,,1996
Robert Young,4,1,14.978661367769956,2001
Robert Youngson,1,0,,1957
Robert Z. Leonard,27,0,,1954
Robert Zemeckis,19,17,19.022029338828045,2016
Robert-Adrian Pejo,1,0,,2005
Roberta Findlay,1,0,,1988
Roberta Grossman,1,0,,2012
Roberta Marques,1,0,,2012
Roberto Andò,2,1,10.781557071590086,2016
Roberto Benabib,1,0,,1997
Roberto Benigni,6,2,18.39395585221414,2005
Roberto Berliner,1,0,,2016
Roberto Bianchi Montero,4,0,,1972
Roberto Castón,1,0,,2014
Roberto Catani,1,0,,2013
Roberto Doveris,1,0,,2017
Roberto Faenza,5,0,,2011
Roberto Fiesco,1,0,,2015
Roberto Gavaldón,2,0,,1973
Roberto Girault,1,1,12.0435537160324,2010
Roberto Hernández,1,0,,2008
Roberto Infascelli,1,0,,1973
Roberto Malenotti,1,0,,1984
Roberto Minervini,2,0,,2015
Roberto Orazi,1,0,,2009
Roberto Rossellini,21,0,,1975
Roberto Santucci,5,1,14.330093115607973,2015
Roberto Sneider,3,0,,2016
Roberts Gannaway,2,1,18.8338877196503,2014
Robin Blazak,1,0,,2011
Robin Budd,1,1,18.514741798469892,2002
Robin Campillo,2,0,,2013
Robin Dunne,1,0,,2016
Robin Hardy,2,0,,2011
Robin Hessman,1,0,,2010
Robin Nations,1,0,,2011
Robin Pront,1,0,,2015
Robin Schiff,1,0,,2005
Robin Sheppard,1,0,,2007
Robin Swicord,2,0,,2016
Robinson Devor,2,0,,2007
Rocco DeVilliers,1,0,,2008
Rocco Papaleo,2,0,,2013
Rocco Urbisci,9,0,,2008
Rocio Cano,1,0,,2009
Rock Baijnauth,1,0,,2015
Rockne S. O'Bannon,1,0,,1990
Rocky Lang,1,0,,1992
Rod Amateau,3,0,,1987
Rod Blackhurst,2,0,,2016
Rod Daniel,8,4,17.582510463784608,2002
Rod Hardy,7,1,10.74664829541356,2007
Rod Holcomb,4,0,,2010
Rod Lurie,7,3,15.140722028864872,2016
Roddy McDowall,1,0,,1970
Rodger Grossman,1,0,,2008
Rodman Flender,4,3,14.06317497675826,2011
Rodney Ascher,3,2,9.563872936973418,2015
Rodney Bennett,2,0,,1981
Rodney Gibbons,8,0,,2002
Rodney McDonald,2,0,,2000
Rodolphe Marconi,2,0,,2007
Rodrigo Aragão,1,0,,2008
Rodrigo Bellott,1,0,,2003
Rodrigo Blaas,1,0,,2009
Rodrigo Cortés,3,2,16.59496325636283,2012
Rodrigo García,7,2,15.026567460000315,2016
Rodrigo Grande,1,0,,2016
Rodrigo Gudiño,1,0,,2012
Rodrigo Moreno,1,0,,2007
Rodrigo Plá,3,0,,2016
Rodrigo Sorogoyen,2,0,,2016
Rodrigue Jean,1,0,,2014
Rody Claude,1,0,,2015
Roel Mondelaers,1,0,,2014
Roel Reiné,15,0,,2016
Roeland Kerbosch,1,0,,1992
Rogelio A. González,1,0,,1969
Roger Allers,3,1,20.485315423096832,2014
Roger Avary,2,1,12.945533115813229,2002
Roger Cardinal,2,0,,1999
Roger Christian,8,2,15.049450709990882,2013
Roger Corman,35,4,14.23871954452384,1990
Roger Delattre,1,0,,2009
Roger Donaldson,17,11,17.672465436276187,2017
Roger Duchowny,1,0,,1990
Roger Gnoan M'Bala,1,0,,2000
Roger Goldby,1,0,,2007
Roger Gual,2,0,,2016
Roger Hedden,1,0,,1998
Roger Holzberg,1,1,14.099185362030282,1988
Roger Kay,1,0,,1962
Roger Kumble,6,5,17.892505328528664,2010
Roger Mainwood,1,0,,2016
Roger Melvin,2,0,,2015
Roger Michell,12,7,16.465959615162184,2017
Roger Nygard,4,0,,2010
Roger Ross Williams,2,0,,2016
Roger Roth,1,0,,2013
Roger Spottiswoode,19,8,16.976931103419957,2016
Roger Vadim,10,1,14.73180128983843,1988
Roger Watkins,1,0,,1973
Roger Young,10,2,15.647376534034061,2013
Rogério Sganzerla,1,0,,1968
Rohan Sippy,2,1,15.780253957058392,2011
Rohit Colin Rao,1,0,,2012
Rohit Dhawan,2,0,,2016
Rohit Shetty,9,3,17.63492494133902,2015
Rok Biček,1,0,,2013
Rokhsareh Ghaem Maghami,1,0,,2015
Roko Belic,2,0,,2011
Rokuro Mochizuki,1,0,,1997
Rolan Bykov,2,0,,1984
Roland Emmerich,16,11,18.740619709524285,2016
Roland Joffé,12,5,16.29257794940084,2015
Roland Mesa,1,0,,1992
Roland Reber,1,0,,2011
Roland Suso Richter,4,0,,2006
Roland Vranik,1,0,,2017
Roland West,4,0,,1930
Roland af Hällström,1,0,,1952
Rolando Colla,1,0,,2011
Rolando Ravello,2,0,,2014
Rolf Hädrich,1,0,,1963
Rolf Lyssy,1,0,,1978
Rolf Olsen,2,0,,1976
Rolf Schübel,1,1,13.280399072207004,1999
Rolf Silber,1,0,,1996
Rolf de Heer,10,2,12.611537753638338,2013
Rolfe Kanefsky,6,0,,2016
Rollin Binzer,1,0,,1973
Romain Basset,1,0,,2014
Romain Gavras,1,0,,2010
Romain Goupil,1,0,,2010
Romain Lévy,1,0,,2012
Roman Balayan,1,0,,1982
Roman Cheung,1,0,,1993
Roman Coppola,2,0,,2012
Roman Davydov,2,0,,1973
Roman Kachanov,6,0,,2007
Roman Karimov,4,1,15.380255242313453,2017
Roman Polanski,21,11,16.52791637926474,2013
Roman Prygunov,3,1,16.397164233586643,2015
Roman Volobuev,1,0,,2017
Roman Vávra,1,0,,2010
Roman Zaluski,2,0,,1988
Roman Załuski,1,0,,1982
Romano Scavolini,4,0,,1987
Romolo Guerrieri,8,0,,1978
Romuald Karmakar,1,0,,1995
Ron Carlson,1,0,,2009
Ron Casden,1,1,13.804449610604848,1987
Ron Chapman,1,0,,2013
Ron Clements,7,7,19.181671221737332,2016
Ron Daniels,1,0,,2009
Ron Davis,3,0,,2015
Ron Dorfman,1,0,,1970
Ron Frank,1,0,,2013
Ron Fricke,3,0,,2011
Ron Howard,26,19,18.722409775609833,2016
Ron Joy,1,0,,1971
Ron Judkins,1,0,,2000
Ron Krauss,2,1,14.122929079051888,2013
Ron Lagomarsino,1,0,,2007
Ron Link,1,0,,1987
Ron Mann,4,0,,2014
Ron Morales,1,0,,2012
Ron Nyswaner,1,0,,2012
Ron Oliver,15,0,,2016
Ron Ormond,1,0,,1971
Ron Satlof,7,0,,1991
Ron Satloff,1,0,,1990
Ron Scalpello,2,0,,2015
Ron Senkowski,1,0,,1999
Ron Shelton,8,8,16.774648691458122,2003
Ron Silver,1,0,,1993
Ron Underwood,11,4,17.275522652721968,2011
Ron Winston,1,0,,1967
Rona Mark,1,0,,2007
Ronald Bronstein,1,0,,2007
Ronald F. Maxwell,7,2,16.70448901835975,2013
Ronald Neame,17,1,18.25300877207257,1981
Ronald V. Ashcroft,1,0,,1958
Roni Ezra,1,0,,2015
Ronit Elkabetz,1,0,,2014
Ronna Gradus,2,0,,2015
Ronnie Khalil,1,0,,2012
Ronnie Sandahl,1,0,,2014
Ronnie Thompson,3,0,,2017
Ronnie del Carmen,1,0,,2009
Ronny Yu,9,4,17.12810149156138,2013
Rory B. Quintos,1,0,,2000
Rory Kelly,2,1,11.991702990767326,1998
Rory Kennedy,3,0,,2014
Rory Rooney,1,0,,2016
Rosa Karo,1,0,,2011
Rosa von Praunheim,1,0,,2009
Rosane Svartman,1,0,,2005
Rosanna Arquette,1,0,,2002
Rosario Roveto Jr.,1,1,12.906207852857744,1999
Roschdy Zem,3,0,,2016
Roscoe 'Fatty' Arbuckle,8,0,,1927
Rose Bosch,2,0,,2014
Rose Troche,3,0,,2002
Roselyne Bosch,1,0,,2010
Rosemary Myers,1,0,,2016
Rosemary Rodriguez,2,0,,2010
Rospo Pallenberg,1,0,,1989
Ross Ashcroft,1,0,,2012
Ross Duffer,1,0,,2015
Ross Kagan Marks,2,0,,1996
Ross Katz,3,2,14.171512392071765,2016
Ross Kauffman,1,0,,2014
Ross McElwee,3,0,,2011
Ross Partridge,1,0,,2016
Ross Patterson,1,0,,2016
Ross Wilson,2,0,,2014
Rossano Brazzi,1,0,,1966
Rosser Goodman,1,0,,2007
Rosshan Andrrews,1,0,,2013
Rotimi Rainwater,1,0,,2013
Rouben Mamoulian,14,1,14.774860779298876,1957
Rowan Athale,1,0,,2012
Rowan Joffe,2,1,16.552935337220074,2014
Rowan Woods,3,0,,2008
Rowdy Herrington,7,1,17.218374150725424,2004
Rowland Brown,1,0,,1932
Rowland V. Lee,8,0,,1945
Roxanne Meadows,1,0,,2015
Roxy Shih,1,0,,2016
Roy Allen Smith,4,0,,2007
Roy Andersson,10,0,,2014
Roy Boulting,8,0,,1985
Roy Burdine,1,0,,2009
Roy Chow Hin-Yeung,3,0,,2014
Roy Del Ruth,31,0,,1959
Roy Frumkes,1,0,,1985
Roy Huggins,1,0,,1952
Roy Knyrim,2,0,,2008
Roy London,1,1,10.367693155666892,1991
Roy Rowland,14,0,,1957
Roy T. Wood,1,0,,2006
Roy Ward Baker,22,0,,1984
Roy William Neill,13,0,,1946
Royston Tan,1,0,,2003
Ruairi Robinson,2,1,10.08930299858434,2013
Ruba Nadda,4,0,,2014
Ruben Alves,1,0,,2013
Ruben Fleischer,3,3,18.14455958444997,2013
Ruben Smit,1,0,,2013
Ruben Östlund,4,1,14.12262533635859,2014
Ruby LaRocca,1,0,,2015
Rubén Mendoza,1,0,,2010
Rucha Humnabadkar,1,0,,2017
Rudi Lagemann,1,0,,2006
Rudi Rosenberg,1,0,,2015
Rudi Van den Bossche,1,0,,2004
Rudolf Ising,1,0,,1933
Rudolf Schündler,1,0,,1958
Rudolf Thome,1,0,,1970
Rudolf van den Berg,1,0,,1996
Rudolph Maté,16,0,,1962
Rudy De Luca,1,0,,1985
Rudy Poe,1,0,,1989
Rudy Soedjarwo,1,0,,2002
Ruedi Gerber,1,0,,2002
Rufus Norris,2,0,,2015
Ruggero Deodato,8,1,12.830753601614568,1987
Rumi Jaffery,1,0,,2008
Rumle Hammerich,3,0,,2009
Run Wrake,1,0,,2005
Rune Denstad Langlo,2,0,,2016
Rune Schjøtt,1,0,,2011
Rupert Edwards,2,0,,1994
Rupert Glasson,1,0,,2009
Rupert Goold,3,1,15.367254736829796,2017
Rupert Harvey,1,0,,1992
Rupert Hughes,1,0,,1923
Rupert Julian,2,0,,1925
Rupert Murray,2,0,,2009
Rupert Sanders,2,2,19.374290959568636,2017
Rupert Wainwright,3,2,17.688444603258375,2005
Rupert Wyatt,3,2,18.739344125748286,2014
Ruslan Baltzer,1,1,13.458835614025542,2003
Russ Hexter,1,0,,1995
Russ Mayberry,1,0,,1979
Russ Meyer,15,2,16.55583001963527,1979
Russ Parr,2,0,,2011
Russell Barnes,2,0,,2007
Russell Crowe,1,1,16.557641554677012,2014
Russell DeGrazier,1,0,,2001
Russell Holt,1,1,15.023768268951486,2004
Russell Howard,1,0,,2008
Russell Leigh Sharman,1,0,,2012
Russell Mulcahy,19,6,15.581849292595763,2009
Russell P. Marleau,1,0,,2006
Russell Rouse,7,0,,1966
Russell Solberg,1,0,,1994
Russell Thomas,2,0,,2008
Rustam Branaman,2,0,,2015
Rusty Cundieff,3,2,16.06894325135606,1997
Ruth Ann Baldwin,1,0,,1917
Ruth Platt,1,0,,2015
Ruud van Hemert,2,0,,2001
Ruxandra Zenide,1,0,,2005
Ruy Guerra,3,0,,1983
Ry Russo-Young,3,2,13.12354028549427,2017
Ryan Andrews,1,0,,2012
Ryan Barton-Grimley,1,0,,2010
Ryan Combs,1,0,,2010
Ryan Coogler,2,2,17.821621830975392,2015
Ryan Craig,1,0,,2010
Ryan Darst,1,0,,2012
Ryan Eslinger,1,0,,2007
Ryan Ferguson,1,0,,2016
Ryan Fleck,4,3,14.290847509383694,2015
Ryan Gosling,1,1,10.72394997039761,2015
Ryan Lacen,1,0,,2016
Ryan Larkin,1,0,,1966
Ryan Lee Driscoll,1,0,,2012
Ryan Little,7,0,,2015
Ryan M. Kennedy,1,0,,2015
Ryan McGarry,1,0,,2014
Ryan McKinney,1,0,,2010
Ryan Mitchelle,1,0,,2012
Ryan Murdock,1,0,,2014
Ryan Murphy,4,2,17.43115829653936,2014
Ryan Nicholson,1,0,,2008
Ryan Page,1,0,,2010
Ryan Perez,1,0,,2013
Ryan Phillippe,1,0,,2014
Ryan Piers Williams,2,1,9.392661928770137,2014
Ryan Polito,21,0,,2016
Ryan Redford,1,0,,2011
Ryan Richmond,1,0,,2011
Ryan Sage,2,0,,2016
Ryan Schifrin,1,0,,2006
Ryan Schwartz,1,0,,2016
Ryan Shiraki,2,0,,2009
Ryan Smith,1,0,,2012
Ryan Stevens Harris,1,0,,2010
Ryan Trecartin,1,0,,2007
Ryan White,3,1,11.813318904589096,2017
Ryan Wise,1,0,,2015
Ryo Nishimura,1,0,,2011
Ryoo Seung-jin,1,0,,2008
Ryoo Seung-wan,5,2,15.852487541104084,2015
Ryosuke Hashiguchi,2,0,,2008
Ryota Nakano,1,0,,2016
Ryotaro Muramatsu,1,0,,2006
Ryoutarou Makihara,2,0,,2015
Ryszard Bugajski,4,0,,2013
Ryszard Zatorski,3,0,,2014
Ryuichi Hiroki,3,0,,2014
Ryuichi Takamori,1,0,,1973
Ryuta Miyake,1,0,,2009
Ryuta Tazaki,1,0,,2006
Ryutaro Nakamura,1,0,,1995
Ryû Murakami,1,0,,1992
Ryûhei Kitamura,10,2,13.150935818340969,2014
Régis Roinsard,1,0,,2012
Régis Wargnier,3,0,,2005
Réka Bucsi,1,0,,2014
Rémi Bezançon,3,0,,2012
Rémi Chayé,1,0,,2015
Rémi Lange,1,0,,2001
Rémi Mauger,1,0,,2006
Rémy Duchemin,1,0,,1993
Rúnar Rúnarsson,3,0,,2015
Rüdiger Suchsland,1,0,,2015
Rüdiger Sünner,1,0,,1998
S. Craig Zahler,1,0,,2015
S. J. Surya,2,1,13.122363377404328,2003
S. Lee Pogostin,1,1,14.375126345899696,1969
S. S. Wilson,2,0,,2004
S. Shankar,6,4,16.891181053230802,2015
S. Sylvan Simon,12,0,,1949
S. U. Arunkumar,1,0,,2016
S.F. Brownrigg,2,0,,1975
S.J. Clarkson,1,0,,2010
S.J. Evans,1,0,,2013
S.R. Bindler,2,1,11.1490388651536,2008
S.S. Rajamouli,7,3,18.152542746289523,2017
SABU,10,0,,2015
Saam Farahmand,1,0,,2008
Saara Cantell,5,0,,2016
Sabbir Khan,3,1,16.11809565095832,2016
Sabiha Sumar,1,0,,2003
Sabina Guzzanti,2,0,,2014
Sabine Bernardi,1,0,,2011
Sabine Gisiger,1,0,,2014
Sacha Bennett,3,0,,2014
Sacha Gervasi,2,1,16.975508227555135,2012
Sacha Goedegebure,1,0,,2008
Sacha Guitry,4,0,,1951
Sacha Jenkins,1,0,,2015
Sacha Polak,1,0,,2015
Sacha Wolff,1,0,,2016
Sachin,1,0,,1988
Sachin Bajaj,1,0,,2006
Sachin Kundalkar,1,0,,2012
Sadao Yamanaka,3,0,,1937
Sadyk Sher-Niyaz,1,0,,2014
Saeed Roustayi,1,0,,2016
Saeed Soheili,1,0,,2012
Safy Nebbou,3,1,14.215978534515417,2016
Sagar Ballary,1,0,,2007
Sai Paranjape,2,0,,1981
Sajid,1,0,,2016
Sajid Khan,4,0,,2013
Sajid Nadiadwala,1,1,17.822843743196746,2014
Sakari Kirjavainen,1,0,,2011
Sakari Rimminen,1,0,,1970
Sakichi Satô,1,0,,2005
Salam Bappu,1,0,,2013
Salamat Mukhammed-Ali,1,0,,2017
Salim Akil,2,2,17.232615508691048,2012
Sally El Hosaini,1,0,,2012
Sally Field,1,0,,2000
Sally George,1,0,,2008
Sally Mattison,1,0,,1990
Sally Potter,6,1,13.821194374432572,2012
Sally Wainwright,1,0,,2016
Salomé Breziner,2,0,,2015
Salvador Calvo,1,0,,2016
Salvador Carrasco,1,0,,1999
Salvador García Ruiz,1,0,,2009
Salvador Litvak,1,0,,2013
Salvador del Solar,1,0,,2015
Salvatore Ficarra,3,0,,2017
Salvatore Mereu,2,0,,2012
Salvatore Samperi,5,0,,1980
Sam Auster,1,0,,1985
Sam Bozzo,1,0,,2008
Sam Cullman,1,0,,2014
Sam Drog,1,0,,2006
Sam Dunn,6,0,,2015
Sam Esmail,1,0,,2014
Sam Fell,1,1,18.489641338918435,2012
Sam Firstenberg,10,2,16.280079462084053,2001
Sam Fischer	,1,0,,2011
Sam Fleischner,1,0,,2014
Sam Friedlander,1,0,,2015
Sam Garbarski,4,0,,2017
Sam George,1,0,,2013
Sam Gorski,1,0,,2010
Sam Green,1,0,,2002
Sam Grossman,1,0,,1977
Sam Henry Kass,1,0,,1994
Sam Hoare,1,0,,2013
Sam Irvin,3,0,,2015
Sam Jaeger,1,0,,2011
Sam Jaimes,2,0,,1990
Sam Jones,2,0,,2014
Sam Kadi,1,0,,2012
Sam Levinson,1,1,12.781809221072834,2011
Sam Liu,8,3,15.284081439046743,2017
Sam Mendes,7,7,19.024248590335667,2015
Sam Miller,3,1,17.801349199963116,2014
Sam Milman,1,0,,2016
Sam Newfield,8,0,,1951
Sam O'Steen,2,0,,1976
Sam Peckinpah,14,8,15.015460810703477,1983
Sam Pillsbury,7,0,,2009
Sam Qualiana,1,0,,2011
Sam Raimi,15,10,18.348520516757745,2013
Sam Seder,1,0,,1997
Sam Shepard,1,0,,1993
Sam Taylor,9,1,13.842889315731822,1935
Sam Taylor-Johnson,2,1,20.162910499611733,2015
Sam Wanamaker,3,1,16.588099280204055,1977
Sam Weisman,6,2,17.409226462927485,2003
Sam Wood,23,0,,1950
Sam Wrench,1,0,,2016
Sam de Jong,1,0,,2015
Samad Davis,1,0,,2007
Samantha Buck,1,0,,2013
Samantha Fuller,1,0,,2013
Samantha Futerman,1,0,,2015
Samantha Grant,1,0,,2014
Samantha Lang,1,0,,2000
Samantha Morton,1,0,,2009
Sameer Malkan,1,0,,1994
Sameer Vidwans,1,0,,2013
Sami Kettunen,1,0,,2011
Sami Saif,1,0,,2004
Samir,1,0,,2005
Samir Patil,1,0,,2014
Samira Goetschel,1,0,,2016
Samira Makhmalbaf,4,0,,2008
Sammo Hung,18,2,15.126674202231113,2016
Sammy Jackson,1,0,,2011
Samuel Armstrong,2,2,16.26185668078353,1941
Samuel Bayer,1,1,18.566200314114266,2010
Samuel Benchetrit,2,0,,2015
Samuel Bradford,1,0,,1988
Samuel Brownfield,2,0,,2016
Samuel Dolhasca,1,0,,2007
Samuel Fuller,21,1,15.790455099937937,1984
Samuel Guillaume,1,0,,2007
Samuel M. Sherman,1,0,,1986
Samuel Maoz,1,0,,2009
Samuli Valkama,3,0,,2017
Samvel Gasparov,1,0,,1981
San Kong,3,0,,1973
Sanaa Hamri,4,3,16.913776126796304,2013
Sande N. Johnsen,1,0,,1966
Sandeep Sawant,1,0,,2004
Sandesh Kohli,1,0,,1994
Sandhya Suri,1,0,,2005
Sandi Simcha Dubowski,1,0,,2001
Sandip Ray,1,0,,1995
Sandor Stern,1,0,,1988
Sandra Goldbacher,3,0,,2008
Sandra Kogut,1,0,,2007
Sandra Nettelbeck,3,0,,2013
Sandra Werneck,1,0,,2001
Sandrine Bonnaire,1,0,,2008
Sandrine Veysset,1,0,,1996
Sandro Aguilar,1,0,,2008
Sandro Cecca,1,0,,2007
Sandy Collora,1,0,,2009
Sandy Tung,5,0,,2007
Sandy Wilson,1,0,,1985
Sang-woo Kim,1,0,,2006
Sang-yong Lee,1,0,,2009
Sangeeth Sivan,4,0,,2013
Sangyoon Lim,1,1,15.8087673808784,2012
Sanjay F. Gupta,1,0,,2005
Sanjay Gadhvi,2,2,16.976575108836713,2006
Sanjay Gupta,4,0,,2017
Sanjay Leela Bhansali,8,3,16.209045974073096,2015
Sanjay Patel,1,0,,2015
Sanjay Rawal,1,0,,2014
Sanna Lenken,1,0,,2015
Sanne Vogel,1,0,,2014
Santi Amodeo,1,1,13.653296287935444,2013
Santiago A. Zannou,2,1,12.90935578327801,2013
Santiago Bou Grasso,1,0,,2008
Santiago Carlos Oves,1,0,,2004
Santiago Mitre,2,0,,2015
Santiago Otheguy,1,0,,2007
Santiago Segura,5,1,16.272734468769702,2014
Santiago Álvarez,1,0,,1965
Santosh Manjrekhar,1,0,,2009
Santosh Sivan,3,2,14.304748613736642,2007
Santram Varma,1,0,,2004
Sara Blecher,1,0,,2015
Sara Bordo,1,0,,2015
Sara Colangelo,1,0,,2015
Sara Dosa,1,0,,2014
Sara Driver,1,0,,1981
Sara Fishko,1,0,,2016
Sara Johnsen,2,0,,2009
Sara Jordenö,1,0,,2017
Sara Lamm,1,0,,2007
Sara Newens,1,0,,2014
Sara St. Onge,1,0,,2013
Sara Sugarman,2,2,13.969088786764297,2004
Sara Taksler,1,0,,2017
Sarab Neelam,1,0,,2008
Sarah Adina Smith,2,1,11.19987088218331,2017
Sarah Burns,1,1,12.519959601148688,2012
Sarah Gavron,2,1,16.588250518766927,2015
Sarah Harding,2,0,,2017
Sarah Kelly,1,0,,1997
Sarah Kernochan,1,0,,1998
Sarah Maldoror,1,0,,1973
Sarah McCarthy,1,0,,2012
Sarah Pia Anderson,1,0,,1995
Sarah Polley,3,0,,2012
Sarah Rotella,1,0,,2016
Sarah Siegel-Magness,1,0,,2013
Sarah Spillane,1,0,,2013
Sarah Watt,1,0,,2005
Sarah-Violet Bliss,1,0,,2014
Saran,1,1,13.122363377404328,1999
Saratswadee Wongsomphet,2,0,,2012
Saravana Subbiah,1,1,13.122363377404328,2001
Sari Gilman,1,0,,2012
Sarik Andreasyan,9,3,16.09301738239233,2017
Sarina Nihei,1,0,,2014
Sasa Gedeon,1,0,,1999
Saschka Unseld,1,0,,2013
Sasha Knezev,1,0,,2012
Sasha Reuther,1,0,,2012
Saskia Diesing,1,0,,2014
Sathyan Anthikad,2,0,,2015
Satish Kaushik,3,1,14.50865773852422,2008
Satish Motling,1,0,,2010
Satish Rajwade,1,0,,2013
Satoru Ogura,1,0,,1985
Satoshi Isaka,1,0,,2003
Satoshi Kon,4,2,12.147349708084128,2006
Satoshi Kuwabara,1,1,13.830733104843514,2016
Satoshi Miki,3,0,,2013
Satoshi Nishimura,1,0,,2010
Satsuo Yamamoto,4,0,,1968
Satyajit Ray,24,3,11.639243312704428,1991
Saul Bass,2,0,,1974
Saul Blinkoff,2,0,,2005
Saul Dibb,2,1,16.024303079004437,2014
Saul Metzstein,3,0,,2009
Saul Rubinek,1,0,,1998
Saul Swimmer,1,0,,1972
Saurabh Kabra,1,0,,2008
Savage Steve Holland,12,1,16.147421513450148,2017
Saverio Costanzo,3,1,8.842315546841863,2015
Saverio Di Biagio,1,0,,2011
Savva Kulish,1,0,,1968
Saxon Logan,1,0,,1984
Scandar Copti,1,0,,2009
Scarlet Pimpernel,1,0,,2008
Scooter Downey,1,0,,2012
Scooter McCrae,1,0,,1994
Scot Armstrong,1,0,,2014
Scott Alexander,1,0,,2000
Scott B. Hansen,1,0,,2016
Scott Beck,1,0,,2015
Scott Caan,2,1,9.848397586218168,2006
Scott Coffey,2,0,,2013
Scott Cohen,1,0,,2014
Scott Colthorp,1,0,,2011
Scott Cooper,3,3,17.483243105742357,2015
Scott Crawford,1,0,,2015
Scott Culver,1,0,,2010
Scott Dalton,1,0,,2005
Scott Derrickson,6,4,19.139136510791317,2016
Scott Di Lalla,1,0,,2005
Scott Dow,1,0,,2015
Scott Elliott,1,0,,1999
Scott Foley,1,0,,2014
Scott Frank,2,2,16.642504135341753,2014
Scott Freiman,1,0,,2017
Scott Gabriel,1,0,,2012
Scott Gawlik,2,0,,2015
Scott Glosserman,1,1,11.143830858171714,2006
Scott Graham,1,0,,2012
Scott Hamilton Kennedy,3,0,,2012
Scott Harper,1,0,,2007
Scott Harris,1,0,,1996
Scott Hartford-Davis,1,0,,1999
Scott Heming,1,0,,2009
Scott Hicks,10,3,17.919772622164334,2016
Scott J. Gill,2,0,,2007
Scott Jeralds,4,0,,2006
Scott Kalvert,2,0,,2002
Scott L. Flynn,1,0,,2007
Scott L. Montoya,8,0,,2016
Scott Leberecht,1,0,,2011
Scott Lew,1,0,,2006
Scott Mactavish,1,0,,2013
Scott Mann,2,1,15.226497531674536,2015
Scott Marshall,2,0,,2009
Scott Marshall Smith,1,0,,2007
Scott McGehee,5,2,13.640562521305675,2013
Scott Michell,1,0,,1996
Scott Moran,2,0,,2017
Scott Noble,1,0,,2010
Scott Owen Moore,1,0,,2010
Scott P. Harris,1,0,,2013
Scott P. Levy,2,0,,1998
Scott Prendergast,1,1,11.331379607243946,2007
Scott Preston,1,0,,2016
Scott Reynolds,3,0,,2001
Scott Roberts,1,0,,2002
Scott Rodgers,1,0,,2015
Scott Rutherford,1,1,9.12641513703842,2013
Scott S. Anderson,1,0,,2009
Scott Sanders,2,1,12.599994721776683,2009
Scott Saunders,1,0,,1997
Scott Schirmer,1,0,,2012
Scott Scornavacco,1,0,,2013
Scott Silver,2,1,16.400266313453947,1999
Scott Smith,5,0,,2016
Scott Speer,1,1,18.7605098115355,2012
Scott Spiegel,3,0,,2011
Scott Stewart,3,3,17.75044364578808,2013
Scott Sublett,1,0,,2009
Scott Teems,1,0,,2009
Scott Thomas,1,0,,2007
Scott Thurman,1,0,,2012
Scott W. Mckinlay,2,0,,2012
Scott Walker,1,1,15.519704132850002,2013
Scott Waugh,1,1,19.130083267628752,2014
Scott Wheeler,2,0,,2010
Scott Willis,1,0,,2011
Scott Winant,1,0,,1997
Scott Wiper,3,1,15.972243873119304,2013
Scott Z. Burns,1,0,,2006
Scott Ziehl,6,0,,2008
Sean Ackerman,1,0,,2012
Sean Anders,4,4,18.106564155912572,2015
Sean Astin,1,0,,2003
Sean Baker,4,2,11.692741504620688,2015
Sean Branney,1,0,,2011
Sean Brosnan,1,0,,2016
Sean Byrne,2,0,,2017
Sean Cain,1,0,,2014
Sean Cisterna,1,0,,2015
Sean Dillon,1,0,,2008
Sean Donnelly,1,0,,2008
Sean Dunne,3,0,,2015
Sean Durkin,1,1,15.079198205677844,2011
Sean Ellis,4,2,14.993750641372385,2016
Sean Evans,1,0,,2014
Sean Faughnan,1,0,,2009
Sean Foley,1,0,,2017
Sean Gallagher,1,0,,2013
Sean Garrity,3,2,11.35709891724495,2015
Sean Gerowin,1,0,,2012
Sean Grundy,1,0,,2006
Sean Gullette,1,0,,2013
Sean Hanish,1,0,,2016
Sean Hartofilis,1,0,,2013
Sean Hogan,1,0,,2011
Sean Jackson,1,0,,2011
Sean MacGregor,1,0,,1974
Sean MacLeod Phillips,1,0,,2008
Sean Mathias,1,0,,1997
Sean McAllister,1,0,,2015
Sean McConville,1,0,,2009
Sean McGinly,2,1,13.71091530497382,2008
Sean McNamara,19,2,17.09111944795645,2017
Sean Meredith,1,0,,2007
Sean Mewshaw,1,1,11.813222631469587,2015
Sean Mullin,1,0,,2014
Sean Nalaboff,1,0,,2016
Sean Pamphilon,1,0,,2010
Sean Patrick Cannon	,1,0,,2009
Sean Paul Lockhart,1,0,,2013
Sean Penn,4,3,15.734198727914821,2007
Sean S. Cunningham,5,2,16.909226800578526,2002
Sean Skelding,1,0,,2011
Sean Stanek,1,0,,2006
Sean Stone,1,0,,2012
Sean Tiedeman,1,0,,2014
Sean Tretta,2,0,,2010
Sean Whitley,1,0,,2007
Sebastian Dehnhardt,2,0,,2014
Sebastian Grobler,1,0,,2011
Sebastian Gutierrez,7,1,9.803501457660202,2012
Sebastian Hilger,1,0,,2016
Sebastian Howard,1,0,,2014
Sebastian Junger,5,1,14.168214628409851,2017
Sebastian Niemann,3,0,,2009
Sebastian Schipper,4,1,14.976157610985224,2015
Sebastian Vigg,1,0,,2005
Sebastian del Amo,1,0,,2014
Sebastiano Rizzo,1,0,,2015
Sebastián Borensztein,3,0,,2016
Sebastián Cordero,3,1,12.609071381307714,2013
Sebastián Lelio,3,1,14.561214609262825,2017
Sebastián Silva,4,0,,2015
Segundo de Chomón,8,0,,1909
Seiji Chiba,1,0,,2010
Seiji Izumi,1,0,,2010
Seiji Maruyama,1,0,,1968
Seiji Mizushima,3,0,,2014
Seijiro Koyama,1,0,,1987
Seijun Suzuki,20,0,,2005
Sekhar Kammula,2,2,14.489836874465453,2010
Selim Azzazi,1,0,,2016
Selim Evci,1,0,,2013
Selma Vilhunen,2,0,,2016
Selton Mello,1,0,,2011
Selçuk Aydemir,2,0,,2015
Semih Kaplanoğlu,4,0,,2010
Semyon Aranovich,1,0,,1983
Sentarô Shirai,1,0,,1927
Seong-kang Lee,1,0,,2007
Seppo Huunonen,1,0,,1972
Serdar Akar,3,0,,2009
Seren Yüce,1,0,,2010
Serge Bard,1,0,,1969
Serge Bourguignon,2,0,,1967
Serge Boutleroff,1,0,,2008
Serge Bozon,3,0,,2013
Serge Bromberg,3,0,,2013
Serge Gainsbourg,1,0,,1976
Serge Gisquière,1,0,,2010
Serge Korber,3,0,,1971
Serge Leroy,1,0,,1973
Serge Meynard,1,0,,2000
Serge Rodnunsky,1,0,,2007
Sergei Bobrov,1,0,,2008
Sergei Bodrov,5,2,17.823483713318645,2014
Sergei Bodrov Jr.,3,0,,2005
Sergei Dvortsevoy,1,0,,2009
Sergei Gerasimov,1,0,,1957
Sergei Glezin,1,1,16.760506487268348,2010
Sergei Krutin,1,0,,2007
Sergei Loban,2,1,12.883639074123096,2011
Sergei M. Eisenstein,8,1,10.71663752549077,1979
Sergei Makhovikov,1,0,,2011
Sergei Mikaelyan,2,0,,1982
Sergei Mokritsky,1,0,,2015
Sergei Parajanov,5,0,,1988
Sergei Ursuliak,1,0,,2007
Sergei Vasilyev,1,0,,1934
Sergey Bondarchuk,11,1,14.931307671386485,2006
Sergey Chekalov,1,0,,2013
Sergey Ginzburg,2,0,,2017
Sergey Ivanov,1,0,,2012
Sergey Loznitsa,12,0,,2015
Sergey Nikonenko,2,1,12.366267877332406,2003
Sergey Solovyov,5,0,,2000
Sergio Arau,1,0,,2004
Sergio Bergonzelli,1,0,,1970
Sergio Caballero,2,0,,2014
Sergio Cabrera,1,0,,1993
Sergio Castellitto,3,2,13.050562856483321,2012
Sergio Citti,5,0,,1989
Sergio Corbucci,17,1,9.757131416174785,1987
Sergio Garrone,9,0,,1977
Sergio Grieco,10,0,,1979
Sergio Leone,7,4,16.026939318361812,1984
Sergio Martino,26,1,16.189836330427344,2008
Sergio Mimica-Gezzan,1,0,,2014
Sergio Nasca,1,0,,1982
Sergio Oksman,1,0,,2016
Sergio Rezende,1,0,,2006
Sergio Rubini,2,0,,2015
Sergio Sollima,3,0,,1970
Sergio Teubal,1,0,,2011
Sergio Tovar Velarde,1,0,,2014
Sergio Véjar,1,0,,1964
Sergiu Nicolaescu,13,0,,2008
Serik Aprimov,1,0,,1997
Sermiyan Midyat,1,0,,2010
Servando González,2,0,,1964
Seth Barrish,1,0,,2013
Seth Gordon,5,4,18.86557252989386,2017
Seth Green,1,0,,2007
Seth Grossman,3,0,,2014
Seth Holt,4,0,,1971
Seth Kearsley,1,1,16.9865872294496,2002
Seth MacFarlane,3,2,19.659895828104972,2015
Seth Michael Donsky,1,0,,1996
Seth Pinkser,1,0,,1993
Seth Rogen,2,2,17.49034510367197,2014
Seth Zvi Rosenfeld,2,0,,2000
Setsurô Wakamatsu,1,0,,2014
Seung-wook Byeon,1,0,,2011
Severin Eskeland,1,0,,2009
Severin Fiala,1,1,13.979495013054624,2014
Sevé Schelenz,1,0,,2011
Seyfi Teoman,1,0,,2011
Seymour Kneitel,3,0,,1954
Seymour Robbie,1,0,,1970
Seyyed Reza Mir-Karimi,1,0,,2012
Shaad Ali,3,1,12.753824043397834,2017
Shahin Sean Solimon,1,0,,2014
Shahram Mokri,1,0,,2013
Shahriar Bahrani,1,0,,2010
Shainee Gabel,1,1,14.425960677837235,2004
Shaji N. Karun,1,0,,1999
Shaka King,1,0,,2013
Shakun Batra,1,0,,2016
Shalini Kantayya,1,0,,2015
Shamim Sarif,3,0,,2016
Shan Nicholson,1,0,,2015
Shan Serafin,1,0,,2011
Shana Betz,1,0,,2013
Shana Feste,3,2,17.090759376901666,2014
Shane Abbess,3,0,,2017
Shane Acker,2,1,17.69559001770923,2009
Shane Black,3,3,18.482743347151885,2016
Shane Carruth,2,2,12.981540060148815,2013
Shane Dawson,1,0,,2014
Shane Dax Taylor,2,0,,2015
Shane Edelman,1,0,,2001
Shane Meadows,8,2,14.7081340597889,2013
Shane O'Sullivan,2,0,,2009
Shane Ryan,1,0,,2006
Shane Salerno,1,0,,2013
Shane Thueson,1,0,,2010
Shane Van Dyke,2,0,,2010
Shannon Hartman,13,0,,2017
Shannon Harvey,1,0,,2014
Shanra J. Kehl,1,0,,2015
Sharat Katariya,1,0,,2015
Shari Springer Berman,9,3,15.437643274105179,2015
Sharmeen Obaid-Chinoy,2,1,13.377214876202816,2015
Sharon Bar-Ziv,1,0,,2012
Sharon Bridgeman,1,0,,2004
Sharon Lockhart,5,0,,2009
Sharon Maguire,3,2,19.314520508746234,2016
Sharon Pollack,1,0,,1996
Sharon Wilharm,1,0,,2016
Sharon von Wietersheim,1,0,,2000
Shashanka Ghosh,1,0,,2014
Shashant Shah,1,0,,2008
Shashilal K. Nair,2,0,,2002
Shaul Schwarz,1,0,,2013
Shaun Monson,2,0,,2015
Shaun O'Rourke,1,0,,2010
Shaun Tan,1,0,,2010
Shauna MacDonald,1,0,,2013
Shawn Amos,1,0,,2004
Shawn Christensen,2,1,9.018089684104345,2014
Shawn Crahan,1,0,,2016
Shawn Holmes,1,0,,2011
Shawn Ku,3,1,11.065559655746991,2015
Shawn Levy,12,10,18.84590472947968,2014
Shawn Linden,1,0,,2013
Shawn Papazian,1,0,,2008
Shawn Piller,1,0,,2013
Shawn Rasmussen,1,0,,2015
Shekhar Kapur,6,3,17.85321149079469,2007
Sheldon Candis,1,1,11.810315264591855,2013
Sheldon Larry,5,0,,2015
Sheldon Lettich,6,3,16.407108148858885,2006
Sheldon Reynolds,1,0,,1956
Sheldon Wilson,8,0,,2015
Shem Bitterman,1,0,,2009
Shemi Zarhin,2,0,,2015
Sheree Folkson,4,0,,2015
Sheree Le Mon,1,0,,2008
Sherman A. Rose,1,0,,1954
Sherman Alexie,1,0,,2002
Sherry Hormann,3,1,16.498678890234945,2013
Shigehiro Ozawa,2,0,,1974
Shigemichi Sugita,1,0,,2010
Shigeo Tanaka,1,0,,1966
Shigeyasu Yamauchi,6,0,,1999
Shim Hyung-Rae,2,2,17.213871937905594,2010
Shim Sung-bo,1,0,,2014
Shimako Sato,2,0,,2008
Shimit Amin,3,1,16.775615653875114,2009
Shimmy Marcus,1,0,,2010
Shimon Dotan,1,0,,1992
Shin Dong-yeop,1,0,,2004
Shin Jae-Young,1,0,,2014
Shin Sang-ok,4,0,,1995
Shin Su-won,1,0,,2012
Shin Tae-Ra,2,0,,2016
Shin Yeon-shick,1,0,,2013
Shinichi Takiguchi,1,0,,2008
Shinichiro Watanabe,5,0,,2007
Shinji Aoyama,3,0,,2011
Shinji Aramaki,7,3,14.889195667487828,2014
Shinji Higuchi,5,1,17.679099671750393,2015
Shinji Imaoka,2,0,,2011
Shinji Sômai,2,0,,1985
Shinobu Yaguchi,4,0,,2017
Shinsuke Ogawa,1,0,,2001
Shinsuke Sato,7,0,,2015
Shinsuke Takizawa,1,0,,2009
Shintaro Shimosawa,1,0,,2016
Shintarô Katsu,2,0,,1989
Shinya Tsukamoto,13,0,,2014
Shira Geffen,2,0,,2014
Shira Lane,1,0,,2011
Shira Piven,1,0,,2014
Shirin Neshat,1,0,,2009
Shirish Kunder,1,0,,2012
Shirley Barrett,1,0,,1996
Shirley Clarke,3,0,,1967
Shirley MacLaine,1,0,,2000
Shirley Sun,1,0,,1991
Shirlyn Wong,1,0,,2013
Shiro Toyoda,1,0,,1965
Shivajee Chandrabhushan,1,0,,2007
Shoaib Mansoor,1,0,,2007
Shogo Yabuuchi,1,0,,2005
Shoji Kawamori,2,0,,2011
Shola Lynch,1,0,,2012
Shona Auerbach,1,0,,2004
Shonali Bose,2,0,,2014
Shoojit Sircar,3,2,16.300538387510997,2015
Shoujirou Nishimi,1,0,,2017
Shouko Nakamura,1,0,,2016
Shozin Fukui,1,0,,1991
Shripal Morakhia,1,0,,2005
Shuhei Morita,2,0,,2011
Shujaat Saudagar,1,0,,2016
Shuji Goto,1,0,,1989
Shuki Levy,1,1,16.704756070773357,1997
Shun Nakahara,2,0,,2008
Shunichi Hirano,1,0,,2015
Shunji Iwai,8,0,,2016
Shunya Ito,2,0,,1972
Shusuke Kaneko,4,2,17.440971760077215,2006
Shyam Benegal,3,0,,2005
Shyam Madiraju,1,0,,2015
Shyam Ramsay,8,0,,2003
Shôhei Imamura,15,0,,2001
Shôichirô Masumoto,1,0,,2010
Shôsuke Murakami,1,0,,2005
Shûichi Okita,2,0,,2013
Shūji Terayama,4,0,,1979
Si-myung Lee,1,0,,2002
Sian Heder,1,0,,2016
Siao Lung,1,0,,1984
Sias Odendal,1,0,,1988
Sid Bennett,1,0,,2012
Sid Laverents,1,0,,1970
Sid Smith,1,0,,1976
Siddharth Anand,4,2,15.833868282657004,2014
Siddiq Barmak,1,0,,2003
Siddique,1,1,15.89495209964411,2011
Sidharth Srinivasan,1,0,,2011
Sidney Franklin,10,0,,1937
Sidney Gilliat,4,0,,1966
Sidney Hayers,3,0,,1962
Sidney J. Furie,25,2,16.588600726718244,2005
Sidney Lanfield,7,0,,1948
Sidney Lumet,46,13,16.495825333620928,2007
Sidney Miller,2,0,,1964
Sidney Poitier,7,3,17.246609946951224,1990
Sidney Salkow,8,0,,1963
Sidney Sheldon,2,0,,1974
Sidney Sokhona,1,0,,1978
Sidney W. Pink,1,0,,1962
Siegfried,1,0,,2004
Siegfried Hartmann,2,0,,1979
Sierra Pettengill,1,0,,2017
Sigi Rothemund,1,0,,1977
Signe Baumane,1,0,,2014
Sijie Dai,2,0,,2006
Silvano Agosti,1,0,,1967
Silvio Amadio,1,0,,1972
Silvio Caiozzi,1,0,,1979
Silvio Narizzano,5,0,,1981
Silvio Soldini,5,0,,2012
Silviu Purcărete,1,0,,2012
Simeon Halligan,1,0,,2014
Simo Halinen,2,0,,2013
Simon Aboud,2,0,,2016
Simon Amstell,1,0,,2017
Simon Ardizzone,1,0,,2006
Simon Arthur,1,0,,2011
Simon Brand,2,1,15.020950685245156,2009
Simon Callow,1,1,12.1275163326244,1991
Simon Cartwright,1,0,,2015
Simon Cellan Jones,2,0,,2002
Simon Curtis,2,2,17.65449954331977,2015
Simon Davidson,1,0,,2012
Simon De Selva,1,0,,2003
Simon Dixon,1,0,,2016
Simon Ellis,1,0,,2009
Simon Fellows,5,0,,2009
Simon Fitzmaurice,1,0,,2016
Simon Hawkins,1,0,,2014
Simon Helberg,1,0,,2014
Simon Hesera,1,0,,1972
Simon Hung,1,0,,2015
Simon Hunter,1,1,14.52510425016316,2008
Simon Hynd,1,0,,2008
Simon J. Smith,1,0,,2011
Simon Jaquemet,1,0,,2014
Simon Kaijser,1,0,,2011
Simon Klose,1,1,10.453456963419743,2013
Simon Langton,2,0,,1986
Simon Leclère,1,0,,2014
Simon Moore,1,1,12.307251932019778,1991
Simon Nuchtern,1,0,,1984
Simon Pearce,1,0,,2009
Simon Pummell,3,0,,2015
Simon Rouby,1,0,,2015
Simon Rumley,2,0,,2010
Simon Sandquist,1,0,,2013
Simon Shore,1,0,,1998
Simon Sprackling,1,0,,2013
Simon Stadler,1,0,,2016
Simon Staho,4,0,,2011
Simon Stone,1,0,,2015
Simon Verhoeven,3,1,14.690979295318174,2016
Simon Wells,4,4,17.101106572803346,2011
Simon West,9,7,18.19599225306466,2017
Simon Wincer,17,5,16.940712639397375,2011
Simona Izzo,1,0,,2007
Simone Bartesaghi,2,0,,2013
Simone North,1,0,,2009
Sina Ataeian Dena,1,0,,2015
Sinan Akkuş,1,0,,2015
Sing-Choong Foo,1,0,,2015
Sini Anderson,1,0,,2013
Siniša Gačić,1,0,,2014
Sion Sono,15,0,,2015
Siti Kamaluddin,1,0,,2014
Siu-hung Chung,1,0,,2007
Siva,2,1,16.759949537130716,2015
Skip Kite,1,0,,2014
Skip Woods,1,0,,1998
Skott Snider,1,0,,1992
Slava Tsukerman,2,0,,2009
Slavko Spionjak,1,0,,2015
Sloane U'Ren,1,0,,2011
Slobodan Šijan,2,0,,1982
Slávek Horák,1,0,,2015
Sngmoo Lee,1,1,16.22133512880496,2010
Snježana Tribuson,1,0,,1998
Snow Zou,1,0,,2014
So Yong Kim,4,1,8.809862805379057,2017
Sofia Coppola,8,5,17.299236987079404,2017
Sofia Shinas,1,0,,2015
Sofya Skya,1,0,,2013
Sohail Khan,3,0,,2016
Soham Shah,1,0,,2005
Sohrab Shahid Saless,1,0,,1977
Soi Cheang,4,0,,2015
Soji Yoshikawa,1,0,,1978
Sol Tryon,1,0,,2007
Sollace Mitchell,1,0,,1988
Son Yong-ho,1,0,,2015
Song Hae-sung,3,0,,2010
Song Il-gon,2,0,,2011
Song Min-gyu,1,0,,2016
Songyos Sugmakanan,2,0,,2011
Sonia Anderson,2,0,,2008
Sonia Kennebeck,1,0,,2017
Sonja Heiss,1,0,,2007
Sonja Prosenc,1,0,,2014
Sonny Laguna,2,0,,2013
Sonny Mallhi,1,0,,2015
Sook-Yin Lee,2,0,,2009
Soon-Mi Yoo,1,0,,2014
Soopum Sohn,1,0,,2008
Sooraj R. Barjatya,5,2,17.563920010963653,2015
Sophia Takal,1,0,,2016
Sophia Turkiewicz,1,0,,2014
Sophie Barthes,2,0,,2015
Sophie Chiarello,1,0,,2013
Sophie Fiennes,3,0,,2012
Sophie Fillières,2,0,,2014
Sophie Goodhart,1,0,,2016
Sophie Huber,1,0,,2012
Sophie Hyde,1,0,,2014
Sophie Laloy,1,0,,2009
Sophie Lellouche,1,0,,2012
Sophie Letourneur,2,0,,2013
Sophie Marceau,1,0,,2007
Sophie Reine,1,0,,2016
Sophie Robinson,1,0,,2016
Sophon Sakdaphisit,3,0,,2014
Sotiris Dounoukos,1,0,,2016
Sotiris Tsafoulias,1,0,,2017
Souleymane Cissé,1,0,,1987
Soumik Sen,1,0,,2014
Spede Pasanen,2,0,,1987
Spencer Gordon Bennet,6,0,,1959
Spencer McCall,1,0,,2013
Spencer Susser,2,1,12.855649266055352,2010
Spencer Williams,2,0,,1946
Spike Brandt,7,0,,2015
Spike Jonze,13,4,17.586420859811863,2013
Spike Lee,34,13,16.37968630543207,2016
Spiro Razatos,2,0,,1994
Srdan Golubović,1,0,,2013
Sreenu Vaitla,2,0,,2011
Srijit Mukherji,1,0,,2011
Sriram Raghavan,3,1,16.256116948855695,2015
Srđan Dragojević,6,1,11.918390573078392,2014
Srđan Karanović,1,0,,2009
Srđan Koljević,1,0,,2004
Srđan Spasojević,1,0,,2010
Srđan Vuletić,1,0,,2003
St. Claire Bourne,1,0,,1989
St. John Legh Clowes,1,0,,1948
Stacie Passon,1,0,,2013
Stacy Cochran,2,0,,1996
Stacy Peralta,4,1,14.967979519423094,2012
Stacy Title,3,3,13.420729692697995,2017
Staffan Götestam,1,0,,1990
Staffan Lindberg,3,0,,2014
Stamatis Tsarouchas,1,0,,2003
Stan Brakhage,11,0,,1994
Stan Dragoti,5,3,17.29651428933948,1991
Stan Foster,1,0,,2010
Stan Lathan,4,0,,2017
Stan Phillips,1,0,,1997
Stan Winston,2,1,15.293817850753648,1997
Stanislav Barabáš,1,0,,1965
Stanislav Govorukhin,6,0,,2015
Stanislav Mareev,1,0,,2007
Stanislav Rostotsky,4,0,,1977
Stanisław Bareja,5,0,,1981
Stanley A. Long,1,0,,1976
Stanley Donen,20,6,16.164766765034145,1984
Stanley J. Orzel,1,0,,2013
Stanley Kramer,13,3,17.293549161124492,1977
Stanley Kubrick,16,9,17.34651749938765,1999
Stanley Kwan,3,0,,2001
Stanley Lewis,1,0,,1990
Stanley M. Brooks,1,0,,2014
Stanley Nelson,3,0,,2015
Stanley R. Jaffe,1,0,,1983
Stanley Tong,8,4,17.595952281914137,2017
Stanley Tucci,4,1,14.603022471534542,2007
Stanley Yung,1,0,,2002
Stanton Barrett,1,0,,2015
Stathis Athanasiou,1,0,,2011
Stavros Kazantzidis,2,0,,2001
Stavros Tsiolis,1,0,,1998
Stefan Avalos,1,0,,1998
Stefan C. Schaefer,3,0,,2011
Stefan Faldbakken,1,0,,2006
Stefan Fjeldmark,5,0,,2006
Stefan Forbes,1,0,,2008
Stefan Haupt,2,0,,2016
Stefan Holtz,1,0,,2006
Stefan Jarl,2,0,,2013
Stefan Krohmer,1,0,,2006
Stefan Liberski,1,0,,2014
Stefan Marc,1,0,,2008
Stefan Pleszczynski,1,0,,2006
Stefan Prehn,1,0,,2001
Stefan Ruzowitzky,6,2,10.572981803074057,2017
Stefan Sagmeister,1,0,,2016
Stefan Scaini,1,0,,2000
Stefan Schwartz,1,1,12.61885756500055,1997
Stefan Schwietert,1,0,,1996
Stefano Bessoni,1,0,,2009
Stefano Chiantini,2,0,,2015
Stefano Galli,1,0,,2015
Stefano Milla,1,0,,2013
Stefano Mordini,1,0,,2012
Stefano Sollima,2,0,,2015
Stefen Fangmeier,1,1,19.33411983375738,2006
Steffen Haars,3,1,15.988756145798364,2013
Steffen Schäffler,1,0,,2000
Steffi Kammerer,1,0,,2015
Stelana Kliris,1,0,,2014
Stella Meghie,1,0,,2017
Stelvio Massi,14,0,,1980
Steno,17,0,,1988
Stepan Altrichter,1,0,,2014
Steph Green,1,0,,2014
Stephan Apelgren,4,0,,2015
Stephan Brenninkmeijer,1,0,,2002
Stephan Carpiaux,1,0,,2007
Stephan Elliott,5,2,16.708165056286013,2011
Stephan Komandarev,2,0,,2014
Stephan Lacant,1,0,,2013
Stephan Rick,1,0,,2016
Stephan Schesch,1,0,,2012
Stephan Schultze,1,0,,2016
Stephan Streker,1,0,,2017
Stephan Wagner,1,0,,2013
Stephan Zlotescu,1,0,,2012
Stephane Riethauser,1,0,,2012
Stephanie Black,1,0,,2003
Stephanie Rothman,3,0,,1973
Stephanie Soechtig,3,0,,2016
Stephanie Spray,1,0,,2013
Stephen Anderson,1,1,16.48689677469489,2011
Stephen Apkon,1,0,,2016
Stephen Auerbach,1,0,,2009
Stephen Belber,2,2,12.615831616433537,2014
Stephen Berra,1,0,,2007
Stephen Boyum,1,0,,2002
Stephen Bradley,2,0,,2014
Stephen Bridgewater,3,0,,2009
Stephen Burke,1,0,,2009
Stephen C. Apostolof,1,0,,1965
Stephen Carpenter,2,0,,2001
Stephen Chbosky,1,1,17.32406645794693,2012
Stephen Chiodo,1,0,,1988
Stephen Chow,10,4,18.451418437171125,2016
Stephen Cognetti,1,0,,2015
Stephen Cone,2,0,,2015
Stephen Cornwell,1,1,7.996317231796746,1993
Stephen Cragg,1,0,,2009
Stephen Daldry,6,4,18.107489774730954,2014
Stephen Deutsch,1,0,,2006
Stephen Donnelly,1,0,,2016
Stephen Dunn,1,1,10.432997531506247,2016
Stephen Durham,1,0,,2016
Stephen Dwoskin,2,0,,2008
Stephen Elliott,1,1,8.00736706798333,2012
Stephen Fell,1,0,,2007
Stephen Fingleton,1,0,,2015
Stephen Finnigan,1,0,,2013
Stephen Frears,28,11,16.597698715938353,2016
Stephen Fry,1,0,,2003
Stephen Fung,4,0,,2012
Stephen Furst,2,0,,2006
Stephen Gaghan,3,3,16.779902299670105,2016
Stephen Gyllenhaal,10,2,14.17770555801016,2013
Stephen Herek,18,9,17.539323139342745,2016
Stephen Hillenburg,1,1,18.758307970458752,2004
Stephen Hopkins,12,9,16.958106974030656,2016
Stephen J. Anderson,1,1,18.94737761844725,2007
Stephen K. Bannon,1,0,,2011
Stephen Kemp,1,0,,2016
Stephen Kessler,3,1,17.410089222667953,2011
Stephen Kijak,4,0,,2016
Stephen King,1,1,15.8215292965546,1986
Stephen Lance,1,0,,2014
Stephen Low,3,0,,2004
Stephen Marshall,1,0,,2010
Stephen Merchant,1,0,,2014
Stephen Metcalfe,1,0,,2000
Stephen Milburn Anderson,2,1,10.746949493754942,2010
Stephen Norrington,4,3,17.2881954068631,2003
Stephen Poliakoff,8,1,11.819623090350523,2013
Stephen Purvis,1,0,,2006
Stephen Quay,6,1,10.238279807349246,2005
Stephen Reynolds,3,0,,2016
Stephen Roberts,4,1,20.538140352819724,1935
Stephen S. Campanelli,1,1,11.80059753737201,2015
Stephen Shimek,1,0,,2008
Stephen Sommers,9,5,19.002306850483194,2013
Stephen St. Leger,1,1,17.287602157962873,2012
Stephen Suettinger,1,0,,2015
Stephen Surjik,3,1,17.685982136234184,2007
Stephen T. Kay,7,2,17.40226533854512,2011
Stephen T. Maing,1,0,,2012
Stephen Tolkin,3,0,,2007
Stephen Vidano,1,0,,2007
Stephen Vittoria,1,1,9.648853334130548,2005
Stephen Weeks,2,0,,1984
Stephen Whittaker,1,0,,2004
Stephen Woolley,1,0,,2005
Stere Gulea,1,0,,1987
Stergios Paschos,1,0,,2017
Sterlin Harjo,1,0,,2009
Sterling Van Wagenen,3,2,14.309044254910678,2006
Stevan Filipović,2,0,,2010
Stevan Mena,1,0,,2010
Stevan Riley,4,0,,2015
Steve 'Spaz' Williams,1,1,17.43675459383457,2006
Steve Anderson,2,1,9.89298256789098,2005
Steve Antin,2,1,18.309970086218527,2010
Steve Balderson,1,0,,2005
Steve Ball,2,0,,2013
Steve Barker,3,0,,2016
Steve Barkett,1,0,,1982
Steve Barnett,1,0,,1992
Steve Barron,11,1,19.12377825536548,2012
Steve Beck,2,1,18.040150423985754,2002
Steve Bendelack,3,1,19.252442878913403,2013
Steve Binder,2,0,,1978
Steve Boyum,8,2,15.140519298394048,2006
Steve Buscemi,4,0,,2007
Steve Carr,7,6,18.047684135340486,2016
Steve Carver,9,4,15.065124448265456,1989
Steve Cohen,3,0,,1998
Steve Conrad,1,0,,2008
Steve De Jarnatt,2,2,11.749040289881489,1989
Steve Gagne,1,0,,2011
Steve Goltz,1,0,,2013
Steve Gomer,2,0,,1998
Steve Gordon,1,1,18.37423548933232,1981
Steve Guttenberg,1,0,,2002
Steve Hickner,1,1,19.47706232758332,2007
Steve Hoefer,1,0,,2006
Steve Hoover,2,0,,2015
Steve Hudgins,1,0,,2012
Steve Hudson,1,0,,2006
Steve Jacobs,1,0,,2008
Steve James,10,4,12.815575732085343,2017
Steve Kloves,2,1,16.065643580185508,1993
Steve Kopera,1,0,,2014
Steve Kroschel,3,0,,2008
Steve Latshaw,1,0,,1995
Steve Longi,1,0,,2016
Steve Loter,2,0,,2014
Steve Martino,3,2,19.957042941645888,2015
Steve McQueen,3,3,16.851040967930558,2013
Steve Miner,14,6,17.198169536382164,2008
Steve Oedekerk,5,2,18.638425871487513,2006
Steve Oram,1,0,,2015
Steve Payne,1,0,,1991
Steve Pink,4,4,17.3708200675564,2015
Steve Previn,1,0,,1962
Steve Purcell,3,0,,2014
Steve Rash,14,5,16.045912254141278,2012
Steve Reeves,1,0,,2014
Steve Roberts,1,0,,1980
Steve Sacks,2,0,,2013
Steve Sekely,3,0,,1962
Steve Shill,2,1,18.11728031619879,2009
Steve Shimek,1,0,,2010
Steve Skrovan,2,0,,2011
Steve Stark,1,0,,2013
Steve Stone,1,0,,2012
Steve Taylor,2,0,,2012
Steve Trenbirth,2,1,18.725809730007867,2010
Steve Wang,4,0,,1997
Steve Webb,1,0,,2009
Steve White,1,0,,1996
Steve Wolsh,1,0,,2015
Steve Woo,1,0,,2009
Steve Yeager,1,1,10.59267691124173,1998
Steve Yu,1,0,,2015
Steve Zacharias,1,0,,1994
Steven Ayromlooi,1,0,,2003
Steven Baigelman,1,0,,1996
Steven Bernstein,1,1,10.787048459787364,2014
Steven Bognar,1,0,,2009
Steven Brill,9,4,16.1736909006548,2017
Steven C. Miller,8,2,9.657079468644415,2017
Steven Cantor,5,0,,2016
Steven Caple Jr.,1,0,,2016
Steven Clarke,1,0,,2001
Steven Daniels,1,0,,2015
Steven Dieveney,1,0,,2008
Steven E. Gordon,1,0,,2009
Steven E. de Souza,2,1,18.414899273413063,2000
Steven Feinartz,6,0,,2016
Steven Fierberg,1,0,,1991
Steven Fischler,1,0,,1983
Steven Ford,1,0,,1984
Steven Goldmann,2,1,12.436291110516343,2008
Steven Gomez,1,0,,2016
Steven Green,1,0,,2003
Steven Hahn,1,1,15.02768959883731,1985
Steven Hentges,1,0,,2009
Steven Hilliard Stern,7,0,,1997
Steven J. Santos,4,0,,2007
Steven Jacobson,1,0,,2008
Steven Kampmann,2,1,15.82607136472676,2012
Steven Kastrissios,1,0,,2008
Steven Knight,2,2,15.643664512970606,2014
Steven Kostanski,1,0,,2011
Steven Lawson,1,0,,2015
Steven Lisberger,4,2,16.283191022026028,1989
Steven Lovy,2,0,,1994
Steven M. Martin,1,0,,1994
Steven M. Smith,1,0,,2015
Steven Maguire,1,0,,2011
Steven Maler,1,1,9.352881058758292,1999
Steven Okazaki,3,0,,2016
Steven Paul,1,0,,1980
Steven Pearl,2,0,,1998
Steven Piet,1,0,,2015
Steven Pressman,1,0,,2013
Steven Quale,2,2,18.885917619212996,2014
Steven R. Monroe,14,1,13.25830760679564,2016
Steven Robman,1,0,,2000
Steven Rosenbaum,1,0,,2002
Steven Rumbelow,1,0,,2009
Steven Sawalich,1,1,11.939532172831768,2007
Steven Schachter,3,0,,2004
Steven Seagal,1,1,17.7073308560749,1994
Steven Sebring,1,0,,2008
Steven Shainberg,4,2,15.343091972618197,2016
Steven Sheil,1,0,,2008
Steven Silver,1,0,,2010
Steven Smith,1,0,,2008
Steven Soderbergh,29,17,17.595601582209973,2013
Steven Spielberg,33,30,19.150252848439703,2016
Steven Vasquez,1,0,,2016
Steven Vidler,1,0,,1997
Steven Williford,1,0,,2011
Steven Zaillian,3,3,16.57124178288083,2006
Steven de Jong,1,0,,2000
Steven-Charles Jaffe,1,0,,2013
Stevie Long,1,0,,2014
Stevie Wermers,1,0,,2011
Stewart Hendler,4,3,16.08368101687716,2016
Stewart Hopewell,1,0,,2009
Stewart Raffill,12,3,14.639469226203657,2010
Stewart Sugg,1,0,,2001
Stewart Wade,3,0,,2014
Stian Kristiansen,1,0,,2008
Stig Bergqvist,1,1,18.45023954619391,2000
Stig Björkman,1,0,,2015
Stig Svendsen,1,0,,2011
Stijn Coninx,5,0,,2013
Stiles White,1,1,18.455953974113495,2014
Stipe Delić,1,0,,1973
Stobe Harju,1,0,,2012
Storm Saulter,1,0,,2013
Strathford Hamilton,2,0,,1990
Straw Weisman,2,0,,2015
Stu Pollard,2,0,,2005
Stu Zicherman,1,1,12.076561731368455,2013
Stuart A. Goldman,1,0,,1988
Stuart Acher,1,0,,2014
Stuart Baird,3,3,18.36273983609723,2002
Stuart Beattie,2,2,17.349767732885727,2014
Stuart Blumberg,1,1,13.879312245206412,2012
Stuart Burge,2,0,,1986
Stuart Burkin,1,0,,1999
Stuart Cabb,2,0,,2008
Stuart Connelly,1,0,,2013
Stuart Cooper,2,0,,2009
Stuart Gillard,15,2,16.544727664641172,2012
Stuart Gilmore,2,0,,1952
Stuart Gordon,13,4,14.646386576395644,2007
Stuart Hagmann,2,0,,1977
Stuart Hazeldine,2,1,17.86434983239814,2017
Stuart Heisler,16,0,,1962
Stuart Margolin,1,0,,1993
Stuart McDonald,1,0,,2015
Stuart Millar,1,1,15.897698325312136,1975
Stuart Murdoch,1,0,,2014
Stuart Orme,2,1,15.971689967730835,2001
Stuart Paton,1,1,15.89495209964411,1916
Stuart Rosenberg,13,3,17.435399770308074,1986
Stuart Samuels,1,0,,2006
Stuart Schulberg,1,0,,1948
Stuart Simpson,1,0,,2013
Stuart Townsend,1,1,13.719932042161066,2007
Stuart Urban,4,1,16.11809565095832,2013
Stuart Walker,4,0,,1935
Sturla Gunnarsson,5,1,11.430369601965666,2013
Stéphane Aubier,2,1,15.908504844894942,2012
Stéphane Berla,1,0,,2013
Stéphane Brizé,4,1,11.57588148461256,2016
Stéphane Foenkinos,1,1,16.087245026673862,2011
Stéphane Giusti,2,0,,1999
Stéphane Kazandjian,1,0,,2001
Stéphane LaFleur,3,0,,2014
Stéphane Lapointe,1,0,,2014
Stéphane Laporte,1,0,,2010
Stéphane Pachot,1,0,,2009
Stéphane Robelin,1,1,15.791143157451174,2011
Stéphane Rybojad,1,1,9.283497892593909,2011
Stéphanie Di Giusto,1,0,,2016
Stéphanie Joalland,1,0,,2014
Su Friedrich,1,0,,1990
Su-chang Kong,2,0,,2008
Subhash Ghai,7,0,,2005
Subhash Kapoor,2,0,,2013
Subodh Bhave,1,1,15.29711509888849,2015
Subrata Sen,1,0,,2001
Sudabeh Mortezai,1,0,,2014
Sudha Kongara Prasad,1,1,14.557447902693651,2016
Sudhanshu Saria,1,0,,2016
Sudhir Mishra,2,0,,2011
Sue Bourne,1,0,,2011
Sue Brooks,3,0,,2016
Sue Corcoran,1,0,,2003
Sue Heel,1,0,,2004
Sue Kramer,1,0,,2006
Sujay Dahake,1,0,,2011
Sujoy Ghosh,3,1,16.588099280204055,2016
Sukumar,5,0,,2016
Sulev Keedus,1,0,,2003
Sulev Nõmmik,1,0,,1968
Sun Chung,3,0,,1982
Sun Hao,1,1,8.517193191416238,2015
Sun Yu,1,0,,1932
Sun Zhou,1,0,,2002
Sunao Katabuchi,2,1,16.770660027139765,2016
Sundar C,1,0,,2003
Sung Pe Liu,1,0,,1980
Sung-hoon Kim,1,1,17.842646370492925,2017
Sunny Bergman,1,0,,2007
Sunny Deol,1,0,,2016
Sunny Luk Kim-Ching,2,0,,2015
Sunu Gonera,1,0,,2007
Suphi Tekniker,1,0,,1983
Surender Reddy,2,0,,2014
Surendra Reddy,1,0,,2011
Suresh Krissna,2,1,16.523560759066484,2001
Suri Krishnamma,4,0,,2012
Susan Buice,1,1,12.409013489526863,2005
Susan Dynner,1,0,,2007
Susan Froemke,1,0,,2012
Susan Jacobson,2,0,,2011
Susan Johnson,1,0,,2017
Susan Lambert,1,0,,2015
Susan Montford,1,1,12.877510882927904,2008
Susan Morgan Cooper,1,0,,2009
Susan Muska,2,0,,2009
Susan Rohrer,1,0,,1998
Susan Saladoff,1,0,,2011
Susan Seidelman,9,1,17.126053571358298,2013
Susan Skoog,1,0,,1998
Susan Streitfeld,1,0,,1996
Susan Stroman,1,1,17.45463067215965,2005
Susan W. Dryfoos,1,0,,1996
Susan Woll,1,0,,1984
Susanna Fogel,1,1,9.019785010255124,2014
Susanna Helke,1,0,,2013
Susanna Nicchiarelli,1,0,,2009
Susanna Styron,1,0,,1998
Susanna White,3,2,17.230918242048958,2016
Susannah Grant,1,1,16.59795598043639,2006
Susanne Bier,10,4,14.641416847657002,2014
Susanne Ofteringer,1,0,,1995
Susanne Rostock	,1,1,10.278837036739668,2012
Susanne Zanke,1,0,,2010
Susumu Kudo,2,0,,2011
Sut Jhally,6,0,,2010
Sutton Roley,2,0,,1974
Suzan Beraza,1,0,,2011
Suzana Amaral,1,0,,1985
Suzanne Chisholm,1,0,,2011
Suzi Yoonessi,1,0,,2009
Suzie Halewood,1,0,,2008
Suzie Templeton,1,0,,2006
Sven Bohse,1,0,,2012
Sven Methling,2,0,,1991
Sven Nykvist,1,0,,1991
Sven Taddicken,3,1,15.068273526459642,2009
Sven Unterwaldt Jr.,3,0,,2006
Svend Wam,1,0,,1988
Svetlana Baskova,1,0,,1999
Svetlana Druzhinina,3,0,,1992
Svetozar Ristovski,2,0,,2010
Svyatoslav Podgayevskiy,3,2,13.646988191528813,2017
Swamy M. Kandan,1,0,,2013
Syd Garon,1,0,,2001
Sydney Freeland,1,0,,2017
Sydney Gilliat,1,0,,1950
Sydney J. Bartholomew Jr.,1,0,,2003
Sydney Macartney,1,0,,1996
Sydney Pollack,20,10,18.03677626338681,2006
Sydney Sibilia,2,0,,2017
Syllas Tzoumerkas,1,0,,2014
Sylvain Chomet,4,2,14.87234615497725,2013
Sylvain Estibal,1,0,,2011
Sylvain White,4,2,17.557849990472437,2013
Sylvester Stallone,8,8,18.583044284992255,2010
Sylvia Caminer,1,0,,2012
Sylvia Chang,1,0,,2011
Sylvie Michel,1,0,,2012
Sylvie Testud,1,0,,2012
Sylvie Verheyde,3,0,,2012
Sylvio Tabet,1,1,13.675472327425055,1991
Sylwester Checinski,1,0,,1967
Szabolcs Hajdu,3,0,,2016
Sándor Kardos,1,0,,2010
Sándor Mihályfy,1,0,,1980
Sébastien Betbeder,2,0,,2016
Sébastien Laudenbach,1,0,,2016
Sébastien Lifshitz,4,0,,2012
Sébastien Pilote,1,0,,2013
Sérgio Machado,1,0,,2005
Sérgio Tréfaut,1,0,,2011
Séverine Cornamusaz,1,0,,2013
Sólveig Anspach,4,0,,2016
Sönke Wortmann,6,2,16.57664451568084,2015
Sören Hüper,1,0,,2015
Søren Balle,1,0,,2014
Søren Green,1,0,,2014
Søren Kragh-Jacobsen,3,0,,2013
Sırrı Süreyya Önder,1,0,,2006
Sławomir Fabicki,2,0,,2012
T. Fikret Uçak,1,0,,1973
T. Hayes Hunter,1,0,,1933
T. J. Scott,1,0,,1998
T. Michael Conway,1,0,,2008
T.C. Christensen,1,0,,2015
T.C. Johnstone,1,0,,2013
T.J. Amato,1,0,,2013
T.J. Martin,2,0,,2017
T.J. Scott,1,0,,2015
T.J. Särkkä,1,0,,1953
T.L.P. Swicegood,1,0,,1966
Ta Huang,1,0,,1973
Taavi Kassila,1,0,,1988
Tab Murphy,1,0,,1995
Tad Stones,2,0,,2006
Tadashi Sawashima,1,0,,1969
Tadayoshi Yamamuro,1,1,17.93889906499248,2015
Tadeusz Chmielewski,2,0,,1971
Tadeusz Konwicki,5,0,,1982
Tage Danielsson,5,0,,1984
Taggart Siegel,1,0,,2010
Tahmineh Milani,1,0,,1999
Tai Katô,1,0,,1961
Taika Waititi,6,2,16.298047015473855,2017
Tair Mamedov,1,0,,2015
Taisuke  Kawamura,2,0,,2014
Taisuke Kawamura,1,0,,2014
Tak-Sam Leong,1,0,,2004
Takaaki Hirao,1,0,,2008
Takahiro Imamura,1,0,,2006
Takahiro Miki,3,0,,2013
Takahiro Miura,1,0,,2008
Takahiro Omori,1,0,,2011
Takahisa Zeze,2,0,,2011
Takanori Tsujimoto,3,0,,2017
Takao Okawara,4,1,16.121827678272997,1999
Takashi Ishii,3,0,,2004
Takashi Ito,1,0,,1982
Takashi Koizumi,2,0,,2006
Takashi Masunaga,1,0,,1978
Takashi Miike,36,3,13.650896029359636,2016
Takashi Minamoto,1,0,,2005
Takashi Murakami,1,0,,2013
Takashi Nomura,1,0,,1967
Takashi Shimizu,10,2,18.255170203042113,2014
Takashi Yamazaki,8,4,17.50837776168592,2015
Takehiko Shinjō,2,0,,2009
Takena Nagao,1,0,,2007
Takeo Nakamura,1,0,,1979
Takeshi Fukunaga,1,0,,2015
Takeshi Kitano,17,2,12.060394906621127,2015
Takeshi Kobayashi,1,0,,2010
Takeshi Koike,3,0,,2009
Takeshi Mori,2,0,,1995
Takeshi Nozue,1,1,12.506103161162818,2016
Takuji Kitamura,1,0,,2008
Takumi Furukawa,1,0,,1964
Takuya Fukushima,1,0,,2009
Takuya Nomura,1,0,,2007
Takuya Sato,1,0,,2013
Tal Goldberg,1,0,,2015
Tal Granit,1,0,,2014
Talal Derki,1,0,,2013
Talia Lugacy,1,0,,2007
Talmage Cooley,1,0,,2009
Talya Lavie,1,0,,2014
Tamar Simon Hoffs,1,0,,1987
Tamar van den Dop,1,0,,2007
Tamara Hernandez,1,1,7.741967899820685,1998
Tamara Jenkins,2,0,,2007
Tamara Olson,1,0,,2009
Tammi Sutton,1,0,,2002
Tamra Davis,8,4,17.09991479187339,2010
Tamás Keményffy,1,0,,2008
Tan Pin Pin,2,0,,2013
Taneli Mustonen,3,0,,2016
Taner Gündöner,1,0,,2015
Tania Lamarca,1,0,,2001
Tanit Jitnukul,3,0,,2005
Tanner Beard,1,0,,2011
Tanuja Chandra,1,0,,2002
Tanveer Khan,1,0,,2004
Tanwarin Sukkhapisit,1,0,,2015
Tanya Hamilton,1,0,,2010
Tanya Rosenberg,1,0,,1990
Tanya Wexler,1,1,16.067237945898487,2011
Tao Lin,1,0,,2011
Tao Ruspoli,1,0,,2009
Tapan Sinha,1,0,,1991
Tapio Piirainen,2,0,,2003
Tapio Suominen,2,0,,1980
Tara Anaïse,1,0,,2013
Tara Miele,1,0,,2014
Tara Subkoff,1,0,,2015
Tara Wood,1,0,,2014
Tareque Masud,1,0,,2002
Tarik Saleh,2,0,,2017
Tariq Tapa,1,0,,2011
Taron Lexton,1,0,,2008
Tarsem Singh,5,5,17.81521785818239,2015
Taru Mäkelä,2,0,,2014
Tarun Mansukhani,1,1,16.811242831518264,2008
Tarô Ohtani,1,1,16.10131087137548,2010
Tassos Boulmetis,2,0,,2016
Tate Taylor,4,3,18.295446749353705,2016
Tatia Pilieva,1,0,,2015
Tatia Rosenthal,1,0,,2008
Tatiana Brandrup,1,0,,2015
Tatsumi Kumashiro,1,0,,1975
Tatsuo Satō,2,0,,2001
Tatsushi Ohmori,2,0,,2016
Tatsuya Mori,2,0,,2001
Tatsuya Nagamine,1,0,,2012
Tatsuya Oishi,1,0,,2017
Tatsuyuki Nagai,1,0,,2015
Tatyana Lioznova,3,0,,1982
Tatyana Lukashevich,1,0,,1939
Taweewat Wantha,1,0,,2004
Tawnia McKiernan,1,0,,2012
Tay Garnett,18,1,16.027295286631823,1954
Taylor Hackford,14,5,18.274917033338404,2016
Taylor Sheridan,2,1,19.03462347581819,2017
Te-Sheng Wei,2,0,,2011
Teach Grant,1,0,,2014
Tearepa Kahi,1,0,,2016
Ted Bafaloukos,1,0,,1978
Ted Balaker,1,0,,2015
Ted Berman,2,2,17.04185277458172,1985
Ted Braun,2,0,,2017
Ted Demme,8,3,17.53366261343359,2003
Ted Geoghegan,1,0,,2015
Ted Kneeland,1,0,,1976
Ted Koland,1,1,7.569411792450712,2012
Ted Kotcheff,18,6,16.36696340332183,1997
Ted Newsom,1,0,,1994
Ted Nicolaou,9,0,,2004
Ted Post,10,4,16.678338152407484,1978
Ted Tetzlaff,8,0,,1959
Ted V. Mikels,6,0,,2010
Ted Wilde,3,0,,1930
Teddy Chan,3,3,14.170623376117627,2014
Teddy Mattera,1,0,,2004
Teddy Newton,1,0,,2010
Teddy Smith,1,0,,2016
Teddy Soeriaatmadja,1,0,,2011
Tedi Sarafian,1,0,,2014
Teemu Nikki,2,0,,2015
Teinosuke Kinugasa,2,0,,1953
Teller,1,0,,2013
Temístocles López,1,0,,1995
Ten Shimoyama,2,0,,2005
Tengiz Abuladze,3,1,12.280697626868754,1984
Tenney Fairchild,2,0,,2014
Tenny Wright,2,0,,1933
Tennyson Bardwell,2,0,,2009
Tensai Okamura,1,0,,2004
Teodor Vulfovich,1,0,,1958
Teppo Airaksinen,2,0,,2015
Terence Davies,8,3,14.610108820321694,2016
Terence Fisher,26,1,12.807480014927336,1973
Terence H. Winkless,2,0,,2007
Terence Hill,2,0,,1994
Terence Nance,1,0,,2012
Terence Young,18,4,17.766476306902312,1984
Teresa Fabik,3,0,,2013
Teresa Villaverde,1,0,,2017
Tero Molin,2,0,,2009
Terra Shin,1,0,,2007
Terracino,1,0,,2012
Terrence Malick,9,6,15.497690672473993,2017
Terrence Martin,1,0,,2009
Terron R. Parsons,1,0,,2012
Terry Benedict,1,0,,2004
Terry Carr,1,0,,1986
Terry Cunningham,4,0,,2016
Terry Dougas,1,0,,2010
Terry George,6,1,17.45309671769066,2017
Terry Gilliam,14,10,16.48317740360259,2014
Terry Green ,2,0,,2014
Terry Hughes,3,0,,1996
Terry Ingram,9,0,,2016
Terry Jastrow,1,0,,2015
Terry Jones,4,3,15.472867866578795,2015
Terry Kinney,1,0,,2008
Terry Klassen,2,0,,2013
Terry Leonard,1,0,,1987
Terry Loane,1,0,,2005
Terry Marcel,4,0,,1999
Terry McDonough,1,0,,2013
Terry McMahon,1,0,,2014
Terry Miles,6,0,,2015
Terry O. Morse,3,0,,1946
Terry Winsor,2,0,,2000
Terry Zwigoff,5,2,16.56168908456027,2006
Teruo Ishii,6,0,,1973
Teruyoshi Uchimura,1,0,,2013
Tessa Blake,1,0,,1999
Tessa Schram,1,0,,2016
Tetsu Kimura,1,0,,1997
Tetsuo Imazawa,1,0,,1993
Tetsuo Shinohara,3,0,,2009
Tetsuro Amino,2,0,,2010
Tetsuro Animo,1,0,,2008
Tetsuro Araki,1,0,,2009
Tetsuro Takeuchi,1,0,,1999
Tetsuya Nakashima,4,0,,2014
Tetsuya Nomura,2,0,,2005
Tetsuya Watanabe,1,0,,2001
Teuvo Tulio,5,0,,1973
Tewfik Saleh,1,0,,1973
Tex Avery,1,0,,1949
Thaddaeus Scheel,1,0,,2013
Thaddeus D. Matula,1,0,,2010
Thaddeus O'Sullivan,4,0,,2009
Thanadol Nuansut,1,0,,2010
Thanakorn Pongsuwan,1,0,,2009
Thanasis Papathanasiou,2,0,,2008
Thanasis Vengos,1,0,,1969
Thanos Kermitsis,1,0,,2014
Tharun Bhascker Dhaassyam,1,1,15.5202586502027,2016
Thea Sharrock,1,1,19.152784540294952,2016
Theo Angelopoulos,13,0,,2008
Theo Avgerinos,1,0,,2006
Theo Love,1,0,,2013
Theo Papadoulakis,1,0,,2005
Theo van Gogh,3,0,,2004
Theodor Kotulla,1,0,,1977
Theodore Gershuny,1,0,,1972
Theodore J. Flicker,1,0,,1967
Theodore Melfi,2,2,18.538251728153845,2016
Theodore Reed,1,0,,1937
Theodore Thomas,2,0,,2008
Theodore Ushev,1,0,,2016
Theodore Witcher,1,0,,1997
Theresa Connelly,1,0,,1998
Theu Boermans,1,0,,2006
Thibaut de Longeville,1,0,,2005
Thierry Binisti,4,0,,2014
Thierry Notz,2,1,13.663047952537363,1990
Thierry Poiraud,1,0,,2015
Thierry Ragobert,1,0,,2013
Thierry Zéno,1,0,,1975
Thilo Rothkirch,1,0,,2002
Thodoris Atheridis,1,0,,2016
Thodoros Maragos,1,0,,1981
Thom Andersen,5,0,,2015
Thom Best,1,0,,2004
Thom Eberhardt,7,2,16.706940892372987,2007
Thom Fitzgerald,6,0,,2011
Thom Lu,1,0,,2012
Thom Zimny,1,0,,2015
Thomas Arslan,1,0,,2013
Thomas Balmès,2,0,,2014
Thomas Bangalter,1,0,,2006
Thomas Beatty,1,0,,2014
Thomas Beecher,1,0,,2014
Thomas Bezucha,3,2,14.91018844513928,2011
Thomas Bidegain,1,0,,2015
Thomas Bohn,1,0,,2012
Thomas Borch Nielsen,2,0,,2008
Thomas Bornot,1,0,,2010
Thomas Bradford,1,0,,2001
Thomas C. Grane,1,0,,2010
Thomas Cailley,1,1,10.068917241659864,2014
Thomas Cappelen Malling,1,0,,2010
Thomas Carr,1,0,,1954
Thomas Carter,6,5,17.305524318796245,2014
Thomas Clay,1,0,,2005
Thomas Dekker,1,0,,2016
Thomas Della Bella,1,0,,2016
Thomas Durchschlag,1,0,,2004
Thomas Edward Seymour,1,0,,2016
Thomas Engel,1,0,,1953
Thomas Farone,1,0,,2013
Thomas Fazi,1,0,,2010
Thomas Frickel,1,0,,2011
Thomas G. Miller,1,0,,2014
Thomas Gilou,4,3,17.431789634015423,2012
Thomas Gomez Durham,1,0,,2013
Thomas Grube,1,0,,2004
Thomas H. Ince,1,0,,1916
Thomas Honickel,1,0,,1992
Thomas Ikimi,1,0,,2010
Thomas Imbach,1,0,,2011
Thomas J. Schmidt,1,0,,1972
Thomas J. Tobin,1,0,,1977
Thomas J. Wright,1,1,16.593935404353054,1989
Thomas Jackson,1,0,,2014
Thomas Jahn,4,0,,2015
Thomas Jane,1,0,,2009
Thomas Jason Davis,1,0,,2005
Thomas Johnson,1,0,,2006
Thomas K. Avildsen,1,1,16.866411372429162,1982
Thomas Kail,1,0,,2016
Thomas Kercmar,1,0,,2009
Thomas Kruithof,1,0,,2017
Thomas Langmann,1,1,18.705107523683473,2008
Thomas Lennon,1,0,,2013
Thomas Lilti,2,0,,2016
Thomas Michael Donnelly,2,0,,1998
Thomas Mignone,2,0,,2007
Thomas Newman,1,0,,2011
Thomas Ngijol,1,0,,2011
Thomas Q. Napper,1,0,,2017
Thomas Reichman,1,0,,1968
Thomas Riedelsheimer,2,0,,2004
Thomas Roth,1,0,,2008
Thomas Russell,1,0,,2011
Thomas Ryberger,1,0,,2000
Thomas S. Alderman,1,0,,1973
Thomas S. Hammock,1,0,,2014
Thomas Schlamme,3,1,16.265263406822434,1994
Thomas Stuber,1,0,,2008
Thomas Torelli,1,0,,2014
Thomas Torrey,1,0,,2017
Thomas Verrette,1,0,,2013
Thomas Villum Jensen,1,0,,1999
Thomas Vincent,1,0,,2008
Thomas Vinterberg,8,2,16.930617025147615,2016
Thomas Whelan,1,0,,2008
Thomas Wirthensohn,1,0,,2015
Thomas Zellen,1,0,,2016
Thor Freudenthal,3,3,18.40887457748094,2013
Thor Heyerdahl,1,0,,1950
Thornton Freeland,3,0,,1948
Thorold Dickinson,3,0,,1952
Thorsten Schütte,1,0,,2016
Thunder Levin,2,1,13.815510557964274,2013
Thymaya Payne,1,0,,2013
Ti West,7,3,10.429649261225437,2016
Tia Brelis,1,0,,1994
Tia Lessin,2,0,,2013
Tiago Guedes,1,0,,2006
Tian Xiao Peng,1,1,18.82614585206053,2015
Tian Zhuangzhuang,2,0,,2002
Tibor Hernádi,1,1,14.490622578337398,1988
Tibor Takács,12,1,11.926378583800576,2013
Ticoy Rodriguez,1,0,,2015
Tien-yu Fu,1,0,,2009
Tiffanie DeBartolo,1,0,,1996
Tiffany Hsiung,1,0,,2016
Tig Notaro,1,0,,2015
Tigmanshu Dhulia,3,0,,2013
Tiina Lymi,1,0,,2016
Tikhon Kornev,1,0,,2016
Til Schweiger,9,3,17.830669942388994,2014
Till Franzen,1,0,,2005
Till Kleinert,1,0,,2014
Till Nowak,1,0,,2005
Till Schauder,1,0,,2012
Tiller Russell,2,0,,2014
Tim Allen,1,1,11.38889168404678,2010
Tim B. Toidze,1,0,,2016
Tim Blake Nelson,5,2,15.194851035713357,2016
Tim Brown,1,0,,2007
Tim Burstall,2,1,11.385092093460344,1982
Tim Burton,21,18,18.65224787061661,2016
Tim Chambers,1,0,,2009
Tim Coleman,1,0,,2002
Tim Cox,2,0,,2010
Tim Disbrow,1,0,,2010
Tim Disney,1,0,,2008
Tim Fehlbaum,1,0,,2011
Tim Fywell,9,1,17.134973198493537,2013
Tim Garrick,1,0,,2014
Tim Godsall,1,0,,2015
Tim Haines,1,0,,2005
Tim Hamilton,1,0,,2007
Tim Heidecker,1,0,,2012
Tim Hill,6,5,18.15534710318658,2014
Tim Hodge,3,0,,2005
Tim Hunter,5,0,,2004
Tim Iacofano,1,0,,2009
Tim Johnson,3,2,18.405296429201634,2015
Tim K. Smith,1,0,,2014
Tim Kincaid,2,0,,1987
Tim Kinzy,1,0,,2015
Tim Kirkby,3,0,,2015
Tim Kirkman,3,0,,2016
Tim Lea,1,0,,2014
Tim Mahoney,1,0,,2015
Tim Maltby,1,0,,2005
Tim Matheson,4,0,,2009
Tim McCanlies,4,1,13.2456282491929,2013
Tim McCann,4,0,,2015
Tim Metcalfe,1,0,,1996
Tim Miller,1,1,20.478787533456888,2016
Tim Nicholls,1,0,,1989
Tim Oliehoek,2,0,,2013
Tim Pope,1,1,16.70127655896038,1996
Tim Reid,1,0,,1996
Tim Ritter,1,0,,1984
Tim Robbins,3,1,17.48835297852636,1999
Tim Roth,1,0,,1999
Tim Russ,2,0,,2015
Tim Rutili,1,0,,2010
Tim Skousen,1,0,,2006
Tim Smit,1,0,,2017
Tim Story,10,8,18.574967081862685,2016
Tim Sullivan,3,1,12.295117786352751,2011
Tim Sutton,1,0,,2013
Tim T. Cunningham,1,0,,2011
Tim Usborne,1,0,,2011
Tim Webb,1,0,,1992
Tim Whelan,9,0,,1955
Tim Whitby,1,0,,2012
Tim Wolochatiuk,1,0,,2007
Timo Koivusalo,7,0,,2014
Timo Peltokangas,1,0,,2014
Timo Rose,1,0,,2011
Timo Tjahjanto,3,0,,2016
Timo Vuorensola,3,1,15.911690109322544,2018
Timo von Gunten,1,0,,2016
Timon Birkhofer,1,0,,2015
Timothy A. Chey,4,1,11.430630222243398,2015
Timothy Armstrong,2,1,11.700897693272998,2014
Timothy Bjorklund,1,0,,2004
Timothy Bond,8,0,,2009
Timothy Carey,1,0,,1962
Timothy Greenfield-Sanders,1,0,,2012
Timothy Hines,1,0,,2015
Timothy Hutton,1,1,10.420970963966186,1997
Timothy Johnson,1,0,,1998
Timothy Kendall,1,0,,2015
Timothy L. Anderson,1,0,,2014
Timothy Lanzone,1,0,,2012
Timothy Linh Bui,2,0,,2009
Timothy Marrinan,1,0,,2016
Timothy Quay,1,0,,1987
Timothy Reckart,1,0,,2012
Timothy Wayne Folsome,1,1,12.048435896418084,1999
Timothy Wheeler,1,0,,2013
Timothy Woodward Jr.,6,0,,2017
Timur Bekmambetov,9,7,17.971072379797594,2016
Tina Gordon Chism,1,0,,2013
Tina Hirsch,1,0,,1987
Tina Mabry,1,0,,2009
Tina Mascara,1,0,,2014
Tina Valinsky,1,0,,1999
Tinto Brass,15,1,16.969874314678353,2002
Tinu Suresh Desai,1,0,,2016
Tito Davison,1,0,,1969
Tizuka Yamasaki,1,0,,1990
Tizza Covi,2,0,,2016
Tjardus Greidanus,1,0,,1990
Tjebbo Penning,2,0,,2015
Toa Fraser,3,1,8.564076777315087,2014
Tobe Hooper,17,4,16.79147508514194,2013
Tobi Baumann,1,0,,2007
Tobias Lindholm,3,1,13.922818476202217,2015
Tobias Lindner,1,0,,2013
Tobias Nölle,1,0,,2016
Tobias Tobbell,1,0,,2012
Tobias Wiemann,1,0,,2014
Toby Amies,1,0,,2014
Toby Bluth,1,0,,1997
Toby Genkel,2,0,,2017
Toby Haynes,1,0,,2010
Toby Keeler,1,0,,1997
Toby Shelton,1,0,,2003
Toby Wilkins,2,2,14.599299041714197,2009
Tod Browning,14,3,13.67512494022106,2002
Tod Harrison Williams,1,0,,2007
Tod Lending,1,0,,2016
Tod Williams,4,2,16.46747792556112,2016
Todd Ahlberg,1,0,,2006
Todd Alcott,1,0,,2014
Todd Berger,2,0,,2013
Todd Burrows,1,0,,2013
Todd Douglas Miller,1,0,,2014
Todd E. Freeman,1,0,,2012
Todd Field,2,1,16.511600047418035,2006
Todd Graff,3,2,14.884618723366586,2012
Todd Grimes,1,0,,2017
Todd Haynes,10,5,15.41707188161919,2015
Todd Holland,3,1,16.47429348109636,2007
Todd Kellstein,1,0,,2012
Todd Kessler,2,0,,2016
Todd Komarnicki,1,0,,2003
Todd Levin,1,0,,2012
Todd Lincoln ,1,1,16.080133313717855,2012
Todd Louiso,3,0,,2012
Todd Morris,1,0,,1997
Todd Newman,1,0,,2015
Todd Phillips,10,9,18.775735239152702,2016
Todd Portugal,3,0,,2014
Todd Robinson,2,1,13.849514804366672,2013
Todd Rohal,4,0,,2016
Todd Solondz,7,2,14.18432913552636,2016
Todd Stephens,3,1,13.521578327236275,2008
Todd Strauss-Schulson,2,1,17.3818610699022,2015
Todd Verow,4,0,,2014
Todd Williams,1,0,,2006
Todor Chapkanov,3,0,,2016
Toe Yuen,1,0,,2001
Togan Gökbakar,5,2,17.155906257933005,2014
Tokuzô Tanaka,6,0,,1969
Tol,1,0,,2002
Tolga Karaçelik,1,0,,2015
Tolga Örnek,1,0,,2011
Tom Anton,1,0,,2013
Tom Bancroft,1,0,,2001
Tom Barrow,1,0,,2015
Tom Berninger,1,1,11.831088244675596,2013
Tom Bery,1,0,,1989
Tom Brady,3,1,17.37318590921278,2011
Tom Browne,1,0,,2014
Tom Cairns,1,0,,2004
Tom Caltabiano,1,1,7.697575346802343,2006
Tom Clegg,16,0,,2006
Tom Daley,1,0,,2015
Tom DeCerchio,1,0,,1996
Tom DeNucci,1,0,,2015
Tom DeSimone,2,1,14.735965806189991,1986
Tom Dey,4,4,18.23511974384475,2010
Tom DiCillo,7,1,13.95418669367337,2009
Tom Dolby,1,0,,2014
Tom Donahue,3,0,,2016
Tom Elkins,1,0,,2013
Tom Fernández,1,1,14.725030419140715,2014
Tom Ford,2,1,17.191491938425465,2016
Tom Geens,1,0,,2016
Tom Getty,1,0,,2016
Tom Gianas,1,1,11.968880878489903,2015
Tom Gilroy,1,0,,1999
Tom Gliserman,1,0,,2014
Tom Gormican,1,1,17.075493085619485,2014
Tom Graeff,1,0,,1959
Tom Green,3,0,,2014
Tom Gries,8,1,16.588099280204055,1977
Tom Gustafson,2,1,11.69159870808709,2012
Tom Hall,1,0,,2011
Tom Hanks,3,2,17.381208556145083,2011
Tom Hanson,1,0,,1971
Tom Harper,4,1,17.092705214238563,2014
Tom Hines,1,0,,2010
Tom Holland,6,2,17.31771566835953,1996
Tom Hooper,9,3,19.241886357143535,2015
Tom Jeffrey,1,0,,1979
Tom Jenkinson,1,0,,2014
Tom Kalin,2,1,12.737133156095918,2007
Tom Kennedy,1,0,,1982
Tom Kingsley,1,0,,2011
Tom Kuntz,1,0,,2008
Tom Laughlin,5,1,17.399029496420383,1977
Tom Lin,1,0,,2011
Tom Logan,2,0,,1990
Tom Lowe,1,0,,2012
Tom Mankiewicz,3,2,16.77202749054413,1996
Tom McCarthy,5,4,16.62330692666515,2015
Tom McGrath,2,2,19.808728707742052,2017
Tom McLoughlin,13,1,16.78449102148536,2010
Tom Moore,2,1,12.999065161059836,1986
Tom Morris,1,0,,2012
Tom Noonan,1,0,,1994
Tom O'Brien,2,0,,2015
Tom O'Horgan,1,0,,1974
Tom Owens,1,0,,2011
Tom Petch,1,0,,2013
Tom Piozet,1,0,,2002
Tom Provost,1,0,,2010
Tom Putnam,2,1,11.619984537263637,2012
Tom Raycove,1,0,,2014
Tom Reeve,2,0,,2009
Tom Rice,1,0,,2001
Tom Rickman,1,1,13.949117947700945,1984
Tom Roberts,1,0,,2007
Tom Ropelewski,2,0,,1993
Tom Savini,1,1,15.579427153569512,1990
Tom Schiller,2,0,,1984
Tom Schulman,1,0,,1997
Tom Shadyac,8,7,18.93684758009122,2011
Tom Shankland,3,0,,2008
Tom Shkolnik,1,0,,2013
Tom Shoval,1,0,,2013
Tom Six,3,0,,2015
Tom Sommerlatte,1,0,,2015
Tom Stoppard,1,0,,1991
Tom Stout,1,0,,2011
Tom Thurman,3,0,,2006
Tom Toelle,1,0,,1970
Tom Tykwer,10,6,16.854487985160524,2016
Tom Van Avermaet,1,0,,2012
Tom Vaughan,5,3,17.44793859237734,2015
Tom Waller,2,0,,2011
Tom Whitus,1,0,,2011
Tomas Alfredson,6,1,16.19374110486672,2011
Tomas Leach,1,0,,2014
Tomas Portella,2,0,,2016
Tomas Villum Jensen,3,0,,2009
Tomasz Konecki,2,0,,2008
Tomasz Sliwinski,1,0,,2013
Tomasz Thomson,2,0,,2010
Tomasz Wasilewski,2,0,,2016
Tomasz Wiszniewski,1,0,,2007
Tomasz Zygadło,1,0,,1980
Tomek Baginski,4,0,,2014
Tomm Jacobsen,1,0,,2015
Tomm Moore,2,1,13.6618021136698,2014
Tommi Korpela,1,0,,2014
Tommy Avallone,1,0,,2014
Tommy Bertelsen,1,0,,2017
Tommy Chong,5,2,17.052268788062158,1990
Tommy Faircloth,1,0,,2016
Tommy Haines,1,0,,2008
Tommy Krappweis,1,0,,2015
Tommy Lee Jones,4,2,15.677618071134438,2014
Tommy Lee Wallace,3,2,15.69572080808652,1988
Tommy O'Haver,5,2,15.822299033899112,2017
Tommy Pallotta,1,0,,2014
Tommy Stovall,2,1,10.615407418419355,2017
Tommy Wirkola,5,3,14.754357422403322,2017
Tommy Wiseau,2,0,,2004
Tomoharu Katsumata,1,0,,1982
Tomomi Mochizuki,1,0,,1993
Tomonori Sudou,1,0,,2013
Tomoyuki Furumaya,1,0,,2008
Tomoyuki Takimoto,3,0,,2013
Tomu Uchida,1,0,,1965
Tomás Gutiérrez Alea,6,0,,1995
Tomáš Luňák,1,0,,2011
Tomáš Vorel,1,0,,2005
Tong Kai,2,0,,1983
Toni Kalem,1,0,,1999
Toni Myers,3,0,,2016
Toni Venturi,1,0,,2011
Tonie Marshall,2,0,,2014
Toniko Melo,1,0,,2011
Tonino Cervi,2,0,,1970
Tonino Ricci,5,0,,1989
Tonino Valerii,7,0,,1975
Tonino Zangardi,1,0,,2006
Tonje Hessen Schei,1,0,,2014
Tony Aboyantz,1,0,,1982
Tony Aloupis,1,0,,2015
Tony Ayres,2,0,,2015
Tony Bancroft,1,1,19.53359117196869,1998
Tony Barbieri,1,0,,2008
Tony Bill,7,4,16.181418701292237,2006
Tony Brownrigg,1,0,,2008
Tony Bui,2,0,,2015
Tony Cervone,2,0,,2015
Tony Cinciripini,1,0,,1998
Tony Coleman,1,0,,2011
Tony Collingwood,1,0,,2002
Tony Cookson,1,1,12.905547265556732,1991
Tony Craig,1,0,,2003
Tony E. Valenzuela,1,0,,2017
Tony Elliott,1,0,,2016
Tony Elwood,1,0,,2009
Tony Gatlif,10,1,11.7360210151324,2014
Tony Gerber,1,0,,2012
Tony Giglio,6,1,9.23883064237581,2017
Tony Gilroy,3,3,18.565287502041976,2012
Tony Goldwyn,4,1,15.722528397078923,2010
Tony Hadlock,1,0,,2006
Tony Hickman,1,0,,2008
Tony Hiles,1,0,,1994
Tony Jaa,2,2,15.33574470737858,2010
Tony Kaye,3,2,14.091146554511106,2011
Tony Klinger,1,0,,1977
Tony Krantz,3,0,,2011
Tony Krawitz,1,0,,2012
Tony Leung Siu-Hung,1,0,,1997
Tony Liu Chun-Ku,2,0,,1983
Tony Lo Bianco,1,0,,1985
Tony Mahony,1,0,,2014
Tony Martin,1,0,,2003
Tony Massil,1,0,,2015
Tony Maylam,3,1,15.424948470398377,1992
Tony McNamara,2,1,8.440528106480752,2015
Tony Mitchell,3,0,,2013
Tony Okun,1,0,,2010
Tony Palmer,3,0,,1980
Tony Piccirillo,1,0,,2004
Tony Randel,5,1,16.307950014787757,1995
Tony Richardson,15,1,17.442514608360124,1994
Tony Scott,17,16,18.164245508284235,2010
Tony Shaff,1,0,,2014
Tony Silver,1,0,,1983
Tony Spiridakis,1,0,,2004
Tony Stark,1,0,,2003
Tony Stone,1,0,,2016
Tony Tang,1,0,,2011
Tony Vainuku,1,0,,2015
Tony Vitale,1,0,,1997
Tony Williams,1,0,,1982
Tony Zarindast,1,0,,1995
Toomas Hussar,1,0,,2012
Tor Ramsey,1,0,,2001
Torbjörn Axelman,1,0,,1970
Torgny Anderberg,1,0,,1956
Torgny Wickman,2,0,,1972
Torsten C. Fischer,1,0,,2008
Torsten Hoffmann,1,0,,2015
Torsten Wacker,1,0,,2004
Torun Lian,2,0,,2004
Tosca Musk,2,0,,2016
Toshiaki Toyoda,4,0,,2014
Toshihiko Masuda,1,0,,1998
Toshikazu Nagae,1,0,,2010
Toshiki Hirano,1,0,,2007
Toshio Lee,1,0,,2008
Toshio Masuda,2,0,,1968
Toshio Matsumoto,2,0,,1971
Toshiya Fujita,1,0,,1973
Toshiya Shinohara,1,0,,2002
Toshiyuki Hiruma,1,0,,2002
Toshiyuki Kubooka,3,0,,2013
Tova Magnusson,2,0,,2010
Toyoo Ashida,2,1,16.70588231586044,1986
Trace Slobotkin,1,0,,2004
Tracey Hecht,1,0,,2008
Tracey Moffatt,1,0,,1993
Tracy Keenan Wynn,1,0,,1974
Tran Anh Hung,5,1,16.685467624624668,2016
Travis Baker,1,0,,2014
Travis Betz,1,0,,2009
Travis Cluff,1,1,17.568875641192022,2015
Travis Fine,1,0,,2012
Travis Knight,1,1,18.062998793152374,2016
Travis Long,1,0,,2012
Travis Oates,1,0,,2014
Travis Wilkerson,1,0,,2002
Travis Zariwny,3,0,,2016
Trent Carlson,1,0,,2003
Trent Cooper,2,0,,2010
Trent Haaga,1,0,,2011
Trent Harris,3,0,,2000
Treva Wurmfeld,1,0,,2012
Trevor Juras,1,0,,2015
Trevor Nunn,3,0,,1999
Trevor Sands,1,0,,2002
Trevor Wall,1,1,16.652393572301392,2016
Trevor White,1,0,,2014
Trey Edward Shults,2,1,11.854946563855178,2017
Trey Haley,1,0,,2015
Trey Nelson,1,1,10.126631103850338,2015
Trey Parker,7,1,17.745519286214893,2008
Trey Stokes,2,0,,2011
Tricia Lee,2,0,,2016
Tricia Regan,1,0,,2007
Triin Ruumet,1,0,,2016
Tripp Reed,3,0,,2010
Tripp Rhame,1,0,,2016
Trish Dolman,1,0,,2011
Trish Doolan,1,0,,2003
Trish Sie,2,1,18.27178211791337,2017
Trisha Ziff,1,0,,2008
Tristan Loraine,1,0,,2009
Tristan Patterson,1,0,,2011
Tristram Powell,1,0,,1991
Tristram Shapeero,2,0,,2014
Trivikram Srinivas,4,0,,2013
Troy Byer,2,0,,2003
Troy Cook,1,0,,1995
Troy Duffy,2,2,13.251828781531227,2009
Troy Miller,12,1,17.48590814469454,2016
Troy Nixey,1,1,17.42624380491019,2010
Trudie Styler,1,0,,2002
Tsai Ming-liang,12,0,,2014
Tsai Yueh-Hsun,1,0,,2012
Tsui Hark,20,8,16.195429725049124,2014
Tsuneo Kobayashi,1,0,,2014
Tsutomu Hanabusa,1,0,,2012
Tuck Tucker,1,0,,2002
Tudor Giurgiu,2,0,,2012
Tulio Demicheli,1,0,,1973
Tung Wang,1,0,,1989
Turi Meyer,1,0,,1999
Turner Clay,2,0,,2014
Turner Ross,2,0,,2015
Tusi Tamasese,1,0,,2011
Tuukka Temonen,2,0,,2016
Tyler Benjamin,1,0,,2012
Tyler Glodt,1,0,,2013
Tyler Graham Pavey,1,0,,2015
Tyler Hughen,1,0,,2012
Tyler J. Kupferer,1,0,,2011
Tyler MacIntyre,1,0,,2015
Tyler Measom,2,0,,2014
Tyler Oliver,1,0,,2009
Tyler Perry,18,9,17.61853064120839,2016
Tyler Shields,1,0,,2015
Tyler Spindel,1,0,,2013
Tyron Montgomery,1,0,,1996
Tzachi Schiff,1,0,,2016
Tze Chun,2,1,9.739261284011263,2013
Tôya Satô,2,0,,2011
Tōru Murakawa,1,0,,1993
U. Roberto Romano,1,0,,2011
Ubaldo Ragona,1,0,,1964
Uberto Pasolini,1,0,,2013
Udayan Prasad,5,3,13.731260023599775,2008
Udi Aloni,2,0,,2016
Udo Witte,1,0,,2012
Ugo Liberatore,2,0,,1970
Ugo Tognazzi,2,0,,1967
Ujj Mészáros Károly,1,0,,2015
Ulf Malmros,7,0,,2016
Uli Edel,14,3,15.803127647016234,2015
Ulli Lommel,5,0,,2008
Ulrich Köhler,1,0,,2006
Ulrich Seidl,12,3,9.229224065999388,2014
Ulrik Imtiaz Rolfsen,2,0,,2008
Ulrika Bengts,1,0,,2013
Ulrike Grote,1,0,,2015
Ulrike Koch,1,0,,1997
Ulrike Ottinger,4,0,,2007
Ulu Grosbard,7,2,16.688550367951752,1999
Um Tae-hwa,1,0,,2016
Umberto Lenzi,33,0,,1991
Umberto Riccioni Carteni,1,0,,2013
Umesh Shukla,2,0,,2012
Umesh Vinayak Kulkarni,2,0,,2011
Umin Boya,1,0,,2014
Urban Gad,1,0,,1910
Uri Barbash,2,0,,1989
Uri Zohar,1,0,,1973
Uroš Stojanović,1,0,,2008
Urs Odermatt,2,0,,2011
Urs Schnell,1,0,,2012
Ursula Liang,1,0,,2014
Ursula Meier,2,0,,2012
Urszula Antoniak,3,0,,2014
Ute Wieland,2,0,,2008
Uwe Boll,25,3,15.765384966340811,2016
Uwe Heidschötter,1,0,,2011
Uwe Janson,2,0,,2011
Uğur Yücel,1,0,,2004
V. Z. Durai,1,1,13.122363377404328,2000
V.V. Dachin Hsu,1,0,,1990
Vaclav Dejcmar,1,0,,2011
Vadim Derbenyov,1,0,,1983
Vadim Glowna,1,0,,2006
Vadim Jean,4,0,,2008
Vadim Jendreyko,1,0,,2010
Vadim Perelman,2,1,16.645353227674967,2007
Vadim Shmelyov,3,0,,2008
Vahe Gabuchian,1,0,,2011
Val Guest,19,0,,1981
Vala Halldorsdottir,1,0,,2012
Valdís Óskarsdóttir,1,0,,2010
Valentin Kuik,1,0,,2016
Valentin Thurn,2,0,,2015
Valentin Vaala,5,0,,1944
Valentina Brumberg,1,0,,1951
Valentine Davies,1,0,,1956
Valentino Orsini,1,0,,1962
Valeri Milev,2,0,,2015
Valeri Rozhnov,1,0,,2005
Valeria Bruni Tedeschi,2,0,,2013
Valeria Golino,1,0,,2013
Valeria Sarmiento,1,0,,2012
Valerie Breiman,2,0,,2000
Valerie McCaffrey,1,0,,2002
Valerie Weiss,1,0,,2016
Valerio Jalongo,1,0,,2010
Valerio Zurlini,4,0,,1976
Valeriya Gay Germanika,1,1,12.369177403396996,2008
Valery Chikov,1,0,,1997
Valery Todorovsky,4,1,16.637507289182356,2017
Valérie Donzelli,2,0,,2015
Valérie Guignabodet,1,0,,2004
Valérie Lemercier,2,0,,2013
Valérie Minetto,1,0,,2005
Van Fischer,1,0,,2005
Van Neistat,1,0,,2015
Vanessa Gould,2,0,,2017
Vanessa Hope,1,0,,2015
Vanessa Lapa,1,0,,2014
Vanessa Middleton,1,0,,2003
Vanessa Parise,4,0,,2017
Vanessa Roth,1,0,,2011
Vardan Hakobyan,2,0,,2011
Vardis Marinakis,1,0,,2009
Vardit Bilu,1,0,,2005
Varick Frissell,1,0,,1931
Vasanth,1,1,13.122363377404328,1995
Vasanthabalan,1,0,,2006
Vasili Goncharov,1,0,,1912
Vasili Pichul,1,0,,1988
Vasili Pronin,1,0,,1957
Vasili Sigarev,3,0,,2015
Vasili Zhuravlyov,1,0,,1936
Vasilis Georgiadis,2,0,,1966
Vasilis Katsikis,1,0,,2008
Vasilis Kehagias,1,0,,2013
Vasilis Vafeas,1,0,,1984
Vasiliy Livanov,1,0,,1973
Vasiliy Shukshin,1,0,,1974
Vasily Serikov,1,0,,2014
Vassili Silovic,1,0,,1995
Vassiliki Khonsari,1,0,,2009
Vatroslav Mimica,1,0,,1981
Vaughn Juares,1,0,,2011
Veikko Aaltonen,4,0,,2004
Veiko Õunpuu,4,0,,2015
Veit Harlan,5,0,,1957
Veit Helmer,4,0,,2014
Velcrow Ripper,2,0,,2013
Veljko Bulajić,4,0,,1983
Venkat Prabhu,2,1,17.14771506813948,2015
Ventura Pons,2,0,,2002
Venus Keung Kwok-Man,1,0,,2010
Vera Farmiga,1,0,,2011
Vera Fogwill,1,0,,2005
Vera Storozheva,3,1,12.657769091246102,2011
Vern Piehl,1,0,,1975
Vernon Keays,1,0,,1945
Vernon P. Becker,2,0,,1971
Vernon Sewell,2,0,,1968
Vernon Zimmerman,2,0,,1980
Veronica Kedar,1,0,,2011
Veronica Velasco,1,0,,2013
Veronika Lisková,1,0,,2015
Verónica Chen,1,0,,2002
Vetrimaran,2,2,14.94639210720117,2016
Vianney Lebasque,1,0,,2013
Vibeke Idsøe,1,0,,2002
Vic Armstrong,3,1,16.79526201578765,2016
Vic Losick,1,0,,2011
Vic Sarin,8,0,,2016
Vic Savage,1,0,,1964
Vicco von Bülow,2,0,,1991
Vicente Amorim,2,0,,2008
Vicente Aranda,7,1,15.144477932213052,2007
Vicente Ferraz,1,0,,2014
Vicente Villanueva,1,0,,2016
Vicky Funari,1,1,10.79450150122549,2000
Vicky Jenson,2,2,17.697124619950323,2009
Victor A. Turin,1,0,,1929
Victor Cook,5,0,,2013
Victor Duncan,1,0,,1966
Victor Fleming,15,3,17.54569612269502,1948
Victor Ginzburg,1,0,,2011
Victor Gonzalez,1,0,,2013
Victor Halperin,4,0,,1939
Victor Heerman,1,0,,1930
Victor Iliu,1,0,,1955
Victor Kargan,1,0,,2000
Victor Kossakovsky,4,0,,2011
Victor Levin,1,0,,2014
Victor Mignatti,1,0,,1997
Victor Nunez,3,1,13.816946526467827,2002
Victor Salva,8,2,17.92850306079809,2014
Victor Saville,10,1,14.978661367769956,1954
Victor Schertzinger,6,0,,1941
Victor Sjöström,13,0,,1928
Victor Vicas,1,0,,1957
Victor Zarcoff,1,0,,2015
Victoria Bruce,1,0,,2012
Victoria Hochberg,1,0,,2002
Victoria Mahoney,1,0,,2012
Vidal Raski,1,0,,1973
Vidhu Vinod Chopra,5,0,,2015
Viesturs Kairišs,1,0,,2016
Viet Nguyen,1,0,,2015
Vignesh Shivan,1,0,,2015
Vijay Krishna Acharya,2,1,18.326370064481125,2013
Vijay Lalwani,1,1,12.589632918250288,2010
Vijaya Mehta,1,0,,1988
Vikas Bahl,1,0,,2014
Viking Eggeling,1,0,,1924
Vikram Bhatt,8,1,12.782579262563846,2014
Vikram Chopra,1,0,,2006
Vikram Gandhi,2,0,,2016
Vikram Jayanti,2,0,,2008
Vikram Kumar,3,1,16.523560759066484,2016
Vikramaditya Motwane,2,1,15.27412558066379,2013
Viktor Andrienko,1,0,,2013
Viktor Gertler,1,0,,1962
Viktor Ivanov,1,0,,1961
Viktor Johansson,1,0,,2015
Viktor Makarov,1,0,,1981
Viktor Sergeyev,1,0,,1991
Viktor Shamirov,4,2,11.835679802403849,2013
Viktor Titov,2,0,,1975
Viktor Tregubovich,1,0,,1972
Viktors Ritelis,1,0,,1970
Vilgot Sjöman,3,0,,1968
Ville Jankeri,2,0,,2016
Ville Salminen,1,0,,1950
Vimukthi Jayasundara,1,0,,2006
Vin Diesel,2,0,,1997
Vinay Shukla,1,0,,2010
Vinayak V.V.,1,0,,2010
Vincas Sruoginis,1,0,,2014
Vince Marcello,5,0,,2015
Vince Offer,2,0,,2013
Vincent Bal,5,0,,2014
Vincent Dieutre,1,0,,2012
Vincent Gallo,2,1,14.680548836722126,2004
Vincent Garenq,2,0,,2015
Vincent Grashaw,1,0,,2013
Vincent J. Donehue,3,0,,1960
Vincent J. Guastini,1,0,,2017
Vincent Kok,2,0,,2011
Vincent Lannoo,2,0,,2012
Vincent Mariette,1,0,,2014
Vincent Masciale,1,0,,2016
Vincent McEveety,14,0,,1995
Vincent Monnikendam,1,0,,1995
Vincent Monton,1,0,,1991
Vincent Paronnaud,2,1,14.17198918263364,2011
Vincent Pereira,1,0,,1997
Vincent Pérez,2,1,10.408043563288524,2016
Vincent Robert,1,0,,1995
Vincent Scordia,1,0,,2009
Vincent Sherman,16,0,,1961
Vincent Ward,4,1,18.084998796970016,2005
Vincent Zhou,1,0,,2016
Vincente Minnelli,33,3,14.836193718926745,1976
Vincenzo Marra,1,0,,2015
Vincenzo Natali,5,1,13.125992783136,2013
Vincenzo Salemme,4,0,,2014
Vinil Mathew,1,0,,2014
Vinko Brešan,2,0,,2013
Vinko Möderndorfer,1,0,,2009
Vinton Heuck,1,0,,2013
Vipul Amrutlal Shah,3,0,,2007
Virgil W. Vogel,3,0,,1978
Virginia Onorato,1,0,,2005
Virginie Despentes,2,1,13.754638905638314,2009
Virginie Wagon,1,0,,2000
Virpi Suutari,2,0,,2014
Virág Zomborácz,1,0,,2014
Visar Morina,1,0,,2015
Vishal Bhardwaj,8,1,16.713078582731033,2017
Vishal Mahadkar,1,0,,2014
Vishal Pandya,2,0,,2015
Vishesh Bhatt,1,0,,2013
Vishnuvardhan,3,1,16.860032995687696,2013
Vishram Sawant,1,0,,2005
Vitali Mansky,2,0,,2016
Vitali Melnikov,2,0,,1979
Vitaly Melnikov,1,0,,2003
Vitaly Mukhametzyanov,1,0,,2005
Vito Rocco,1,0,,2008
Vito Trabucco,1,0,,2012
Vitold Bordzilovsky,1,0,,1978
Vittorio Cottafavi,1,0,,1961
Vittorio De Sica,23,1,12.7986035940556,1973
Vittorio Gassman,1,0,,1972
Vittorio Salerno,1,0,,1975
Vittorio Taviani,1,0,,1984
Vivek Agnihotri,4,1,14.05326287966442,2016
Vivek Sharma,1,0,,2008
Vivi Friedman,1,0,,2011
Vivien Lesnik Weisman,1,0,,2014
Vivienne De Courcy,1,0,,2015
Vlad Yudin,5,0,,2017
Vladan Nikolić,2,0,,2010
Vladek Zankovsky,1,0,,2015
Vladimir Basov,1,0,,1965
Vladimir Besedin,1,0,,2017
Vladimir Bortko,7,1,16.63783494962344,2009
Vladimir Bychkov,1,0,,1976
Vladimir Chebotaryov,1,0,,1962
Vladimir Fetin,1,0,,1961
Vladimir Grammatikov,2,1,14.648419680899378,1987
Vladimir Khotinenko,5,1,14.351323580135322,2009
Vladimir Mashkov,1,0,,2004
Vladimir Menshov,3,0,,1995
Vladimir Mirzoyev,1,1,11.988096967724918,2009
Vladimir Motyl,2,0,,1975
Vladimir Popov,4,0,,1984
Vladimir Potapov,1,0,,1990
Vladimir Rogovoy,1,0,,1971
Vladimir Shchegolkov,1,1,14.161225661666665,2007
Vladimir Tadej,1,0,,1970
Vladimir Toropchin,2,1,16.723230954195053,2013
Vladimir Vorobyov,2,0,,1982
Vladimir de Fontenay,1,0,,2018
Vladimír Michálek,2,0,,2008
Vladlen Barbe,1,1,16.333207030575267,2012
Vlado Škafar,2,0,,2016
Vlasta Janečková,1,0,,1973
Vlasta Pospíšilová,2,0,,2006
Vlatka Vorkapić,1,0,,2012
Volker Schlöndorff,20,1,15.18843595134521,2017
Vondie Curtis-Hall,5,2,16.17728699626224,2016
Vsevolod Plotkin,1,1,11.72141821551124,2006
Vsevolod Pudovkin,5,0,,1933
Vuk Ršumović,1,0,,2014
Vulo Radev,1,0,,1964
Vyacheslav Kaminsky,1,0,,2012
Vyacheslav Ross,2,0,,2011
Vytautas Zalakevičius,1,0,,1965
Václav Marhoul,1,0,,2008
Václav Vorlíček,3,0,,1979
Véréna Paravel,1,0,,2010
Víctor Erice,4,0,,2006
Víctor García,4,0,,2013
Víctor García León,1,0,,2017
Víctor Gaviria,2,0,,2004
Víctor Laplace,1,0,,2013
Võ Tấn Bình,1,0,,2015
Věra Chytilová,4,0,,1992
W. Lee Wilder,2,0,,1954
W. Merle Connell,1,0,,1956
W. Peter Iliff,1,0,,2012
W.D. Hogan,3,0,,2016
W.D. Richter,1,0,,1984
W.S. Van Dyke,33,2,14.823193947792298,1942
W.T. Morgan,1,0,,1986
W.W. Young,1,0,,1915
Wade Gasque,1,0,,2014
Wael Ehsan,1,0,,2010
Wagner de Assis,1,0,,2010
Wai Ka-Fai,1,0,,1997
Waldemar Krzystek,4,0,,2014
Walerian Borowczyk,7,0,,1987
Wallace C. Bennett,1,0,,1972
Wallace Fox,2,0,,1945
Wallace McCutcheon,1,0,,1907
Wallace Wolodarsky,3,0,,2004
Wallace Worsley,3,0,,1923
Wally Pfister,1,1,18.45062061920743,2014
Walon Green,2,0,,1979
Walt Becker,5,4,18.605288935733952,2015
Walt Disney,6,0,,1929
Walter Bernstein,1,1,15.65944999503543,1980
Walter Boholst,1,0,,2014
Walter Boos,2,0,,1973
Walter C. Miller,3,0,,1991
Walter Carvalho,1,0,,2004
Walter Cornás,1,0,,2015
Walter Doniger,3,0,,1962
Walter Forde,2,0,,1941
Walter Grauman,3,0,,1964
Walter Hill,21,15,16.770602209329834,2016
Walter Hugo Khouri,1,0,,1964
Walter Klenhard,1,0,,2003
Walter Lang,23,1,16.874217630679652,1960
Walter Lantz,2,0,,1944
Walter Matthau,1,0,,1959
Walter Murch,1,1,16.225855376209704,1985
Walter P. Martishius,1,0,,2005
Walter R. Booth,1,0,,1906
Walter Ruttmann,5,0,,1927
Walter Salles,9,4,16.303397552085357,2014
Walter Summers,1,0,,1939
Walter Söderlund,2,0,,2015
Walter Veltroni,1,0,,2015
Walter Woodman,1,0,,2013
Wan Laiming,2,0,,1964
Wang Bing,4,0,,2013
Wang Jing,1,0,,2013
Wang Quan'an,1,0,,2006
Wang Xiaoshuai,5,0,,2014
Wanuri Kahiu,1,0,,2009
Ward Kimball,1,0,,1968
Ward Serrill,1,0,,2005
Waris Hussein,6,0,,1995
Warren Beatty,5,4,17.083449165625957,2016
Warren Dudley,1,0,,2015
Warren Kiefer,1,0,,1964
Warren Leight,1,1,14.44933970025562,1993
Warren P. Sonoda,5,0,,2016
Warwick Gilbert,1,0,,1986
Warwick Ross,1,0,,2013
Warwick Thornton,1,0,,2009
Waymon Boone,1,0,,2013
Wayne Beach,1,1,14.028696698400251,2005
Wayne Berwick,1,0,,1983
Wayne Blair,3,0,,2017
Wayne Coe,1,0,,1990
Wayne Coyne,1,0,,2008
Wayne Holloway,1,0,,2013
Wayne Hope,1,0,,2015
Wayne Kopping,2,0,,2008
Wayne Kramer,4,2,14.959483919432795,2013
Wayne Thornley,1,0,,2012
Wayne Wang,14,8,16.328602083819646,2011
Wei Te,1,0,,1988
Wei Tung,1,0,,1998
Weijun Chen,1,0,,2007
Weikai Huang,1,0,,2009
Wellson Chin,1,0,,2002
Wen Bin Huang,1,0,,2015
Wen-Han Shih,1,0,,2015
Wendell B. Harris,1,0,,1989
Wendy Apple,1,0,,2004
Wendy Jo Carlton,3,0,,2011
Wenhua Li,1,0,,1976
Wenzel Storch,1,0,,2004
Werner Boote,1,0,,2009
Werner Herzog,54,4,15.094435399040503,2016
Werner Schroeter,4,0,,2008
Wes Anderson,10,8,17.12753950685889,2016
Wes Ball,2,2,19.61238050704827,2015
Wes Craven,22,15,17.347965301456387,2011
Wes Llewellyn,2,0,,2006
Wesley Barry,1,0,,1962
Wesley Chan,1,0,,2015
Wesley Ruggles,13,1,14.862829552244833,1944
Wesley Strick,1,1,15.56991424064856,1995
Whit Stillman,5,1,16.455750616451343,2016
Whitney Ransick,1,0,,1994
Whitney Smith,1,0,,2011
Whoopi Goldberg,1,0,,2013
Wiebke von Carolsfeld,2,0,,2013
Wiktor Ericsson,1,0,,2013
Wiktor Grodecki,3,0,,2003
Wil Shriner,1,0,,2006
Wilford Leach,1,1,13.450943121512775,1983
Wilfred Jackson,6,0,,1937
Wilho Ilmari,2,0,,1939
Will Allen,1,1,9.735364715141989,2016
Will Bakke,2,0,,2014
Will Canon,1,1,15.035455131799909,2015
Will Cowan,1,0,,1958
Will Finn,2,1,18.45943462700358,2006
Will Geiger,1,0,,2007
Will Gluck,4,4,18.10309297452471,2014
Will Jason,1,0,,1952
Will Koopman,4,1,16.70588231586044,2015
Will Lovelace,3,0,,2013
Will Mackenzie,3,0,,1991
Will Meugniot,2,1,15.88237331743725,2008
Will Price,1,0,,1949
Will Slocombe,1,0,,2015
Will Vinton,2,1,13.652891623466166,1987
Will Wallace,1,0,,2013
Will Zens,2,0,,1974
Willard Carroll,1,1,15.19429629982553,1998
Willard Huyck,3,2,17.11296640898758,1986
Willem van de Sande Bakhuyzen,2,1,14.27868403976785,2006
Willi Forst,1,0,,1934
William A. Fraker,2,1,14.89582308946095,1981
William A. Graham,17,1,14.847931048474091,2002
William A. Kirkley,1,0,,2016
William A. Levey,8,0,,1991
William A. O'Connor,1,0,,1935
William A. Seiter,22,0,,1950
William A. Wellman,42,0,,1958
William Arntz,2,2,13.979849383916925,2006
William Asher,9,0,,1985
William Beaudine,32,1,13.781827603084228,1974
William Berke,4,0,,1958
William Bindley,1,0,,2001
William Boyd,1,0,,1999
William Brent Bell,4,3,17.843559215677665,2016
William Butler,2,0,,2011
William C. Ament,1,0,,1941
William C. McGann,4,0,,1942
William C. Thomas,1,0,,1945
William C. de Mille,3,0,,1930
William Cameron Menzies,6,0,,1953
William Carr Crofts,1,0,,1890
William Castle,29,1,15.424948470398377,1974
William Clemens,8,0,,1939
William Conrad,3,0,,1965
William Crain,2,0,,1976
William Curran,1,0,,1993
William D. Russell,1,0,,1951
William Dear,13,5,15.671089046240743,2010
William Dickerson,1,0,,2013
William Dieterle,28,0,,1953
William Eubank,2,1,13.30617715361822,2014
William F. Claxton,1,0,,1972
William Fairman,1,0,,2015
William Friedkin,19,11,16.653704038538496,2011
William Fruet,6,0,,1986
William Gazecki,3,0,,2014
William Girdler,8,0,,1978
William Greaves,1,0,,1968
William Grefe,3,0,,1976
William H. Macy,1,0,,2014
William H. Pine,1,0,,1943
William Hanna,2,0,,1945
William Heins,1,0,,2006
William Heise,4,0,,1897
William Hellfire,1,0,,2002
William J. Cowen,1,0,,1932
William J. Hole Jr.,1,0,,1959
William Joyce,1,0,,2011
William K. Howard,8,0,,1941
William K.L. Dickson ,21,0,,1896
William Katt,1,0,,2005
William Kaufman,7,0,,2016
William Keighley,22,0,,1953
William Klein,5,0,,1977
William L. Nolte,1,0,,1938
William Lau,12,1,15.318901496960088,2016
William Lewis,1,0,,2004
William Lustig,6,1,15.44315924313081,1997
William Maher,1,1,12.229105344640748,2008
William Malone,5,2,17.140050275450694,2008
William Marshall,1,0,,1961
William Mesa,1,0,,1997
William Monahan,2,1,15.35110987734346,2015
William Morgan,2,0,,1956
William Nicholson,1,0,,1997
William Nigh,11,1,13.297995946047488,1945
William O. Brown,1,0,,1969
William Oldroyd,1,0,,2017
William Olsen,1,0,,1983
William Olsson,1,0,,2008
William Peter Blatty,2,1,17.479693831356474,1990
William Phelps,1,1,15.158956915259054,1987
William Phillips,3,1,13.041105598497303,2010
William R. Kowalchuk Jr.,1,0,,1998
William Reilly,1,0,,1990
William Richert,2,1,15.65033877586917,1988
William Riead,1,1,13.815510557964274,2015
William Roberts,2,0,,1944
William Roth,1,0,,1999
William Rotsler,1,0,,1968
William Ryan,1,0,,1998
William Sachs,2,1,15.397577273602243,1980
William Savage,1,0,,2013
William Shatner,4,1,18.06685886899604,2015
William Spicer,1,0,,2015
William Sterling,1,0,,1972
William Sullivan,2,0,,2015
William T. Naud,1,0,,1982
William Tannen,5,0,,2006
William Tyler Smith,1,0,,2006
William Vega,1,0,,2012
William Victor Schotten,1,0,,2008
William Wesley,2,0,,2001
William Wiard,1,0,,1980
William Witney,10,0,,1975
William Wyler,28,5,17.254758638703112,1970
Willis Goldbeck,2,0,,1951
Willis H. O'Brien,1,0,,1915
Willis Robards,1,0,,1917
Wilson Chin,1,0,,2012
Wilson Coneybeare,1,0,,2009
Wilson Yip,11,4,17.287110369017746,2015
Wim Vandekeybus,1,0,,2005
Wim Verstappen,1,0,,1967
Wim Wenders,28,6,13.757170394074889,2015
Winfried Bonengel,1,0,,2002
Winsor McCay,2,0,,1914
Winston Hibler,1,0,,1967
Wisit Sasanatieng,4,0,,2010
Witold Adamek,1,0,,2006
Witold Leszczynski,2,0,,1982
Wladyslaw Starewicz,5,0,,1949
Wojciech Has,5,0,,1988
Wojciech Kasperski,1,0,,2016
Wojciech Marczewski,2,0,,2001
Wojciech Smarzowski,6,0,,2016
Wolf Gremm,1,0,,1982
Wolf Rilla,1,0,,1960
Wolfgang Becker,3,1,18.189818479872024,2015
Wolfgang Büld,1,0,,1991
Wolfgang Groos,2,0,,2013
Wolfgang Kohlhaase,1,0,,1980
Wolfgang Murnberger,5,0,,2015
Wolfgang Panzer,1,0,,2008
Wolfgang Petersen,10,10,18.392785120781177,2006
Wolfgang Reitherman,6,4,17.79387269520946,1973
Wolfgang Schleif,1,0,,1945
Wolfgang Staudte,2,0,,1951
Won Shin-Yeon,2,0,,2013
Won Tae-yeon,1,0,,2009
Wong Ching-Po,2,0,,2014
Wong Jing,16,1,15.376249072109596,2012
Wong Kar-wai,12,5,15.975679182795187,2013
Wong Tsz Ming,1,0,,2013
Wong Wa-Kei,1,0,,1988
Woo Min-Ho,2,1,17.942644943009366,2015
Woody Allen,49,27,17.01527842966956,2016
Worth Keeter,3,0,,1998
Wu Jing,1,1,18.197537192638155,2015
Wu Ma,1,0,,1978
Wu Nien-Jen,1,0,,1994
Wu Tian-Ming,1,0,,1997
Wuershan,3,1,19.44421022649612,2015
Wulan Tana,1,0,,2003
Wyatt Cenac,1,0,,2014
Wych Kaosayananda,2,1,16.807437249467856,2014
Władysław Pasikowski,5,0,,2014
Xabi Molia,1,0,,2013
Xan Cassavetes,2,1,9.599133945796376,2012
Xaver Schwarzenberger,2,0,,1987
Xavi Puebla,1,0,,2008
Xavier Beauvois,2,1,17.539372598392003,2010
Xavier Dolan,6,3,11.843503633859774,2016
Xavier Durringer,1,0,,2011
Xavier Gens,4,3,12.800786156063852,2013
Xavier Giannoli,4,1,13.116994993381986,2015
Xavier Koller,3,1,15.020788010866028,2015
Xavier Manrique,1,0,,2017
Xavier Palud,1,0,,2012
Xavier Picard,1,0,,2014
Xavier S. Puslowski,1,0,,2009
Xavier Seron,1,0,,2016
Xavier Villaverde,2,0,,2012
Xavier de Lauzanne,1,0,,2016
Xavier de Rosnay,1,0,,2008
Xawery Żuławski,1,0,,2009
Xiaoling Zhu,1,0,,2012
Xie Jin,1,0,,1961
Xu Haofeng,1,0,,2015
Xu Jinglei,1,0,,2015
Xu Zheng,1,1,19.15304863766559,2012
Xue Xiaolu,3,1,18.21427139162932,2016
Y.K. Kim,1,0,,1987
Ya-che Yang,1,0,,2012
Ya-chuan Hsiao,1,0,,2010
Yael Hersonski,1,0,,2010
Yael Melamede,1,0,,2015
Yahoo Serious,3,0,,2000
Yakov Protazanov,4,0,,1927
Yam Laranas,2,0,,2011
Yan England,1,0,,2016
Yan Frid,3,0,,1980
Yan Vizinberg,1,0,,2011
Yance Ford,1,0,,2017
Yang Ik-june,1,0,,2008
Yang Qing,1,0,,2016
Yang Shupeng,1,0,,2009
Yang Woo-Seok,1,0,,2013
Yang Yun-ho,3,0,,2007
Yaniv Raz,1,0,,2011
Yann Arthus-Bertrand,5,0,,2015
Yann Demange,2,1,14.301539468721632,2014
Yann Gonzalez,1,0,,2013
Yann Gozlan,1,0,,2015
Yann Samuell,4,0,,2011
Yannick Dahan,1,0,,2009
Yannick Kergoat,1,0,,2012
Yannis Economides,1,0,,2014
Yannis Smaragdis,2,0,,2012
Yannis Xanthopoulos,1,0,,2006
Yariv Mozer,3,0,,2013
Yaron Zilberman,2,1,14.261827100159346,2012
Yaroslav Chevazhevskiy,2,0,,2009
Yasemin Samdereli,1,0,,2011
Yash Chopra,6,2,16.704705809321027,2012
Yasuaki Nakajima,1,0,,2004
Yasuharu Hasebe,4,0,,1970
Yasuhiro Aoki,1,0,,2008
Yasuhiro Takemoto,1,0,,2010
Yasuhiro Yoshida,1,0,,2013
Yasuhiro Yoshiura,4,0,,2013
Yasujirō Ozu,31,0,,1962
Yasunori Ide,1,0,,1991
Yasunori Urata,1,0,,2000
Yasuomi Umetsu,3,0,,2008
Yasuzô Masumura,9,0,,1973
Yau Nai-Hoi,1,0,,2007
Yavar Abbas,1,0,,2008
Yavuz Turgul,2,0,,2010
Yee Chin-Yen,1,0,,2002
Yee Chung-Man,1,0,,1998
Yegor Konchalovsky,2,2,13.770404704397803,2003
Yeo Kyun-dong ,1,0,,2008
Yeon-woo Lee,1,0,,2014
Yermek Shinarbayev,1,0,,1989
Yevgeni Bauer,5,0,,1917
Yevgeni Ginzburg,1,0,,1987
Yevgeni Karelov,2,0,,1968
Yevgeni Pashkevich,1,0,,2012
Yevgeni Sherstobitov,1,0,,1967
Yevgeni Slavinsky,1,0,,1918
Yevgeni Tashkov,1,0,,1962
Yevgeni Tatarsky,2,0,,1991
Yevgeny Yufit,3,1,7.937374696163295,2005
Yeşim Ustaoğlu,3,0,,2012
Yi Seung-jun,1,0,,2011
Yi'nan Diao,2,0,,2014
Yi-Jung Hua,1,0,,1981
Yi-chi Lien,1,0,,2014
Yilmaz Arslan,1,0,,2005
Yim Ho,3,0,,2001
Yim Pil-sung,3,1,15.687312734865866,2012
Yin Li,1,0,,1994
Yoav Paz,1,0,,2016
Yoav Potash,2,1,10.982577174715374,2011
Yoav Shamir,2,0,,2008
Yoh Yoshinari,2,0,,2015
Yoichi Fujita,1,0,,2013
Yojiro Takita,5,1,18.063039433231623,2012
Yolanda García Serrano,1,0,,2000
Yolande Zauberman,1,0,,1997
Yong-ki Jeong ,1,0,,2004
Yonggang Wu,1,0,,1934
Yonggyun Kim,1,0,,2009
Yongyoot Thongkongtoon,1,0,,2000
Yony Leyser,1,0,,2010
Yoo Ha,5,0,,2015
Yoon Hong-seung,3,0,,2016
Yoon Jae-goo,2,0,,2015
Yoon Je-kyoon,3,1,16.240459202239478,2014
Yoon Jong-bin,2,0,,2014
Yoon Seong-hyeon,1,0,,2010
Yoram Gross,1,0,,1986
Yorgos Javellas,4,0,,1965
Yorgos Lanthimos,5,2,14.088201033812062,2015
Yorgos Noussias,1,0,,2009
Yorgos Tsemberopoulos,2,0,,2013
Yoruba Richen,1,0,,2014
Yoshiaki Iwasaki,2,0,,2001
Yoshiaki Kawajiri,7,0,,2007
Yoshifumi Kondô,1,0,,1995
Yoshiharu Ashino,1,0,,2009
Yoshihiro Ishikawa,2,0,,1968
Yoshihiro Nakamura,6,0,,2014
Yoshihiro Nishimura,2,0,,2009
Yoshihiro Ueda,3,0,,2011
Yoshikatsu Kimura,1,0,,2011
Yoshikazu Yasuhiko,1,0,,1989
Yoshimichi Furukawa,1,0,,1994
Yoshimitsu Banno,1,0,,1971
Yoshimitsu Morita,2,0,,1983
Yoshinari Nishikôri,1,0,,2010
Yoshio Inoue,1,0,,1974
Yoshio Kuroda,1,0,,1997
Yoshishige Yoshida,8,0,,1970
Yoshitaro Nomura,2,0,,1974
Yoshiteru Satou,1,0,,2005
Yoshiyuki Kuroda,1,0,,1974
Yoshiyuki Tomino,4,0,,1991
Yossi Wein,4,0,,2001
Yosuke Fujita,1,0,,2008
Youichi Mouri,1,0,,2011
Young-Sung Sohn,1,0,,2011
Young-jae Lee,1,0,,1999
Youri Tchao-Débats,1,0,,2015
Youssef Chahine,7,0,,1999
Youssef Delara,1,0,,2013
Yu Irie,1,0,,2015
Yu Nakai,1,0,,2009
Yudai Yamaguchi,2,0,,2005
Yue Song,1,0,,2016
Yuefeng Song,1,0,,2014
Yuen Wah,1,0,,1990
Yuen Woo-ping,11,1,16.502109721888953,2016
Yuichi Fukuda,1,0,,2013
Yuichiro Hirakawa,1,0,,2016
Yuji Moriyama,2,0,,2000
Yuk Ching To,1,1,13.114331205707064,2014
Yukihiko Tsutsumi,6,1,17.257365376607837,2011
Yukiko Mishima,2,0,,2016
Yukinari Hanawa,1,0,,2006
Yukio Mishima,1,0,,1966
Yukio Ninagawa,1,0,,2008
Yukio Noda,1,0,,1974
Yulene Olaizola,1,0,,2009
Yuli Raizman,2,0,,1961
Yulin Kuang,1,0,,2014
Yuliya Solntseva,1,0,,1945
Yun Jong-chan,1,0,,2005
Yun Jun-hyung,1,0,,2015
Yung Chang,4,1,13.57088797497294,2016
Yurek Bogayevicz,2,0,,2001
Yuri Chulyukin,1,0,,1961
Yuri Ilyenko,3,0,,1990
Yuri Kantake,1,0,,2009
Yuri Mamin,2,0,,1993
Yuri Ozerov,1,0,,1989
Yuri Yegorov,1,0,,1981
Yuriy Kara,3,1,10.341742483467284,2007
Yuriy Norshteyn,3,0,,1979
Yury Bykov,3,0,,2014
Yusuf Khan,1,0,,2003
Yuthlert Sippapak,2,0,,2003
Yuval Adler,1,0,,2013
Yuvaraj Dhayalan,1,0,,2015
Yuya Ishii,2,0,,2013
Yuzo Kawashima,1,0,,1957
Yuzo Sato,1,0,,2013
Yvan Attal,4,0,,2016
Yvan Le Moine,1,0,,1998
Yves Allégret,4,0,,1953
Yves Angelo,1,0,,1994
Yves Boisset,9,0,,1984
Yves Hinant,1,0,,2009
Yves Lavandier,1,0,,2001
Yves Montmayeur,1,0,,2005
Yves Pelletier,1,0,,2004
Yves Robert,9,0,,1992
Yves Simoneau,11,0,,2015
Yvette Kaplan,1,1,17.4553514895704,2006
Yvonne Rainer,2,0,,1996
Yvonne Smith,1,0,,2005
Yôhei Fukuda,1,0,,2008
Yôichi Sai,4,1,14.058583787326905,2009
Yôji Yamada,11,1,15.808711380167136,2016
Yûichi Satô,2,0,,2015
Yûji Tajiri,1,0,,2005
Yılmaz Erdoğan,4,1,16.451310874982074,2013
Yılmaz Güney,3,0,,1983
Zabou Breitman,3,0,,2010
Zach Braff,3,3,16.958037227209047,2017
Zach Clark,3,0,,2016
Zach Cregger,1,0,,2009
Zach Helm,1,1,18.056472654127894,2007
Zach Ingrasci,1,0,,2013
Zach LeBeau,1,0,,2010
Zach Lipovsky,2,0,,2015
Zach Nial,1,0,,2013
Zacharias Kunuk,2,1,15.147032157312047,2016
Zachary Donohue,1,0,,2013
Zachary Heinzerling,1,0,,2013
Zachary Levy,1,0,,2011
Zachary Sluser,1,0,,2015
Zachary Treitz,1,0,,2016
Zachary Wigon,1,0,,2014
Zack Bernbaum,2,0,,2015
Zack Keller,1,0,,2013
Zack Parker,1,0,,2013
Zack Snyder,9,7,19.330526223557666,2017
Zack Ward,1,0,,2016
Zack Whedon,1,0,,2016
Zackary Adler,4,0,,2016
Zafar Hai,1,0,,1988
Zaida Bergroth,2,0,,2011
Zak Bagans,1,0,,2007
Zak Forsman,1,0,,2014
Zak Hilditch,1,0,,2014
Zak Knutson,2,0,,2014
Zak Levitt,2,0,,2014
Zak Penn,3,0,,2014
Zal Batmanglij,2,1,14.691608264142474,2013
Zale Dalen,1,0,,1995
Zalman King,5,2,12.651082438041236,2013
Zam Salim,1,0,,2012
Zana Briski,1,1,15.07256743727262,2004
Zane Buzby,1,0,,1986
Zatella Beatty,1,0,,2014
Zaza Urushadze,1,0,,2013
Zbigniew Rybczynski,1,0,,1981
Zbynek Brynych,1,0,,1965
Zdeněk Sirový,1,0,,1969
Zdeněk Troška,2,0,,1994
Zdravko Šotra,5,0,,2005
Zeb Haradon,1,0,,2004
Zeke Norton,2,0,,2015
Zeki Demirkubuz,6,0,,2012
Zeki Ökten,3,0,,1977
Zelda Barron,1,0,,1989
Zep,1,0,,2011
Zeresenay Mehari,1,1,10.813096007646362,2014
Zero Chou,1,0,,2007
Zev Berman,2,0,,2007
Zhang Junzhao,1,0,,1983
Zhang Meng,2,0,,2016
Zhang Yang,6,0,,2015
Zhang Yibai,1,0,,2002
Zhang Yimou,18,6,17.14339612564519,2016
Zhang Yuan,4,0,,2006
Zhao Tianyu,1,0,,2015
Zhao Wei,1,1,18.56910074907064,2013
Zheng Jun-Li,1,0,,1949
Zhora Kryzhovnikov,2,0,,2015
Zhou Hao,1,0,,2015
Ziad Doueiri,3,0,,2012
Zion Myers,1,0,,1931
Ziska Riemann,1,0,,2011
Zoe Clarke-Williams,1,0,,2002
Zoe Lister-Jones,1,0,,2017
Zoe Mavroudi,1,0,,2013
Zoe R. Cassavetes,1,0,,2007
Zola Maseko,1,0,,2004
Zoltan Korda,8,0,,1952
Zoltan Paul,1,0,,2009
Zoltan Spirandelli,3,0,,2015
Zoltán Fábri,2,0,,1976
Zoltán Huszárik,2,0,,1980
Zoran Lisinac,1,0,,2013
Zoran Tadić,1,0,,1981
Zoya Akhtar,3,1,16.90655301132259,2015
Zrinko Ogresta,2,0,,2016
Zsolt Bács,1,0,,2012
Zune Kwok,1,0,,2015
blackANDwhite,1,0,,2007
fraser Watson,1,0,,2016
wang yu,1,0,,1987
Àlex Pastor,2,1,15.573785974558689,2013
Ádám Császi,1,0,,2014
Ágnes Kocsis,1,0,,2011
Ágúst Guðmundsson,1,0,,2001
Álex Pina,1,0,,2014
Álex de la Iglesia,15,2,15.137089090032285,2017
Álvaro Begines,1,0,,2012
Álvaro Brechner,2,0,,2014
Álvaro Díaz Lorenzo,1,0,,2007
Álvaro Fernández Armero,3,0,,2015
Álvaro Longoria,1,0,,2015
Álvaro Sáenz de Heredia,3,2,14.68984343904351,1998
Álvaro de Armiñán,1,0,,2009
Ángel Muñiz,1,0,,1995
Áron Gauder,1,0,,2004
Áron Mátyássy,1,0,,2015
Árpád Sopsits,1,0,,2016
Åke Lindman,2,0,,2007
Åke Sandgren,2,0,,2001
Åsa Faringer,1,0,,2007
Åsleik Engmark,1,0,,2009
Çağan Irmak,7,1,15.621538414545505,2014
Çağatay Tosun,1,0,,2009
Çetin Inanç,2,0,,1986
Édouard Molinaro,8,2,16.29325206098661,1996
Éléonore Faucher,1,0,,2004
Éléonore Pourriat,1,0,,2010
Émile Cohl,3,0,,1911
Émile Gaudreault,2,1,14.92466739034506,2009
Émile Reynaud,1,0,,1892
Éric Besnard,2,0,,2010
Éric Caravaca,1,0,,2006
Éric Falardeau,1,0,,2012
Éric Hannezo,1,0,,2015
Éric Rochat,1,0,,1984
Éric Rohmer,27,0,,2007
Éric Tessier,1,0,,2009
Étienne Chatiliez,6,0,,2008
Étienne Faure,1,0,,2015
Étienne-Jules Marey,3,0,,1894
Éva Gárdos,1,1,13.653256299320432,2001
Éva Zsurzs,1,0,,1978
Ólafur Sveinsson,1,0,,2002
Óscar Aibar,4,0,,2012
Óskar Thór Axelsson,1,0,,2012
Ömer Faruk Sorak,2,0,,2011
Ömer Vargı,2,1,16.134088382751997,2007
Özcan Deniz,4,0,,2015
Özer Kiziltan,2,0,,2011
Özgür Yildirim,2,0,,2011
Özhan Eren,1,0,,2008
Øystein Karlsen,1,0,,2012
Łukasz Palkowski,1,0,,2014
Šarūnas Bartas,7,0,,2010
Žiga Virc,1,0,,2016
Александр Зельдович,2,1,11.198214720130528,2011
Вера Кричевская,1,1,11.25358462534413,2017
Геннадий Сокольский,1,0,,1987
Григорий Никулин,1,0,,1961
Михаил Калатозишвили,1,0,,2008
Михаил Пореченков,1,0,,2008
Федор Дмитриев,1,0,,2015
Ярополк Лапшин,1,0,,1983
پیمان معادی,1,0,,2013
塩谷 直義,1,0,,2015
杰森·莫玛,1,0,,2014
진모영,1,0,,2014
